{
  "accs_after_deletion": [
    0.4564000070095062,
    0.4650000333786011
  ],
  "accs_before_deletion": [
    0.5106000304222107,
    0.5264000296592712
  ],
  "delta": 5.0886316442113006e-05,
  "ensemble_acc_after_deletion": 0.47540003061294556,
  "ensemble_acc_before_deletion": 0.5236000418663025,
  "epsilon": "\u221e",
  "indicator": 1,
  "lengths_after_deletion": [
    2892,
    5469
  ],
  "rng": [
    1015500567,
    448798404
  ],
  "shard_prediction_precision": 0.6686738729476929,
  "shard_prediction_recall": 0.6385000348091125
}