{
  "accs_after_deletion": [
    0.4066000282764435,
    0.4240000247955322
  ],
  "accs_before_deletion": [
    0.5224000215530396,
    0.5118000507354736
  ],
  "delta": 5.0886316442113006e-05,
  "ensemble_acc_after_deletion": 0.41380003094673157,
  "ensemble_acc_before_deletion": 0.5192000269889832,
  "epsilon": "\u221e",
  "indicator": 1,
  "lengths_after_deletion": [
    2491,
    4821
  ],
  "rng": [
    1045018228,
    2697686232
  ],
  "shard_prediction_precision": 0.6340929865837097,
  "shard_prediction_recall": 0.6886250376701355
}