{
  "accs_after_deletion": [
    0.4488000273704529,
    0.49720001220703125
  ],
  "accs_before_deletion": [
    0.5078000426292419,
    0.5172000527381897
  ],
  "delta": 5.0886316442113006e-05,
  "ensemble_acc_after_deletion": 0.4650000333786011,
  "ensemble_acc_before_deletion": 0.5174000263214111,
  "epsilon": "\u221e",
  "indicator": 1,
  "lengths_after_deletion": [
    3014,
    5410
  ],
  "rng": [
    1045592403,
    3878433661
  ],
  "shard_prediction_precision": 0.658130943775177,
  "shard_prediction_recall": 0.6232500076293945
}