{
  "accs_after_deletion": [
    0.4398000240325928,
    0.4716000258922577
  ],
  "accs_before_deletion": [
    0.5134000182151794,
    0.525600016117096
  ],
  "delta": 5.0886316442113006e-05,
  "ensemble_acc_after_deletion": 0.45500001311302185,
  "ensemble_acc_before_deletion": 0.5288000106811523,
  "epsilon": "\u221e",
  "indicator": 1,
  "lengths_after_deletion": [
    2875,
    5416
  ],
  "rng": [
    1060660269,
    509659129
  ],
  "shard_prediction_precision": 0.6648073792457581,
  "shard_prediction_recall": 0.6406250596046448
}