{
  "accs_after_deletion": [
    0.4350000321865082,
    0.4748000204563141
  ],
  "accs_before_deletion": [
    0.5186000466346741,
    0.524399995803833
  ],
  "delta": 5.0886316442113006e-05,
  "ensemble_acc_after_deletion": 0.4572000205516815,
  "ensemble_acc_before_deletion": 0.5230000019073486,
  "epsilon": "\u221e",
  "indicator": 1,
  "lengths_after_deletion": [
    2747,
    5191
  ],
  "rng": [
    1074059927,
    417333385
  ],
  "shard_prediction_precision": 0.6515753269195557,
  "shard_prediction_recall": 0.6566250324249268
}