{
  "accs_after_deletion": [
    0.4058000147342682,
    0.45900002121925354
  ],
  "accs_before_deletion": [
    0.531000018119812,
    0.5175999999046326
  ],
  "delta": 5.0886316442113006e-05,
  "ensemble_acc_after_deletion": 0.4288000166416168,
  "ensemble_acc_before_deletion": 0.534600019454956,
  "epsilon": "\u221e",
  "indicator": 1,
  "lengths_after_deletion": [
    2615,
    4953
  ],
  "rng": [
    1097995468,
    1766208638
  ],
  "shard_prediction_precision": 0.6386384963989258,
  "shard_prediction_recall": 0.6731250286102295
}