{
  "accs_after_deletion": [
    0.4270000159740448,
    0.45420002937316895
  ],
  "accs_before_deletion": [
    0.5120000243186951,
    0.5046000480651855
  ],
  "delta": 5.0886316442113006e-05,
  "ensemble_acc_after_deletion": 0.4434000253677368,
  "ensemble_acc_before_deletion": 0.5044000148773193,
  "epsilon": "\u221e",
  "indicator": 1,
  "lengths_after_deletion": [
    2642,
    5001
  ],
  "rng": [
    1118100362,
    1759088112
  ],
  "shard_prediction_precision": 0.6411391496658325,
  "shard_prediction_recall": 0.6697500348091125
}