{
  "accs_after_deletion": [
    0.43220001459121704,
    0.4820000231266022
  ],
  "accs_before_deletion": [
    0.5146000385284424,
    0.5288000106811523
  ],
  "delta": 5.0886316442113006e-05,
  "ensemble_acc_after_deletion": 0.45660001039505005,
  "ensemble_acc_before_deletion": 0.5139999985694885,
  "epsilon": "\u221e",
  "indicator": 1,
  "lengths_after_deletion": [
    2753,
    5434
  ],
  "rng": [
    1155955374,
    1328533546
  ],
  "shard_prediction_precision": 0.6715729832649231,
  "shard_prediction_recall": 0.655875027179718
}