{
  "accs_after_deletion": [
    0.40940001606941223,
    0.4556000232696533
  ],
  "accs_before_deletion": [
    0.5312000513076782,
    0.5242000222206116
  ],
  "delta": 5.0886316442113006e-05,
  "ensemble_acc_after_deletion": 0.42600002884864807,
  "ensemble_acc_before_deletion": 0.5306000113487244,
  "epsilon": "\u221e",
  "indicator": 1,
  "lengths_after_deletion": [
    2330,
    5004
  ],
  "rng": [
    1162873357,
    3859776686
  ],
  "shard_prediction_precision": 0.6542810797691345,
  "shard_prediction_recall": 0.7087500095367432
}