{
  "accs_after_deletion": [
    0.43380001187324524,
    0.45820000767707825
  ],
  "accs_before_deletion": [
    0.5210000276565552,
    0.5094000101089478
  ],
  "delta": 5.0886316442113006e-05,
  "ensemble_acc_after_deletion": 0.43080002069473267,
  "ensemble_acc_before_deletion": 0.5154000520706177,
  "epsilon": "\u221e",
  "indicator": 1,
  "lengths_after_deletion": [
    2712,
    5024
  ],
  "rng": [
    1164218890,
    1277646365
  ],
  "shard_prediction_precision": 0.639883816242218,
  "shard_prediction_recall": 0.6610000133514404
}