{
  "accs_after_deletion": [
    0.4272000193595886,
    0.4692000150680542
  ],
  "accs_before_deletion": [
    0.5124000310897827,
    0.5166000127792358
  ],
  "delta": 5.0886316442113006e-05,
  "ensemble_acc_after_deletion": 0.453000009059906,
  "ensemble_acc_before_deletion": 0.51500004529953,
  "epsilon": "\u221e",
  "indicator": 1,
  "lengths_after_deletion": [
    2616,
    5234
  ],
  "rng": [
    1177113861,
    3134086738
  ],
  "shard_prediction_precision": 0.6606135368347168,
  "shard_prediction_recall": 0.6730000376701355
}