{
  "accs_after_deletion": [
    0.4270000159740448,
    0.46300002932548523
  ],
  "accs_before_deletion": [
    0.5214000344276428,
    0.5120000243186951
  ],
  "delta": 5.0886316442113006e-05,
  "ensemble_acc_after_deletion": 0.4418000280857086,
  "ensemble_acc_before_deletion": 0.5182000398635864,
  "epsilon": "\u221e",
  "indicator": 1,
  "lengths_after_deletion": [
    2766,
    5363
  ],
  "rng": [
    1237790891,
    2097583502
  ],
  "shard_prediction_precision": 0.6649726629257202,
  "shard_prediction_recall": 0.6542500257492065
}