{
  "accs_after_deletion": [
    0.45660001039505005,
    0.4878000319004059
  ],
  "accs_before_deletion": [
    0.5004000067710876,
    0.5338000059127808
  ],
  "delta": 5.0886316442113006e-05,
  "ensemble_acc_after_deletion": 0.4772000312805176,
  "ensemble_acc_before_deletion": 0.5090000033378601,
  "epsilon": "\u221e",
  "indicator": 1,
  "lengths_after_deletion": [
    3142,
    5577
  ],
  "rng": [
    1241121736,
    3281117294
  ],
  "shard_prediction_precision": 0.6672160625457764,
  "shard_prediction_recall": 0.6072500348091125
}