{
  "accs_after_deletion": [
    0.4426000118255615,
    0.4962000250816345
  ],
  "accs_before_deletion": [
    0.5126000046730042,
    0.5324000120162964
  ],
  "delta": 5.0886316442113006e-05,
  "ensemble_acc_after_deletion": 0.47440001368522644,
  "ensemble_acc_before_deletion": 0.5250000357627869,
  "epsilon": "\u221e",
  "indicator": 1,
  "lengths_after_deletion": [
    2832,
    5528
  ],
  "rng": [
    1334591630,
    420151549
  ],
  "shard_prediction_precision": 0.6764398217201233,
  "shard_prediction_recall": 0.6460000276565552
}