{
  "accs_after_deletion": [
    0.42580002546310425,
    0.46160003542900085
  ],
  "accs_before_deletion": [
    0.5128000378608704,
    0.5112000107765198
  ],
  "delta": 5.0886316442113006e-05,
  "ensemble_acc_after_deletion": 0.4504000246524811,
  "ensemble_acc_before_deletion": 0.5138000249862671,
  "epsilon": "\u221e",
  "indicator": 1,
  "lengths_after_deletion": [
    2800,
    5252
  ],
  "rng": [
    1368848287,
    2624947087
  ],
  "shard_prediction_precision": 0.6542525887489319,
  "shard_prediction_recall": 0.6500000357627869
}