{
  "accs_after_deletion": [
    0.4302000105381012,
    0.46720001101493835
  ],
  "accs_before_deletion": [
    0.5184000134468079,
    0.5186000466346741
  ],
  "delta": 5.0886316442113006e-05,
  "ensemble_acc_after_deletion": 0.4552000164985657,
  "ensemble_acc_before_deletion": 0.5152000188827515,
  "epsilon": "\u221e",
  "indicator": 1,
  "lengths_after_deletion": [
    2670,
    5262
  ],
  "rng": [
    137366368,
    3041590393
  ],
  "shard_prediction_precision": 0.6606346368789673,
  "shard_prediction_recall": 0.6662500500679016
}