{
  "accs_after_deletion": [
    0.44780001044273376,
    0.44600000977516174
  ],
  "accs_before_deletion": [
    0.5204000473022461,
    0.5194000005722046
  ],
  "delta": 5.0886316442113006e-05,
  "ensemble_acc_after_deletion": 0.44840002059936523,
  "ensemble_acc_before_deletion": 0.5202000141143799,
  "epsilon": "\u221e",
  "indicator": 0,
  "lengths_after_deletion": [
    2832,
    5235
  ],
  "rng": [
    1388074472,
    1053508581
  ],
  "shard_prediction_precision": 0.6514559388160706,
  "shard_prediction_recall": 0.6460000276565552
}