{
  "accs_after_deletion": [
    0.43220001459121704,
    0.4490000307559967
  ],
  "accs_before_deletion": [
    0.5368000268936157,
    0.5258000493049622
  ],
  "delta": 5.0886316442113006e-05,
  "ensemble_acc_after_deletion": 0.44440001249313354,
  "ensemble_acc_before_deletion": 0.532200038433075,
  "epsilon": "\u221e",
  "indicator": 1,
  "lengths_after_deletion": [
    2488,
    5257
  ],
  "rng": [
    139548724,
    2474909761
  ],
  "shard_prediction_precision": 0.6677165627479553,
  "shard_prediction_recall": 0.6890000104904175
}