{
  "accs_after_deletion": [
    0.38520002365112305,
    0.469400018453598
  ],
  "accs_before_deletion": [
    0.5290000438690186,
    0.5294000506401062
  ],
  "delta": 5.0886316442113006e-05,
  "ensemble_acc_after_deletion": 0.43960002064704895,
  "ensemble_acc_before_deletion": 0.531000018119812,
  "epsilon": "\u221e",
  "indicator": 1,
  "lengths_after_deletion": [
    2540,
    5194
  ],
  "rng": [
    1439480200,
    1024444498
  ],
  "shard_prediction_precision": 0.6605371236801147,
  "shard_prediction_recall": 0.6825000047683716
}