{
  "accs_after_deletion": [
    0.4174000322818756,
    0.4456000328063965
  ],
  "accs_before_deletion": [
    0.510200023651123,
    0.510200023651123
  ],
  "delta": 5.0886316442113006e-05,
  "ensemble_acc_after_deletion": 0.43800002336502075,
  "ensemble_acc_before_deletion": 0.5092000365257263,
  "epsilon": "\u221e",
  "indicator": 1,
  "lengths_after_deletion": [
    2757,
    5247
  ],
  "rng": [
    1602778175,
    922723868
  ],
  "shard_prediction_precision": 0.6557028889656067,
  "shard_prediction_recall": 0.6553750038146973
}