{
  "accs_after_deletion": [
    0.40220001339912415,
    0.4400000274181366
  ],
  "accs_before_deletion": [
    0.5088000297546387,
    0.49640002846717834
  ],
  "delta": 5.0886316442113006e-05,
  "ensemble_acc_after_deletion": 0.40540000796318054,
  "ensemble_acc_before_deletion": 0.504800021648407,
  "epsilon": "\u221e",
  "indicator": 1,
  "lengths_after_deletion": [
    2430,
    4812
  ],
  "rng": [
    1640627285,
    2836229244
  ],
  "shard_prediction_precision": 0.6359899640083313,
  "shard_prediction_recall": 0.6962500214576721
}