{
  "accs_after_deletion": [
    0.44280001521110535,
    0.47280001640319824
  ],
  "accs_before_deletion": [
    0.51500004529953,
    0.5268000364303589
  ],
  "delta": 5.0886316442113006e-05,
  "ensemble_acc_after_deletion": 0.4678000211715698,
  "ensemble_acc_before_deletion": 0.5194000005722046,
  "epsilon": "\u221e",
  "indicator": 1,
  "lengths_after_deletion": [
    2782,
    5531
  ],
  "rng": [
    1656830874,
    3668190862
  ],
  "shard_prediction_precision": 0.678808331489563,
  "shard_prediction_recall": 0.6522500514984131
}