{
  "accs_after_deletion": [
    0.4480000138282776,
    0.4678000211715698
  ],
  "accs_before_deletion": [
    0.5076000094413757,
    0.5134000182151794
  ],
  "delta": 5.0886316442113006e-05,
  "ensemble_acc_after_deletion": 0.4580000340938568,
  "ensemble_acc_before_deletion": 0.5139999985694885,
  "epsilon": "\u221e",
  "indicator": 1,
  "lengths_after_deletion": [
    3117,
    5467
  ],
  "rng": [
    1668103598,
    2577021459
  ],
  "shard_prediction_precision": 0.6584411859512329,
  "shard_prediction_recall": 0.6103750467300415
}