{
  "accs_after_deletion": [
    0.41380003094673157,
    0.4496000111103058
  ],
  "accs_before_deletion": [
    0.5204000473022461,
    0.5302000045776367
  ],
  "delta": 5.0886316442113006e-05,
  "ensemble_acc_after_deletion": 0.4320000112056732,
  "ensemble_acc_before_deletion": 0.5220000147819519,
  "epsilon": "\u221e",
  "indicator": 1,
  "lengths_after_deletion": [
    2706,
    5141
  ],
  "rng": [
    1706355581,
    1943738874
  ],
  "shard_prediction_precision": 0.6493315100669861,
  "shard_prediction_recall": 0.6617500185966492
}