{
  "accs_after_deletion": [
    0.43240001797676086,
    0.4652000367641449
  ],
  "accs_before_deletion": [
    0.5121999979019165,
    0.5276000499725342
  ],
  "delta": 5.0886316442113006e-05,
  "ensemble_acc_after_deletion": 0.44940000772476196,
  "ensemble_acc_before_deletion": 0.524399995803833,
  "epsilon": "\u221e",
  "indicator": 1,
  "lengths_after_deletion": [
    2577,
    5052
  ],
  "rng": [
    1709904513,
    3050289994
  ],
  "shard_prediction_precision": 0.6478317975997925,
  "shard_prediction_recall": 0.6778750419616699
}