{
  "accs_after_deletion": [
    0.3850000202655792,
    0.4410000145435333
  ],
  "accs_before_deletion": [
    0.5184000134468079,
    0.501800000667572
  ],
  "delta": 5.0886316442113006e-05,
  "ensemble_acc_after_deletion": 0.41880002617836,
  "ensemble_acc_before_deletion": 0.5142000317573547,
  "epsilon": "\u221e",
  "indicator": 1,
  "lengths_after_deletion": [
    2240,
    4653
  ],
  "rng": [
    1745102055,
    3146907145
  ],
  "shard_prediction_precision": 0.6324805021286011,
  "shard_prediction_recall": 0.7200000286102295
}