{
  "accs_after_deletion": [
    0.443200021982193,
    0.49400001764297485
  ],
  "accs_before_deletion": [
    0.5052000284194946,
    0.527999997138977
  ],
  "delta": 5.0886316442113006e-05,
  "ensemble_acc_after_deletion": 0.46220001578330994,
  "ensemble_acc_before_deletion": 0.5214000344276428,
  "epsilon": "\u221e",
  "indicator": 1,
  "lengths_after_deletion": [
    3093,
    5531
  ],
  "rng": [
    1753883350,
    2626465711
  ],
  "shard_prediction_precision": 0.6652657389640808,
  "shard_prediction_recall": 0.6133750081062317
}