{
  "accs_after_deletion": [
    0.4124000072479248,
    0.44860002398490906
  ],
  "accs_before_deletion": [
    0.5330000519752502,
    0.5324000120162964
  ],
  "delta": 5.0886316442113006e-05,
  "ensemble_acc_after_deletion": 0.4244000315666199,
  "ensemble_acc_before_deletion": 0.5372000336647034,
  "epsilon": "\u221e",
  "indicator": 1,
  "lengths_after_deletion": [
    2598,
    5040
  ],
  "rng": [
    1864989330,
    1172730345
  ],
  "shard_prediction_precision": 0.6460176706314087,
  "shard_prediction_recall": 0.6752500534057617
}