{
  "accs_after_deletion": [
    0.45160001516342163,
    0.48900002241134644
  ],
  "accs_before_deletion": [
    0.5194000005722046,
    0.5434000492095947
  ],
  "delta": 5.0886316442113006e-05,
  "ensemble_acc_after_deletion": 0.457800030708313,
  "ensemble_acc_before_deletion": 0.5258000493049622,
  "epsilon": "\u221e",
  "indicator": 1,
  "lengths_after_deletion": [
    2759,
    5426
  ],
  "rng": [
    19120468,
    2054051793
  ],
  "shard_prediction_precision": 0.6706333756446838,
  "shard_prediction_recall": 0.6551250219345093
}