{
  "accs_after_deletion": [
    0.45500001311302185,
    0.47460001707077026
  ],
  "accs_before_deletion": [
    0.5224000215530396,
    0.527999997138977
  ],
  "delta": 5.0886316442113006e-05,
  "ensemble_acc_after_deletion": 0.4700000286102295,
  "ensemble_acc_before_deletion": 0.5200000405311584,
  "epsilon": "\u221e",
  "indicator": 1,
  "lengths_after_deletion": [
    2873,
    5540
  ],
  "rng": [
    1991477778,
    879877683
  ],
  "shard_prediction_precision": 0.6757612228393555,
  "shard_prediction_recall": 0.6408750414848328
}