{
  "accs_after_deletion": [
    0.43140003085136414,
    0.47280001640319824
  ],
  "accs_before_deletion": [
    0.5236000418663025,
    0.5302000045776367
  ],
  "delta": 5.0886316442113006e-05,
  "ensemble_acc_after_deletion": 0.4514000117778778,
  "ensemble_acc_before_deletion": 0.532200038433075,
  "epsilon": "\u221e",
  "indicator": 1,
  "lengths_after_deletion": [
    2555,
    5109
  ],
  "rng": [
    2004950305,
    1811722680
  ],
  "shard_prediction_precision": 0.6531910300254822,
  "shard_prediction_recall": 0.6806250214576721
}