{
  "accs_after_deletion": [
    0.4496000111103058,
    0.47940000891685486
  ],
  "accs_before_deletion": [
    0.5236000418663025,
    0.5302000045776367
  ],
  "delta": 5.0886316442113006e-05,
  "ensemble_acc_after_deletion": 0.46140003204345703,
  "ensemble_acc_before_deletion": 0.5326000452041626,
  "epsilon": "\u221e",
  "indicator": 1,
  "lengths_after_deletion": [
    3146,
    5592
  ],
  "rng": [
    203470050,
    2340089007
  ],
  "shard_prediction_precision": 0.6684108972549438,
  "shard_prediction_recall": 0.6067500114440918
}