{
  "accs_after_deletion": [
    0.4336000084877014,
    0.46240001916885376
  ],
  "accs_before_deletion": [
    0.5038000345230103,
    0.5224000215530396
  ],
  "delta": 5.0886316442113006e-05,
  "ensemble_acc_after_deletion": 0.44780001044273376,
  "ensemble_acc_before_deletion": 0.5090000033378601,
  "epsilon": "\u221e",
  "indicator": 1,
  "lengths_after_deletion": [
    2825,
    5225
  ],
  "rng": [
    2071894082,
    2314414209
  ],
  "shard_prediction_precision": 0.650943398475647,
  "shard_prediction_recall": 0.6468750238418579
}