{
  "accs_after_deletion": [
    0.46300002932548523,
    0.5022000074386597
  ],
  "accs_before_deletion": [
    0.4960000216960907,
    0.5418000221252441
  ],
  "delta": 5.0886316442113006e-05,
  "ensemble_acc_after_deletion": 0.4880000352859497,
  "ensemble_acc_before_deletion": 0.535800039768219,
  "epsilon": "\u221e",
  "indicator": 1,
  "lengths_after_deletion": [
    3080,
    5698
  ],
  "rng": [
    207625695,
    3961749603
  ],
  "shard_prediction_precision": 0.6812517046928406,
  "shard_prediction_recall": 0.6150000095367432
}