{
  "accs_after_deletion": [
    0.4196000099182129,
    0.48100003600120544
  ],
  "accs_before_deletion": [
    0.5120000243186951,
    0.5315999984741211
  ],
  "delta": 5.0886316442113006e-05,
  "ensemble_acc_after_deletion": 0.445000022649765,
  "ensemble_acc_before_deletion": 0.5278000235557556,
  "epsilon": "\u221e",
  "indicator": 1,
  "lengths_after_deletion": [
    2757,
    5186
  ],
  "rng": [
    2095859300,
    1486368061
  ],
  "shard_prediction_precision": 0.650738537311554,
  "shard_prediction_recall": 0.6553750038146973
}