{
  "accs_after_deletion": [
    0.4504000246524811,
    0.4808000326156616
  ],
  "accs_before_deletion": [
    0.5148000121116638,
    0.5450000166893005
  ],
  "delta": 5.0886316442113006e-05,
  "ensemble_acc_after_deletion": 0.4650000333786011,
  "ensemble_acc_before_deletion": 0.5306000113487244,
  "epsilon": "\u221e",
  "indicator": 1,
  "lengths_after_deletion": [
    3124,
    5657
  ],
  "rng": [
    2117034662,
    2272238767
  ],
  "shard_prediction_precision": 0.6754398345947266,
  "shard_prediction_recall": 0.6095000505447388
}