{
  "accs_after_deletion": [
    0.426800012588501,
    0.46220001578330994
  ],
  "accs_before_deletion": [
    0.5160000324249268,
    0.5284000039100647
  ],
  "delta": 5.0886316442113006e-05,
  "ensemble_acc_after_deletion": 0.4540000259876251,
  "ensemble_acc_before_deletion": 0.5214000344276428,
  "epsilon": "\u221e",
  "indicator": 1,
  "lengths_after_deletion": [
    2619,
    5314
  ],
  "rng": [
    212911320,
    611620350
  ],
  "shard_prediction_precision": 0.6670385003089905,
  "shard_prediction_recall": 0.6726250052452087
}