{
  "accs_after_deletion": [
    0.44540002942085266,
    0.4644000232219696
  ],
  "accs_before_deletion": [
    0.513200044631958,
    0.5266000032424927
  ],
  "delta": 5.0886316442113006e-05,
  "ensemble_acc_after_deletion": 0.45420002937316895,
  "ensemble_acc_before_deletion": 0.5206000208854675,
  "epsilon": "\u221e",
  "indicator": 1,
  "lengths_after_deletion": [
    2629,
    5210
  ],
  "rng": [
    2164073147,
    765321211
  ],
  "shard_prediction_precision": 0.6581301093101501,
  "shard_prediction_recall": 0.671375036239624
}