{
  "accs_after_deletion": [
    0.4222000241279602,
    0.44440001249313354
  ],
  "accs_before_deletion": [
    0.5190000534057617,
    0.5128000378608704
  ],
  "delta": 5.0886316442113006e-05,
  "ensemble_acc_after_deletion": 0.4302000105381012,
  "ensemble_acc_before_deletion": 0.5284000039100647,
  "epsilon": "\u221e",
  "indicator": 1,
  "lengths_after_deletion": [
    2569,
    5113
  ],
  "rng": [
    2171821489,
    2842350972
  ],
  "shard_prediction_precision": 0.6529213786125183,
  "shard_prediction_recall": 0.6788750290870667
}