{
  "accs_after_deletion": [
    0.40380001068115234,
    0.4488000273704529
  ],
  "accs_before_deletion": [
    0.5080000162124634,
    0.5094000101089478
  ],
  "delta": 5.0886316442113006e-05,
  "ensemble_acc_after_deletion": 0.430400013923645,
  "ensemble_acc_before_deletion": 0.5134000182151794,
  "epsilon": "\u221e",
  "indicator": 1,
  "lengths_after_deletion": [
    2452,
    4988
  ],
  "rng": [
    2202524268,
    2492783654
  ],
  "shard_prediction_precision": 0.6481308341026306,
  "shard_prediction_recall": 0.6935000419616699
}