{
  "accs_after_deletion": [
    0.4230000078678131,
    0.46480002999305725
  ],
  "accs_before_deletion": [
    0.5136000514030457,
    0.5186000466346741
  ],
  "delta": 5.0886316442113006e-05,
  "ensemble_acc_after_deletion": 0.44440001249313354,
  "ensemble_acc_before_deletion": 0.510200023651123,
  "epsilon": "\u221e",
  "indicator": 1,
  "lengths_after_deletion": [
    2655,
    5018
  ],
  "rng": [
    2356048470,
    841497853
  ],
  "shard_prediction_precision": 0.6418878436088562,
  "shard_prediction_recall": 0.6681250333786011
}