{
  "accs_after_deletion": [
    0.42320001125335693,
    0.45420002937316895
  ],
  "accs_before_deletion": [
    0.5304000377655029,
    0.5088000297546387
  ],
  "delta": 5.0886316442113006e-05,
  "ensemble_acc_after_deletion": 0.43780001997947693,
  "ensemble_acc_before_deletion": 0.5212000012397766,
  "epsilon": "\u221e",
  "indicator": 1,
  "lengths_after_deletion": [
    2527,
    4976
  ],
  "rng": [
    2423221964,
    2270506548
  ],
  "shard_prediction_precision": 0.6441096663475037,
  "shard_prediction_recall": 0.6841250061988831
}