{
  "accs_after_deletion": [
    0.44280001521110535,
    0.46960002183914185
  ],
  "accs_before_deletion": [
    0.5110000371932983,
    0.5172000527381897
  ],
  "delta": 5.0886316442113006e-05,
  "ensemble_acc_after_deletion": 0.4620000123977661,
  "ensemble_acc_before_deletion": 0.5182000398635864,
  "epsilon": "\u221e",
  "indicator": 1,
  "lengths_after_deletion": [
    2723,
    5311
  ],
  "rng": [
    2425664854,
    3707088938
  ],
  "shard_prediction_precision": 0.6624404191970825,
  "shard_prediction_recall": 0.6596250534057617
}