{
  "accs_after_deletion": [
    0.43160003423690796,
    0.45900002121925354
  ],
  "accs_before_deletion": [
    0.525600016117096,
    0.5252000093460083
  ],
  "delta": 5.0886316442113006e-05,
  "ensemble_acc_after_deletion": 0.44440001249313354,
  "ensemble_acc_before_deletion": 0.5286000370979309,
  "epsilon": "\u221e",
  "indicator": 1,
  "lengths_after_deletion": [
    2521,
    4911
  ],
  "rng": [
    2454135398,
    1309737175
  ],
  "shard_prediction_precision": 0.639472484588623,
  "shard_prediction_recall": 0.6848750114440918
}