{
  "accs_after_deletion": [
    0.4620000123977661,
    0.4946000277996063
  ],
  "accs_before_deletion": [
    0.526199996471405,
    0.527999997138977
  ],
  "delta": 5.0886316442113006e-05,
  "ensemble_acc_after_deletion": 0.48340001702308655,
  "ensemble_acc_before_deletion": 0.5230000019073486,
  "epsilon": "\u221e",
  "indicator": 1,
  "lengths_after_deletion": [
    3058,
    5471
  ],
  "rng": [
    2473507681,
    1998125807
  ],
  "shard_prediction_precision": 0.6614910960197449,
  "shard_prediction_recall": 0.6177500486373901
}