{
  "accs_after_deletion": [
    0.42640000581741333,
    0.4734000265598297
  ],
  "accs_before_deletion": [
    0.5220000147819519,
    0.522599995136261
  ],
  "delta": 5.0886316442113006e-05,
  "ensemble_acc_after_deletion": 0.45160001516342163,
  "ensemble_acc_before_deletion": 0.5297999978065491,
  "epsilon": "\u221e",
  "indicator": 1,
  "lengths_after_deletion": [
    2639,
    5249
  ],
  "rng": [
    2508859655,
    3605700617
  ],
  "shard_prediction_precision": 0.6608728170394897,
  "shard_prediction_recall": 0.6701250076293945
}