{
  "accs_after_deletion": [
    0.43080002069473267,
    0.4772000312805176
  ],
  "accs_before_deletion": [
    0.5220000147819519,
    0.526199996471405
  ],
  "delta": 5.0886316442113006e-05,
  "ensemble_acc_after_deletion": 0.459600031375885,
  "ensemble_acc_before_deletion": 0.5180000066757202,
  "epsilon": "\u221e",
  "indicator": 1,
  "lengths_after_deletion": [
    2828,
    5280
  ],
  "rng": [
    2531533113,
    1382917695
  ],
  "shard_prediction_precision": 0.6553472280502319,
  "shard_prediction_recall": 0.6465000510215759
}