{
  "accs_after_deletion": [
    0.41360002756118774,
    0.43160003423690796
  ],
  "accs_before_deletion": [
    0.5300000309944153,
    0.5134000182151794
  ],
  "delta": 5.0886316442113006e-05,
  "ensemble_acc_after_deletion": 0.4256000220775604,
  "ensemble_acc_before_deletion": 0.5210000276565552,
  "epsilon": "\u221e",
  "indicator": 1,
  "lengths_after_deletion": [
    2595,
    4937
  ],
  "rng": [
    2587690146,
    239433944
  ],
  "shard_prediction_precision": 0.6382852792739868,
  "shard_prediction_recall": 0.6756250262260437
}