{
  "accs_after_deletion": [
    0.435200035572052,
    0.4756000339984894
  ],
  "accs_before_deletion": [
    0.5254000425338745,
    0.5330000519752502
  ],
  "delta": 5.0886316442113006e-05,
  "ensemble_acc_after_deletion": 0.45280003547668457,
  "ensemble_acc_before_deletion": 0.5364000201225281,
  "epsilon": "\u221e",
  "indicator": 1,
  "lengths_after_deletion": [
    2671,
    5366
  ],
  "rng": [
    2646048238,
    1091603686
  ],
  "shard_prediction_precision": 0.6692201495170593,
  "shard_prediction_recall": 0.6661250591278076
}