{
  "accs_after_deletion": [
    0.4084000289440155,
    0.4628000259399414
  ],
  "accs_before_deletion": [
    0.5290000438690186,
    0.5315999984741211
  ],
  "delta": 5.0886316442113006e-05,
  "ensemble_acc_after_deletion": 0.44620001316070557,
  "ensemble_acc_before_deletion": 0.5348000526428223,
  "epsilon": "\u221e",
  "indicator": 1,
  "lengths_after_deletion": [
    2642,
    5084
  ],
  "rng": [
    2704020514,
    1799125726
  ],
  "shard_prediction_precision": 0.6475707292556763,
  "shard_prediction_recall": 0.6697500348091125
}