{
  "accs_after_deletion": [
    0.4374000132083893,
    0.44840002059936523
  ],
  "accs_before_deletion": [
    0.5100000500679016,
    0.5266000032424927
  ],
  "delta": 5.0886316442113006e-05,
  "ensemble_acc_after_deletion": 0.44120001792907715,
  "ensemble_acc_before_deletion": 0.5278000235557556,
  "epsilon": "\u221e",
  "indicator": 1,
  "lengths_after_deletion": [
    2992,
    5239
  ],
  "rng": [
    2746897435,
    2903148360
  ],
  "shard_prediction_precision": 0.6446132063865662,
  "shard_prediction_recall": 0.6260000467300415
}