{
  "accs_after_deletion": [
    0.45500001311302185,
    0.47700002789497375
  ],
  "accs_before_deletion": [
    0.5092000365257263,
    0.5196000337600708
  ],
  "delta": 5.0886316442113006e-05,
  "ensemble_acc_after_deletion": 0.46700000762939453,
  "ensemble_acc_before_deletion": 0.5178000330924988,
  "epsilon": "\u221e",
  "indicator": 1,
  "lengths_after_deletion": [
    3291,
    5745
  ],
  "rng": [
    2773668836,
    3696319600
  ],
  "shard_prediction_precision": 0.6761918663978577,
  "shard_prediction_recall": 0.5886250138282776
}