{
  "accs_after_deletion": [
    0.4172000288963318,
    0.44760000705718994
  ],
  "accs_before_deletion": [
    0.5126000046730042,
    0.506600022315979
  ],
  "delta": 5.0886316442113006e-05,
  "ensemble_acc_after_deletion": 0.42640000581741333,
  "ensemble_acc_before_deletion": 0.5052000284194946,
  "epsilon": "\u221e",
  "indicator": 1,
  "lengths_after_deletion": [
    2507,
    4940
  ],
  "rng": [
    2775378315,
    982393129
  ],
  "shard_prediction_precision": 0.6422308087348938,
  "shard_prediction_recall": 0.6866250038146973
}