{
  "accs_after_deletion": [
    0.4718000292778015,
    0.48440003395080566
  ],
  "accs_before_deletion": [
    0.510200023651123,
    0.5188000202178955
  ],
  "delta": 5.0886316442113006e-05,
  "ensemble_acc_after_deletion": 0.47620001435279846,
  "ensemble_acc_before_deletion": 0.5230000019073486,
  "epsilon": "\u221e",
  "indicator": 1,
  "lengths_after_deletion": [
    3064,
    5615
  ],
  "rng": [
    2778010154,
    2638239910
  ],
  "shard_prediction_precision": 0.6742247939109802,
  "shard_prediction_recall": 0.6170000433921814
}