{
  "accs_after_deletion": [
    0.430400013923645,
    0.46700000762939453
  ],
  "accs_before_deletion": [
    0.5182000398635864,
    0.5268000364303589
  ],
  "delta": 5.0886316442113006e-05,
  "ensemble_acc_after_deletion": 0.44680002331733704,
  "ensemble_acc_before_deletion": 0.5308000445365906,
  "epsilon": "\u221e",
  "indicator": 1,
  "lengths_after_deletion": [
    2416,
    5133
  ],
  "rng": [
    2794828270,
    1706765445
  ],
  "shard_prediction_precision": 0.6607502102851868,
  "shard_prediction_recall": 0.6980000138282776
}