{
  "accs_after_deletion": [
    0.4498000144958496,
    0.45320001244544983
  ],
  "accs_before_deletion": [
    0.5126000046730042,
    0.5128000378608704
  ],
  "delta": 5.0886316442113006e-05,
  "ensemble_acc_after_deletion": 0.44700002670288086,
  "ensemble_acc_before_deletion": 0.5178000330924988,
  "epsilon": "\u221e",
  "indicator": 1,
  "lengths_after_deletion": [
    2807,
    5225
  ],
  "rng": [
    2820610134,
    192506190
  ],
  "shard_prediction_precision": 0.6517319679260254,
  "shard_prediction_recall": 0.6491250395774841
}