{
  "accs_after_deletion": [
    0.43720000982284546,
    0.47620001435279846
  ],
  "accs_before_deletion": [
    0.5288000106811523,
    0.52920001745224
  ],
  "delta": 5.0886316442113006e-05,
  "ensemble_acc_after_deletion": 0.4594000279903412,
  "ensemble_acc_before_deletion": 0.5290000438690186,
  "epsilon": "\u221e",
  "indicator": 1,
  "lengths_after_deletion": [
    2712,
    5276
  ],
  "rng": [
    283390357,
    89402509
  ],
  "shard_prediction_precision": 0.6600099802017212,
  "shard_prediction_recall": 0.6610000133514404
}