{
  "accs_after_deletion": [
    0.40700000524520874,
    0.4426000118255615
  ],
  "accs_before_deletion": [
    0.5214000344276428,
    0.5002000331878662
  ],
  "delta": 5.0886316442113006e-05,
  "ensemble_acc_after_deletion": 0.4238000214099884,
  "ensemble_acc_before_deletion": 0.5070000290870667,
  "epsilon": "\u221e",
  "indicator": 1,
  "lengths_after_deletion": [
    2541,
    5018
  ],
  "rng": [
    287936898,
    3846870668
  ],
  "shard_prediction_precision": 0.6467243432998657,
  "shard_prediction_recall": 0.6823750138282776
}