{
  "accs_after_deletion": [
    0.4146000146865845,
    0.4564000070095062
  ],
  "accs_before_deletion": [
    0.5333999991416931,
    0.5234000086784363
  ],
  "delta": 5.0886316442113006e-05,
  "ensemble_acc_after_deletion": 0.43340003490448,
  "ensemble_acc_before_deletion": 0.5286000370979309,
  "epsilon": "\u221e",
  "indicator": 1,
  "lengths_after_deletion": [
    2524,
    5153
  ],
  "rng": [
    2885705685,
    2170208918
  ],
  "shard_prediction_precision": 0.6579358577728271,
  "shard_prediction_recall": 0.6845000386238098
}