{
  "accs_after_deletion": [
    0.4222000241279602,
    0.46160003542900085
  ],
  "accs_before_deletion": [
    0.5192000269889832,
    0.5230000019073486
  ],
  "delta": 5.0886316442113006e-05,
  "ensemble_acc_after_deletion": 0.43560001254081726,
  "ensemble_acc_before_deletion": 0.5192000269889832,
  "epsilon": "\u221e",
  "indicator": 1,
  "lengths_after_deletion": [
    2536,
    5162
  ],
  "rng": [
    2913457058,
    1856417690
  ],
  "shard_prediction_precision": 0.6581546664237976,
  "shard_prediction_recall": 0.6830000281333923
}