{
  "accs_after_deletion": [
    0.4386000335216522,
    0.4620000123977661
  ],
  "accs_before_deletion": [
    0.5356000065803528,
    0.5368000268936157
  ],
  "delta": 5.0886316442113006e-05,
  "ensemble_acc_after_deletion": 0.451200008392334,
  "ensemble_acc_before_deletion": 0.5434000492095947,
  "epsilon": "\u221e",
  "indicator": 1,
  "lengths_after_deletion": [
    2615,
    5322
  ],
  "rng": [
    2917537133,
    1655977931
  ],
  "shard_prediction_precision": 0.6678656339645386,
  "shard_prediction_recall": 0.6731250286102295
}