{
  "accs_after_deletion": [
    0.4066000282764435,
    0.4652000367641449
  ],
  "accs_before_deletion": [
    0.5067999958992004,
    0.5200000405311584
  ],
  "delta": 5.0886316442113006e-05,
  "ensemble_acc_after_deletion": 0.4278000295162201,
  "ensemble_acc_before_deletion": 0.5116000175476074,
  "epsilon": "\u221e",
  "indicator": 1,
  "lengths_after_deletion": [
    2729,
    4999
  ],
  "rng": [
    2919101407,
    1587121220
  ],
  "shard_prediction_precision": 0.6372098922729492,
  "shard_prediction_recall": 0.658875048160553
}