{
  "accs_after_deletion": [
    0.45440003275871277,
    0.47700002789497375
  ],
  "accs_before_deletion": [
    0.525600016117096,
    0.5286000370979309
  ],
  "delta": 5.0886316442113006e-05,
  "ensemble_acc_after_deletion": 0.45980003476142883,
  "ensemble_acc_before_deletion": 0.5254000425338745,
  "epsilon": "\u221e",
  "indicator": 1,
  "lengths_after_deletion": [
    2822,
    5295
  ],
  "rng": [
    2928419931,
    1738469006
  ],
  "shard_prediction_precision": 0.6568565368652344,
  "shard_prediction_recall": 0.6472500562667847
}