{
  "accs_after_deletion": [
    0.43540000915527344,
    0.4726000130176544
  ],
  "accs_before_deletion": [
    0.531000018119812,
    0.5396000146865845
  ],
  "delta": 5.0886316442113006e-05,
  "ensemble_acc_after_deletion": 0.45660001039505005,
  "ensemble_acc_before_deletion": 0.5368000268936157,
  "epsilon": "\u221e",
  "indicator": 1,
  "lengths_after_deletion": [
    2856,
    5271
  ],
  "rng": [
    292898663,
    4164721190
  ],
  "shard_prediction_precision": 0.6533723473548889,
  "shard_prediction_recall": 0.6430000066757202
}