{
  "accs_after_deletion": [
    0.4522000253200531,
    0.496800035238266
  ],
  "accs_before_deletion": [
    0.5070000290870667,
    0.537600040435791
  ],
  "delta": 5.0886316442113006e-05,
  "ensemble_acc_after_deletion": 0.47460001707077026,
  "ensemble_acc_before_deletion": 0.5304000377655029,
  "epsilon": "\u221e",
  "indicator": 1,
  "lengths_after_deletion": [
    2941,
    5470
  ],
  "rng": [
    297103044,
    732245986
  ],
  "shard_prediction_precision": 0.6666227579116821,
  "shard_prediction_recall": 0.6323750019073486
}