{
  "accs_after_deletion": [
    0.451200008392334,
    0.4646000266075134
  ],
  "accs_before_deletion": [
    0.5144000053405762,
    0.5320000052452087
  ],
  "delta": 5.0886316442113006e-05,
  "ensemble_acc_after_deletion": 0.45340001583099365,
  "ensemble_acc_before_deletion": 0.5260000228881836,
  "epsilon": "\u221e",
  "indicator": 1,
  "lengths_after_deletion": [
    2918,
    5410
  ],
  "rng": [
    3110861785,
    1017464937
  ],
  "shard_prediction_precision": 0.6624087691307068,
  "shard_prediction_recall": 0.6352500319480896
}