{
  "accs_after_deletion": [
    0.4634000360965729,
    0.48440003395080566
  ],
  "accs_before_deletion": [
    0.5194000005722046,
    0.5234000086784363
  ],
  "delta": 5.0886316442113006e-05,
  "ensemble_acc_after_deletion": 0.4700000286102295,
  "ensemble_acc_before_deletion": 0.5222000479698181,
  "epsilon": "\u221e",
  "indicator": 1,
  "lengths_after_deletion": [
    3023,
    5520
  ],
  "rng": [
    3211900460,
    915424133
  ],
  "shard_prediction_precision": 0.667426586151123,
  "shard_prediction_recall": 0.6221250295639038
}