{
  "accs_after_deletion": [
    0.4002000093460083,
    0.4594000279903412
  ],
  "accs_before_deletion": [
    0.5306000113487244,
    0.5098000168800354
  ],
  "delta": 5.0886316442113006e-05,
  "ensemble_acc_after_deletion": 0.4284000098705292,
  "ensemble_acc_before_deletion": 0.5276000499725342,
  "epsilon": "\u221e",
  "indicator": 1,
  "lengths_after_deletion": [
    2571,
    4885
  ],
  "rng": [
    3217183907,
    301853850
  ],
  "shard_prediction_precision": 0.6354166865348816,
  "shard_prediction_recall": 0.6786250472068787
}