{
  "accs_after_deletion": [
    0.4140000343322754,
    0.4456000328063965
  ],
  "accs_before_deletion": [
    0.5216000080108643,
    0.4992000162601471
  ],
  "delta": 5.0886316442113006e-05,
  "ensemble_acc_after_deletion": 0.44040003418922424,
  "ensemble_acc_before_deletion": 0.5218000411987305,
  "epsilon": "\u221e",
  "indicator": 1,
  "lengths_after_deletion": [
    2537,
    5085
  ],
  "rng": [
    3230131088,
    1237993940
  ],
  "shard_prediction_precision": 0.6520649194717407,
  "shard_prediction_recall": 0.6828750371932983
}