{
  "accs_after_deletion": [
    0.4394000172615051,
    0.4796000123023987
  ],
  "accs_before_deletion": [
    0.5294000506401062,
    0.535800039768219
  ],
  "delta": 5.0886316442113006e-05,
  "ensemble_acc_after_deletion": 0.453000009059906,
  "ensemble_acc_before_deletion": 0.5314000248908997,
  "epsilon": "\u221e",
  "indicator": 1,
  "lengths_after_deletion": [
    2536,
    5213
  ],
  "rng": [
    3288992316,
    3100979171
  ],
  "shard_prediction_precision": 0.6622227430343628,
  "shard_prediction_recall": 0.6830000281333923
}