{
  "accs_after_deletion": [
    0.4296000301837921,
    0.4564000070095062
  ],
  "accs_before_deletion": [
    0.534600019454956,
    0.52920001745224
  ],
  "delta": 5.0886316442113006e-05,
  "ensemble_acc_after_deletion": 0.43060001730918884,
  "ensemble_acc_before_deletion": 0.5336000323295593,
  "epsilon": "\u221e",
  "indicator": 1,
  "lengths_after_deletion": [
    2712,
    5329
  ],
  "rng": [
    3300379417,
    2162880526
  ],
  "shard_prediction_precision": 0.664405107498169,
  "shard_prediction_recall": 0.6610000133514404
}