{
  "accs_after_deletion": [
    0.40380001068115234,
    0.44040003418922424
  ],
  "accs_before_deletion": [
    0.5300000309944153,
    0.5128000378608704
  ],
  "delta": 5.0886316442113006e-05,
  "ensemble_acc_after_deletion": 0.42180001735687256,
  "ensemble_acc_before_deletion": 0.5139999985694885,
  "epsilon": "\u221e",
  "indicator": 1,
  "lengths_after_deletion": [
    2588,
    5118
  ],
  "rng": [
    3337304552,
    2610254935
  ],
  "shard_prediction_precision": 0.6525198817253113,
  "shard_prediction_recall": 0.6765000224113464
}