{
  "accs_after_deletion": [
    0.430400013923645,
    0.4706000089645386
  ],
  "accs_before_deletion": [
    0.5085999965667725,
    0.5318000316619873
  ],
  "delta": 5.0886316442113006e-05,
  "ensemble_acc_after_deletion": 0.451200008392334,
  "ensemble_acc_before_deletion": 0.5300000309944153,
  "epsilon": "\u221e",
  "indicator": 1,
  "lengths_after_deletion": [
    2695,
    5253
  ],
  "rng": [
    3356847390,
    3628237724
  ],
  "shard_prediction_precision": 0.6588425636291504,
  "shard_prediction_recall": 0.6631250381469727
}