{
  "accs_after_deletion": [
    0.42500001192092896,
    0.48420003056526184
  ],
  "accs_before_deletion": [
    0.5090000033378601,
    0.532800018787384
  ],
  "delta": 5.0886316442113006e-05,
  "ensemble_acc_after_deletion": 0.4588000178337097,
  "ensemble_acc_before_deletion": 0.5314000248908997,
  "epsilon": "\u221e",
  "indicator": 1,
  "lengths_after_deletion": [
    2814,
    5311
  ],
  "rng": [
    3358137272,
    540193471
  ],
  "shard_prediction_precision": 0.6585397124290466,
  "shard_prediction_recall": 0.6482500433921814
}