{
  "accs_after_deletion": [
    0.4390000104904175,
    0.49500003457069397
  ],
  "accs_before_deletion": [
    0.5121999979019165,
    0.5282000303268433
  ],
  "delta": 5.0886316442113006e-05,
  "ensemble_acc_after_deletion": 0.47520002722740173,
  "ensemble_acc_before_deletion": 0.5170000195503235,
  "epsilon": "\u221e",
  "indicator": 1,
  "lengths_after_deletion": [
    3182,
    5662
  ],
  "rng": [
    3395229633,
    456133067
  ],
  "shard_prediction_precision": 0.6732811331748962,
  "shard_prediction_recall": 0.6022500395774841
}