{
  "accs_after_deletion": [
    0.3692000210285187,
    0.4086000323295593
  ],
  "accs_before_deletion": [
    0.5208000540733337,
    0.4328000247478485
  ],
  "delta": 5.0886316442113006e-05,
  "ensemble_acc_after_deletion": 0.38280001282691956,
  "ensemble_acc_before_deletion": 0.4674000144004822,
  "epsilon": "\u221e",
  "indicator": 1,
  "lengths_after_deletion": [
    2204,
    4434
  ],
  "rng": [
    3405202590,
    2906093311
  ],
  "shard_prediction_precision": 0.6190984845161438,
  "shard_prediction_recall": 0.7245000600814819
}