{
  "accs_after_deletion": [
    0.4400000274181366,
    0.47220003604888916
  ],
  "accs_before_deletion": [
    0.522599995136261,
    0.5342000126838684
  ],
  "delta": 5.0886316442113006e-05,
  "ensemble_acc_after_deletion": 0.4498000144958496,
  "ensemble_acc_before_deletion": 0.5306000113487244,
  "epsilon": "\u221e",
  "indicator": 1,
  "lengths_after_deletion": [
    2879,
    5164
  ],
  "rng": [
    3417339579,
    2436409763
  ],
  "shard_prediction_precision": 0.6435842514038086,
  "shard_prediction_recall": 0.640125036239624
}