{
  "accs_after_deletion": [
    0.43300002813339233,
    0.44140002131462097
  ],
  "accs_before_deletion": [
    0.5300000309944153,
    0.5194000005722046
  ],
  "delta": 5.0886316442113006e-05,
  "ensemble_acc_after_deletion": 0.44760000705718994,
  "ensemble_acc_before_deletion": 0.5264000296592712,
  "epsilon": "\u221e",
  "indicator": 1,
  "lengths_after_deletion": [
    2503,
    4984
  ],
  "rng": [
    3431804272,
    210245476
  ],
  "shard_prediction_precision": 0.6457183361053467,
  "shard_prediction_recall": 0.687125027179718
}