{
  "accs_after_deletion": [
    0.43540000915527344,
    0.47120001912117004
  ],
  "accs_before_deletion": [
    0.5138000249862671,
    0.5178000330924988
  ],
  "delta": 5.0886316442113006e-05,
  "ensemble_acc_after_deletion": 0.451200008392334,
  "ensemble_acc_before_deletion": 0.5164000391960144,
  "epsilon": "\u221e",
  "indicator": 1,
  "lengths_after_deletion": [
    2833,
    5243
  ],
  "rng": [
    3478035948,
    3074200593
  ],
  "shard_prediction_precision": 0.652069628238678,
  "shard_prediction_recall": 0.6458750367164612
}