{
  "accs_after_deletion": [
    0.45500001311302185,
    0.4618000090122223
  ],
  "accs_before_deletion": [
    0.5082000494003296,
    0.51500004529953
  ],
  "delta": 5.0886316442113006e-05,
  "ensemble_acc_after_deletion": 0.4586000144481659,
  "ensemble_acc_before_deletion": 0.5118000507354736,
  "epsilon": "\u221e",
  "indicator": 1,
  "lengths_after_deletion": [
    2870,
    5360
  ],
  "rng": [
    3518602440,
    1779534083
  ],
  "shard_prediction_precision": 0.6602317094802856,
  "shard_prediction_recall": 0.6412500143051147
}