{
  "accs_after_deletion": [
    0.4390000104904175,
    0.47700002789497375
  ],
  "accs_before_deletion": [
    0.509600043296814,
    0.5046000480651855
  ],
  "delta": 5.0886316442113006e-05,
  "ensemble_acc_after_deletion": 0.4636000096797943,
  "ensemble_acc_before_deletion": 0.5138000249862671,
  "epsilon": "\u221e",
  "indicator": 1,
  "lengths_after_deletion": [
    2775,
    5135
  ],
  "rng": [
    3523854687,
    4154038262
  ],
  "shard_prediction_precision": 0.6458591222763062,
  "shard_prediction_recall": 0.6531250476837158
}