{
  "accs_after_deletion": [
    0.4326000213623047,
    0.4646000266075134
  ],
  "accs_before_deletion": [
    0.5034000277519226,
    0.5118000507354736
  ],
  "delta": 5.0886316442113006e-05,
  "ensemble_acc_after_deletion": 0.4570000171661377,
  "ensemble_acc_before_deletion": 0.5106000304222107,
  "epsilon": "\u221e",
  "indicator": 1,
  "lengths_after_deletion": [
    2742,
    5147
  ],
  "rng": [
    354591069,
    4252614246
  ],
  "shard_prediction_precision": 0.6482554078102112,
  "shard_prediction_recall": 0.6572500467300415
}