{
  "accs_after_deletion": [
    0.4312000274658203,
    0.46820002794265747
  ],
  "accs_before_deletion": [
    0.5286000370979309,
    0.5242000222206116
  ],
  "delta": 5.0886316442113006e-05,
  "ensemble_acc_after_deletion": 0.43460002541542053,
  "ensemble_acc_before_deletion": 0.534600019454956,
  "epsilon": "\u221e",
  "indicator": 1,
  "lengths_after_deletion": [
    2581,
    5155
  ],
  "rng": [
    3573953228,
    507562470
  ],
  "shard_prediction_precision": 0.6557357311248779,
  "shard_prediction_recall": 0.6773750185966492
}