{
  "accs_after_deletion": [
    0.43380001187324524,
    0.4718000292778015
  ],
  "accs_before_deletion": [
    0.5088000297546387,
    0.5094000101089478
  ],
  "delta": 5.0886316442113006e-05,
  "ensemble_acc_after_deletion": 0.4562000334262848,
  "ensemble_acc_before_deletion": 0.511400043964386,
  "epsilon": "\u221e",
  "indicator": 1,
  "lengths_after_deletion": [
    2891,
    5369
  ],
  "rng": [
    3638308572,
    3023811100
  ],
  "shard_prediction_precision": 0.6600775122642517,
  "shard_prediction_recall": 0.6386250257492065
}