{
  "accs_after_deletion": [
    0.4310000240802765,
    0.4524000287055969
  ],
  "accs_before_deletion": [
    0.5002000331878662,
    0.5044000148773193
  ],
  "delta": 5.0886316442113006e-05,
  "ensemble_acc_after_deletion": 0.43800002336502075,
  "ensemble_acc_before_deletion": 0.5010000467300415,
  "epsilon": "\u221e",
  "indicator": 1,
  "lengths_after_deletion": [
    2706,
    5186
  ],
  "rng": [
    3730787213,
    4279148475
  ],
  "shard_prediction_precision": 0.6529353857040405,
  "shard_prediction_recall": 0.6617500185966492
}