{
  "accs_after_deletion": [
    0.42240002751350403,
    0.4642000198364258
  ],
  "accs_before_deletion": [
    0.5232000350952148,
    0.5264000296592712
  ],
  "delta": 5.0886316442113006e-05,
  "ensemble_acc_after_deletion": 0.44680002331733704,
  "ensemble_acc_before_deletion": 0.5148000121116638,
  "epsilon": "\u221e",
  "indicator": 1,
  "lengths_after_deletion": [
    2561,
    5208
  ],
  "rng": [
    378941500,
    717768231
  ],
  "shard_prediction_precision": 0.6607945561408997,
  "shard_prediction_recall": 0.6798750162124634
}