{
  "accs_after_deletion": [
    0.4132000207901001,
    0.4618000090122223
  ],
  "accs_before_deletion": [
    0.5240000486373901,
    0.508400022983551
  ],
  "delta": 5.0886316442113006e-05,
  "ensemble_acc_after_deletion": 0.44040003418922424,
  "ensemble_acc_before_deletion": 0.5192000269889832,
  "epsilon": "\u221e",
  "indicator": 1,
  "lengths_after_deletion": [
    2572,
    4971
  ],
  "rng": [
    3789444500,
    1542357514
  ],
  "shard_prediction_precision": 0.6418351531028748,
  "shard_prediction_recall": 0.6785000562667847
}