{
  "accs_after_deletion": [
    0.43460002541542053,
    0.4552000164985657
  ],
  "accs_before_deletion": [
    0.5118000507354736,
    0.5116000175476074
  ],
  "delta": 5.0886316442113006e-05,
  "ensemble_acc_after_deletion": 0.44540002942085266,
  "ensemble_acc_before_deletion": 0.5103999972343445,
  "epsilon": "\u221e",
  "indicator": 1,
  "lengths_after_deletion": [
    2784,
    5070
  ],
  "rng": [
    3809730628,
    1313261933
  ],
  "shard_prediction_precision": 0.6403142809867859,
  "shard_prediction_recall": 0.6520000100135803
}