{
  "accs_after_deletion": [
    0.43620002269744873,
    0.48340001702308655
  ],
  "accs_before_deletion": [
    0.5333999991416931,
    0.5296000242233276
  ],
  "delta": 5.0886316442113006e-05,
  "ensemble_acc_after_deletion": 0.4492000341415405,
  "ensemble_acc_before_deletion": 0.5351999998092651,
  "epsilon": "\u221e",
  "indicator": 1,
  "lengths_after_deletion": [
    2723,
    5134
  ],
  "rng": [
    3855219627,
    4218440249
  ],
  "shard_prediction_precision": 0.6480412483215332,
  "shard_prediction_recall": 0.6596250534057617
}