{
  "accs_after_deletion": [
    0.4164000153541565,
    0.4572000205516815
  ],
  "accs_before_deletion": [
    0.5276000499725342,
    0.5090000033378601
  ],
  "delta": 5.0886316442113006e-05,
  "ensemble_acc_after_deletion": 0.426800012588501,
  "ensemble_acc_before_deletion": 0.516800045967102,
  "epsilon": "\u221e",
  "indicator": 1,
  "lengths_after_deletion": [
    2403,
    4847
  ],
  "rng": [
    3896892815,
    2818489677
  ],
  "shard_prediction_precision": 0.6396571397781372,
  "shard_prediction_recall": 0.6996250152587891
}