{
  "accs_after_deletion": [
    0.42580002546310425,
    0.46140003204345703
  ],
  "accs_before_deletion": [
    0.5074000358581543,
    0.5208000540733337
  ],
  "delta": 5.0886316442113006e-05,
  "ensemble_acc_after_deletion": 0.43880000710487366,
  "ensemble_acc_before_deletion": 0.5204000473022461,
  "epsilon": "\u221e",
  "indicator": 1,
  "lengths_after_deletion": [
    2762,
    5116
  ],
  "rng": [
    3899851091,
    3800664054
  ],
  "shard_prediction_precision": 0.6449150443077087,
  "shard_prediction_recall": 0.6547500491142273
}