{
  "accs_after_deletion": [
    0.45020002126693726,
    0.4904000163078308
  ],
  "accs_before_deletion": [
    0.510200023651123,
    0.5462000370025635
  ],
  "delta": 5.0886316442113006e-05,
  "ensemble_acc_after_deletion": 0.4726000130176544,
  "ensemble_acc_before_deletion": 0.5270000100135803,
  "epsilon": "\u221e",
  "indicator": 1,
  "lengths_after_deletion": [
    2692,
    5457
  ],
  "rng": [
    3930526084,
    2934273220
  ],
  "shard_prediction_precision": 0.6760922074317932,
  "shard_prediction_recall": 0.6635000109672546
}