{
  "accs_after_deletion": [
    0.4458000063896179,
    0.4394000172615051
  ],
  "accs_before_deletion": [
    0.5184000134468079,
    0.5120000243186951
  ],
  "delta": 5.0886316442113006e-05,
  "ensemble_acc_after_deletion": 0.44840002059936523,
  "ensemble_acc_before_deletion": 0.5232000350952148,
  "epsilon": "\u221e",
  "indicator": 0,
  "lengths_after_deletion": [
    2682,
    5266
  ],
  "rng": [
    3959289278,
    2276145142
  ],
  "shard_prediction_precision": 0.6604570746421814,
  "shard_prediction_recall": 0.6647500395774841
}