{
  "accs_after_deletion": [
    0.42980003356933594,
    0.47360002994537354
  ],
  "accs_before_deletion": [
    0.5192000269889832,
    0.5236000418663025
  ],
  "delta": 5.0886316442113006e-05,
  "ensemble_acc_after_deletion": 0.4498000144958496,
  "ensemble_acc_before_deletion": 0.5254000425338745,
  "epsilon": "\u221e",
  "indicator": 1,
  "lengths_after_deletion": [
    2841,
    5294
  ],
  "rng": [
    4061166457,
    1976178233
  ],
  "shard_prediction_precision": 0.6559440493583679,
  "shard_prediction_recall": 0.6448750495910645
}