{
  "accs_after_deletion": [
    0.42920002341270447,
    0.4724000096321106
  ],
  "accs_before_deletion": [
    0.503000020980835,
    0.5288000106811523
  ],
  "delta": 5.0886316442113006e-05,
  "ensemble_acc_after_deletion": 0.4504000246524811,
  "ensemble_acc_before_deletion": 0.5157999992370605,
  "epsilon": "\u221e",
  "indicator": 1,
  "lengths_after_deletion": [
    3107,
    5459
  ],
  "rng": [
    4061141449,
    1281293019
  ],
  "shard_prediction_precision": 0.6581920981407166,
  "shard_prediction_recall": 0.6116250157356262
}