{
  "accs_after_deletion": [
    0.3822000324726105,
    0.4416000247001648
  ],
  "accs_before_deletion": [
    0.539400041103363,
    0.5012000203132629
  ],
  "delta": 5.0886316442113006e-05,
  "ensemble_acc_after_deletion": 0.39480000734329224,
  "ensemble_acc_before_deletion": 0.5290000438690186,
  "epsilon": "\u221e",
  "indicator": 1,
  "lengths_after_deletion": [
    2201,
    4413
  ],
  "rng": [
    4065327601,
    4172431686
  ],
  "shard_prediction_precision": 0.6178351044654846,
  "shard_prediction_recall": 0.7248750329017639
}