{
  "accs_after_deletion": [
    0.4642000198364258,
    0.4806000292301178
  ],
  "accs_before_deletion": [
    0.5094000101089478,
    0.5351999998092651
  ],
  "delta": 5.0886316442113006e-05,
  "ensemble_acc_after_deletion": 0.4684000313282013,
  "ensemble_acc_before_deletion": 0.5206000208854675,
  "epsilon": "\u221e",
  "indicator": 1,
  "lengths_after_deletion": [
    2835,
    5280
  ],
  "rng": [
    4105528302,
    3520375417
  ],
  "shard_prediction_precision": 0.6550412178039551,
  "shard_prediction_recall": 0.6456250548362732
}