{
  "accs_after_deletion": [
    0.45740002393722534,
    0.46720001101493835
  ],
  "accs_before_deletion": [
    0.501800000667572,
    0.5230000019073486
  ],
  "delta": 5.0886316442113006e-05,
  "ensemble_acc_after_deletion": 0.45580002665519714,
  "ensemble_acc_before_deletion": 0.5124000310897827,
  "epsilon": "\u221e",
  "indicator": 1,
  "lengths_after_deletion": [
    3034,
    5363
  ],
  "rng": [
    411719179,
    1381375903
  ],
  "shard_prediction_precision": 0.6531632542610168,
  "shard_prediction_recall": 0.6207500100135803
}