{
  "accs_after_deletion": [
    0.45020002126693726,
    0.4792000353336334
  ],
  "accs_before_deletion": [
    0.5252000093460083,
    0.5264000296592712
  ],
  "delta": 5.0886316442113006e-05,
  "ensemble_acc_after_deletion": 0.46560001373291016,
  "ensemble_acc_before_deletion": 0.525600016117096,
  "epsilon": "\u221e",
  "indicator": 1,
  "lengths_after_deletion": [
    2669,
    5223
  ],
  "rng": [
    4141095617,
    1293164214
  ],
  "shard_prediction_precision": 0.6574987769126892,
  "shard_prediction_recall": 0.6663750410079956
}