{
  "accs_after_deletion": [
    0.43720000982284546,
    0.4796000123023987
  ],
  "accs_before_deletion": [
    0.5192000269889832,
    0.5178000330924988
  ],
  "delta": 5.0886316442113006e-05,
  "ensemble_acc_after_deletion": 0.45900002121925354,
  "ensemble_acc_before_deletion": 0.5172000527381897,
  "epsilon": "\u221e",
  "indicator": 1,
  "lengths_after_deletion": [
    2852,
    5358
  ],
  "rng": [
    4180500088,
    4055938545
  ],
  "shard_prediction_precision": 0.6608472466468811,
  "shard_prediction_recall": 0.643500030040741
}