{
  "accs_after_deletion": [
    0.43320003151893616,
    0.4612000286579132
  ],
  "accs_before_deletion": [
    0.5110000371932983,
    0.5190000534057617
  ],
  "delta": 5.0886316442113006e-05,
  "ensemble_acc_after_deletion": 0.4442000091075897,
  "ensemble_acc_before_deletion": 0.5121999979019165,
  "epsilon": "\u221e",
  "indicator": 1,
  "lengths_after_deletion": [
    2771,
    5165
  ],
  "rng": [
    4281771398,
    2449681186
  ],
  "shard_prediction_precision": 0.6484375596046448,
  "shard_prediction_recall": 0.6536250114440918
}