{
  "accs_after_deletion": [
    0.42900002002716064,
    0.4394000172615051
  ],
  "accs_before_deletion": [
    0.5175999999046326,
    0.5184000134468079
  ],
  "delta": 5.0886316442113006e-05,
  "ensemble_acc_after_deletion": 0.4198000133037567,
  "ensemble_acc_before_deletion": 0.5166000127792358,
  "epsilon": "\u221e",
  "indicator": 1,
  "lengths_after_deletion": [
    2687,
    5015
  ],
  "rng": [
    4286925352,
    4034297523
  ],
  "shard_prediction_precision": 0.6402747631072998,
  "shard_prediction_recall": 0.6641250252723694
}