{
  "accs_after_deletion": [
    0.4634000360965729,
    0.4896000325679779
  ],
  "accs_before_deletion": [
    0.503600001335144,
    0.531000018119812
  ],
  "delta": 5.0886316442113006e-05,
  "ensemble_acc_after_deletion": 0.47760000824928284,
  "ensemble_acc_before_deletion": 0.5112000107765198,
  "epsilon": "\u221e",
  "indicator": 1,
  "lengths_after_deletion": [
    3380,
    5815
  ],
  "rng": [
    467458752,
    3193439355
  ],
  "shard_prediction_precision": 0.6789125800132751,
  "shard_prediction_recall": 0.57750004529953
}