{
  "accs_after_deletion": [
    0.46240001916885376,
    0.45680001378059387
  ],
  "accs_before_deletion": [
    0.5270000100135803,
    0.5194000005722046
  ],
  "delta": 5.0886316442113006e-05,
  "ensemble_acc_after_deletion": 0.4546000361442566,
  "ensemble_acc_before_deletion": 0.5202000141143799,
  "epsilon": "\u221e",
  "indicator": 0,
  "lengths_after_deletion": [
    3066,
    5405
  ],
  "rng": [
    615296103,
    3988100523
  ],
  "shard_prediction_precision": 0.6553327441215515,
  "shard_prediction_recall": 0.6167500019073486
}