{
  "accs_after_deletion": [
    0.4536000192165375,
    0.4756000339984894
  ],
  "accs_before_deletion": [
    0.5038000345230103,
    0.5192000269889832
  ],
  "delta": 5.0886316442113006e-05,
  "ensemble_acc_after_deletion": 0.46800002455711365,
  "ensemble_acc_before_deletion": 0.5175999999046326,
  "epsilon": "\u221e",
  "indicator": 1,
  "lengths_after_deletion": [
    3078,
    5329
  ],
  "rng": [
    643340955,
    833897330
  ],
  "shard_prediction_precision": 0.6482285857200623,
  "shard_prediction_recall": 0.6152500510215759
}