{
  "accs_after_deletion": [
    0.43800002336502075,
    0.4832000136375427
  ],
  "accs_before_deletion": [
    0.5078000426292419,
    0.5154000520706177
  ],
  "delta": 5.0886316442113006e-05,
  "ensemble_acc_after_deletion": 0.4588000178337097,
  "ensemble_acc_before_deletion": 0.5152000188827515,
  "epsilon": "\u221e",
  "indicator": 1,
  "lengths_after_deletion": [
    2748,
    5167
  ],
  "rng": [
    729249161,
    935658130
  ],
  "shard_prediction_precision": 0.6495980024337769,
  "shard_prediction_recall": 0.6565000414848328
}