{
  "accs_after_deletion": [
    0.4236000180244446,
    0.4740000367164612
  ],
  "accs_before_deletion": [
    0.5216000080108643,
    0.501800000667572
  ],
  "delta": 5.0886316442113006e-05,
  "ensemble_acc_after_deletion": 0.4474000334739685,
  "ensemble_acc_before_deletion": 0.5085999965667725,
  "epsilon": "\u221e",
  "indicator": 1,
  "lengths_after_deletion": [
    2625,
    5018
  ],
  "rng": [
    751956948,
    920363956
  ],
  "shard_prediction_precision": 0.6431733965873718,
  "shard_prediction_recall": 0.6718750596046448
}