{
  "accs_after_deletion": [
    0.42020002007484436,
    0.44780001044273376
  ],
  "accs_before_deletion": [
    0.5344000458717346,
    0.5194000005722046
  ],
  "delta": 5.0886316442113006e-05,
  "ensemble_acc_after_deletion": 0.4288000166416168,
  "ensemble_acc_before_deletion": 0.5332000255584717,
  "epsilon": "\u221e",
  "indicator": 1,
  "lengths_after_deletion": [
    2359,
    5028
  ],
  "rng": [
    753758822,
    1118253441
  ],
  "shard_prediction_precision": 0.6549401879310608,
  "shard_prediction_recall": 0.7051250338554382
}