{
  "accs_after_deletion": [
    0.40780001878738403,
    0.4246000349521637
  ],
  "accs_before_deletion": [
    0.513200044631958,
    0.5124000310897827
  ],
  "delta": 5.0886316442113006e-05,
  "ensemble_acc_after_deletion": 0.4146000146865845,
  "ensemble_acc_before_deletion": 0.5128000378608704,
  "epsilon": "\u221e",
  "indicator": 1,
  "lengths_after_deletion": [
    2755,
    4921
  ],
  "rng": [
    79822078,
    1273402563
  ],
  "shard_prediction_precision": 0.63010573387146,
  "shard_prediction_recall": 0.65562504529953
}