{
  "accs_after_deletion": [
    0.43380001187324524,
    0.45900002121925354
  ],
  "accs_before_deletion": [
    0.506600022315979,
    0.5094000101089478
  ],
  "delta": 5.0886316442113006e-05,
  "ensemble_acc_after_deletion": 0.44280001521110535,
  "ensemble_acc_before_deletion": 0.5067999958992004,
  "epsilon": "\u221e",
  "indicator": 1,
  "lengths_after_deletion": [
    2915,
    5419
  ],
  "rng": [
    821321757,
    1227195611
  ],
  "shard_prediction_precision": 0.6633185744285583,
  "shard_prediction_recall": 0.6356250047683716
}