{
  "accs_after_deletion": [
    0.4506000280380249,
    0.47360002994537354
  ],
  "accs_before_deletion": [
    0.49640002846717834,
    0.5278000235557556
  ],
  "delta": 5.0886316442113006e-05,
  "ensemble_acc_after_deletion": 0.46140003204345703,
  "ensemble_acc_before_deletion": 0.5202000141143799,
  "epsilon": "\u221e",
  "indicator": 1,
  "lengths_after_deletion": [
    3052,
    5566
  ],
  "rng": [
    829709837,
    3987055994
  ],
  "shard_prediction_precision": 0.6702790856361389,
  "shard_prediction_recall": 0.6185000538825989
}