{
  "accs_after_deletion": [
    0.4546000361442566,
    0.4962000250816345
  ],
  "accs_before_deletion": [
    0.5098000168800354,
    0.5354000329971313
  ],
  "delta": 5.0886316442113006e-05,
  "ensemble_acc_after_deletion": 0.4750000238418579,
  "ensemble_acc_before_deletion": 0.5234000086784363,
  "epsilon": "\u221e",
  "indicator": 1,
  "lengths_after_deletion": [
    3283,
    5812
  ],
  "rng": [
    881418652,
    2463072283
  ],
  "shard_prediction_precision": 0.6831281781196594,
  "shard_prediction_recall": 0.5896250009536743
}