{
  "accs_after_deletion": [
    0.4482000172138214,
    0.48340001702308655
  ],
  "accs_before_deletion": [
    0.516800045967102,
    0.5284000039100647
  ],
  "delta": 5.0886316442113006e-05,
  "ensemble_acc_after_deletion": 0.46380001306533813,
  "ensemble_acc_before_deletion": 0.5200000405311584,
  "epsilon": "\u221e",
  "indicator": 1,
  "lengths_after_deletion": [
    2943,
    5383
  ],
  "rng": [
    935295604,
    2349648822
  ],
  "shard_prediction_precision": 0.6589784026145935,
  "shard_prediction_recall": 0.6321250200271606
}