{
  "accs_after_deletion": [
    0.8242000341415405,
    0.8246000409126282,
    0.8272000551223755,
    0.8332000374794006,
    0.8300000429153442,
    0.8344000577926636
  ],
  "accs_before_deletion": [
    0.8634000420570374,
    0.8640000224113464,
    0.8650000691413879,
    0.8626000285148621,
    0.859000027179718,
    0.8594000339508057
  ],
  "delta": 6.982864657330156e-05,
  "ensemble_acc_after_deletion": 0.8446000218391418,
  "ensemble_acc_before_deletion": 0.8742000460624695,
  "epsilon": "\u221e",
  "indicator": 1,
  "lengths_after_deletion": [
    2264,
    2174,
    2235,
    2860,
    2749,
    2954
  ],
  "rng": [
    0,
    1731782887
  ],
  "shard_prediction_precision": 0.2469177395105362,
  "shard_prediction_recall": 0.2848333418369293
}