{
  "accs_after_deletion": [
    0.8172000646591187,
    0.8290000557899475,
    0.8342000246047974,
    0.8226000666618347,
    0.8250000476837158,
    0.8218000531196594
  ],
  "accs_before_deletion": [
    0.8642000555992126,
    0.8606000542640686,
    0.8612000346183777,
    0.8594000339508057,
    0.8584000468254089,
    0.8612000346183777
  ],
  "delta": 6.982864657330156e-05,
  "ensemble_acc_after_deletion": 0.8472000360488892,
  "ensemble_acc_before_deletion": 0.8736000657081604,
  "epsilon": "\u221e",
  "indicator": 0,
  "lengths_after_deletion": [
    2576,
    2600,
    2537,
    3222,
    3179,
    3160
  ],
  "rng": [
    105936980,
    1615806869
  ],
  "shard_prediction_precision": 0.24821104109287262,
  "shard_prediction_recall": 0.25822222232818604
}