{
  "accs_after_deletion": [
    0.8340000510215759,
    0.8370000123977661,
    0.8396000266075134,
    0.8356000185012817,
    0.8400000333786011,
    0.8336000442504883
  ],
  "accs_before_deletion": [
    0.8558000326156616,
    0.8542000651359558,
    0.8634000420570374,
    0.8546000123023987,
    0.8610000610351562,
    0.8580000400543213
  ],
  "delta": 6.982864657330156e-05,
  "ensemble_acc_after_deletion": 0.8538000583648682,
  "ensemble_acc_before_deletion": 0.8716000318527222,
  "epsilon": "\u221e",
  "indicator": 0,
  "lengths_after_deletion": [
    3036,
    3142,
    3070,
    3625,
    3737,
    3679
  ],
  "rng": [
    1074402157,
    2609156027
  ],
  "shard_prediction_precision": 0.2538985311985016,
  "shard_prediction_recall": 0.2216111123561859
}