{
  "accs_after_deletion": [
    0.8282000422477722,
    0.832800030708313,
    0.8306000232696533,
    0.8336000442504883,
    0.8320000171661377,
    0.8348000645637512
  ],
  "accs_before_deletion": [
    0.8636000156402588,
    0.8598000407218933,
    0.8630000352859497,
    0.8606000542640686,
    0.859000027179718,
    0.8654000163078308
  ],
  "delta": 6.982864657330156e-05,
  "ensemble_acc_after_deletion": 0.8494000434875488,
  "ensemble_acc_before_deletion": 0.8746000528335571,
  "epsilon": "\u221e",
  "indicator": 1,
  "lengths_after_deletion": [
    2544,
    2506,
    2519,
    3148,
    3071,
    3264
  ],
  "rng": [
    1078027992,
    1442096571
  ],
  "shard_prediction_precision": 0.24857503175735474,
  "shard_prediction_recall": 0.2616666555404663
}