{
  "accs_after_deletion": [
    0.8278000354766846,
    0.816800057888031,
    0.8202000260353088,
    0.8330000638961792,
    0.8384000658988953,
    0.8220000267028809
  ],
  "accs_before_deletion": [
    0.8652000427246094,
    0.8644000291824341,
    0.8622000217437744,
    0.8532000184059143,
    0.8592000603675842,
    0.8598000407218933
  ],
  "delta": 6.982864657330156e-05,
  "ensemble_acc_after_deletion": 0.8448000550270081,
  "ensemble_acc_before_deletion": 0.8744000196456909,
  "epsilon": "\u221e",
  "indicator": 1,
  "lengths_after_deletion": [
    2503,
    2509,
    2459,
    3129,
    3110,
    3224
  ],
  "rng": [
    1117450879,
    153358343
  ],
  "shard_prediction_precision": 0.24897724390029907,
  "shard_prediction_recall": 0.2637222111225128
}