{
  "accs_after_deletion": [
    0.8302000164985657,
    0.8422000408172607,
    0.8234000205993652,
    0.836400032043457,
    0.8462000489234924,
    0.8288000226020813
  ],
  "accs_before_deletion": [
    0.8588000535964966,
    0.8606000542640686,
    0.8652000427246094,
    0.8626000285148621,
    0.8598000407218933,
    0.8648000359535217
  ],
  "delta": 6.982864657330156e-05,
  "ensemble_acc_after_deletion": 0.8522000312805176,
  "ensemble_acc_before_deletion": 0.8772000670433044,
  "epsilon": "\u221e",
  "indicator": 1,
  "lengths_after_deletion": [
    3336,
    3250,
    3136,
    3801,
    3818,
    3882
  ],
  "rng": [
    1153516797,
    3592125463
  ],
  "shard_prediction_precision": 0.2694728374481201,
  "shard_prediction_recall": 0.22122222185134888
}