{
  "accs_after_deletion": [
    0.8404000401496887,
    0.8278000354766846,
    0.8442000150680542,
    0.8334000110626221,
    0.839400053024292,
    0.8402000665664673
  ],
  "accs_before_deletion": [
    0.8562000393867493,
    0.8646000623703003,
    0.8614000678062439,
    0.8670000433921814,
    0.8622000217437744,
    0.8606000542640686
  ],
  "delta": 6.982864657330156e-05,
  "ensemble_acc_after_deletion": 0.8560000658035278,
  "ensemble_acc_before_deletion": 0.8756000399589539,
  "epsilon": "\u221e",
  "indicator": 1,
  "lengths_after_deletion": [
    2534,
    2596,
    2572,
    3196,
    3173,
    3242
  ],
  "rng": [
    1179375518,
    1011825358
  ],
  "shard_prediction_precision": 0.24605339765548706,
  "shard_prediction_recall": 0.2554444372653961
}