{
  "accs_after_deletion": [
    0.8356000185012817,
    0.8342000246047974,
    0.8352000117301941,
    0.8380000591278076,
    0.8444000482559204,
    0.8366000652313232
  ],
  "accs_before_deletion": [
    0.8598000407218933,
    0.8522000312805176,
    0.8610000610351562,
    0.8606000542640686,
    0.8598000407218933,
    0.8614000678062439
  ],
  "delta": 6.982864657330156e-05,
  "ensemble_acc_after_deletion": 0.8562000393867493,
  "ensemble_acc_before_deletion": 0.8706000447273254,
  "epsilon": "\u221e",
  "indicator": 1,
  "lengths_after_deletion": [
    2704,
    2697,
    2688,
    3348,
    3283,
    3356
  ],
  "rng": [
    1318969226,
    2614904520
  ],
  "shard_prediction_precision": 0.2474336177110672,
  "shard_prediction_recall": 0.24638889729976654
}