{
  "accs_after_deletion": [
    0.8170000314712524,
    0.8162000179290771,
    0.815000057220459,
    0.8196000456809998,
    0.8218000531196594,
    0.8216000199317932
  ],
  "accs_before_deletion": [
    0.8628000617027283,
    0.8582000136375427,
    0.8596000671386719,
    0.8586000204086304,
    0.8526000380516052,
    0.8630000352859497
  ],
  "delta": 6.982864657330156e-05,
  "ensemble_acc_after_deletion": 0.8384000658988953,
  "ensemble_acc_before_deletion": 0.8748000264167786,
  "epsilon": "\u221e",
  "indicator": 1,
  "lengths_after_deletion": [
    2293,
    2272,
    2228,
    2955,
    2813,
    2870
  ],
  "rng": [
    1353986343,
    2267410522
  ],
  "shard_prediction_precision": 0.24595265090465546,
  "shard_prediction_recall": 0.2810555696487427
}