{
  "accs_after_deletion": [
    0.8338000178337097,
    0.8314000368118286,
    0.8314000368118286,
    0.8410000205039978,
    0.836400032043457,
    0.8338000178337097
  ],
  "accs_before_deletion": [
    0.8630000352859497,
    0.8616000413894653,
    0.8582000136375427,
    0.8586000204086304,
    0.8550000190734863,
    0.8588000535964966
  ],
  "delta": 6.982864657330156e-05,
  "ensemble_acc_after_deletion": 0.8498000502586365,
  "ensemble_acc_before_deletion": 0.8728000521659851,
  "epsilon": "\u221e",
  "indicator": 1,
  "lengths_after_deletion": [
    2980,
    3052,
    3020,
    3629,
    3590,
    3692
  ],
  "rng": [
    1478018847,
    2522584827
  ],
  "shard_prediction_precision": 0.25160565972328186,
  "shard_prediction_recall": 0.22416667640209198
}