{
  "accs_after_deletion": [
    0.8334000110626221,
    0.8300000429153442,
    0.832800030708313,
    0.838200032711029,
    0.8320000171661377,
    0.8330000638961792
  ],
  "accs_before_deletion": [
    0.863800048828125,
    0.8622000217437744,
    0.8678000569343567,
    0.8604000210762024,
    0.8592000603675842,
    0.8634000420570374
  ],
  "delta": 6.982864657330156e-05,
  "ensemble_acc_after_deletion": 0.855400025844574,
  "ensemble_acc_before_deletion": 0.8774000406265259,
  "epsilon": "\u221e",
  "indicator": 1,
  "lengths_after_deletion": [
    2302,
    2333,
    2260,
    2889,
    2995,
    2982
  ],
  "rng": [
    1483616848,
    3193438475
  ],
  "shard_prediction_precision": 0.2470477968454361,
  "shard_prediction_recall": 0.2777777910232544
}