{
  "accs_after_deletion": [
    0.8340000510215759,
    0.8378000259399414,
    0.836400032043457,
    0.8320000171661377,
    0.8406000137329102,
    0.8464000225067139
  ],
  "accs_before_deletion": [
    0.8580000400543213,
    0.8592000603675842,
    0.8632000684738159,
    0.8600000143051147,
    0.8556000590324402,
    0.8610000610351562
  ],
  "delta": 6.982864657330156e-05,
  "ensemble_acc_after_deletion": 0.8538000583648682,
  "ensemble_acc_before_deletion": 0.8708000183105469,
  "epsilon": "\u221e",
  "indicator": 1,
  "lengths_after_deletion": [
    3013,
    3075,
    2995,
    3692,
    3688,
    3706
  ],
  "rng": [
    1489522505,
    1050408733
  ],
  "shard_prediction_precision": 0.2605647146701813,
  "shard_prediction_recall": 0.2291666716337204
}