{
  "accs_after_deletion": [
    0.8408000469207764,
    0.8458000421524048,
    0.8322000503540039,
    0.8338000178337097,
    0.8366000652313232,
    0.839400053024292
  ],
  "accs_before_deletion": [
    0.853600025177002,
    0.8682000637054443,
    0.8616000413894653,
    0.8596000671386719,
    0.8584000468254089,
    0.8558000326156616
  ],
  "delta": 6.982864657330156e-05,
  "ensemble_acc_after_deletion": 0.8552000522613525,
  "ensemble_acc_before_deletion": 0.8728000521659851,
  "epsilon": "\u221e",
  "indicator": 0,
  "lengths_after_deletion": [
    2832,
    2720,
    2824,
    3489,
    3400,
    3468
  ],
  "rng": [
    1495584024,
    3915572314
  ],
  "shard_prediction_precision": 0.2556321322917938,
  "shard_prediction_recall": 0.24522222578525543
}