{
  "accs_after_deletion": [
    0.8198000192642212,
    0.834600031375885,
    0.8282000422477722,
    0.8258000612258911,
    0.8314000368118286,
    0.8404000401496887
  ],
  "accs_before_deletion": [
    0.8576000332832336,
    0.8648000359535217,
    0.8612000346183777,
    0.8552000522613525,
    0.8594000339508057,
    0.8652000427246094
  ],
  "delta": 6.982864657330156e-05,
  "ensemble_acc_after_deletion": 0.8524000644683838,
  "ensemble_acc_before_deletion": 0.8752000331878662,
  "epsilon": "\u221e",
  "indicator": 1,
  "lengths_after_deletion": [
    2376,
    2361,
    2398,
    2892,
    3050,
    3048
  ],
  "rng": [
    1542093506,
    2309669217
  ],
  "shard_prediction_precision": 0.24840252101421356,
  "shard_prediction_recall": 0.27427777647972107
}