{
  "accs_after_deletion": [
    0.8296000361442566,
    0.8278000354766846,
    0.8224000334739685,
    0.8372000455856323,
    0.8392000198364258,
    0.8266000151634216
  ],
  "accs_before_deletion": [
    0.862000048160553,
    0.8654000163078308,
    0.8604000210762024,
    0.8604000210762024,
    0.857200026512146,
    0.855400025844574
  ],
  "delta": 6.982864657330156e-05,
  "ensemble_acc_after_deletion": 0.8468000292778015,
  "ensemble_acc_before_deletion": 0.8728000521659851,
  "epsilon": "\u221e",
  "indicator": 1,
  "lengths_after_deletion": [
    2473,
    2604,
    2507,
    3171,
    3159,
    3174
  ],
  "rng": [
    1599974973,
    818955280
  ],
  "shard_prediction_precision": 0.24703891575336456,
  "shard_prediction_recall": 0.25955554842948914
}