{
  "accs_after_deletion": [
    0.8268000483512878,
    0.8206000328063965,
    0.8192000389099121,
    0.8270000219345093,
    0.8322000503540039,
    0.8286000490188599
  ],
  "accs_before_deletion": [
    0.8558000326156616,
    0.8604000210762024,
    0.8636000156402588,
    0.8582000136375427,
    0.86080002784729,
    0.8604000210762024
  ],
  "delta": 6.982864657330156e-05,
  "ensemble_acc_after_deletion": 0.8456000685691833,
  "ensemble_acc_before_deletion": 0.8712000250816345,
  "epsilon": "\u221e",
  "indicator": 1,
  "lengths_after_deletion": [
    2080,
    2059,
    2053,
    2621,
    2615,
    2728
  ],
  "rng": [
    1629227856,
    499678727
  ],
  "shard_prediction_precision": 0.2346182018518448,
  "shard_prediction_recall": 0.284722238779068
}