{
  "accs_after_deletion": [
    0.8214000463485718,
    0.8282000422477722,
    0.8300000429153442,
    0.8396000266075134,
    0.8338000178337097,
    0.8270000219345093
  ],
  "accs_before_deletion": [
    0.8624000549316406,
    0.8618000149726868,
    0.862000048160553,
    0.8616000413894653,
    0.8576000332832336,
    0.8586000204086304
  ],
  "delta": 6.982864657330156e-05,
  "ensemble_acc_after_deletion": 0.8478000164031982,
  "ensemble_acc_before_deletion": 0.8748000264167786,
  "epsilon": "\u221e",
  "indicator": 1,
  "lengths_after_deletion": [
    2152,
    2106,
    2113,
    2768,
    2616,
    2714
  ],
  "rng": [
    1650845474,
    2268774091
  ],
  "shard_prediction_precision": 0.23440620303153992,
  "shard_prediction_recall": 0.28038889169692993
}