{
  "accs_after_deletion": [
    0.8294000625610352,
    0.8306000232696533,
    0.8344000577926636,
    0.8370000123977661,
    0.8308000564575195,
    0.832800030708313
  ],
  "accs_before_deletion": [
    0.8566000461578369,
    0.86080002784729,
    0.8614000678062439,
    0.8584000468254089,
    0.8584000468254089,
    0.863800048828125
  ],
  "delta": 6.982864657330156e-05,
  "ensemble_acc_after_deletion": 0.8462000489234924,
  "ensemble_acc_before_deletion": 0.8706000447273254,
  "epsilon": "\u221e",
  "indicator": 1,
  "lengths_after_deletion": [
    2365,
    2404,
    2258,
    2920,
    2885,
    3014
  ],
  "rng": [
    1671174870,
    2102748190
  ],
  "shard_prediction_precision": 0.24675002694129944,
  "shard_prediction_recall": 0.2762777805328369
}