{
  "accs_after_deletion": [
    0.8330000638961792,
    0.8398000597953796,
    0.8304000496864319,
    0.8350000381469727,
    0.838200032711029,
    0.8398000597953796
  ],
  "accs_before_deletion": [
    0.8646000623703003,
    0.863800048828125,
    0.8652000427246094,
    0.8596000671386719,
    0.8630000352859497,
    0.8626000285148621
  ],
  "delta": 6.982864657330156e-05,
  "ensemble_acc_after_deletion": 0.8528000116348267,
  "ensemble_acc_before_deletion": 0.8782000541687012,
  "epsilon": "\u221e",
  "indicator": 1,
  "lengths_after_deletion": [
    2952,
    2906,
    2925,
    3537,
    3548,
    3612
  ],
  "rng": [
    1674686871,
    4092445620
  ],
  "shard_prediction_precision": 0.26174333691596985,
  "shard_prediction_recall": 0.24022223055362701
}