{
  "accs_after_deletion": [
    0.8332000374794006,
    0.8224000334739685,
    0.8184000253677368,
    0.8286000490188599,
    0.834600031375885,
    0.8314000368118286
  ],
  "accs_before_deletion": [
    0.8624000549316406,
    0.8642000555992126,
    0.8578000664710999,
    0.8612000346183777,
    0.8534000515937805,
    0.8630000352859497
  ],
  "delta": 6.982864657330156e-05,
  "ensemble_acc_after_deletion": 0.8484000563621521,
  "ensemble_acc_before_deletion": 0.8740000128746033,
  "epsilon": "\u221e",
  "indicator": 1,
  "lengths_after_deletion": [
    2445,
    2318,
    2311,
    3006,
    2884,
    3021
  ],
  "rng": [
    1805047967,
    3718692628
  ],
  "shard_prediction_precision": 0.24576567113399506,
  "shard_prediction_recall": 0.27327778935432434
}