{
  "accs_after_deletion": [
    0.8304000496864319,
    0.8294000625610352,
    0.8368000388145447,
    0.8344000577926636,
    0.843000054359436,
    0.8440000414848328
  ],
  "accs_before_deletion": [
    0.8594000339508057,
    0.8650000691413879,
    0.8576000332832336,
    0.8634000420570374,
    0.8624000549316406,
    0.8644000291824341
  ],
  "delta": 6.982864657330156e-05,
  "ensemble_acc_after_deletion": 0.8564000129699707,
  "ensemble_acc_before_deletion": 0.8752000331878662,
  "epsilon": "\u221e",
  "indicator": 1,
  "lengths_after_deletion": [
    2353,
    2268,
    2273,
    2833,
    2945,
    3045
  ],
  "rng": [
    1807623281,
    977039787
  ],
  "shard_prediction_precision": 0.245427206158638,
  "shard_prediction_recall": 0.2765555679798126
}