{
  "accs_after_deletion": [
    0.8288000226020813,
    0.8268000483512878,
    0.8264000415802002,
    0.8304000496864319,
    0.8254000544548035,
    0.831000030040741
  ],
  "accs_before_deletion": [
    0.860200047492981,
    0.8576000332832336,
    0.8622000217437744,
    0.8642000555992126,
    0.853600025177002,
    0.862000048160553
  ],
  "delta": 6.982864657330156e-05,
  "ensemble_acc_after_deletion": 0.8490000367164612,
  "ensemble_acc_before_deletion": 0.8754000663757324,
  "epsilon": "\u221e",
  "indicator": 1,
  "lengths_after_deletion": [
    2443,
    2449,
    2420,
    3011,
    3036,
    3053
  ],
  "rng": [
    18115750,
    656413635
  ],
  "shard_prediction_precision": 0.24724321067333221,
  "shard_prediction_recall": 0.2690555453300476
}