{
  "accs_after_deletion": [
    0.8118000626564026,
    0.8270000219345093,
    0.8252000212669373,
    0.83160001039505,
    0.8236000537872314,
    0.8286000490188599
  ],
  "accs_before_deletion": [
    0.8654000163078308,
    0.8630000352859497,
    0.8552000522613525,
    0.8596000671386719,
    0.8564000129699707,
    0.857200026512146
  ],
  "delta": 6.982864657330156e-05,
  "ensemble_acc_after_deletion": 0.8452000617980957,
  "ensemble_acc_before_deletion": 0.8740000128746033,
  "epsilon": "\u221e",
  "indicator": 1,
  "lengths_after_deletion": [
    2748,
    2815,
    2858,
    3426,
    3402,
    3504
  ],
  "rng": [
    1838928318,
    745296369
  ],
  "shard_prediction_precision": 0.2504783570766449,
  "shard_prediction_recall": 0.24000000953674316
}