{
  "accs_after_deletion": [
    0.8266000151634216,
    0.8144000172615051,
    0.8082000613212585,
    0.8276000618934631,
    0.8234000205993652,
    0.8214000463485718
  ],
  "accs_before_deletion": [
    0.8624000549316406,
    0.8594000339508057,
    0.8612000346183777,
    0.86080002784729,
    0.855400025844574,
    0.8626000285148621
  ],
  "delta": 6.982864657330156e-05,
  "ensemble_acc_after_deletion": 0.8420000672340393,
  "ensemble_acc_before_deletion": 0.8748000264167786,
  "epsilon": "\u221e",
  "indicator": 1,
  "lengths_after_deletion": [
    2312,
    2400,
    2291,
    2923,
    2892,
    2928
  ],
  "rng": [
    1872714733,
    2520197097
  ],
  "shard_prediction_precision": 0.24844475090503693,
  "shard_prediction_recall": 0.2795555591583252
}