{
  "accs_after_deletion": [
    0.829200029373169,
    0.8296000361442566,
    0.8302000164985657,
    0.8390000462532043,
    0.8356000185012817,
    0.8378000259399414
  ],
  "accs_before_deletion": [
    0.863800048828125,
    0.8612000346183777,
    0.8592000603675842,
    0.867400050163269,
    0.8592000603675842,
    0.8622000217437744
  ],
  "delta": 6.982864657330156e-05,
  "ensemble_acc_after_deletion": 0.8466000556945801,
  "ensemble_acc_before_deletion": 0.8778000473976135,
  "epsilon": "\u221e",
  "indicator": 1,
  "lengths_after_deletion": [
    2615,
    2637,
    2646,
    3244,
    3226,
    3339
  ],
  "rng": [
    1883921432,
    99096184
  ],
  "shard_prediction_precision": 0.24725304543972015,
  "shard_prediction_recall": 0.25127777457237244
}