{
  "accs_after_deletion": [
    0.8268000483512878,
    0.8372000455856323,
    0.8296000361442566,
    0.8392000198364258,
    0.843000054359436,
    0.8338000178337097
  ],
  "accs_before_deletion": [
    0.859000027179718,
    0.8648000359535217,
    0.8634000420570374,
    0.8612000346183777,
    0.8598000407218933,
    0.8676000237464905
  ],
  "delta": 6.982864657330156e-05,
  "ensemble_acc_after_deletion": 0.8530000448226929,
  "ensemble_acc_before_deletion": 0.8742000460624695,
  "epsilon": "\u221e",
  "indicator": 1,
  "lengths_after_deletion": [
    2923,
    2887,
    2910,
    3530,
    3514,
    3588
  ],
  "rng": [
    1930525845,
    1073826953
  ],
  "shard_prediction_precision": 0.2630346119403839,
  "shard_prediction_recall": 0.24327777326107025
}