{
  "accs_after_deletion": [
    0.8182000517845154,
    0.8248000144958496,
    0.8330000638961792,
    0.831000030040741,
    0.8190000653266907,
    0.8296000361442566
  ],
  "accs_before_deletion": [
    0.8600000143051147,
    0.8648000359535217,
    0.8606000542640686,
    0.8636000156402588,
    0.8586000204086304,
    0.8622000217437744
  ],
  "delta": 6.982864657330156e-05,
  "ensemble_acc_after_deletion": 0.8450000286102295,
  "ensemble_acc_before_deletion": 0.8764000535011292,
  "epsilon": "\u221e",
  "indicator": 1,
  "lengths_after_deletion": [
    2115,
    1965,
    2018,
    2678,
    2695,
    2655
  ],
  "rng": [
    1971675767,
    1887533862
  ],
  "shard_prediction_precision": 0.2449026107788086,
  "shard_prediction_recall": 0.2976111173629761
}