{
  "accs_after_deletion": [
    0.8232000470161438,
    0.8244000673294067,
    0.8254000544548035,
    0.8206000328063965,
    0.8330000638961792,
    0.8336000442504883
  ],
  "accs_before_deletion": [
    0.8606000542640686,
    0.8624000549316406,
    0.8584000468254089,
    0.860200047492981,
    0.86080002784729,
    0.8610000610351562
  ],
  "delta": 6.982864657330156e-05,
  "ensemble_acc_after_deletion": 0.8448000550270081,
  "ensemble_acc_before_deletion": 0.8738000392913818,
  "epsilon": "\u221e",
  "indicator": 1,
  "lengths_after_deletion": [
    2235,
    2149,
    2192,
    2758,
    2851,
    2918
  ],
  "rng": [
    1984971353,
    445510915
  ],
  "shard_prediction_precision": 0.24410201609134674,
  "shard_prediction_recall": 0.2833888828754425
}