{
  "accs_after_deletion": [
    0.8386000394821167,
    0.8378000259399414,
    0.8370000123977661,
    0.8418000340461731,
    0.8366000652313232,
    0.8354000449180603
  ],
  "accs_before_deletion": [
    0.8556000590324402,
    0.8630000352859497,
    0.8642000555992126,
    0.860200047492981,
    0.8612000346183777,
    0.8618000149726868
  ],
  "delta": 6.982864657330156e-05,
  "ensemble_acc_after_deletion": 0.8542000651359558,
  "ensemble_acc_before_deletion": 0.8784000277519226,
  "epsilon": "\u221e",
  "indicator": 1,
  "lengths_after_deletion": [
    3179,
    3146,
    3105,
    3740,
    3731,
    3815
  ],
  "rng": [
    2066468116,
    3339081611
  ],
  "shard_prediction_precision": 0.2625621557235718,
  "shard_prediction_recall": 0.2229444533586502
}