{
  "accs_after_deletion": [
    0.8278000354766846,
    0.831000030040741,
    0.8278000354766846,
    0.8318000435829163,
    0.8362000584602356,
    0.8336000442504883
  ],
  "accs_before_deletion": [
    0.8570000529289246,
    0.8494000434875488,
    0.8598000407218933,
    0.8566000461578369,
    0.8622000217437744,
    0.8630000352859497
  ],
  "delta": 6.982864657330156e-05,
  "ensemble_acc_after_deletion": 0.8540000319480896,
  "ensemble_acc_before_deletion": 0.8700000643730164,
  "epsilon": "\u221e",
  "indicator": 1,
  "lengths_after_deletion": [
    2462,
    2405,
    2440,
    3100,
    3148,
    3143
  ],
  "rng": [
    207018061,
    215545876
  ],
  "shard_prediction_precision": 0.2522536516189575,
  "shard_prediction_recall": 0.2705000042915344
}