{
  "accs_after_deletion": [
    0.8194000124931335,
    0.8268000483512878,
    0.8284000158309937,
    0.8308000564575195,
    0.8290000557899475,
    0.8264000415802002
  ],
  "accs_before_deletion": [
    0.865600049495697,
    0.8604000210762024,
    0.8626000285148621,
    0.86080002784729,
    0.8550000190734863,
    0.855400025844574
  ],
  "delta": 6.982864657330156e-05,
  "ensemble_acc_after_deletion": 0.8452000617980957,
  "ensemble_acc_before_deletion": 0.8726000189781189,
  "epsilon": "\u221e",
  "indicator": 1,
  "lengths_after_deletion": [
    2216,
    2282,
    2315,
    2877,
    2802,
    2901
  ],
  "rng": [
    2130156815,
    1014596703
  ],
  "shard_prediction_precision": 0.24370358884334564,
  "shard_prediction_recall": 0.27900001406669617
}