{
  "accs_after_deletion": [
    0.829200029373169,
    0.8312000632286072,
    0.8352000117301941,
    0.8320000171661377,
    0.8408000469207764,
    0.8320000171661377
  ],
  "accs_before_deletion": [
    0.855400025844574,
    0.8576000332832336,
    0.8676000237464905,
    0.8562000393867493,
    0.8582000136375427,
    0.8600000143051147
  ],
  "delta": 6.982864657330156e-05,
  "ensemble_acc_after_deletion": 0.8522000312805176,
  "ensemble_acc_before_deletion": 0.8750000596046448,
  "epsilon": "\u221e",
  "indicator": 1,
  "lengths_after_deletion": [
    2433,
    2442,
    2343,
    3031,
    3080,
    3057
  ],
  "rng": [
    2146751237,
    3762175859
  ],
  "shard_prediction_precision": 0.2502804100513458,
  "shard_prediction_recall": 0.2727222144603729
}