{
  "accs_after_deletion": [
    0.8236000537872314,
    0.8306000232696533,
    0.8266000151634216,
    0.835800051689148,
    0.8338000178337097,
    0.8250000476837158
  ],
  "accs_before_deletion": [
    0.8622000217437744,
    0.8578000664710999,
    0.8648000359535217,
    0.8646000623703003,
    0.8614000678062439,
    0.8624000549316406
  ],
  "delta": 6.982864657330156e-05,
  "ensemble_acc_after_deletion": 0.8460000157356262,
  "ensemble_acc_before_deletion": 0.8750000596046448,
  "epsilon": "\u221e",
  "indicator": 1,
  "lengths_after_deletion": [
    2479,
    2413,
    2433,
    3087,
    3045,
    3104
  ],
  "rng": [
    216055446,
    965010477
  ],
  "shard_prediction_precision": 0.25304800271987915,
  "shard_prediction_recall": 0.27327778935432434
}