{
  "accs_after_deletion": [
    0.8318000435829163,
    0.8324000239372253,
    0.8330000638961792,
    0.83160001039505,
    0.8432000279426575,
    0.8368000388145447
  ],
  "accs_before_deletion": [
    0.8630000352859497,
    0.8546000123023987,
    0.8568000197410583,
    0.859000027179718,
    0.8648000359535217,
    0.8562000393867493
  ],
  "delta": 6.982864657330156e-05,
  "ensemble_acc_after_deletion": 0.8504000306129456,
  "ensemble_acc_before_deletion": 0.8724000453948975,
  "epsilon": "\u221e",
  "indicator": 1,
  "lengths_after_deletion": [
    2948,
    2934,
    2921,
    3501,
    3623,
    3564
  ],
  "rng": [
    2183787717,
    1483028495
  ],
  "shard_prediction_precision": 0.2582833766937256,
  "shard_prediction_recall": 0.23688888549804688
}