{
  "accs_after_deletion": [
    0.8342000246047974,
    0.8336000442504883,
    0.818600058555603,
    0.8270000219345093,
    0.838200032711029,
    0.8340000510215759
  ],
  "accs_before_deletion": [
    0.8618000149726868,
    0.8568000197410583,
    0.865600049495697,
    0.8574000597000122,
    0.8584000468254089,
    0.8604000210762024
  ],
  "delta": 6.982864657330156e-05,
  "ensemble_acc_after_deletion": 0.8486000299453735,
  "ensemble_acc_before_deletion": 0.8728000521659851,
  "epsilon": "\u221e",
  "indicator": 1,
  "lengths_after_deletion": [
    2445,
    2362,
    2290,
    2992,
    2887,
    2990
  ],
  "rng": [
    2217806404,
    2004704982
  ],
  "shard_prediction_precision": 0.24064090847969055,
  "shard_prediction_recall": 0.26783332228660583
}