{
  "accs_after_deletion": [
    0.8342000246047974,
    0.8366000652313232,
    0.83160001039505,
    0.8294000625610352,
    0.8334000110626221,
    0.83160001039505
  ],
  "accs_before_deletion": [
    0.8606000542640686,
    0.8628000617027283,
    0.8618000149726868,
    0.8550000190734863,
    0.8570000529289246,
    0.8612000346183777
  ],
  "delta": 6.982864657330156e-05,
  "ensemble_acc_after_deletion": 0.8544000387191772,
  "ensemble_acc_before_deletion": 0.8712000250816345,
  "epsilon": "\u221e",
  "indicator": 0,
  "lengths_after_deletion": [
    2486,
    2469,
    2422,
    2881,
    2999,
    3146
  ],
  "rng": [
    223437583,
    2249697147
  ],
  "shard_prediction_precision": 0.24090422689914703,
  "shard_prediction_recall": 0.2622777819633484
}