{
  "accs_after_deletion": [
    0.8334000110626221,
    0.836400032043457,
    0.8272000551223755,
    0.8444000482559204,
    0.8354000449180603,
    0.8352000117301941
  ],
  "accs_before_deletion": [
    0.8548000454902649,
    0.8582000136375427,
    0.8640000224113464,
    0.862000048160553,
    0.8534000515937805,
    0.8646000623703003
  ],
  "delta": 6.982864657330156e-05,
  "ensemble_acc_after_deletion": 0.8558000326156616,
  "ensemble_acc_before_deletion": 0.8744000196456909,
  "epsilon": "\u221e",
  "indicator": 1,
  "lengths_after_deletion": [
    2650,
    2650,
    2608,
    3341,
    3227,
    3232
  ],
  "rng": [
    2292114455,
    2850412049
  ],
  "shard_prediction_precision": 0.24524381756782532,
  "shard_prediction_recall": 0.24922221899032593
}