{
  "accs_after_deletion": [
    0.818600058555603,
    0.8216000199317932,
    0.810200035572052,
    0.8144000172615051,
    0.8264000415802002,
    0.8224000334739685
  ],
  "accs_before_deletion": [
    0.8630000352859497,
    0.8652000427246094,
    0.8586000204086304,
    0.8568000197410583,
    0.8542000651359558,
    0.8612000346183777
  ],
  "delta": 6.982864657330156e-05,
  "ensemble_acc_after_deletion": 0.8384000658988953,
  "ensemble_acc_before_deletion": 0.8720000386238098,
  "epsilon": "\u221e",
  "indicator": 1,
  "lengths_after_deletion": [
    1995,
    2049,
    2009,
    2635,
    2542,
    2725
  ],
  "rng": [
    2295861856,
    1499847537
  ],
  "shard_prediction_precision": 0.2375141829252243,
  "shard_prediction_recall": 0.2908889055252075
}