{
  "accs_after_deletion": [
    0.8212000131607056,
    0.8210000395774841,
    0.820400059223175,
    0.8208000659942627,
    0.8338000178337097,
    0.8352000117301941
  ],
  "accs_before_deletion": [
    0.862000048160553,
    0.8646000623703003,
    0.8622000217437744,
    0.8540000319480896,
    0.8546000123023987,
    0.8592000603675842
  ],
  "delta": 6.982864657330156e-05,
  "ensemble_acc_after_deletion": 0.8444000482559204,
  "ensemble_acc_before_deletion": 0.8738000392913818,
  "epsilon": "\u221e",
  "indicator": 1,
  "lengths_after_deletion": [
    2123,
    2064,
    2112,
    2687,
    2694,
    2757
  ],
  "rng": [
    2295779231,
    3136626403
  ],
  "shard_prediction_precision": 0.24008718132972717,
  "shard_prediction_recall": 0.28761112689971924
}