{
  "accs_after_deletion": [
    0.8304000496864319,
    0.8270000219345093,
    0.8368000388145447,
    0.8344000577926636,
    0.8300000429153442,
    0.8340000510215759
  ],
  "accs_before_deletion": [
    0.86080002784729,
    0.857200026512146,
    0.8662000298500061,
    0.857200026512146,
    0.8640000224113464,
    0.8584000468254089
  ],
  "delta": 6.982864657330156e-05,
  "ensemble_acc_after_deletion": 0.8494000434875488,
  "ensemble_acc_before_deletion": 0.8740000128746033,
  "epsilon": "\u221e",
  "indicator": 1,
  "lengths_after_deletion": [
    2502,
    2515,
    2427,
    3071,
    3074,
    3068
  ],
  "rng": [
    2295992151,
    1590252265
  ],
  "shard_prediction_precision": 0.24825519323349,
  "shard_prediction_recall": 0.26677778363227844
}