{
  "accs_after_deletion": [
    0.8320000171661377,
    0.8348000645637512,
    0.835800051689148,
    0.8414000272750854,
    0.8332000374794006,
    0.836400032043457
  ],
  "accs_before_deletion": [
    0.8626000285148621,
    0.8642000555992126,
    0.8614000678062439,
    0.8624000549316406,
    0.8570000529289246,
    0.8606000542640686
  ],
  "delta": 6.982864657330156e-05,
  "ensemble_acc_after_deletion": 0.8530000448226929,
  "ensemble_acc_before_deletion": 0.8736000657081604,
  "epsilon": "\u221e",
  "indicator": 1,
  "lengths_after_deletion": [
    2671,
    2620,
    2566,
    3137,
    3200,
    3305
  ],
  "rng": [
    2316582272,
    1345937120
  ],
  "shard_prediction_precision": 0.2479325383901596,
  "shard_prediction_recall": 0.2548333406448364
}