{
  "accs_after_deletion": [
    0.818600058555603,
    0.8210000395774841,
    0.8118000626564026,
    0.8270000219345093,
    0.8244000673294067,
    0.829800009727478
  ],
  "accs_before_deletion": [
    0.8604000210762024,
    0.8626000285148621,
    0.86080002784729,
    0.8600000143051147,
    0.8558000326156616,
    0.8624000549316406
  ],
  "delta": 6.982864657330156e-05,
  "ensemble_acc_after_deletion": 0.8448000550270081,
  "ensemble_acc_before_deletion": 0.8758000135421753,
  "epsilon": "\u221e",
  "indicator": 1,
  "lengths_after_deletion": [
    1803,
    1824,
    1813,
    2357,
    2402,
    2507
  ],
  "rng": [
    2359040299,
    3662118604
  ],
  "shard_prediction_precision": 0.24079161882400513,
  "shard_prediction_recall": 0.3116111159324646
}