{
  "accs_after_deletion": [
    0.8262000679969788,
    0.8238000273704529,
    0.8182000517845154,
    0.8278000354766846,
    0.8356000185012817,
    0.8348000645637512
  ],
  "accs_before_deletion": [
    0.8596000671386719,
    0.8598000407218933,
    0.86680006980896,
    0.8564000129699707,
    0.8552000522613525,
    0.8664000630378723
  ],
  "delta": 6.982864657330156e-05,
  "ensemble_acc_after_deletion": 0.8444000482559204,
  "ensemble_acc_before_deletion": 0.8734000325202942,
  "epsilon": "\u221e",
  "indicator": 1,
  "lengths_after_deletion": [
    2440,
    2492,
    2376,
    3089,
    2978,
    3139
  ],
  "rng": [
    2377924840,
    65095540
  ],
  "shard_prediction_precision": 0.2460227906703949,
  "shard_prediction_recall": 0.26633334159851074
}