{
  "accs_after_deletion": [
    0.8226000666618347,
    0.8240000605583191,
    0.8164000511169434,
    0.8280000686645508,
    0.820400059223175,
    0.8192000389099121
  ],
  "accs_before_deletion": [
    0.8600000143051147,
    0.8614000678062439,
    0.862000048160553,
    0.8606000542640686,
    0.8610000610351562,
    0.8650000691413879
  ],
  "delta": 6.982864657330156e-05,
  "ensemble_acc_after_deletion": 0.843000054359436,
  "ensemble_acc_before_deletion": 0.8738000392913818,
  "epsilon": "\u221e",
  "indicator": 1,
  "lengths_after_deletion": [
    1878,
    2014,
    1947,
    2570,
    2519,
    2591
  ],
  "rng": [
    2421063118,
    890508963
  ],
  "shard_prediction_precision": 0.24113695323467255,
  "shard_prediction_recall": 0.30116668343544006
}