{
  "accs_after_deletion": [
    0.8324000239372253,
    0.8342000246047974,
    0.8366000652313232,
    0.8300000429153442,
    0.831000030040741,
    0.8400000333786011
  ],
  "accs_before_deletion": [
    0.8640000224113464,
    0.8584000468254089,
    0.86080002784729,
    0.8614000678062439,
    0.8634000420570374,
    0.8612000346183777
  ],
  "delta": 6.982864657330156e-05,
  "ensemble_acc_after_deletion": 0.8524000644683838,
  "ensemble_acc_before_deletion": 0.8732000589370728,
  "epsilon": "\u221e",
  "indicator": 0,
  "lengths_after_deletion": [
    2500,
    2447,
    2549,
    3034,
    3095,
    3222
  ],
  "rng": [
    243241528,
    3157276228
  ],
  "shard_prediction_precision": 0.24210305511951447,
  "shard_prediction_recall": 0.25761112570762634
}