{
  "accs_after_deletion": [
    0.8324000239372253,
    0.8326000571250916,
    0.835800051689148,
    0.8414000272750854,
    0.8426000475883484,
    0.8370000123977661
  ],
  "accs_before_deletion": [
    0.8624000549316406,
    0.8594000339508057,
    0.8614000678062439,
    0.8624000549316406,
    0.8560000658035278,
    0.8584000468254089
  ],
  "delta": 6.982864657330156e-05,
  "ensemble_acc_after_deletion": 0.855400025844574,
  "ensemble_acc_before_deletion": 0.8706000447273254,
  "epsilon": "\u221e",
  "indicator": 1,
  "lengths_after_deletion": [
    2454,
    2557,
    2529,
    3194,
    3157,
    3188
  ],
  "rng": [
    2449026031,
    761818155
  ],
  "shard_prediction_precision": 0.24671000242233276,
  "shard_prediction_recall": 0.2593333423137665
}