{
  "accs_after_deletion": [
    0.831000030040741,
    0.8234000205993652,
    0.8258000612258911,
    0.8332000374794006,
    0.83160001039505,
    0.8370000123977661
  ],
  "accs_before_deletion": [
    0.8574000597000122,
    0.8568000197410583,
    0.8626000285148621,
    0.8574000597000122,
    0.8564000129699707,
    0.8610000610351562
  ],
  "delta": 6.982864657330156e-05,
  "ensemble_acc_after_deletion": 0.8516000509262085,
  "ensemble_acc_before_deletion": 0.8724000453948975,
  "epsilon": "\u221e",
  "indicator": 1,
  "lengths_after_deletion": [
    2496,
    2585,
    2510,
    3183,
    3046,
    3123
  ],
  "rng": [
    2476412977,
    1385407562
  ],
  "shard_prediction_precision": 0.24264049530029297,
  "shard_prediction_recall": 0.25688889622688293
}