{
  "accs_after_deletion": [
    0.8056000471115112,
    0.8020000457763672,
    0.7958000302314758,
    0.813200056552887,
    0.8106000423431396,
    0.803600013256073
  ],
  "accs_before_deletion": [
    0.8618000149726868,
    0.8610000610351562,
    0.8646000623703003,
    0.8562000393867493,
    0.8578000664710999,
    0.8588000535964966
  ],
  "delta": 6.982864657330156e-05,
  "ensemble_acc_after_deletion": 0.8280000686645508,
  "ensemble_acc_before_deletion": 0.8730000257492065,
  "epsilon": "\u221e",
  "indicator": 1,
  "lengths_after_deletion": [
    1630,
    1680,
    1624,
    2214,
    2232,
    2222
  ],
  "rng": [
    249479785,
    3123817434
  ],
  "shard_prediction_precision": 0.2359209954738617,
  "shard_prediction_recall": 0.31977778673171997
}