{
  "accs_after_deletion": [
    0.8326000571250916,
    0.8312000632286072,
    0.8304000496864319,
    0.8472000360488892,
    0.8402000665664673,
    0.838200032711029
  ],
  "accs_before_deletion": [
    0.8588000535964966,
    0.8584000468254089,
    0.855400025844574,
    0.8598000407218933,
    0.8598000407218933,
    0.8552000522613525
  ],
  "delta": 6.982864657330156e-05,
  "ensemble_acc_after_deletion": 0.8500000238418579,
  "ensemble_acc_before_deletion": 0.8706000447273254,
  "epsilon": "\u221e",
  "indicator": 1,
  "lengths_after_deletion": [
    2553,
    2569,
    2527,
    3114,
    3279,
    3228
  ],
  "rng": [
    2501764249,
    1732431332
  ],
  "shard_prediction_precision": 0.2471970170736313,
  "shard_prediction_recall": 0.2572222352027893
}