{
  "accs_after_deletion": [
    0.8290000557899475,
    0.8288000226020813,
    0.8264000415802002,
    0.8324000239372253,
    0.829800009727478,
    0.8344000577926636
  ],
  "accs_before_deletion": [
    0.8618000149726868,
    0.860200047492981,
    0.8630000352859497,
    0.860200047492981,
    0.8562000393867493,
    0.8618000149726868
  ],
  "delta": 6.982864657330156e-05,
  "ensemble_acc_after_deletion": 0.8478000164031982,
  "ensemble_acc_before_deletion": 0.8730000257492065,
  "epsilon": "\u221e",
  "indicator": 1,
  "lengths_after_deletion": [
    2523,
    2499,
    2505,
    3155,
    2998,
    3188
  ],
  "rng": [
    2504053094,
    84723485
  ],
  "shard_prediction_precision": 0.24952960014343262,
  "shard_prediction_recall": 0.2652222216129303
}