{
  "accs_after_deletion": [
    0.8304000496864319,
    0.8304000496864319,
    0.8370000123977661,
    0.83160001039505,
    0.83760005235672,
    0.8366000652313232
  ],
  "accs_before_deletion": [
    0.8598000407218933,
    0.8592000603675842,
    0.862000048160553,
    0.8520000576972961,
    0.862000048160553,
    0.8612000346183777
  ],
  "delta": 6.982864657330156e-05,
  "ensemble_acc_after_deletion": 0.8518000245094299,
  "ensemble_acc_before_deletion": 0.8726000189781189,
  "epsilon": "\u221e",
  "indicator": 1,
  "lengths_after_deletion": [
    2946,
    2928,
    2895,
    3473,
    3545,
    3541
  ],
  "rng": [
    255888912,
    3909730570
  ],
  "shard_prediction_precision": 0.259896844625473,
  "shard_prediction_recall": 0.24072222411632538
}