{
  "accs_after_deletion": [
    0.8314000368118286,
    0.8342000246047974,
    0.8326000571250916,
    0.8398000597953796,
    0.8374000191688538,
    0.8306000232696533
  ],
  "accs_before_deletion": [
    0.8574000597000122,
    0.8632000684738159,
    0.863800048828125,
    0.8646000623703003,
    0.8580000400543213,
    0.8544000387191772
  ],
  "delta": 6.982864657330156e-05,
  "ensemble_acc_after_deletion": 0.8506000638008118,
  "ensemble_acc_before_deletion": 0.8736000657081604,
  "epsilon": "\u221e",
  "indicator": 1,
  "lengths_after_deletion": [
    2638,
    2614,
    2589,
    3256,
    3228,
    3299
  ],
  "rng": [
    2575475651,
    4264771719
  ],
  "shard_prediction_precision": 0.2483130246400833,
  "shard_prediction_recall": 0.2535000145435333
}