{
  "accs_after_deletion": [
    0.8296000361442566,
    0.83160001039505,
    0.8330000638961792,
    0.8244000673294067,
    0.8336000442504883,
    0.8404000401496887
  ],
  "accs_before_deletion": [
    0.8584000468254089,
    0.8600000143051147,
    0.8612000346183777,
    0.8540000319480896,
    0.8618000149726868,
    0.860200047492981
  ],
  "delta": 6.982864657330156e-05,
  "ensemble_acc_after_deletion": 0.8526000380516052,
  "ensemble_acc_before_deletion": 0.8758000135421753,
  "epsilon": "\u221e",
  "indicator": 1,
  "lengths_after_deletion": [
    2329,
    2383,
    2246,
    2918,
    3029,
    2987
  ],
  "rng": [
    2608609368,
    587274353
  ],
  "shard_prediction_precision": 0.24741396307945251,
  "shard_prediction_recall": 0.27638888359069824
}