{
  "accs_after_deletion": [
    0.8260000348091125,
    0.8274000287055969,
    0.8340000510215759,
    0.8342000246047974,
    0.8356000185012817,
    0.8338000178337097
  ],
  "accs_before_deletion": [
    0.8562000393867493,
    0.8636000156402588,
    0.8660000562667847,
    0.8650000691413879,
    0.8586000204086304,
    0.8688000440597534
  ],
  "delta": 6.982864657330156e-05,
  "ensemble_acc_after_deletion": 0.8506000638008118,
  "ensemble_acc_before_deletion": 0.8776000142097473,
  "epsilon": "\u221e",
  "indicator": 1,
  "lengths_after_deletion": [
    2325,
    2254,
    2233,
    2990,
    2961,
    2947
  ],
  "rng": [
    2618328921,
    2632690259
  ],
  "shard_prediction_precision": 0.24834893643856049,
  "shard_prediction_recall": 0.27994444966316223
}