{
  "accs_after_deletion": [
    0.8276000618934631,
    0.8262000679969788,
    0.8266000151634216,
    0.8280000686645508,
    0.831000030040741,
    0.8354000449180603
  ],
  "accs_before_deletion": [
    0.8528000116348267,
    0.8546000123023987,
    0.8664000630378723,
    0.8598000407218933,
    0.8580000400543213,
    0.8482000231742859
  ],
  "delta": 6.982864657330156e-05,
  "ensemble_acc_after_deletion": 0.8514000177383423,
  "ensemble_acc_before_deletion": 0.8708000183105469,
  "epsilon": "\u221e",
  "indicator": 1,
  "lengths_after_deletion": [
    2241,
    2214,
    2216,
    2882,
    2870,
    2762
  ],
  "rng": [
    2636994051,
    1082910351
  ],
  "shard_prediction_precision": 0.24544797837734222,
  "shard_prediction_recall": 0.2838333249092102
}