{
  "accs_after_deletion": [
    0.8324000239372253,
    0.8360000252723694,
    0.835800051689148,
    0.8468000292778015,
    0.8356000185012817,
    0.8344000577926636
  ],
  "accs_before_deletion": [
    0.8550000190734863,
    0.8542000651359558,
    0.8606000542640686,
    0.8614000678062439,
    0.8594000339508057,
    0.8584000468254089
  ],
  "delta": 6.982864657330156e-05,
  "ensemble_acc_after_deletion": 0.8492000699043274,
  "ensemble_acc_before_deletion": 0.8734000325202942,
  "epsilon": "\u221e",
  "indicator": 1,
  "lengths_after_deletion": [
    2698,
    2860,
    2847,
    3536,
    3355,
    3401
  ],
  "rng": [
    2659591897,
    1250232525
  ],
  "shard_prediction_precision": 0.25891464948654175,
  "shard_prediction_recall": 0.24888889491558075
}