{
  "accs_after_deletion": [
    0.831000030040741,
    0.8318000435829163,
    0.8336000442504883,
    0.834600031375885,
    0.8324000239372253,
    0.8294000625610352
  ],
  "accs_before_deletion": [
    0.863800048828125,
    0.8564000129699707,
    0.8654000163078308,
    0.8582000136375427,
    0.8562000393867493,
    0.8660000562667847
  ],
  "delta": 6.982864657330156e-05,
  "ensemble_acc_after_deletion": 0.8468000292778015,
  "ensemble_acc_before_deletion": 0.8760000467300415,
  "epsilon": "\u221e",
  "indicator": 0,
  "lengths_after_deletion": [
    2474,
    2527,
    2443,
    3050,
    3110,
    3153
  ],
  "rng": [
    2677588730,
    2015012083
  ],
  "shard_prediction_precision": 0.24845397472381592,
  "shard_prediction_recall": 0.26561111211776733
}