{
  "accs_after_deletion": [
    0.8188000321388245,
    0.8330000638961792,
    0.8280000686645508,
    0.8320000171661377,
    0.8244000673294067,
    0.831000030040741
  ],
  "accs_before_deletion": [
    0.8618000149726868,
    0.8604000210762024,
    0.865600049495697,
    0.8640000224113464,
    0.8578000664710999,
    0.8586000204086304
  ],
  "delta": 6.982864657330156e-05,
  "ensemble_acc_after_deletion": 0.8494000434875488,
  "ensemble_acc_before_deletion": 0.8762000203132629,
  "epsilon": "\u221e",
  "indicator": 1,
  "lengths_after_deletion": [
    1964,
    2020,
    1930,
    2574,
    2606,
    2676
  ],
  "rng": [
    2699547608,
    2546013506
  ],
  "shard_prediction_precision": 0.2388664036989212,
  "shard_prediction_recall": 0.29500001668930054
}