{
  "accs_after_deletion": [
    0.8220000267028809,
    0.8114000558853149,
    0.8184000253677368,
    0.8274000287055969,
    0.8230000138282776,
    0.8170000314712524
  ],
  "accs_before_deletion": [
    0.8616000413894653,
    0.863800048828125,
    0.8636000156402588,
    0.8576000332832336,
    0.8556000590324402,
    0.8566000461578369
  ],
  "delta": 6.982864657330156e-05,
  "ensemble_acc_after_deletion": 0.8402000665664673,
  "ensemble_acc_before_deletion": 0.8730000257492065,
  "epsilon": "\u221e",
  "indicator": 1,
  "lengths_after_deletion": [
    2087,
    2017,
    2057,
    2706,
    2636,
    2731
  ],
  "rng": [
    278282832,
    4245036726
  ],
  "shard_prediction_precision": 0.24313150346279144,
  "shard_prediction_recall": 0.2939999997615814
}