{
  "accs_after_deletion": [
    0.818600058555603,
    0.8282000422477722,
    0.8182000517845154,
    0.8348000645637512,
    0.8300000429153442,
    0.8248000144958496
  ],
  "accs_before_deletion": [
    0.8632000684738159,
    0.8600000143051147,
    0.8616000413894653,
    0.8628000617027283,
    0.8598000407218933,
    0.8598000407218933
  ],
  "delta": 6.982864657330156e-05,
  "ensemble_acc_after_deletion": 0.8468000292778015,
  "ensemble_acc_before_deletion": 0.8758000135421753,
  "epsilon": "\u221e",
  "indicator": 1,
  "lengths_after_deletion": [
    1830,
    1778,
    1761,
    2411,
    2389,
    2395
  ],
  "rng": [
    2835945102,
    289216304
  ],
  "shard_prediction_precision": 0.2371138334274292,
  "shard_prediction_recall": 0.30872222781181335
}