{
  "accs_after_deletion": [
    0.8258000612258911,
    0.8278000354766846,
    0.8330000638961792,
    0.8290000557899475,
    0.8246000409126282,
    0.8384000658988953
  ],
  "accs_before_deletion": [
    0.8654000163078308,
    0.8544000387191772,
    0.8626000285148621,
    0.859000027179718,
    0.8584000468254089,
    0.8604000210762024
  ],
  "delta": 6.982864657330156e-05,
  "ensemble_acc_after_deletion": 0.8508000373840332,
  "ensemble_acc_before_deletion": 0.8744000196456909,
  "epsilon": "\u221e",
  "indicator": 1,
  "lengths_after_deletion": [
    2269,
    2287,
    2176,
    2925,
    2828,
    2868
  ],
  "rng": [
    2917896340,
    836305700
  ],
  "shard_prediction_precision": 0.2437157928943634,
  "shard_prediction_recall": 0.2795555591583252
}