{
  "accs_after_deletion": [
    0.8216000199317932,
    0.8414000272750854,
    0.8302000164985657,
    0.8320000171661377,
    0.8438000679016113,
    0.8406000137329102
  ],
  "accs_before_deletion": [
    0.8626000285148621,
    0.8568000197410583,
    0.857200026512146,
    0.8514000177383423,
    0.8622000217437744,
    0.8560000658035278
  ],
  "delta": 6.982864657330156e-05,
  "ensemble_acc_after_deletion": 0.8540000319480896,
  "ensemble_acc_before_deletion": 0.8728000521659851,
  "epsilon": "\u221e",
  "indicator": 1,
  "lengths_after_deletion": [
    2837,
    2857,
    2886,
    3473,
    3456,
    3418
  ],
  "rng": [
    2919716377,
    1311037671
  ],
  "shard_prediction_precision": 0.24717390537261963,
  "shard_prediction_recall": 0.23444445431232452
}