{
  "accs_after_deletion": [
    0.8212000131607056,
    0.8184000253677368,
    0.8156000375747681,
    0.8334000110626221,
    0.8274000287055969,
    0.8230000138282776
  ],
  "accs_before_deletion": [
    0.8628000617027283,
    0.8584000468254089,
    0.8626000285148621,
    0.8644000291824341,
    0.8566000461578369,
    0.8574000597000122
  ],
  "delta": 6.982864657330156e-05,
  "ensemble_acc_after_deletion": 0.8454000353813171,
  "ensemble_acc_before_deletion": 0.8716000318527222,
  "epsilon": "\u221e",
  "indicator": 1,
  "lengths_after_deletion": [
    2203,
    2168,
    2241,
    2785,
    2754,
    2796
  ],
  "rng": [
    3060465968,
    2239412202
  ],
  "shard_prediction_precision": 0.24091577529907227,
  "shard_prediction_recall": 0.2817777693271637
}