{
  "accs_after_deletion": [
    0.8270000219345093,
    0.8116000294685364,
    0.8198000192642212,
    0.8308000564575195,
    0.8258000612258911,
    0.8250000476837158
  ],
  "accs_before_deletion": [
    0.863800048828125,
    0.867400050163269,
    0.8556000590324402,
    0.8586000204086304,
    0.8622000217437744,
    0.8610000610351562
  ],
  "delta": 6.982864657330156e-05,
  "ensemble_acc_after_deletion": 0.8474000692367554,
  "ensemble_acc_before_deletion": 0.8728000521659851,
  "epsilon": "\u221e",
  "indicator": 1,
  "lengths_after_deletion": [
    2335,
    2365,
    2360,
    2888,
    3000,
    3055
  ],
  "rng": [
    3096480722,
    2221530612
  ],
  "shard_prediction_precision": 0.24618694186210632,
  "shard_prediction_recall": 0.273499995470047
}