{
  "accs_after_deletion": [
    0.8336000442504883,
    0.8314000368118286,
    0.8326000571250916,
    0.8312000632286072,
    0.8326000571250916,
    0.8342000246047974
  ],
  "accs_before_deletion": [
    0.8604000210762024,
    0.8586000204086304,
    0.8594000339508057,
    0.8568000197410583,
    0.8570000529289246,
    0.8604000210762024
  ],
  "delta": 6.982864657330156e-05,
  "ensemble_acc_after_deletion": 0.8546000123023987,
  "ensemble_acc_before_deletion": 0.8740000128746033,
  "epsilon": "\u221e",
  "indicator": 1,
  "lengths_after_deletion": [
    2687,
    2618,
    2613,
    3234,
    3213,
    3275
  ],
  "rng": [
    3098838518,
    3764675264
  ],
  "shard_prediction_precision": 0.24760349094867706,
  "shard_prediction_recall": 0.2525555491447449
}