{
  "accs_after_deletion": [
    0.8362000584602356,
    0.8248000144958496,
    0.8266000151634216,
    0.8288000226020813,
    0.8206000328063965,
    0.8210000395774841
  ],
  "accs_before_deletion": [
    0.8648000359535217,
    0.8578000664710999,
    0.8666000366210938,
    0.8626000285148621,
    0.8614000678062439,
    0.8570000529289246
  ],
  "delta": 6.982864657330156e-05,
  "ensemble_acc_after_deletion": 0.8446000218391418,
  "ensemble_acc_before_deletion": 0.8764000535011292,
  "epsilon": "\u221e",
  "indicator": 0,
  "lengths_after_deletion": [
    2542,
    2449,
    2478,
    3150,
    3082,
    3109
  ],
  "rng": [
    3165381615,
    2856299158
  ],
  "shard_prediction_precision": 0.24898384511470795,
  "shard_prediction_recall": 0.26544445753097534
}