{
  "accs_after_deletion": [
    0.818600058555603,
    0.829200029373169,
    0.8286000490188599,
    0.8230000138282776,
    0.829800009727478,
    0.8234000205993652
  ],
  "accs_before_deletion": [
    0.860200047492981,
    0.8584000468254089,
    0.8622000217437744,
    0.8598000407218933,
    0.855400025844574,
    0.86080002784729
  ],
  "delta": 6.982864657330156e-05,
  "ensemble_acc_after_deletion": 0.8508000373840332,
  "ensemble_acc_before_deletion": 0.8750000596046448,
  "epsilon": "\u221e",
  "indicator": 0,
  "lengths_after_deletion": [
    2322,
    2391,
    2260,
    2844,
    2933,
    2929
  ],
  "rng": [
    317261141,
    1379837959
  ],
  "shard_prediction_precision": 0.24777323007583618,
  "shard_prediction_recall": 0.2797222137451172
}