{
  "accs_after_deletion": [
    0.8248000144958496,
    0.8270000219345093,
    0.8254000544548035,
    0.8250000476837158,
    0.832800030708313,
    0.8322000503540039
  ],
  "accs_before_deletion": [
    0.8628000617027283,
    0.8594000339508057,
    0.8598000407218933,
    0.8584000468254089,
    0.8612000346183777,
    0.86080002784729
  ],
  "delta": 6.982864657330156e-05,
  "ensemble_acc_after_deletion": 0.8454000353813171,
  "ensemble_acc_before_deletion": 0.8732000589370728,
  "epsilon": "\u221e",
  "indicator": 1,
  "lengths_after_deletion": [
    2550,
    2563,
    2684,
    3194,
    3215,
    3267
  ],
  "rng": [
    3177282460,
    3769100879
  ],
  "shard_prediction_precision": 0.24790845811367035,
  "shard_prediction_recall": 0.2551666796207428
}