{
  "accs_after_deletion": [
    0.8198000192642212,
    0.8220000267028809,
    0.8206000328063965,
    0.8180000185966492,
    0.8312000632286072,
    0.8162000179290771
  ],
  "accs_before_deletion": [
    0.8634000420570374,
    0.855400025844574,
    0.8702000379562378,
    0.8584000468254089,
    0.8598000407218933,
    0.8606000542640686
  ],
  "delta": 6.982864657330156e-05,
  "ensemble_acc_after_deletion": 0.8462000489234924,
  "ensemble_acc_before_deletion": 0.8754000663757324,
  "epsilon": "\u221e",
  "indicator": 1,
  "lengths_after_deletion": [
    1636,
    1594,
    1562,
    2206,
    2256,
    2274
  ],
  "rng": [
    3180667298,
    869045792
  ],
  "shard_prediction_precision": 0.23582054674625397,
  "shard_prediction_recall": 0.3206111192703247
}