{
  "accs_after_deletion": [
    0.829800009727478,
    0.8318000435829163,
    0.8250000476837158,
    0.8254000544548035,
    0.836400032043457,
    0.829200029373169
  ],
  "accs_before_deletion": [
    0.8632000684738159,
    0.8614000678062439,
    0.86080002784729,
    0.8614000678062439,
    0.8634000420570374,
    0.8580000400543213
  ],
  "delta": 6.982864657330156e-05,
  "ensemble_acc_after_deletion": 0.8484000563621521,
  "ensemble_acc_before_deletion": 0.8772000670433044,
  "epsilon": "\u221e",
  "indicator": 1,
  "lengths_after_deletion": [
    2451,
    2408,
    2502,
    3144,
    2986,
    3013
  ],
  "rng": [
    3219990778,
    4051361086
  ],
  "shard_prediction_precision": 0.24466557800769806,
  "shard_prediction_recall": 0.26500001549720764
}