{
  "accs_after_deletion": [
    0.8352000117301941,
    0.8370000123977661,
    0.8270000219345093,
    0.8332000374794006,
    0.8444000482559204,
    0.8384000658988953
  ],
  "accs_before_deletion": [
    0.8654000163078308,
    0.8632000684738159,
    0.8618000149726868,
    0.8592000603675842,
    0.8588000535964966,
    0.8622000217437744
  ],
  "delta": 6.982864657330156e-05,
  "ensemble_acc_after_deletion": 0.8526000380516052,
  "ensemble_acc_before_deletion": 0.8756000399589539,
  "epsilon": "\u221e",
  "indicator": 1,
  "lengths_after_deletion": [
    2556,
    2515,
    2599,
    3162,
    3140,
    3216
  ],
  "rng": [
    3324089128,
    619475031
  ],
  "shard_prediction_precision": 0.2454284429550171,
  "shard_prediction_recall": 0.2565000057220459
}