{
  "accs_after_deletion": [
    0.8284000158309937,
    0.831000030040741,
    0.8322000503540039,
    0.8302000164985657,
    0.835800051689148,
    0.8374000191688538
  ],
  "accs_before_deletion": [
    0.8652000427246094,
    0.8604000210762024,
    0.8594000339508057,
    0.8552000522613525,
    0.8562000393867493,
    0.8574000597000122
  ],
  "delta": 6.982864657330156e-05,
  "ensemble_acc_after_deletion": 0.8480000495910645,
  "ensemble_acc_before_deletion": 0.8746000528335571,
  "epsilon": "\u221e",
  "indicator": 1,
  "lengths_after_deletion": [
    2410,
    2301,
    2450,
    2989,
    3053,
    3046
  ],
  "rng": [
    3336523959,
    809374076
  ],
  "shard_prediction_precision": 0.24803806841373444,
  "shard_prediction_recall": 0.2721666693687439
}