{
  "accs_after_deletion": [
    0.8320000171661377,
    0.8274000287055969,
    0.8312000632286072,
    0.8350000381469727,
    0.8300000429153442,
    0.8354000449180603
  ],
  "accs_before_deletion": [
    0.8594000339508057,
    0.8604000210762024,
    0.860200047492981,
    0.8634000420570374,
    0.8576000332832336,
    0.867400050163269
  ],
  "delta": 6.982864657330156e-05,
  "ensemble_acc_after_deletion": 0.8480000495910645,
  "ensemble_acc_before_deletion": 0.8726000189781189,
  "epsilon": "\u221e",
  "indicator": 1,
  "lengths_after_deletion": [
    2166,
    2167,
    2245,
    2831,
    2854,
    2870
  ],
  "rng": [
    3398717585,
    2156374664
  ],
  "shard_prediction_precision": 0.24406957626342773,
  "shard_prediction_recall": 0.2829444408416748
}