{
  "accs_after_deletion": [
    0.8348000645637512,
    0.8338000178337097,
    0.8304000496864319,
    0.8404000401496887,
    0.8272000551223755,
    0.8334000110626221
  ],
  "accs_before_deletion": [
    0.8622000217437744,
    0.8596000671386719,
    0.8650000691413879,
    0.859000027179718,
    0.8588000535964966,
    0.8636000156402588
  ],
  "delta": 6.982864657330156e-05,
  "ensemble_acc_after_deletion": 0.8528000116348267,
  "ensemble_acc_before_deletion": 0.8724000453948975,
  "epsilon": "\u221e",
  "indicator": 1,
  "lengths_after_deletion": [
    2803,
    2839,
    2727,
    3442,
    3294,
    3452
  ],
  "rng": [
    3477118362,
    1242729966
  ],
  "shard_prediction_precision": 0.25150489807128906,
  "shard_prediction_recall": 0.24372223019599915
}