{
  "accs_after_deletion": [
    0.8338000178337097,
    0.8336000442504883,
    0.8414000272750854,
    0.8414000272750854,
    0.843000054359436,
    0.8416000604629517
  ],
  "accs_before_deletion": [
    0.8560000658035278,
    0.8604000210762024,
    0.863800048828125,
    0.862000048160553,
    0.8632000684738159,
    0.86080002784729
  ],
  "delta": 6.982864657330156e-05,
  "ensemble_acc_after_deletion": 0.8562000393867493,
  "ensemble_acc_before_deletion": 0.8734000325202942,
  "epsilon": "\u221e",
  "indicator": 1,
  "lengths_after_deletion": [
    3081,
    3146,
    3016,
    3743,
    3654,
    3741
  ],
  "rng": [
    351805845,
    3774214340
  ],
  "shard_prediction_precision": 0.2585952877998352,
  "shard_prediction_recall": 0.22438889741897583
}