{
  "accs_after_deletion": [
    0.8338000178337097,
    0.8404000401496887,
    0.838200032711029,
    0.8452000617980957,
    0.8442000150680542,
    0.8418000340461731
  ],
  "accs_before_deletion": [
    0.8576000332832336,
    0.8614000678062439,
    0.8614000678062439,
    0.8640000224113464,
    0.8616000413894653,
    0.8642000555992126
  ],
  "delta": 6.982864657330156e-05,
  "ensemble_acc_after_deletion": 0.860200047492981,
  "ensemble_acc_before_deletion": 0.8726000189781189,
  "epsilon": "\u221e",
  "indicator": 1,
  "lengths_after_deletion": [
    2739,
    2732,
    2784,
    3345,
    3366,
    3394
  ],
  "rng": [
    3618433217,
    2760590554
  ],
  "shard_prediction_precision": 0.25340136885643005,
  "shard_prediction_recall": 0.24833333492279053
}