{
  "accs_after_deletion": [
    0.8330000638961792,
    0.8246000409126282,
    0.8324000239372253,
    0.8362000584602356,
    0.8290000557899475,
    0.8312000632286072
  ],
  "accs_before_deletion": [
    0.86080002784729,
    0.8652000427246094,
    0.8610000610351562,
    0.859000027179718,
    0.8560000658035278,
    0.8626000285148621
  ],
  "delta": 6.982864657330156e-05,
  "ensemble_acc_after_deletion": 0.8494000434875488,
  "ensemble_acc_before_deletion": 0.8722000122070312,
  "epsilon": "\u221e",
  "indicator": 1,
  "lengths_after_deletion": [
    2406,
    2318,
    2410,
    3053,
    2889,
    3055
  ],
  "rng": [
    3620848146,
    2841886480
  ],
  "shard_prediction_precision": 0.24450147151947021,
  "shard_prediction_recall": 0.26988887786865234
}