{
  "accs_after_deletion": [
    0.8216000199317932,
    0.8308000564575195,
    0.8302000164985657,
    0.8342000246047974,
    0.8366000652313232,
    0.831000030040741
  ],
  "accs_before_deletion": [
    0.8578000664710999,
    0.8600000143051147,
    0.8654000163078308,
    0.859000027179718,
    0.8562000393867493,
    0.8570000529289246
  ],
  "delta": 6.982864657330156e-05,
  "ensemble_acc_after_deletion": 0.8478000164031982,
  "ensemble_acc_before_deletion": 0.8752000331878662,
  "epsilon": "\u221e",
  "indicator": 1,
  "lengths_after_deletion": [
    2637,
    2730,
    2638,
    3236,
    3228,
    3364
  ],
  "rng": [
    3632563318,
    2035507806
  ],
  "shard_prediction_precision": 0.24995870888233185,
  "shard_prediction_recall": 0.25227779150009155
}