{
  "accs_after_deletion": [
    0.8352000117301941,
    0.829200029373169,
    0.8256000280380249,
    0.8326000571250916,
    0.8342000246047974,
    0.8344000577926636
  ],
  "accs_before_deletion": [
    0.8628000617027283,
    0.86080002784729,
    0.8604000210762024,
    0.860200047492981,
    0.8604000210762024,
    0.8546000123023987
  ],
  "delta": 6.982864657330156e-05,
  "ensemble_acc_after_deletion": 0.8486000299453735,
  "ensemble_acc_before_deletion": 0.8728000521659851,
  "epsilon": "\u221e",
  "indicator": 1,
  "lengths_after_deletion": [
    2928,
    2878,
    2878,
    3523,
    3535,
    3609
  ],
  "rng": [
    3675858079,
    3449811322
  ],
  "shard_prediction_precision": 0.25947505235671997,
  "shard_prediction_recall": 0.24000000953674316
}