{
  "accs_after_deletion": [
    0.8166000247001648,
    0.8182000517845154,
    0.831000030040741,
    0.8202000260353088,
    0.8290000557899475,
    0.8248000144958496
  ],
  "accs_before_deletion": [
    0.8642000555992126,
    0.8518000245094299,
    0.8640000224113464,
    0.8578000664710999,
    0.8586000204086304,
    0.8566000461578369
  ],
  "delta": 6.982864657330156e-05,
  "ensemble_acc_after_deletion": 0.8390000462532043,
  "ensemble_acc_before_deletion": 0.8758000135421753,
  "epsilon": "\u221e",
  "indicator": 1,
  "lengths_after_deletion": [
    1739,
    1854,
    1752,
    2357,
    2334,
    2458
  ],
  "rng": [
    3682174229,
    59194202
  ],
  "shard_prediction_precision": 0.23819449543952942,
  "shard_prediction_recall": 0.31105557084083557
}