{
  "accs_after_deletion": [
    0.8336000442504883,
    0.8342000246047974,
    0.8410000205039978,
    0.8460000157356262,
    0.8474000692367554,
    0.8388000130653381
  ],
  "accs_before_deletion": [
    0.8676000237464905,
    0.8596000671386719,
    0.8610000610351562,
    0.8564000129699707,
    0.863800048828125,
    0.8624000549316406
  ],
  "delta": 6.982864657330156e-05,
  "ensemble_acc_after_deletion": 0.8556000590324402,
  "ensemble_acc_before_deletion": 0.8758000135421753,
  "epsilon": "\u221e",
  "indicator": 1,
  "lengths_after_deletion": [
    2748,
    2702,
    2771,
    3392,
    3454,
    3359
  ],
  "rng": [
    368849888,
    3518691176
  ],
  "shard_prediction_precision": 0.2586206793785095,
  "shard_prediction_recall": 0.2524999976158142
}