{
  "accs_after_deletion": [
    0.8284000158309937,
    0.8270000219345093,
    0.8386000394821167,
    0.8362000584602356,
    0.8416000604629517,
    0.8256000280380249
  ],
  "accs_before_deletion": [
    0.8618000149726868,
    0.8616000413894653,
    0.8614000678062439,
    0.8628000617027283,
    0.8586000204086304,
    0.8624000549316406
  ],
  "delta": 6.982864657330156e-05,
  "ensemble_acc_after_deletion": 0.8578000664710999,
  "ensemble_acc_before_deletion": 0.8730000257492065,
  "epsilon": "\u221e",
  "indicator": 1,
  "lengths_after_deletion": [
    2460,
    2502,
    2552,
    3135,
    3079,
    3136
  ],
  "rng": [
    3718759811,
    613868180
  ],
  "shard_prediction_precision": 0.24122072756290436,
  "shard_prediction_recall": 0.25644445419311523
}