{
  "accs_after_deletion": [
    0.83160001039505,
    0.8182000517845154,
    0.8312000632286072,
    0.8252000212669373,
    0.8370000123977661,
    0.8264000415802002
  ],
  "accs_before_deletion": [
    0.860200047492981,
    0.8576000332832336,
    0.8676000237464905,
    0.8612000346183777,
    0.8614000678062439,
    0.8568000197410583
  ],
  "delta": 6.982864657330156e-05,
  "ensemble_acc_after_deletion": 0.8462000489234924,
  "ensemble_acc_before_deletion": 0.8742000460624695,
  "epsilon": "\u221e",
  "indicator": 1,
  "lengths_after_deletion": [
    2181,
    2180,
    2091,
    2839,
    2753,
    2762
  ],
  "rng": [
    3768963175,
    2298481697
  ],
  "shard_prediction_precision": 0.24483345448970795,
  "shard_prediction_recall": 0.2882777750492096
}