{
  "accs_after_deletion": [
    0.8196000456809998,
    0.8262000679969788,
    0.8210000395774841,
    0.8184000253677368,
    0.834600031375885,
    0.8228000402450562
  ],
  "accs_before_deletion": [
    0.8662000298500061,
    0.8598000407218933,
    0.8642000555992126,
    0.8570000529289246,
    0.8606000542640686,
    0.8534000515937805
  ],
  "delta": 6.982864657330156e-05,
  "ensemble_acc_after_deletion": 0.8444000482559204,
  "ensemble_acc_before_deletion": 0.8720000386238098,
  "epsilon": "\u221e",
  "indicator": 1,
  "lengths_after_deletion": [
    2210,
    2258,
    2164,
    2824,
    2831,
    2849
  ],
  "rng": [
    3779789148,
    646945491
  ],
  "shard_prediction_precision": 0.24444018304347992,
  "shard_prediction_recall": 0.28333333134651184
}