{
  "accs_after_deletion": [
    0.818600058555603,
    0.8268000483512878,
    0.8174000382423401,
    0.818600058555603,
    0.8196000456809998,
    0.8092000484466553
  ],
  "accs_before_deletion": [
    0.8644000291824341,
    0.8626000285148621,
    0.8586000204086304,
    0.8628000617027283,
    0.8550000190734863,
    0.8600000143051147
  ],
  "delta": 6.982864657330156e-05,
  "ensemble_acc_after_deletion": 0.8426000475883484,
  "ensemble_acc_before_deletion": 0.870400071144104,
  "epsilon": "\u221e",
  "indicator": 0,
  "lengths_after_deletion": [
    1798,
    1708,
    1714,
    2450,
    2273,
    2257
  ],
  "rng": [
    3806663306,
    1153270695
  ],
  "shard_prediction_precision": 0.23516806960105896,
  "shard_prediction_recall": 0.31094443798065186
}