{
  "accs_after_deletion": [
    0.8380000591278076,
    0.8362000584602356,
    0.8378000259399414,
    0.8406000137329102,
    0.8388000130653381,
    0.8334000110626221
  ],
  "accs_before_deletion": [
    0.8598000407218933,
    0.8596000671386719,
    0.8564000129699707,
    0.8632000684738159,
    0.8588000535964966,
    0.8624000549316406
  ],
  "delta": 6.982864657330156e-05,
  "ensemble_acc_after_deletion": 0.8560000658035278,
  "ensemble_acc_before_deletion": 0.8728000521659851,
  "epsilon": "\u221e",
  "indicator": 1,
  "lengths_after_deletion": [
    2995,
    2981,
    3032,
    3550,
    3576,
    3624
  ],
  "rng": [
    381902516,
    258801501
  ],
  "shard_prediction_precision": 0.2590813636779785,
  "shard_prediction_recall": 0.23377777636051178
}