{
  "accs_after_deletion": [
    0.8322000503540039,
    0.831000030040741,
    0.8320000171661377,
    0.8326000571250916,
    0.8460000157356262,
    0.8362000584602356
  ],
  "accs_before_deletion": [
    0.8562000393867493,
    0.8548000454902649,
    0.8566000461578369,
    0.8588000535964966,
    0.8666000366210938,
    0.8650000691413879
  ],
  "delta": 6.982864657330156e-05,
  "ensemble_acc_after_deletion": 0.8512000441551208,
  "ensemble_acc_before_deletion": 0.8708000183105469,
  "epsilon": "\u221e",
  "indicator": 1,
  "lengths_after_deletion": [
    3045,
    3005,
    2950,
    3658,
    3639,
    3584
  ],
  "rng": [
    3840290715,
    2231102162
  ],
  "shard_prediction_precision": 0.26242324709892273,
  "shard_prediction_recall": 0.23499999940395355
}