{
  "accs_after_deletion": [
    0.8338000178337097,
    0.8348000645637512,
    0.8330000638961792,
    0.8300000429153442,
    0.8332000374794006,
    0.8242000341415405
  ],
  "accs_before_deletion": [
    0.8624000549316406,
    0.855400025844574,
    0.8648000359535217,
    0.8606000542640686,
    0.8652000427246094,
    0.8636000156402588
  ],
  "delta": 6.982864657330156e-05,
  "ensemble_acc_after_deletion": 0.8530000448226929,
  "ensemble_acc_before_deletion": 0.8770000338554382,
  "epsilon": "\u221e",
  "indicator": 0,
  "lengths_after_deletion": [
    2379,
    2287,
    2250,
    2979,
    2941,
    3002
  ],
  "rng": [
    3883914058,
    367363282
  ],
  "shard_prediction_precision": 0.2467513233423233,
  "shard_prediction_recall": 0.27638888359069824
}