{
  "accs_after_deletion": [
    0.8286000490188599,
    0.8196000456809998,
    0.8356000185012817,
    0.8216000199317932,
    0.8370000123977661,
    0.8308000564575195
  ],
  "accs_before_deletion": [
    0.8586000204086304,
    0.8652000427246094,
    0.8610000610351562,
    0.8616000413894653,
    0.8614000678062439,
    0.8622000217437744
  ],
  "delta": 6.982864657330156e-05,
  "ensemble_acc_after_deletion": 0.8488000631332397,
  "ensemble_acc_before_deletion": 0.8760000467300415,
  "epsilon": "\u221e",
  "indicator": 1,
  "lengths_after_deletion": [
    2208,
    2099,
    2210,
    2797,
    2879,
    2894
  ],
  "rng": [
    3892920996,
    1041740362
  ],
  "shard_prediction_precision": 0.24248076975345612,
  "shard_prediction_recall": 0.28172221779823303
}