{
  "accs_after_deletion": [
    0.8428000211715698,
    0.832800030708313,
    0.843000054359436,
    0.8414000272750854,
    0.843000054359436,
    0.8452000617980957
  ],
  "accs_before_deletion": [
    0.8586000204086304,
    0.857200026512146,
    0.8636000156402588,
    0.8558000326156616,
    0.8616000413894653,
    0.8606000542640686
  ],
  "delta": 6.982864657330156e-05,
  "ensemble_acc_after_deletion": 0.8652000427246094,
  "ensemble_acc_before_deletion": 0.8734000325202942,
  "epsilon": "\u221e",
  "indicator": 1,
  "lengths_after_deletion": [
    2854,
    2693,
    2707,
    3341,
    3373,
    3384
  ],
  "rng": [
    3918950363,
    270999369
  ],
  "shard_prediction_precision": 0.2488667219877243,
  "shard_prediction_recall": 0.24400000274181366
}