{
  "accs_after_deletion": [
    0.8384000658988953,
    0.8258000612258911,
    0.8410000205039978,
    0.8406000137329102,
    0.8390000462532043,
    0.8388000130653381
  ],
  "accs_before_deletion": [
    0.8580000400543213,
    0.8636000156402588,
    0.8616000413894653,
    0.8632000684738159,
    0.8584000468254089,
    0.8644000291824341
  ],
  "delta": 6.982864657330156e-05,
  "ensemble_acc_after_deletion": 0.8568000197410583,
  "ensemble_acc_before_deletion": 0.8748000264167786,
  "epsilon": "\u221e",
  "indicator": 1,
  "lengths_after_deletion": [
    2524,
    2405,
    2395,
    3024,
    3116,
    3119
  ],
  "rng": [
    3999629853,
    198635390
  ],
  "shard_prediction_precision": 0.24622753262519836,
  "shard_prediction_recall": 0.26561111211776733
}