{
  "accs_after_deletion": [
    0.8318000435829163,
    0.8444000482559204,
    0.831000030040741,
    0.8308000564575195,
    0.8388000130653381,
    0.8360000252723694
  ],
  "accs_before_deletion": [
    0.8700000643730164,
    0.8614000678062439,
    0.8634000420570374,
    0.8550000190734863,
    0.8614000678062439,
    0.8596000671386719
  ],
  "delta": 6.982864657330156e-05,
  "ensemble_acc_after_deletion": 0.857200026512146,
  "ensemble_acc_before_deletion": 0.878000020980835,
  "epsilon": "\u221e",
  "indicator": 0,
  "lengths_after_deletion": [
    2408,
    2390,
    2366,
    3019,
    3021,
    3040
  ],
  "rng": [
    4074153340,
    1803997012
  ],
  "shard_prediction_precision": 0.24782344698905945,
  "shard_prediction_recall": 0.2720000147819519
}