{
  "accs_after_deletion": [
    0.8282000422477722,
    0.8372000455856323,
    0.8322000503540039,
    0.8302000164985657,
    0.8322000503540039,
    0.8352000117301941
  ],
  "accs_before_deletion": [
    0.8592000603675842,
    0.86080002784729,
    0.8584000468254089,
    0.8574000597000122,
    0.8548000454902649,
    0.86080002784729
  ],
  "delta": 6.982864657330156e-05,
  "ensemble_acc_after_deletion": 0.8528000116348267,
  "ensemble_acc_before_deletion": 0.8726000189781189,
  "epsilon": "\u221e",
  "indicator": 0,
  "lengths_after_deletion": [
    2352,
    2332,
    2289,
    3000,
    2958,
    2927
  ],
  "rng": [
    4088968033,
    514418324
  ],
  "shard_prediction_precision": 0.24203158915042877,
  "shard_prediction_recall": 0.2708333432674408
}