{
  "accs_after_deletion": [
    0.8250000476837158,
    0.8142000436782837,
    0.8304000496864319,
    0.8248000144958496,
    0.8370000123977661,
    0.8318000435829163
  ],
  "accs_before_deletion": [
    0.8648000359535217,
    0.8604000210762024,
    0.8598000407218933,
    0.8546000123023987,
    0.8582000136375427,
    0.8646000623703003
  ],
  "delta": 6.982864657330156e-05,
  "ensemble_acc_after_deletion": 0.8402000665664673,
  "ensemble_acc_before_deletion": 0.8752000331878662,
  "epsilon": "\u221e",
  "indicator": 1,
  "lengths_after_deletion": [
    2540,
    2568,
    2469,
    3170,
    3087,
    3237
  ],
  "rng": [
    4129937760,
    2794685437
  ],
  "shard_prediction_precision": 0.25759416818618774,
  "shard_prediction_recall": 0.27088889479637146
}