{
  "accs_after_deletion": [
    0.8268000483512878,
    0.8294000625610352,
    0.8290000557899475,
    0.8208000659942627,
    0.8370000123977661,
    0.8306000232696533
  ],
  "accs_before_deletion": [
    0.8642000555992126,
    0.8632000684738159,
    0.8658000230789185,
    0.8606000542640686,
    0.8544000387191772,
    0.8606000542640686
  ],
  "delta": 6.982864657330156e-05,
  "ensemble_acc_after_deletion": 0.8442000150680542,
  "ensemble_acc_before_deletion": 0.8730000257492065,
  "epsilon": "\u221e",
  "indicator": 1,
  "lengths_after_deletion": [
    2377,
    2503,
    2408,
    2952,
    3006,
    3050
  ],
  "rng": [
    4138799113,
    3908585495
  ],
  "shard_prediction_precision": 0.24847747385501862,
  "shard_prediction_recall": 0.2720000147819519
}