{
  "accs_after_deletion": [
    0.8146000504493713,
    0.8240000605583191,
    0.8202000260353088,
    0.8244000673294067,
    0.8226000666618347,
    0.8230000138282776
  ],
  "accs_before_deletion": [
    0.8586000204086304,
    0.8636000156402588,
    0.8640000224113464,
    0.8606000542640686,
    0.853600025177002,
    0.86080002784729
  ],
  "delta": 6.982864657330156e-05,
  "ensemble_acc_after_deletion": 0.8420000672340393,
  "ensemble_acc_before_deletion": 0.8720000386238098,
  "epsilon": "\u221e",
  "indicator": 1,
  "lengths_after_deletion": [
    2223,
    2177,
    2222,
    2781,
    2766,
    2828
  ],
  "rng": [
    4207909526,
    1511320178
  ],
  "shard_prediction_precision": 0.2433461844921112,
  "shard_prediction_recall": 0.2839444577693939
}