{
  "accs_after_deletion": [
    0.8362000584602356,
    0.8380000591278076,
    0.8426000475883484,
    0.8402000665664673,
    0.839400053024292,
    0.8306000232696533
  ],
  "accs_before_deletion": [
    0.8626000285148621,
    0.8584000468254089,
    0.8630000352859497,
    0.8622000217437744,
    0.86080002784729,
    0.8606000542640686
  ],
  "delta": 6.982864657330156e-05,
  "ensemble_acc_after_deletion": 0.8548000454902649,
  "ensemble_acc_before_deletion": 0.8756000399589539,
  "epsilon": "\u221e",
  "indicator": 0,
  "lengths_after_deletion": [
    2214,
    2272,
    2132,
    2810,
    2896,
    2765
  ],
  "rng": [
    4234457919,
    732431388
  ],
  "shard_prediction_precision": 0.2409258335828781,
  "shard_prediction_recall": 0.27988889813423157
}