{
  "accs_after_deletion": [
    0.8314000368118286,
    0.8398000597953796,
    0.8246000409126282,
    0.8320000171661377,
    0.8360000252723694,
    0.8338000178337097
  ],
  "accs_before_deletion": [
    0.8606000542640686,
    0.8654000163078308,
    0.8622000217437744,
    0.8558000326156616,
    0.8664000630378723,
    0.8618000149726868
  ],
  "delta": 6.982864657330156e-05,
  "ensemble_acc_after_deletion": 0.8506000638008118,
  "ensemble_acc_before_deletion": 0.8754000663757324,
  "epsilon": "\u221e",
  "indicator": 1,
  "lengths_after_deletion": [
    2338,
    2280,
    2284,
    2889,
    2982,
    2978
  ],
  "rng": [
    423689043,
    2451826788
  ],
  "shard_prediction_precision": 0.2451479136943817,
  "shard_prediction_recall": 0.27577778697013855
}