{
  "accs_after_deletion": [
    0.8356000185012817,
    0.83160001039505,
    0.8374000191688538,
    0.8264000415802002,
    0.8354000449180603,
    0.8400000333786011
  ],
  "accs_before_deletion": [
    0.8648000359535217,
    0.8642000555992126,
    0.860200047492981,
    0.855400025844574,
    0.8580000400543213,
    0.8622000217437744
  ],
  "delta": 6.982864657330156e-05,
  "ensemble_acc_after_deletion": 0.8566000461578369,
  "ensemble_acc_before_deletion": 0.8714000582695007,
  "epsilon": "\u221e",
  "indicator": 0,
  "lengths_after_deletion": [
    2301,
    2253,
    2298,
    2855,
    2903,
    2955
  ],
  "rng": [
    4267421110,
    3449048382
  ],
  "shard_prediction_precision": 0.23919746279716492,
  "shard_prediction_recall": 0.2715555727481842
}