{
  "accs_after_deletion": [
    0.8368000388145447,
    0.8356000185012817,
    0.834600031375885,
    0.8360000252723694,
    0.8470000624656677,
    0.8424000144004822
  ],
  "accs_before_deletion": [
    0.8632000684738159,
    0.8584000468254089,
    0.8576000332832336,
    0.859000027179718,
    0.8680000305175781,
    0.8626000285148621
  ],
  "delta": 6.982864657330156e-05,
  "ensemble_acc_after_deletion": 0.8600000143051147,
  "ensemble_acc_before_deletion": 0.8744000196456909,
  "epsilon": "\u221e",
  "indicator": 1,
  "lengths_after_deletion": [
    2654,
    2673,
    2718,
    3283,
    3309,
    3401
  ],
  "rng": [
    4274369053,
    1708129397
  ],
  "shard_prediction_precision": 0.2528671622276306,
  "shard_prediction_recall": 0.2523333430290222
}