{
  "accs_after_deletion": [
    0.8320000171661377,
    0.843000054359436,
    0.8314000368118286,
    0.8266000151634216,
    0.8378000259399414,
    0.8306000232696533
  ],
  "accs_before_deletion": [
    0.8600000143051147,
    0.8562000393867493,
    0.8582000136375427,
    0.8618000149726868,
    0.8632000684738159,
    0.8614000678062439
  ],
  "delta": 6.982864657330156e-05,
  "ensemble_acc_after_deletion": 0.8522000312805176,
  "ensemble_acc_before_deletion": 0.8732000589370728,
  "epsilon": "\u221e",
  "indicator": 0,
  "lengths_after_deletion": [
    2719,
    2663,
    2668,
    3295,
    3273,
    3385
  ],
  "rng": [
    430651735,
    2652126326
  ],
  "shard_prediction_precision": 0.2548758089542389,
  "shard_prediction_recall": 0.2548333406448364
}