{
  "accs_after_deletion": [
    0.8142000436782837,
    0.8250000476837158,
    0.8190000653266907,
    0.8268000483512878,
    0.8224000334739685,
    0.8220000267028809
  ],
  "accs_before_deletion": [
    0.8640000224113464,
    0.8596000671386719,
    0.8650000691413879,
    0.8560000658035278,
    0.8550000190734863,
    0.8578000664710999
  ],
  "delta": 6.982864657330156e-05,
  "ensemble_acc_after_deletion": 0.8404000401496887,
  "ensemble_acc_before_deletion": 0.8730000257492065,
  "epsilon": "\u221e",
  "indicator": 1,
  "lengths_after_deletion": [
    2086,
    2209,
    2007,
    2645,
    2647,
    2736
  ],
  "rng": [
    440096793,
    1572485751
  ],
  "shard_prediction_precision": 0.2441624402999878,
  "shard_prediction_recall": 0.29394444823265076
}