{
  "accs_after_deletion": [
    0.8290000557899475,
    0.8256000280380249,
    0.8416000604629517,
    0.8304000496864319,
    0.8388000130653381,
    0.8330000638961792
  ],
  "accs_before_deletion": [
    0.8568000197410583,
    0.8586000204086304,
    0.8632000684738159,
    0.8626000285148621,
    0.8610000610351562,
    0.86680006980896
  ],
  "delta": 6.982864657330156e-05,
  "ensemble_acc_after_deletion": 0.8476000428199768,
  "ensemble_acc_before_deletion": 0.8746000528335571,
  "epsilon": "\u221e",
  "indicator": 1,
  "lengths_after_deletion": [
    2534,
    2579,
    2500,
    3175,
    3130,
    3213
  ],
  "rng": [
    516921614,
    4100283477
  ],
  "shard_prediction_precision": 0.2506757080554962,
  "shard_prediction_recall": 0.26277777552604675
}