{
  "accs_after_deletion": [
    0.8306000232696533,
    0.8330000638961792,
    0.8350000381469727,
    0.8366000652313232,
    0.8380000591278076,
    0.8392000198364258
  ],
  "accs_before_deletion": [
    0.8622000217437744,
    0.8560000658035278,
    0.8584000468254089,
    0.8576000332832336,
    0.8610000610351562,
    0.8604000210762024
  ],
  "delta": 6.982864657330156e-05,
  "ensemble_acc_after_deletion": 0.8576000332832336,
  "ensemble_acc_before_deletion": 0.8712000250816345,
  "epsilon": "\u221e",
  "indicator": 1,
  "lengths_after_deletion": [
    2523,
    2514,
    2516,
    3117,
    3103,
    3112
  ],
  "rng": [
    616545024,
    3463923665
  ],
  "shard_prediction_precision": 0.24540936946868896,
  "shard_prediction_recall": 0.2606111168861389
}