{
  "accs_after_deletion": [
    0.8362000584602356,
    0.8334000110626221,
    0.829800009727478,
    0.8338000178337097,
    0.8264000415802002,
    0.8280000686645508
  ],
  "accs_before_deletion": [
    0.8604000210762024,
    0.8550000190734863,
    0.8582000136375427,
    0.8636000156402588,
    0.8592000603675842,
    0.857200026512146
  ],
  "delta": 6.982864657330156e-05,
  "ensemble_acc_after_deletion": 0.8540000319480896,
  "ensemble_acc_before_deletion": 0.8736000657081604,
  "epsilon": "\u221e",
  "indicator": 0,
  "lengths_after_deletion": [
    2805,
    2804,
    2795,
    3386,
    3375,
    3425
  ],
  "rng": [
    620368970,
    2042399329
  ],
  "shard_prediction_precision": 0.252900630235672,
  "shard_prediction_recall": 0.24461111426353455
}