{
  "accs_after_deletion": [
    0.8250000476837158,
    0.8154000639915466,
    0.8158000111579895,
    0.8142000436782837,
    0.8302000164985657,
    0.8258000612258911
  ],
  "accs_before_deletion": [
    0.8588000535964966,
    0.862000048160553,
    0.8642000555992126,
    0.8604000210762024,
    0.859000027179718,
    0.8540000319480896
  ],
  "delta": 6.982864657330156e-05,
  "ensemble_acc_after_deletion": 0.8418000340461731,
  "ensemble_acc_before_deletion": 0.8744000196456909,
  "epsilon": "\u221e",
  "indicator": 1,
  "lengths_after_deletion": [
    2160,
    2131,
    2122,
    2685,
    2720,
    2768
  ],
  "rng": [
    65461787,
    981068955
  ],
  "shard_prediction_precision": 0.24049688875675201,
  "shard_prediction_recall": 0.28611111640930176
}