{
  "accs_after_deletion": [
    0.838200032711029,
    0.8260000348091125,
    0.8294000625610352,
    0.8324000239372253,
    0.8388000130653381,
    0.8352000117301941
  ],
  "accs_before_deletion": [
    0.8660000562667847,
    0.8598000407218933,
    0.8592000603675842,
    0.8556000590324402,
    0.8618000149726868,
    0.8552000522613525
  ],
  "delta": 6.982864657330156e-05,
  "ensemble_acc_after_deletion": 0.8516000509262085,
  "ensemble_acc_before_deletion": 0.8740000128746033,
  "epsilon": "\u221e",
  "indicator": 1,
  "lengths_after_deletion": [
    2598,
    2614,
    2569,
    3163,
    3242,
    3321
  ],
  "rng": [
    711221554,
    718475146
  ],
  "shard_prediction_precision": 0.25339317321777344,
  "shard_prediction_recall": 0.2603333294391632
}