{
  "accs_after_deletion": [
    0.8202000260353088,
    0.8196000456809998,
    0.8280000686645508,
    0.829200029373169,
    0.8188000321388245,
    0.8176000118255615
  ],
  "accs_before_deletion": [
    0.8636000156402588,
    0.8632000684738159,
    0.8644000291824341,
    0.863800048828125,
    0.8588000535964966,
    0.8510000109672546
  ],
  "delta": 6.982864657330156e-05,
  "ensemble_acc_after_deletion": 0.8422000408172607,
  "ensemble_acc_before_deletion": 0.8742000460624695,
  "epsilon": "\u221e",
  "indicator": 0,
  "lengths_after_deletion": [
    1812,
    1796,
    1849,
    2491,
    2311,
    2451
  ],
  "rng": [
    728644785,
    118300180
  ],
  "shard_prediction_precision": 0.24147701263427734,
  "shard_prediction_recall": 0.31244444847106934
}