{
  "accs_after_deletion": [
    0.8274000287055969,
    0.8250000476837158,
    0.8190000653266907,
    0.8314000368118286,
    0.8318000435829163,
    0.8306000232696533
  ],
  "accs_before_deletion": [
    0.8644000291824341,
    0.8558000326156616,
    0.8598000407218933,
    0.8606000542640686,
    0.857200026512146,
    0.8632000684738159
  ],
  "delta": 6.982864657330156e-05,
  "ensemble_acc_after_deletion": 0.8460000157356262,
  "ensemble_acc_before_deletion": 0.8758000135421753,
  "epsilon": "\u221e",
  "indicator": 1,
  "lengths_after_deletion": [
    2758,
    2750,
    2766,
    3363,
    3329,
    3437
  ],
  "rng": [
    796643467,
    1546895760
  ],
  "shard_prediction_precision": 0.2536796033382416,
  "shard_prediction_recall": 0.24799999594688416
}