{
  "accs_after_deletion": [
    0.8280000686645508,
    0.8286000490188599,
    0.8314000368118286,
    0.8336000442504883,
    0.8332000374794006,
    0.8362000584602356
  ],
  "accs_before_deletion": [
    0.8648000359535217,
    0.8634000420570374,
    0.8616000413894653,
    0.86680006980896,
    0.8560000658035278,
    0.8636000156402588
  ],
  "delta": 6.982864657330156e-05,
  "ensemble_acc_after_deletion": 0.8500000238418579,
  "ensemble_acc_before_deletion": 0.8770000338554382,
  "epsilon": "\u221e",
  "indicator": 1,
  "lengths_after_deletion": [
    2525,
    2568,
    2589,
    3205,
    3184,
    3209
  ],
  "rng": [
    806235767,
    3807880626
  ],
  "shard_prediction_precision": 0.25400641560554504,
  "shard_prediction_recall": 0.2641666829586029
}