{
  "accs_after_deletion": [
    0.8258000612258911,
    0.8242000341415405,
    0.8218000531196594,
    0.8282000422477722,
    0.832800030708313,
    0.8342000246047974
  ],
  "accs_before_deletion": [
    0.8632000684738159,
    0.8592000603675842,
    0.86680006980896,
    0.8562000393867493,
    0.8588000535964966,
    0.8670000433921814
  ],
  "delta": 6.982864657330156e-05,
  "ensemble_acc_after_deletion": 0.8444000482559204,
  "ensemble_acc_before_deletion": 0.8750000596046448,
  "epsilon": "\u221e",
  "indicator": 1,
  "lengths_after_deletion": [
    2112,
    2074,
    2065,
    2703,
    2708,
    2758
  ],
  "rng": [
    806963526,
    960794967
  ],
  "shard_prediction_precision": 0.247126966714859,
  "shard_prediction_recall": 0.296277791261673
}