{
  "accs_after_deletion": [
    0.8180000185966492,
    0.8282000422477722,
    0.8196000456809998,
    0.8330000638961792,
    0.8326000571250916,
    0.8262000679969788
  ],
  "accs_before_deletion": [
    0.8598000407218933,
    0.8556000590324402,
    0.863800048828125,
    0.8660000562667847,
    0.8566000461578369,
    0.8580000400543213
  ],
  "delta": 6.982864657330156e-05,
  "ensemble_acc_after_deletion": 0.8452000617980957,
  "ensemble_acc_before_deletion": 0.8756000399589539,
  "epsilon": "\u221e",
  "indicator": 1,
  "lengths_after_deletion": [
    2326,
    2338,
    2307,
    2893,
    2942,
    2895
  ],
  "rng": [
    815500417,
    3695009819
  ],
  "shard_prediction_precision": 0.24621903896331787,
  "shard_prediction_recall": 0.2776666581630707
}