{
  "accs_after_deletion": [
    0.8250000476837158,
    0.8318000435829163,
    0.8202000260353088,
    0.8200000524520874,
    0.8308000564575195,
    0.8294000625610352
  ],
  "accs_before_deletion": [
    0.8626000285148621,
    0.8616000413894653,
    0.8568000197410583,
    0.862000048160553,
    0.8592000603675842,
    0.8598000407218933
  ],
  "delta": 6.982864657330156e-05,
  "ensemble_acc_after_deletion": 0.8456000685691833,
  "ensemble_acc_before_deletion": 0.8750000596046448,
  "epsilon": "\u221e",
  "indicator": 1,
  "lengths_after_deletion": [
    2206,
    2184,
    2214,
    2843,
    2763,
    2872
  ],
  "rng": [
    817598148,
    1242124713
  ],
  "shard_prediction_precision": 0.24328330159187317,
  "shard_prediction_recall": 0.28272223472595215
}