{
  "accs_after_deletion": [
    0.8256000280380249,
    0.8282000422477722,
    0.8304000496864319,
    0.8248000144958496,
    0.8340000510215759,
    0.8384000658988953
  ],
  "accs_before_deletion": [
    0.8596000671386719,
    0.8592000603675842,
    0.8652000427246094,
    0.86080002784729,
    0.8542000651359558,
    0.8584000468254089
  ],
  "delta": 6.982864657330156e-05,
  "ensemble_acc_after_deletion": 0.8474000692367554,
  "ensemble_acc_before_deletion": 0.8746000528335571,
  "epsilon": "\u221e",
  "indicator": 1,
  "lengths_after_deletion": [
    2790,
    2771,
    2740,
    3362,
    3376,
    3457
  ],
  "rng": [
    818577711,
    1908964421
  ],
  "shard_prediction_precision": 0.2558272182941437,
  "shard_prediction_recall": 0.24877777695655823
}