{
  "accs_after_deletion": [
    0.8212000131607056,
    0.8304000496864319,
    0.8176000118255615,
    0.8300000429153442,
    0.8342000246047974,
    0.8342000246047974
  ],
  "accs_before_deletion": [
    0.8568000197410583,
    0.8640000224113464,
    0.8556000590324402,
    0.8594000339508057,
    0.8568000197410583,
    0.8634000420570374
  ],
  "delta": 6.982864657330156e-05,
  "ensemble_acc_after_deletion": 0.8492000699043274,
  "ensemble_acc_before_deletion": 0.8714000582695007,
  "epsilon": "\u221e",
  "indicator": 1,
  "lengths_after_deletion": [
    2711,
    2637,
    2573,
    3207,
    3321,
    3294
  ],
  "rng": [
    825206619,
    2749631759
  ],
  "shard_prediction_precision": 0.2583666443824768,
  "shard_prediction_recall": 0.26205554604530334
}