{
  "accs_after_deletion": [
    0.8206000328063965,
    0.8190000653266907,
    0.818600058555603,
    0.8290000557899475,
    0.829200029373169,
    0.8274000287055969
  ],
  "accs_before_deletion": [
    0.8562000393867493,
    0.860200047492981,
    0.8642000555992126,
    0.8606000542640686,
    0.8562000393867493,
    0.8538000583648682
  ],
  "delta": 6.982864657330156e-05,
  "ensemble_acc_after_deletion": 0.8400000333786011,
  "ensemble_acc_before_deletion": 0.8720000386238098,
  "epsilon": "\u221e",
  "indicator": 1,
  "lengths_after_deletion": [
    2584,
    2678,
    2629,
    3243,
    3117,
    3143
  ],
  "rng": [
    826635012,
    1855761821
  ],
  "shard_prediction_precision": 0.2488982081413269,
  "shard_prediction_recall": 0.25727778673171997
}