{
  "accs_after_deletion": [
    0.8340000510215759,
    0.83160001039505,
    0.8400000333786011,
    0.8330000638961792,
    0.8474000692367554,
    0.841200053691864
  ],
  "accs_before_deletion": [
    0.8566000461578369,
    0.8588000535964966,
    0.8622000217437744,
    0.8548000454902649,
    0.8622000217437744,
    0.8628000617027283
  ],
  "delta": 6.982864657330156e-05,
  "ensemble_acc_after_deletion": 0.8596000671386719,
  "ensemble_acc_before_deletion": 0.8748000264167786,
  "epsilon": "\u221e",
  "indicator": 1,
  "lengths_after_deletion": [
    2992,
    2952,
    3029,
    3607,
    3652,
    3674
  ],
  "rng": [
    968201335,
    1631209440
  ],
  "shard_prediction_precision": 0.26500561833381653,
  "shard_prediction_recall": 0.23694445192813873
}