{
  "accs_after_deletion": [
    0.832800030708313,
    0.8330000638961792,
    0.8380000591278076,
    0.8314000368118286,
    0.8254000544548035,
    0.8206000328063965
  ],
  "accs_before_deletion": [
    0.8652000427246094,
    0.8594000339508057,
    0.8582000136375427,
    0.8568000197410583,
    0.8588000535964966,
    0.855400025844574
  ],
  "delta": 6.982864657330156e-05,
  "ensemble_acc_after_deletion": 0.8508000373840332,
  "ensemble_acc_before_deletion": 0.8730000257492065,
  "epsilon": "\u221e",
  "indicator": 0,
  "lengths_after_deletion": [
    2410,
    2431,
    2381,
    2998,
    2932,
    3053
  ],
  "rng": [
    98708879,
    1745238905
  ],
  "shard_prediction_precision": 0.2472846657037735,
  "shard_prediction_recall": 0.27194443345069885
}