{
  "accs_after_deletion": [
    0.42820000648498535,
    0.4142000079154968,
    0.4540000259876251,
    0.45420002937316895,
    0.45260003209114075,
    0.4424000084400177
  ],
  "accs_before_deletion": [
    0.5170000195503235,
    0.5406000018119812,
    0.5138000249862671,
    0.5031999945640564,
    0.5148000121116638,
    0.5284000039100647
  ],
  "delta": 5.0886316442113006e-05,
  "ensemble_acc_after_deletion": 0.49720001220703125,
  "ensemble_acc_before_deletion": 0.5768000483512878,
  "epsilon": "\u221e",
  "indicator": 1,
  "lengths_after_deletion": [
    3055,
    2791,
    3098,
    4388,
    4286,
    4419
  ],
  "rng": [
    0,
    2134614006
  ],
  "shard_prediction_precision": 0.2981165647506714,
  "shard_prediction_recall": 0.32249999046325684
}