{
  "accs_after_deletion": [
    0.46700000762939453,
    0.46320003271102905,
    0.45440003275871277,
    0.47520002722740173,
    0.45980003476142883,
    0.47440001368522644
  ],
  "accs_before_deletion": [
    0.5120000243186951,
    0.5166000127792358,
    0.5162000060081482,
    0.5400000214576721,
    0.5308000445365906,
    0.5258000493049622
  ],
  "delta": 5.0886316442113006e-05,
  "ensemble_acc_after_deletion": 0.5238000154495239,
  "ensemble_acc_before_deletion": 0.5784000158309937,
  "epsilon": "\u221e",
  "indicator": 1,
  "lengths_after_deletion": [
    3396,
    3447,
    3365,
    4711,
    4886,
    4789
  ],
  "rng": [
    1013960970,
    2441368159
  ],
  "shard_prediction_precision": 0.30804067850112915,
  "shard_prediction_recall": 0.3004166781902313
}