{
  "accs_after_deletion": [
    0.42900002002716064,
    0.43480002880096436,
    0.44780001044273376,
    0.4580000340938568,
    0.45980003476142883,
    0.4406000077724457
  ],
  "accs_before_deletion": [
    0.5184000134468079,
    0.522599995136261,
    0.5276000499725342,
    0.5284000039100647,
    0.5175999999046326,
    0.5210000276565552
  ],
  "delta": 5.0886316442113006e-05,
  "ensemble_acc_after_deletion": 0.5046000480651855,
  "ensemble_acc_before_deletion": 0.5688000321388245,
  "epsilon": "\u221e",
  "indicator": 1,
  "lengths_after_deletion": [
    2828,
    2961,
    2972,
    4315,
    4534,
    4300
  ],
  "rng": [
    1043282945,
    3831247141
  ],
  "shard_prediction_precision": 0.30218473076820374,
  "shard_prediction_recall": 0.32850000262260437
}