{
  "accs_after_deletion": [
    0.44360002875328064,
    0.4480000138282776,
    0.4556000232696533,
    0.45500001311302185,
    0.43460002541542053,
    0.45900002121925354
  ],
  "accs_before_deletion": [
    0.5264000296592712,
    0.5404000282287598,
    0.5112000107765198,
    0.5094000101089478,
    0.5014000535011292,
    0.5294000506401062
  ],
  "delta": 5.0886316442113006e-05,
  "ensemble_acc_after_deletion": 0.503600001335144,
  "ensemble_acc_before_deletion": 0.5748000144958496,
  "epsilon": "\u221e",
  "indicator": 1,
  "lengths_after_deletion": [
    2965,
    3043,
    3097,
    4375,
    4228,
    4453
  ],
  "rng": [
    1097523515,
    3357320167
  ],
  "shard_prediction_precision": 0.29741865396499634,
  "shard_prediction_recall": 0.320208340883255
}