{
  "accs_after_deletion": [
    0.4190000295639038,
    0.45180001854896545,
    0.4288000166416168,
    0.4588000178337097,
    0.4660000205039978,
    0.44440001249313354
  ],
  "accs_before_deletion": [
    0.5044000148773193,
    0.5190000534057617,
    0.5202000141143799,
    0.5064000487327576,
    0.5100000500679016,
    0.5144000053405762
  ],
  "delta": 5.0886316442113006e-05,
  "ensemble_acc_after_deletion": 0.5054000020027161,
  "ensemble_acc_before_deletion": 0.5684000253677368,
  "epsilon": "\u221e",
  "indicator": 1,
  "lengths_after_deletion": [
    3034,
    3236,
    3000,
    4492,
    4284,
    4456
  ],
  "rng": [
    1098503920,
    2997850523
  ],
  "shard_prediction_precision": 0.2991999387741089,
  "shard_prediction_recall": 0.3178749978542328
}