{
  "accs_after_deletion": [
    0.4626000225543976,
    0.44860002398490906,
    0.4618000090122223,
    0.47600001096725464,
    0.4718000292778015,
    0.4604000151157379
  ],
  "accs_before_deletion": [
    0.5160000324249268,
    0.5212000012397766,
    0.5266000032424927,
    0.5052000284194946,
    0.5282000303268433,
    0.522599995136261
  ],
  "delta": 5.0886316442113006e-05,
  "ensemble_acc_after_deletion": 0.5174000263214111,
  "ensemble_acc_before_deletion": 0.5756000280380249,
  "epsilon": "\u221e",
  "indicator": 1,
  "lengths_after_deletion": [
    3326,
    3258,
    3434,
    4863,
    4893,
    4777
  ],
  "rng": [
    1124370521,
    3149610620
  ],
  "shard_prediction_precision": 0.30824342370033264,
  "shard_prediction_recall": 0.3011666536331177
}