{
  "accs_after_deletion": [
    0.4434000253677368,
    0.42820000648498535,
    0.44520002603530884,
    0.467600017786026,
    0.47040003538131714,
    0.45580002665519714
  ],
  "accs_before_deletion": [
    0.5296000242233276,
    0.5136000514030457,
    0.5040000081062317,
    0.5082000494003296,
    0.5228000283241272,
    0.522599995136261
  ],
  "delta": 5.0886316442113006e-05,
  "ensemble_acc_after_deletion": 0.5120000243186951,
  "ensemble_acc_before_deletion": 0.5640000104904175,
  "epsilon": "\u221e",
  "indicator": 1,
  "lengths_after_deletion": [
    2948,
    3057,
    3275,
    4304,
    4467,
    4520
  ],
  "rng": [
    1185848642,
    351474343
  ],
  "shard_prediction_precision": 0.29985448718070984,
  "shard_prediction_recall": 0.3177083432674408
}