{
  "accs_after_deletion": [
    0.4442000091075897,
    0.4288000166416168,
    0.4320000112056732,
    0.43560001254081726,
    0.4552000164985657,
    0.44680002331733704
  ],
  "accs_before_deletion": [
    0.5154000520706177,
    0.5300000309944153,
    0.5230000019073486,
    0.5116000175476074,
    0.5254000425338745,
    0.5162000060081482
  ],
  "delta": 5.0886316442113006e-05,
  "ensemble_acc_after_deletion": 0.5020000338554382,
  "ensemble_acc_before_deletion": 0.5726000070571899,
  "epsilon": "\u221e",
  "indicator": 1,
  "lengths_after_deletion": [
    2971,
    2782,
    2771,
    4181,
    4354,
    4272
  ],
  "rng": [
    1237009740,
    792135469
  ],
  "shard_prediction_precision": 0.3117477297782898,
  "shard_prediction_recall": 0.3464166522026062
}