{
  "accs_after_deletion": [
    0.45840001106262207,
    0.44540002942085266,
    0.4492000341415405,
    0.46880000829696655,
    0.47200003266334534,
    0.4646000266075134
  ],
  "accs_before_deletion": [
    0.5297999978065491,
    0.5234000086784363,
    0.5126000046730042,
    0.5116000175476074,
    0.5180000066757202,
    0.5170000195503235
  ],
  "delta": 5.0886316442113006e-05,
  "ensemble_acc_after_deletion": 0.5121999979019165,
  "ensemble_acc_before_deletion": 0.5778000354766846,
  "epsilon": "\u221e",
  "indicator": 1,
  "lengths_after_deletion": [
    3196,
    3087,
    3287,
    4558,
    4682,
    4776
  ],
  "rng": [
    1238046861,
    715956058
  ],
  "shard_prediction_precision": 0.3123207986354828,
  "shard_prediction_recall": 0.3177083432674408
}