{
  "accs_after_deletion": [
    0.4222000241279602,
    0.4310000240802765,
    0.4294000267982483,
    0.44360002875328064,
    0.41920003294944763,
    0.44120001792907715
  ],
  "accs_before_deletion": [
    0.5350000262260437,
    0.5372000336647034,
    0.5124000310897827,
    0.5248000025749207,
    0.48980003595352173,
    0.5100000500679016
  ],
  "delta": 5.0886316442113006e-05,
  "ensemble_acc_after_deletion": 0.48600003123283386,
  "ensemble_acc_before_deletion": 0.5742000341415405,
  "epsilon": "\u221e",
  "indicator": 1,
  "lengths_after_deletion": [
    2805,
    2654,
    2732,
    3959,
    3956,
    4127
  ],
  "rng": [
    129041286,
    2024732015
  ],
  "shard_prediction_precision": 0.2977275252342224,
  "shard_prediction_recall": 0.34445834159851074
}