{
  "accs_after_deletion": [
    0.44860002398490906,
    0.46140003204345703,
    0.4498000144958496,
    0.47540003061294556,
    0.4490000307559967,
    0.4522000253200531
  ],
  "accs_before_deletion": [
    0.5142000317573547,
    0.5400000214576721,
    0.5232000350952148,
    0.5440000295639038,
    0.516800045967102,
    0.5134000182151794
  ],
  "delta": 5.0886316442113006e-05,
  "ensemble_acc_after_deletion": 0.510200023651123,
  "ensemble_acc_before_deletion": 0.5806000232696533,
  "epsilon": "\u221e",
  "indicator": 1,
  "lengths_after_deletion": [
    3249,
    3103,
    3051,
    4563,
    4412,
    4426
  ],
  "rng": [
    1313115860,
    145465824
  ],
  "shard_prediction_precision": 0.30369898676872253,
  "shard_prediction_recall": 0.3188333213329315
}