{
  "accs_after_deletion": [
    0.45840001106262207,
    0.46700000762939453,
    0.4382000267505646,
    0.44460001587867737,
    0.47300001978874207,
    0.4766000211238861
  ],
  "accs_before_deletion": [
    0.5180000066757202,
    0.5404000282287598,
    0.5074000358581543,
    0.5106000304222107,
    0.5146000385284424,
    0.5230000019073486
  ],
  "delta": 5.0886316442113006e-05,
  "ensemble_acc_after_deletion": 0.51500004529953,
  "ensemble_acc_before_deletion": 0.5772000551223755,
  "epsilon": "\u221e",
  "indicator": 1,
  "lengths_after_deletion": [
    3136,
    2937,
    3165,
    4488,
    4470,
    4552
  ],
  "rng": [
    1317076831,
    3497158347
  ],
  "shard_prediction_precision": 0.3050055205821991,
  "shard_prediction_recall": 0.32091665267944336
}