{
  "accs_after_deletion": [
    0.45340001583099365,
    0.47540003061294556,
    0.4572000205516815,
    0.4774000346660614,
    0.47460001707077026,
    0.46800002455711365
  ],
  "accs_before_deletion": [
    0.5136000514030457,
    0.5094000101089478,
    0.49540001153945923,
    0.5144000053405762,
    0.5206000208854675,
    0.4960000216960907
  ],
  "delta": 5.0886316442113006e-05,
  "ensemble_acc_after_deletion": 0.525600016117096,
  "ensemble_acc_before_deletion": 0.5586000084877014,
  "epsilon": "\u221e",
  "indicator": 1,
  "lengths_after_deletion": [
    3275,
    3451,
    3486,
    4721,
    4785,
    4636
  ],
  "rng": [
    1330577623,
    568428825
  ],
  "shard_prediction_precision": 0.2989512085914612,
  "shard_prediction_recall": 0.2945416569709778
}