{
  "accs_after_deletion": [
    0.4376000165939331,
    0.4756000339984894,
    0.4536000192165375,
    0.4634000360965729,
    0.48520001769065857,
    0.46960002183914185
  ],
  "accs_before_deletion": [
    0.5,
    0.5060000419616699,
    0.47540003061294556,
    0.5031999945640564,
    0.525600016117096,
    0.510200023651123
  ],
  "delta": 5.0886316442113006e-05,
  "ensemble_acc_after_deletion": 0.5228000283241272,
  "ensemble_acc_before_deletion": 0.5582000017166138,
  "epsilon": "\u221e",
  "indicator": 1,
  "lengths_after_deletion": [
    3243,
    3416,
    3549,
    4708,
    4829,
    4706
  ],
  "rng": [
    134980183,
    1643028117
  ],
  "shard_prediction_precision": 0.296785444021225,
  "shard_prediction_recall": 0.29120832681655884
}