{
  "accs_after_deletion": [
    0.457800030708313,
    0.4498000144958496,
    0.4418000280857086,
    0.44760000705718994,
    0.4562000334262848,
    0.46720001101493835
  ],
  "accs_before_deletion": [
    0.5218000411987305,
    0.5386000275611877,
    0.5172000527381897,
    0.5006000399589539,
    0.5248000025749207,
    0.5178000330924988
  ],
  "delta": 5.0886316442113006e-05,
  "ensemble_acc_after_deletion": 0.5076000094413757,
  "ensemble_acc_before_deletion": 0.5756000280380249,
  "epsilon": "\u221e",
  "indicator": 1,
  "lengths_after_deletion": [
    3154,
    3037,
    3128,
    4428,
    4519,
    4509
  ],
  "rng": [
    1364838536,
    1890300798
  ],
  "shard_prediction_precision": 0.3056095242500305,
  "shard_prediction_recall": 0.32120832800865173
}