{
  "accs_after_deletion": [
    0.445000022649765,
    0.46060001850128174,
    0.46640002727508545,
    0.46720001101493835,
    0.4790000319480896,
    0.457800030708313
  ],
  "accs_before_deletion": [
    0.5175999999046326,
    0.5138000249862671,
    0.5028000473976135,
    0.5296000242233276,
    0.5374000072479248,
    0.5236000418663025
  ],
  "delta": 5.0886316442113006e-05,
  "ensemble_acc_after_deletion": 0.5246000289916992,
  "ensemble_acc_before_deletion": 0.5800000429153442,
  "epsilon": "\u221e",
  "indicator": 1,
  "lengths_after_deletion": [
    3513,
    3363,
    3336,
    4653,
    4790,
    4798
  ],
  "rng": [
    1401709055,
    2847418632
  ],
  "shard_prediction_precision": 0.3063235282897949,
  "shard_prediction_recall": 0.3005416691303253
}