{
  "accs_after_deletion": [
    0.4442000091075897,
    0.43560001254081726,
    0.42480000853538513,
    0.451200008392334,
    0.46400001645088196,
    0.44860002398490906
  ],
  "accs_before_deletion": [
    0.5384000539779663,
    0.5200000405311584,
    0.522599995136261,
    0.504800021648407,
    0.5186000466346741,
    0.5130000114440918
  ],
  "delta": 5.0886316442113006e-05,
  "ensemble_acc_after_deletion": 0.4930000305175781,
  "ensemble_acc_before_deletion": 0.5766000151634216,
  "epsilon": "\u221e",
  "indicator": 1,
  "lengths_after_deletion": [
    2998,
    3098,
    3086,
    4185,
    4525,
    4381
  ],
  "rng": [
    1479796902,
    2446094574
  ],
  "shard_prediction_precision": 0.2977805435657501,
  "shard_prediction_recall": 0.3192083239555359
}