{
  "accs_after_deletion": [
    0.4360000193119049,
    0.44360002875328064,
    0.4524000287055969,
    0.45180001854896545,
    0.45160001516342163,
    0.4390000104904175
  ],
  "accs_before_deletion": [
    0.5210000276565552,
    0.503000020980835,
    0.5204000473022461,
    0.5152000188827515,
    0.4936000108718872,
    0.5049999952316284
  ],
  "delta": 5.0886316442113006e-05,
  "ensemble_acc_after_deletion": 0.5038000345230103,
  "ensemble_acc_before_deletion": 0.5606000423431396,
  "epsilon": "\u221e",
  "indicator": 1,
  "lengths_after_deletion": [
    3083,
    2959,
    2801,
    4357,
    4241,
    4202
  ],
  "rng": [
    1572212399,
    3778851594
  ],
  "shard_prediction_precision": 0.3039420247077942,
  "shard_prediction_recall": 0.33379167318344116
}