{
  "accs_after_deletion": [
    0.44620001316070557,
    0.443200021982193,
    0.43400001525878906,
    0.4562000334262848,
    0.46080002188682556,
    0.4492000341415405
  ],
  "accs_before_deletion": [
    0.5238000154495239,
    0.5136000514030457,
    0.5180000066757202,
    0.5034000277519226,
    0.5252000093460083,
    0.5228000283241272
  ],
  "delta": 5.0886316442113006e-05,
  "ensemble_acc_after_deletion": 0.5012000203132629,
  "ensemble_acc_before_deletion": 0.5712000131607056,
  "epsilon": "\u221e",
  "indicator": 1,
  "lengths_after_deletion": [
    3046,
    3030,
    2794,
    4176,
    4270,
    4444
  ],
  "rng": [
    1785381601,
    3506728438
  ],
  "shard_prediction_precision": 0.30045732855796814,
  "shard_prediction_recall": 0.32850000262260437
}