{
  "accs_after_deletion": [
    0.42580002546310425,
    0.428600013256073,
    0.4254000186920166,
    0.4284000098705292,
    0.4472000300884247,
    0.45020002126693726
  ],
  "accs_before_deletion": [
    0.5182000398635864,
    0.5314000248908997,
    0.5157999992370605,
    0.5108000040054321,
    0.5162000060081482,
    0.48980003595352173
  ],
  "delta": 5.0886316442113006e-05,
  "ensemble_acc_after_deletion": 0.49380001425743103,
  "ensemble_acc_before_deletion": 0.5703999996185303,
  "epsilon": "\u221e",
  "indicator": 1,
  "lengths_after_deletion": [
    2895,
    2550,
    2771,
    4031,
    4208,
    3965
  ],
  "rng": [
    1789008938,
    4014880912
  ],
  "shard_prediction_precision": 0.2984409034252167,
  "shard_prediction_recall": 0.34295833110809326
}