{
  "accs_after_deletion": [
    0.47280001640319824,
    0.4674000144004822,
    0.4710000157356262,
    0.4970000088214874,
    0.46700000762939453,
    0.46300002932548523
  ],
  "accs_before_deletion": [
    0.5286000370979309,
    0.51500004529953,
    0.5212000012397766,
    0.5188000202178955,
    0.5078000426292419,
    0.5103999972343445
  ],
  "delta": 5.0886316442113006e-05,
  "ensemble_acc_after_deletion": 0.5290000438690186,
  "ensemble_acc_before_deletion": 0.5700000524520874,
  "epsilon": "\u221e",
  "indicator": 1,
  "lengths_after_deletion": [
    3612,
    3297,
    3599,
    4927,
    4843,
    4785
  ],
  "rng": [
    1805114217,
    1454947457
  ],
  "shard_prediction_precision": 0.3052709400653839,
  "shard_prediction_recall": 0.2917499840259552
}