{
  "accs_after_deletion": [
    0.4424000084400177,
    0.4400000274181366,
    0.45180001854896545,
    0.4586000144481659,
    0.45180001854896545,
    0.46160003542900085
  ],
  "accs_before_deletion": [
    0.511400043964386,
    0.5336000323295593,
    0.5220000147819519,
    0.5100000500679016,
    0.5106000304222107,
    0.5220000147819519
  ],
  "delta": 5.0886316442113006e-05,
  "ensemble_acc_after_deletion": 0.5060000419616699,
  "ensemble_acc_before_deletion": 0.5706000328063965,
  "epsilon": "\u221e",
  "indicator": 1,
  "lengths_after_deletion": [
    3316,
    3146,
    3245,
    4556,
    4712,
    4571
  ],
  "rng": [
    1811435362,
    2834874256
  ],
  "shard_prediction_precision": 0.3057577311992645,
  "shard_prediction_recall": 0.31154167652130127
}