{
  "accs_after_deletion": [
    0.43780001997947693,
    0.4504000246524811,
    0.43620002269744873,
    0.4524000287055969,
    0.45600003004074097,
    0.4662000238895416
  ],
  "accs_before_deletion": [
    0.5372000336647034,
    0.5234000086784363,
    0.5136000514030457,
    0.5180000066757202,
    0.5175999999046326,
    0.5250000357627869
  ],
  "delta": 5.0886316442113006e-05,
  "ensemble_acc_after_deletion": 0.5126000046730042,
  "ensemble_acc_before_deletion": 0.5766000151634216,
  "epsilon": "\u221e",
  "indicator": 1,
  "lengths_after_deletion": [
    2874,
    3138,
    2983,
    4450,
    4451,
    4444
  ],
  "rng": [
    1832598669,
    2301035555
  ],
  "shard_prediction_precision": 0.31196412444114685,
  "shard_prediction_recall": 0.3335416615009308
}