{
  "accs_after_deletion": [
    0.4490000307559967,
    0.4416000247001648,
    0.43880000710487366,
    0.46160003542900085,
    0.46480002999305725,
    0.454800009727478
  ],
  "accs_before_deletion": [
    0.5254000425338745,
    0.5160000324249268,
    0.5062000155448914,
    0.5031999945640564,
    0.5112000107765198,
    0.5106000304222107
  ],
  "delta": 5.0886316442113006e-05,
  "ensemble_acc_after_deletion": 0.5108000040054321,
  "ensemble_acc_before_deletion": 0.5706000328063965,
  "epsilon": "\u221e",
  "indicator": 1,
  "lengths_after_deletion": [
    3269,
    3126,
    3116,
    4408,
    4583,
    4510
  ],
  "rng": [
    1943816049,
    1391159172
  ],
  "shard_prediction_precision": 0.29982393980026245,
  "shard_prediction_recall": 0.31216666102409363
}