{
  "accs_after_deletion": [
    0.4252000153064728,
    0.4288000166416168,
    0.41360002756118774,
    0.4464000165462494,
    0.42660000920295715,
    0.4358000159263611
  ],
  "accs_before_deletion": [
    0.5166000127792358,
    0.5312000513076782,
    0.5044000148773193,
    0.5308000445365906,
    0.5314000248908997,
    0.5208000540733337
  ],
  "delta": 5.0886316442113006e-05,
  "ensemble_acc_after_deletion": 0.48360002040863037,
  "ensemble_acc_before_deletion": 0.5768000483512878,
  "epsilon": "\u221e",
  "indicator": 1,
  "lengths_after_deletion": [
    2810,
    2684,
    2718,
    4076,
    4144,
    4112
  ],
  "rng": [
    1947951432,
    3899040509
  ],
  "shard_prediction_precision": 0.30638113617897034,
  "shard_prediction_recall": 0.3504999876022339
}