{
  "accs_after_deletion": [
    0.4504000246524811,
    0.44520002603530884,
    0.45420002937316895,
    0.46980002522468567,
    0.47120001912117004,
    0.44220003485679626
  ],
  "accs_before_deletion": [
    0.5246000289916992,
    0.5264000296592712,
    0.5210000276565552,
    0.527999997138977,
    0.522599995136261,
    0.5112000107765198
  ],
  "delta": 5.0886316442113006e-05,
  "ensemble_acc_after_deletion": 0.5202000141143799,
  "ensemble_acc_before_deletion": 0.5782000422477722,
  "epsilon": "\u221e",
  "indicator": 1,
  "lengths_after_deletion": [
    3139,
    3180,
    3289,
    4564,
    4568,
    4684
  ],
  "rng": [
    1965394400,
    4193470876
  ],
  "shard_prediction_precision": 0.3080647885799408,
  "shard_prediction_recall": 0.3154583275318146
}