{
  "accs_after_deletion": [
    0.4164000153541565,
    0.4424000084400177,
    0.4204000234603882,
    0.42580002546310425,
    0.44380003213882446,
    0.4418000280857086
  ],
  "accs_before_deletion": [
    0.5166000127792358,
    0.5242000222206116,
    0.516800045967102,
    0.5306000113487244,
    0.5156000256538391,
    0.5204000473022461
  ],
  "delta": 5.0886316442113006e-05,
  "ensemble_acc_after_deletion": 0.4748000204563141,
  "ensemble_acc_before_deletion": 0.5740000009536743,
  "epsilon": "\u221e",
  "indicator": 1,
  "lengths_after_deletion": [
    2826,
    2830,
    2951,
    4339,
    4316,
    4150
  ],
  "rng": [
    2003768876,
    3999854102
  ],
  "shard_prediction_precision": 0.31269747018814087,
  "shard_prediction_recall": 0.3464166522026062
}