{
  "accs_after_deletion": [
    0.4262000322341919,
    0.44840002059936523,
    0.42820000648498535,
    0.4612000286579132,
    0.4508000314235687,
    0.4382000267505646
  ],
  "accs_before_deletion": [
    0.5103999972343445,
    0.5288000106811523,
    0.5085999965667725,
    0.5108000040054321,
    0.525600016117096,
    0.5162000060081482
  ],
  "delta": 5.0886316442113006e-05,
  "ensemble_acc_after_deletion": 0.5052000284194946,
  "ensemble_acc_before_deletion": 0.5706000328063965,
  "epsilon": "\u221e",
  "indicator": 1,
  "lengths_after_deletion": [
    2777,
    2958,
    2983,
    4291,
    4322,
    4384
  ],
  "rng": [
    2057541230,
    2414704552
  ],
  "shard_prediction_precision": 0.30077990889549255,
  "shard_prediction_recall": 0.3294166624546051
}