{
  "accs_after_deletion": [
    0.4416000247001648,
    0.43720000982284546,
    0.4098000228404999,
    0.44840002059936523,
    0.4562000334262848,
    0.453000009059906
  ],
  "accs_before_deletion": [
    0.524399995803833,
    0.5252000093460083,
    0.5162000060081482,
    0.5024000406265259,
    0.498600035905838,
    0.5196000337600708
  ],
  "delta": 5.0886316442113006e-05,
  "ensemble_acc_after_deletion": 0.4960000216960907,
  "ensemble_acc_before_deletion": 0.5700000524520874,
  "epsilon": "\u221e",
  "indicator": 1,
  "lengths_after_deletion": [
    2980,
    2920,
    2831,
    4312,
    4236,
    4407
  ],
  "rng": [
    2085073179,
    2694794664
  ],
  "shard_prediction_precision": 0.30405867099761963,
  "shard_prediction_recall": 0.3333750069141388
}