{
  "accs_after_deletion": [
    0.48440003395080566,
    0.43220001459121704,
    0.46300002932548523,
    0.45680001378059387,
    0.47300001978874207,
    0.4652000367641449
  ],
  "accs_before_deletion": [
    0.4854000210762024,
    0.537600040435791,
    0.5070000290870667,
    0.5178000330924988,
    0.532800018787384,
    0.5175999999046326
  ],
  "delta": 5.0886316442113006e-05,
  "ensemble_acc_after_deletion": 0.5236000418663025,
  "ensemble_acc_before_deletion": 0.5703999996185303,
  "epsilon": "\u221e",
  "indicator": 1,
  "lengths_after_deletion": [
    3499,
    2900,
    3239,
    4681,
    4617,
    4531
  ],
  "rng": [
    2087756545,
    3426368067
  ],
  "shard_prediction_precision": 0.30615904927253723,
  "shard_prediction_recall": 0.31295832991600037
}