{
  "accs_after_deletion": [
    0.4284000098705292,
    0.42920002341270447,
    0.44300001859664917,
    0.45660001039505005,
    0.4288000166416168,
    0.4406000077724457
  ],
  "accs_before_deletion": [
    0.5152000188827515,
    0.5192000269889832,
    0.5034000277519226,
    0.5188000202178955,
    0.5124000310897827,
    0.5332000255584717
  ],
  "delta": 5.0886316442113006e-05,
  "ensemble_acc_after_deletion": 0.49560001492500305,
  "ensemble_acc_before_deletion": 0.5676000118255615,
  "epsilon": "\u221e",
  "indicator": 1,
  "lengths_after_deletion": [
    2779,
    2863,
    2768,
    4118,
    4206,
    4409
  ],
  "rng": [
    2144121535,
    494364943
  ],
  "shard_prediction_precision": 0.307666540145874,
  "shard_prediction_recall": 0.34429165720939636
}