{
  "accs_after_deletion": [
    0.4594000279903412,
    0.47140002250671387,
    0.45600003004074097,
    0.4718000292778015,
    0.46480002999305725,
    0.46480002999305725
  ],
  "accs_before_deletion": [
    0.506600022315979,
    0.5200000405311584,
    0.524399995803833,
    0.5118000507354736,
    0.5448000431060791,
    0.5206000208854675
  ],
  "delta": 5.0886316442113006e-05,
  "ensemble_acc_after_deletion": 0.5264000296592712,
  "ensemble_acc_before_deletion": 0.574400007724762,
  "epsilon": "\u221e",
  "indicator": 1,
  "lengths_after_deletion": [
    3516,
    3363,
    3258,
    4618,
    4789,
    4725
  ],
  "rng": [
    2227686182,
    533603148
  ],
  "shard_prediction_precision": 0.30407482385635376,
  "shard_prediction_recall": 0.3006666600704193
}