{
  "accs_after_deletion": [
    0.41600000858306885,
    0.4402000308036804,
    0.4360000193119049,
    0.45420002937316895,
    0.48180001974105835,
    0.4506000280380249
  ],
  "accs_before_deletion": [
    0.4992000162601471,
    0.5246000289916992,
    0.5188000202178955,
    0.5010000467300415,
    0.522599995136261,
    0.5118000507354736
  ],
  "delta": 5.0886316442113006e-05,
  "ensemble_acc_after_deletion": 0.510200023651123,
  "ensemble_acc_before_deletion": 0.5670000314712524,
  "epsilon": "\u221e",
  "indicator": 1,
  "lengths_after_deletion": [
    3224,
    3060,
    2890,
    4485,
    4566,
    4457
  ],
  "rng": [
    2245112299,
    2948049664
  ],
  "shard_prediction_precision": 0.31250494718551636,
  "shard_prediction_recall": 0.3296666741371155
}