{
  "accs_after_deletion": [
    0.4522000253200531,
    0.4440000355243683,
    0.4246000349521637,
    0.46140003204345703,
    0.44620001316070557,
    0.453000009059906
  ],
  "accs_before_deletion": [
    0.5264000296592712,
    0.5128000378608704,
    0.5,
    0.5290000438690186,
    0.5250000357627869,
    0.5182000398635864
  ],
  "delta": 5.0886316442113006e-05,
  "ensemble_acc_after_deletion": 0.5074000358581543,
  "ensemble_acc_before_deletion": 0.5740000009536743,
  "epsilon": "\u221e",
  "indicator": 1,
  "lengths_after_deletion": [
    3058,
    3045,
    2989,
    4517,
    4482,
    4336
  ],
  "rng": [
    2274896230,
    2238945791
  ],
  "shard_prediction_precision": 0.30895867943763733,
  "shard_prediction_recall": 0.3292083442211151
}