{
  "accs_after_deletion": [
    0.41940000653266907,
    0.4124000072479248,
    0.4196000099182129,
    0.4398000240325928,
    0.43300002813339233,
    0.44300001859664917
  ],
  "accs_before_deletion": [
    0.5214000344276428,
    0.5180000066757202,
    0.503600001335144,
    0.5230000019073486,
    0.5092000365257263,
    0.5162000060081482
  ],
  "delta": 5.0886316442113006e-05,
  "ensemble_acc_after_deletion": 0.4806000292301178,
  "ensemble_acc_before_deletion": 0.5724000334739685,
  "epsilon": "\u221e",
  "indicator": 1,
  "lengths_after_deletion": [
    2891,
    2656,
    2769,
    4344,
    4052,
    4099
  ],
  "rng": [
    2318327107,
    2333941443
  ],
  "shard_prediction_precision": 0.31174370646476746,
  "shard_prediction_recall": 0.3531666696071625
}