{
  "accs_after_deletion": [
    0.4278000295162201,
    0.45580002665519714,
    0.4366000294685364,
    0.4458000063896179,
    0.4482000172138214,
    0.4678000211715698
  ],
  "accs_before_deletion": [
    0.5302000045776367,
    0.5304000377655029,
    0.5094000101089478,
    0.5148000121116638,
    0.5286000370979309,
    0.5306000113487244
  ],
  "delta": 5.0886316442113006e-05,
  "ensemble_acc_after_deletion": 0.5082000494003296,
  "ensemble_acc_before_deletion": 0.5802000164985657,
  "epsilon": "\u221e",
  "indicator": 1,
  "lengths_after_deletion": [
    2688,
    2808,
    2979,
    4180,
    4336,
    4365
  ],
  "rng": [
    2373321923,
    3664267010
  ],
  "shard_prediction_precision": 0.30550968647003174,
  "shard_prediction_recall": 0.33916667103767395
}