{
  "accs_after_deletion": [
    0.4238000214099884,
    0.4132000207901001,
    0.42580002546310425,
    0.45320001244544983,
    0.43700000643730164,
    0.4374000132083893
  ],
  "accs_before_deletion": [
    0.5208000540733337,
    0.5356000065803528,
    0.5121999979019165,
    0.5110000371932983,
    0.5060000419616699,
    0.5175999999046326
  ],
  "delta": 5.0886316442113006e-05,
  "ensemble_acc_after_deletion": 0.48000001907348633,
  "ensemble_acc_before_deletion": 0.5786000490188599,
  "epsilon": "\u221e",
  "indicator": 1,
  "lengths_after_deletion": [
    2885,
    2942,
    2906,
    4276,
    4130,
    4327
  ],
  "rng": [
    2394995247,
    360020416
  ],
  "shard_prediction_precision": 0.3013492226600647,
  "shard_prediction_recall": 0.3331666588783264
}