{
  "accs_after_deletion": [
    0.4410000145435333,
    0.4294000267982483,
    0.45420002937316895,
    0.4634000360965729,
    0.4458000063896179,
    0.45580002665519714
  ],
  "accs_before_deletion": [
    0.5148000121116638,
    0.5326000452041626,
    0.5174000263214111,
    0.5246000289916992,
    0.5284000039100647,
    0.5020000338554382
  ],
  "delta": 5.0886316442113006e-05,
  "ensemble_acc_after_deletion": 0.4994000196456909,
  "ensemble_acc_before_deletion": 0.5692000389099121,
  "epsilon": "\u221e",
  "indicator": 1,
  "lengths_after_deletion": [
    3272,
    2957,
    2979,
    4319,
    4413,
    4442
  ],
  "rng": [
    2398688275,
    1710712734
  ],
  "shard_prediction_precision": 0.2981887757778168,
  "shard_prediction_recall": 0.31829166412353516
}