{
  "accs_after_deletion": [
    0.45660001039505005,
    0.4618000090122223,
    0.4410000145435333,
    0.46720001101493835,
    0.4662000238895416,
    0.46000000834465027
  ],
  "accs_before_deletion": [
    0.5218000411987305,
    0.5297999978065491,
    0.49900001287460327,
    0.51500004529953,
    0.5370000004768372,
    0.5196000337600708
  ],
  "delta": 5.0886316442113006e-05,
  "ensemble_acc_after_deletion": 0.5186000466346741,
  "ensemble_acc_before_deletion": 0.5772000551223755,
  "epsilon": "\u221e",
  "indicator": 1,
  "lengths_after_deletion": [
    3209,
    3118,
    3258,
    4472,
    4756,
    4772
  ],
  "rng": [
    2420025530,
    2415997563
  ],
  "shard_prediction_precision": 0.3121032118797302,
  "shard_prediction_recall": 0.3174999952316284
}