{
  "accs_after_deletion": [
    0.4626000225543976,
    0.44280001521110535,
    0.4792000353336334,
    0.4678000211715698,
    0.47040003538131714,
    0.4748000204563141
  ],
  "accs_before_deletion": [
    0.5184000134468079,
    0.5108000040054321,
    0.5044000148773193,
    0.4994000196456909,
    0.5082000494003296,
    0.5266000032424927
  ],
  "delta": 5.0886316442113006e-05,
  "ensemble_acc_after_deletion": 0.5296000242233276,
  "ensemble_acc_before_deletion": 0.5646000504493713,
  "epsilon": "\u221e",
  "indicator": 1,
  "lengths_after_deletion": [
    3214,
    3394,
    3364,
    4792,
    4676,
    4683
  ],
  "rng": [
    2430824775,
    4146308928
  ],
  "shard_prediction_precision": 0.29924196004867554,
  "shard_prediction_recall": 0.29770833253860474
}