{
  "accs_after_deletion": [
    0.4402000308036804,
    0.4366000294685364,
    0.4310000240802765,
    0.453000009059906,
    0.45000001788139343,
    0.4508000314235687
  ],
  "accs_before_deletion": [
    0.5184000134468079,
    0.5186000466346741,
    0.5304000377655029,
    0.513200044631958,
    0.5031999945640564,
    0.5092000365257263
  ],
  "delta": 5.0886316442113006e-05,
  "ensemble_acc_after_deletion": 0.496800035238266,
  "ensemble_acc_before_deletion": 0.5740000009536743,
  "epsilon": "\u221e",
  "indicator": 1,
  "lengths_after_deletion": [
    2896,
    2881,
    2823,
    4182,
    4102,
    4215
  ],
  "rng": [
    2454588662,
    4158297163
  ],
  "shard_prediction_precision": 0.3000260293483734,
  "shard_prediction_recall": 0.33629167079925537
}