{
  "accs_after_deletion": [
    0.4580000340938568,
    0.4466000199317932,
    0.4642000198364258,
    0.4564000070095062,
    0.4700000286102295,
    0.45820000767707825
  ],
  "accs_before_deletion": [
    0.5124000310897827,
    0.5192000269889832,
    0.5058000087738037,
    0.5116000175476074,
    0.5078000426292419,
    0.5230000019073486
  ],
  "delta": 5.0886316442113006e-05,
  "ensemble_acc_after_deletion": 0.5082000494003296,
  "ensemble_acc_before_deletion": 0.574400007724762,
  "epsilon": "\u221e",
  "indicator": 1,
  "lengths_after_deletion": [
    3437,
    3310,
    3386,
    4710,
    4755,
    4853
  ],
  "rng": [
    2493743557,
    1996365824
  ],
  "shard_prediction_precision": 0.30880293250083923,
  "shard_prediction_recall": 0.30300000309944153
}