{
  "accs_after_deletion": [
    0.45000001788139343,
    0.454800009727478,
    0.4400000274181366,
    0.46800002455711365,
    0.4594000279903412,
    0.451200008392334
  ],
  "accs_before_deletion": [
    0.5192000269889832,
    0.5144000053405762,
    0.5078000426292419,
    0.5121999979019165,
    0.5192000269889832,
    0.516800045967102
  ],
  "delta": 5.0886316442113006e-05,
  "ensemble_acc_after_deletion": 0.5124000310897827,
  "ensemble_acc_before_deletion": 0.5630000233650208,
  "epsilon": "\u221e",
  "indicator": 1,
  "lengths_after_deletion": [
    3031,
    2900,
    3116,
    4364,
    4430,
    4371
  ],
  "rng": [
    2515503594,
    3680718942
  ],
  "shard_prediction_precision": 0.3016906976699829,
  "shard_prediction_recall": 0.3241666555404663
}