{
  "accs_after_deletion": [
    0.3992000222206116,
    0.4124000072479248,
    0.40640002489089966,
    0.4366000294685364,
    0.41280001401901245,
    0.42580002546310425
  ],
  "accs_before_deletion": [
    0.524399995803833,
    0.5318000316619873,
    0.49660003185272217,
    0.5238000154495239,
    0.4928000271320343,
    0.49800002574920654
  ],
  "delta": 5.0886316442113006e-05,
  "ensemble_acc_after_deletion": 0.4766000211238861,
  "ensemble_acc_before_deletion": 0.5670000314712524,
  "epsilon": "\u221e",
  "indicator": 1,
  "lengths_after_deletion": [
    2577,
    2396,
    2550,
    3903,
    3631,
    3679
  ],
  "rng": [
    2595109366,
    3006541919
  ],
  "shard_prediction_precision": 0.2929196357727051,
  "shard_prediction_recall": 0.35716667771339417
}