{
  "accs_after_deletion": [
    0.46220001578330994,
    0.4618000090122223,
    0.43800002336502075,
    0.47120001912117004,
    0.45920002460479736,
    0.4716000258922577
  ],
  "accs_before_deletion": [
    0.5082000494003296,
    0.5218000411987305,
    0.5078000426292419,
    0.527999997138977,
    0.51500004529953,
    0.5272000432014465
  ],
  "delta": 5.0886316442113006e-05,
  "ensemble_acc_after_deletion": 0.5194000005722046,
  "ensemble_acc_before_deletion": 0.5718000531196594,
  "epsilon": "\u221e",
  "indicator": 1,
  "lengths_after_deletion": [
    3218,
    3288,
    3064,
    4525,
    4621,
    4616
  ],
  "rng": [
    2600925433,
    1746101226
  ],
  "shard_prediction_precision": 0.3039565682411194,
  "shard_prediction_recall": 0.312416672706604
}