{
  "accs_after_deletion": [
    0.4508000314235687,
    0.47200003266334534,
    0.47220003604888916,
    0.4570000171661377,
    0.4588000178337097,
    0.4626000225543976
  ],
  "accs_before_deletion": [
    0.524399995803833,
    0.4716000258922577,
    0.5348000526428223,
    0.5103999972343445,
    0.5220000147819519,
    0.5230000019073486
  ],
  "delta": 5.0886316442113006e-05,
  "ensemble_acc_after_deletion": 0.522599995136261,
  "ensemble_acc_before_deletion": 0.5776000022888184,
  "epsilon": "\u221e",
  "indicator": 0,
  "lengths_after_deletion": [
    3387,
    3715,
    3689,
    4940,
    4781,
    4847
  ],
  "rng": [
    2618427173,
    3374383281
  ],
  "shard_prediction_precision": 0.29216906428337097,
  "shard_prediction_recall": 0.27562499046325684
}