{
  "accs_after_deletion": [
    0.4620000123977661,
    0.4634000360965729,
    0.46160003542900085,
    0.47540003061294556,
    0.4524000287055969,
    0.4508000314235687
  ],
  "accs_before_deletion": [
    0.5139999985694885,
    0.5136000514030457,
    0.5006000399589539,
    0.5108000040054321,
    0.5138000249862671,
    0.5172000527381897
  ],
  "delta": 5.0886316442113006e-05,
  "ensemble_acc_after_deletion": 0.5202000141143799,
  "ensemble_acc_before_deletion": 0.5666000247001648,
  "epsilon": "\u221e",
  "indicator": 0,
  "lengths_after_deletion": [
    3287,
    3400,
    3198,
    4510,
    4629,
    4645
  ],
  "rng": [
    2644421181,
    59635276
  ],
  "shard_prediction_precision": 0.2990012764930725,
  "shard_prediction_recall": 0.3031249940395355
}