{
  "accs_after_deletion": [
    0.42900002002716064,
    0.4408000111579895,
    0.44300001859664917,
    0.4294000267982483,
    0.4366000294685364,
    0.4780000150203705
  ],
  "accs_before_deletion": [
    0.5110000371932983,
    0.5064000487327576,
    0.5210000276565552,
    0.496800035238266,
    0.5,
    0.5128000378608704
  ],
  "delta": 5.0886316442113006e-05,
  "ensemble_acc_after_deletion": 0.5034000277519226,
  "ensemble_acc_before_deletion": 0.5582000017166138,
  "epsilon": "\u221e",
  "indicator": 1,
  "lengths_after_deletion": [
    3012,
    3158,
    2916,
    4304,
    4429,
    4395
  ],
  "rng": [
    2652002820,
    1052496242
  ],
  "shard_prediction_precision": 0.2952765226364136,
  "shard_prediction_recall": 0.31724998354911804
}