{
  "accs_after_deletion": [
    0.44700002670288086,
    0.4214000105857849,
    0.4382000267505646,
    0.43160003423690796,
    0.4302000105381012,
    0.4360000193119049
  ],
  "accs_before_deletion": [
    0.5166000127792358,
    0.5302000045776367,
    0.5092000365257263,
    0.5006000399589539,
    0.5284000039100647,
    0.5160000324249268
  ],
  "delta": 5.0886316442113006e-05,
  "ensemble_acc_after_deletion": 0.4878000319004059,
  "ensemble_acc_before_deletion": 0.5782000422477722,
  "epsilon": "\u221e",
  "indicator": 0,
  "lengths_after_deletion": [
    2888,
    2986,
    3166,
    4256,
    4408,
    4401
  ],
  "rng": [
    2686798840,
    342364433
  ],
  "shard_prediction_precision": 0.2999034523963928,
  "shard_prediction_recall": 0.32358333468437195
}