{
  "accs_after_deletion": [
    0.4540000259876251,
    0.4408000111579895,
    0.46540001034736633,
    0.4792000353336334,
    0.47540003061294556,
    0.4662000238895416
  ],
  "accs_before_deletion": [
    0.5270000100135803,
    0.5156000256538391,
    0.5214000344276428,
    0.5232000350952148,
    0.5220000147819519,
    0.5204000473022461
  ],
  "delta": 5.0886316442113006e-05,
  "ensemble_acc_after_deletion": 0.5174000263214111,
  "ensemble_acc_before_deletion": 0.574400007724762,
  "epsilon": "\u221e",
  "indicator": 1,
  "lengths_after_deletion": [
    3282,
    3243,
    3186,
    4585,
    4721,
    4593
  ],
  "rng": [
    2687837682,
    1336361227
  ],
  "shard_prediction_precision": 0.3062320649623871,
  "shard_prediction_recall": 0.3112083375453949
}