{
  "accs_after_deletion": [
    0.4732000231742859,
    0.47360002994537354,
    0.4636000096797943,
    0.4790000319480896,
    0.453000009059906,
    0.4756000339984894
  ],
  "accs_before_deletion": [
    0.5190000534057617,
    0.5206000208854675,
    0.5164000391960144,
    0.5254000425338745,
    0.5128000378608704,
    0.532200038433075
  ],
  "delta": 5.0886316442113006e-05,
  "ensemble_acc_after_deletion": 0.532800018787384,
  "ensemble_acc_before_deletion": 0.5754000544548035,
  "epsilon": "\u221e",
  "indicator": 0,
  "lengths_after_deletion": [
    3545,
    3654,
    3351,
    4879,
    4987,
    5000
  ],
  "rng": [
    2717170300,
    3076957503
  ],
  "shard_prediction_precision": 0.3092454671859741,
  "shard_prediction_recall": 0.29100000858306885
}