{
  "accs_after_deletion": [
    0.43320003151893616,
    0.44520002603530884,
    0.4508000314235687,
    0.46540001034736633,
    0.45100003480911255,
    0.4668000340461731
  ],
  "accs_before_deletion": [
    0.5126000046730042,
    0.5160000324249268,
    0.516800045967102,
    0.5252000093460083,
    0.5064000487327576,
    0.5288000106811523
  ],
  "delta": 5.0886316442113006e-05,
  "ensemble_acc_after_deletion": 0.5040000081062317,
  "ensemble_acc_before_deletion": 0.5732000470161438,
  "epsilon": "\u221e",
  "indicator": 1,
  "lengths_after_deletion": [
    2826,
    3094,
    2784,
    4278,
    4228,
    4315
  ],
  "rng": [
    2757698930,
    1799199302
  ],
  "shard_prediction_precision": 0.3053824305534363,
  "shard_prediction_recall": 0.33687499165534973
}