{
  "accs_after_deletion": [
    0.4426000118255615,
    0.4180000126361847,
    0.4490000307559967,
    0.453000009059906,
    0.4498000144958496,
    0.45600003004074097
  ],
  "accs_before_deletion": [
    0.5130000114440918,
    0.5297999978065491,
    0.5064000487327576,
    0.5246000289916992,
    0.5216000080108643,
    0.5175999999046326
  ],
  "delta": 5.0886316442113006e-05,
  "ensemble_acc_after_deletion": 0.5058000087738037,
  "ensemble_acc_before_deletion": 0.5722000002861023,
  "epsilon": "\u221e",
  "indicator": 1,
  "lengths_after_deletion": [
    3178,
    3033,
    3250,
    4458,
    4358,
    4340
  ],
  "rng": [
    2783073493,
    2853650038
  ],
  "shard_prediction_precision": 0.29125794768333435,
  "shard_prediction_recall": 0.30804166197776794
}