{
  "accs_after_deletion": [
    0.40480002760887146,
    0.4228000342845917,
    0.41520002484321594,
    0.4320000112056732,
    0.4390000104904175,
    0.4280000329017639
  ],
  "accs_before_deletion": [
    0.5064000487327576,
    0.5112000107765198,
    0.5250000357627869,
    0.4976000189781189,
    0.5190000534057617,
    0.49000000953674316
  ],
  "delta": 5.0886316442113006e-05,
  "ensemble_acc_after_deletion": 0.4666000306606293,
  "ensemble_acc_before_deletion": 0.5660000443458557,
  "epsilon": "\u221e",
  "indicator": 1,
  "lengths_after_deletion": [
    2812,
    3007,
    2810,
    4103,
    4357,
    4016
  ],
  "rng": [
    2800047884,
    2741413102
  ],
  "shard_prediction_precision": 0.29998141527175903,
  "shard_prediction_recall": 0.336166650056839
}