{
  "accs_after_deletion": [
    0.4400000274181366,
    0.4262000322341919,
    0.4230000078678131,
    0.43480002880096436,
    0.4580000340938568,
    0.4252000153064728
  ],
  "accs_before_deletion": [
    0.5190000534057617,
    0.535800039768219,
    0.5190000534057617,
    0.5134000182151794,
    0.5152000188827515,
    0.5190000534057617
  ],
  "delta": 5.0886316442113006e-05,
  "ensemble_acc_after_deletion": 0.4912000298500061,
  "ensemble_acc_before_deletion": 0.5730000138282776,
  "epsilon": "\u221e",
  "indicator": 1,
  "lengths_after_deletion": [
    2778,
    2676,
    2674,
    4090,
    4160,
    4160
  ],
  "rng": [
    280246306,
    266588766
  ],
  "shard_prediction_precision": 0.30212655663490295,
  "shard_prediction_recall": 0.34570834040641785
}