{
  "accs_after_deletion": [
    0.43620002269744873,
    0.4238000214099884,
    0.4392000138759613,
    0.44120001792907715,
    0.4636000096797943,
    0.4472000300884247
  ],
  "accs_before_deletion": [
    0.510200023651123,
    0.5260000228881836,
    0.5216000080108643,
    0.5202000141143799,
    0.5212000012397766,
    0.5336000323295593
  ],
  "delta": 5.0886316442113006e-05,
  "ensemble_acc_after_deletion": 0.5046000480651855,
  "ensemble_acc_before_deletion": 0.5742000341415405,
  "epsilon": "\u221e",
  "indicator": 1,
  "lengths_after_deletion": [
    3079,
    3076,
    3062,
    4267,
    4394,
    4538
  ],
  "rng": [
    2848923455,
    1665915243
  ],
  "shard_prediction_precision": 0.3005784749984741,
  "shard_prediction_recall": 0.320416659116745
}