{
  "accs_after_deletion": [
    0.4228000342845917,
    0.43460002541542053,
    0.4326000213623047,
    0.4416000247001648,
    0.44760000705718994,
    0.44840002059936523
  ],
  "accs_before_deletion": [
    0.5046000480651855,
    0.5342000126838684,
    0.5344000458717346,
    0.5016000270843506,
    0.5040000081062317,
    0.535800039768219
  ],
  "delta": 5.0886316442113006e-05,
  "ensemble_acc_after_deletion": 0.4888000190258026,
  "ensemble_acc_before_deletion": 0.5742000341415405,
  "epsilon": "\u221e",
  "indicator": 1,
  "lengths_after_deletion": [
    2854,
    2733,
    2947,
    4089,
    4273,
    4336
  ],
  "rng": [
    2866054441,
    1861414485
  ],
  "shard_prediction_precision": 0.3062985837459564,
  "shard_prediction_recall": 0.34162500500679016
}