{
  "accs_after_deletion": [
    0.4464000165462494,
    0.44040003418922424,
    0.43700000643730164,
    0.4482000172138214,
    0.4660000205039978,
    0.4634000360965729
  ],
  "accs_before_deletion": [
    0.5130000114440918,
    0.5230000019073486,
    0.5314000248908997,
    0.5056000351905823,
    0.5220000147819519,
    0.5264000296592712
  ],
  "delta": 5.0886316442113006e-05,
  "ensemble_acc_after_deletion": 0.5138000249862671,
  "ensemble_acc_before_deletion": 0.5740000009536743,
  "epsilon": "\u221e",
  "indicator": 1,
  "lengths_after_deletion": [
    2853,
    2990,
    2969,
    4244,
    4346,
    4405
  ],
  "rng": [
    2884876938,
    3080402434
  ],
  "shard_prediction_precision": 0.30500516295433044,
  "shard_prediction_recall": 0.33287498354911804
}