{
  "accs_after_deletion": [
    0.46400001645088196,
    0.4564000070095062,
    0.44300001859664917,
    0.4674000144004822,
    0.467600017786026,
    0.4756000339984894
  ],
  "accs_before_deletion": [
    0.5067999958992004,
    0.5272000432014465,
    0.5302000045776367,
    0.5208000540733337,
    0.5128000378608704,
    0.527999997138977
  ],
  "delta": 5.0886316442113006e-05,
  "ensemble_acc_after_deletion": 0.5196000337600708,
  "ensemble_acc_before_deletion": 0.579200029373169,
  "epsilon": "\u221e",
  "indicator": 1,
  "lengths_after_deletion": [
    3274,
    3005,
    3167,
    4473,
    4567,
    4627
  ],
  "rng": [
    2900537487,
    2839061975
  ],
  "shard_prediction_precision": 0.3100413978099823,
  "shard_prediction_recall": 0.3215000033378601
}