{
  "accs_after_deletion": [
    0.43140003085136414,
    0.44600000977516174,
    0.4538000226020813,
    0.4520000219345093,
    0.43700000643730164,
    0.4612000286579132
  ],
  "accs_before_deletion": [
    0.5204000473022461,
    0.5110000371932983,
    0.5204000473022461,
    0.5014000535011292,
    0.5022000074386597,
    0.5192000269889832
  ],
  "delta": 5.0886316442113006e-05,
  "ensemble_acc_after_deletion": 0.503000020980835,
  "ensemble_acc_before_deletion": 0.5750000476837158,
  "epsilon": "\u221e",
  "indicator": 1,
  "lengths_after_deletion": [
    3154,
    3015,
    2983,
    4397,
    4393,
    4423
  ],
  "rng": [
    2903815808,
    717173458
  ],
  "shard_prediction_precision": 0.30364733934402466,
  "shard_prediction_recall": 0.3243333399295807
}