{
  "accs_after_deletion": [
    0.43640002608299255,
    0.45420002937316895,
    0.45680001378059387,
    0.443200021982193,
    0.43320003151893616,
    0.46880000829696655
  ],
  "accs_before_deletion": [
    0.5157999992370605,
    0.5146000385284424,
    0.5070000290870667,
    0.5240000486373901,
    0.5026000142097473,
    0.5157999992370605
  ],
  "delta": 5.0886316442113006e-05,
  "ensemble_acc_after_deletion": 0.5014000535011292,
  "ensemble_acc_before_deletion": 0.5684000253677368,
  "epsilon": "\u221e",
  "indicator": 0,
  "lengths_after_deletion": [
    2852,
    3095,
    3235,
    4399,
    4247,
    4371
  ],
  "rng": [
    2910385720,
    1216626850
  ],
  "shard_prediction_precision": 0.299135684967041,
  "shard_prediction_recall": 0.3215833306312561
}