{
  "accs_after_deletion": [
    0.4474000334739685,
    0.42340001463890076,
    0.4492000341415405,
    0.46140003204345703,
    0.4626000225543976,
    0.45280003547668457
  ],
  "accs_before_deletion": [
    0.5254000425338745,
    0.5204000473022461,
    0.5108000040054321,
    0.5092000365257263,
    0.5240000486373901,
    0.5085999965667725
  ],
  "delta": 5.0886316442113006e-05,
  "ensemble_acc_after_deletion": 0.5128000378608704,
  "ensemble_acc_before_deletion": 0.5734000205993652,
  "epsilon": "\u221e",
  "indicator": 1,
  "lengths_after_deletion": [
    3188,
    3044,
    3060,
    4423,
    4523,
    4501
  ],
  "rng": [
    2947671665,
    673192928
  ],
  "shard_prediction_precision": 0.30303630232810974,
  "shard_prediction_recall": 0.3189583420753479
}