{
  "accs_after_deletion": [
    0.4506000280380249,
    0.4508000314235687,
    0.44620001316070557,
    0.4808000326156616,
    0.48260003328323364,
    0.45500001311302185
  ],
  "accs_before_deletion": [
    0.532200038433075,
    0.5072000026702881,
    0.5014000535011292,
    0.510200023651123,
    0.5278000235557556,
    0.509600043296814
  ],
  "delta": 5.0886316442113006e-05,
  "ensemble_acc_after_deletion": 0.5154000520706177,
  "ensemble_acc_before_deletion": 0.5684000253677368,
  "epsilon": "\u221e",
  "indicator": 1,
  "lengths_after_deletion": [
    3088,
    3270,
    3318,
    4559,
    4724,
    4529
  ],
  "rng": [
    3023602003,
    786990145
  ],
  "shard_prediction_precision": 0.3061765730381012,
  "shard_prediction_recall": 0.31270831823349
}