{
  "accs_after_deletion": [
    0.4312000274658203,
    0.43320003151893616,
    0.4382000267505646,
    0.46960002183914185,
    0.4610000252723694,
    0.4464000165462494
  ],
  "accs_before_deletion": [
    0.5157999992370605,
    0.5268000364303589,
    0.5112000107765198,
    0.5194000005722046,
    0.5070000290870667,
    0.5118000507354736
  ],
  "delta": 5.0886316442113006e-05,
  "ensemble_acc_after_deletion": 0.5012000203132629,
  "ensemble_acc_before_deletion": 0.5718000531196594,
  "epsilon": "\u221e",
  "indicator": 1,
  "lengths_after_deletion": [
    3118,
    3068,
    3066,
    4461,
    4532,
    4292
  ],
  "rng": [
    3109703263,
    414694858
  ],
  "shard_prediction_precision": 0.30558064579963684,
  "shard_prediction_recall": 0.3242083191871643
}