{
  "accs_after_deletion": [
    0.46960002183914185,
    0.47860002517700195,
    0.43380001187324524,
    0.46720001101493835,
    0.4846000373363495,
    0.45580002665519714
  ],
  "accs_before_deletion": [
    0.5246000289916992,
    0.5174000263214111,
    0.5192000269889832,
    0.5296000242233276,
    0.5188000202178955,
    0.535800039768219
  ],
  "delta": 5.0886316442113006e-05,
  "ensemble_acc_after_deletion": 0.5192000269889832,
  "ensemble_acc_before_deletion": 0.5750000476837158,
  "epsilon": "\u221e",
  "indicator": 1,
  "lengths_after_deletion": [
    3196,
    3215,
    3299,
    4592,
    4660,
    4780
  ],
  "rng": [
    3143115922,
    3932769403
  ],
  "shard_prediction_precision": 0.3137933909893036,
  "shard_prediction_recall": 0.31716665625572205
}