{
  "accs_after_deletion": [
    0.44840002059936523,
    0.46880000829696655,
    0.45580002665519714,
    0.46300002932548523,
    0.4652000367641449,
    0.4634000360965729
  ],
  "accs_before_deletion": [
    0.5112000107765198,
    0.5246000289916992,
    0.4930000305175781,
    0.5238000154495239,
    0.5254000425338745,
    0.5078000426292419
  ],
  "delta": 5.0886316442113006e-05,
  "ensemble_acc_after_deletion": 0.5110000371932983,
  "ensemble_acc_before_deletion": 0.5724000334739685,
  "epsilon": "\u221e",
  "indicator": 1,
  "lengths_after_deletion": [
    3101,
    3286,
    3288,
    4508,
    4562,
    4425
  ],
  "rng": [
    3151639435,
    2908446108
  ],
  "shard_prediction_precision": 0.292468786239624,
  "shard_prediction_recall": 0.30258333683013916
}