{
  "accs_after_deletion": [
    0.443200021982193,
    0.4406000077724457,
    0.45580002665519714,
    0.4652000367641449,
    0.4124000072479248,
    0.45420002937316895
  ],
  "accs_before_deletion": [
    0.5016000270843506,
    0.5258000493049622,
    0.5098000168800354,
    0.516800045967102,
    0.5128000378608704,
    0.51500004529953
  ],
  "delta": 5.0886316442113006e-05,
  "ensemble_acc_after_deletion": 0.503600001335144,
  "ensemble_acc_before_deletion": 0.5688000321388245,
  "epsilon": "\u221e",
  "indicator": 0,
  "lengths_after_deletion": [
    3063,
    2916,
    3153,
    4403,
    4377,
    4386
  ],
  "rng": [
    3218066030,
    2488268664
  ],
  "shard_prediction_precision": 0.30748578906059265,
  "shard_prediction_recall": 0.3292916715145111
}