{
  "accs_after_deletion": [
    0.43340003490448,
    0.4374000132083893,
    0.43540000915527344,
    0.443200021982193,
    0.4350000321865082,
    0.4602000117301941
  ],
  "accs_before_deletion": [
    0.510200023651123,
    0.5374000072479248,
    0.5208000540733337,
    0.5180000066757202,
    0.5166000127792358,
    0.5306000113487244
  ],
  "delta": 5.0886316442113006e-05,
  "ensemble_acc_after_deletion": 0.4992000162601471,
  "ensemble_acc_before_deletion": 0.5850000381469727,
  "epsilon": "\u221e",
  "indicator": 1,
  "lengths_after_deletion": [
    2964,
    2840,
    2858,
    4256,
    4389,
    4305
  ],
  "rng": [
    3244713947,
    1788915310
  ],
  "shard_prediction_precision": 0.30256178975105286,
  "shard_prediction_recall": 0.33266666531562805
}