{
  "accs_after_deletion": [
    0.428600013256073,
    0.43320003151893616,
    0.41920003294944763,
    0.43400001525878906,
    0.44700002670288086,
    0.4482000172138214
  ],
  "accs_before_deletion": [
    0.5118000507354736,
    0.5175999999046326,
    0.511400043964386,
    0.5078000426292419,
    0.5124000310897827,
    0.5208000540733337
  ],
  "delta": 5.0886316442113006e-05,
  "ensemble_acc_after_deletion": 0.4926000237464905,
  "ensemble_acc_before_deletion": 0.5690000057220459,
  "epsilon": "\u221e",
  "indicator": 1,
  "lengths_after_deletion": [
    2950,
    2876,
    2854,
    4203,
    4189,
    4188
  ],
  "rng": [
    3244821875,
    2268840589
  ],
  "shard_prediction_precision": 0.2944278419017792,
  "shard_prediction_recall": 0.328041672706604
}