{
  "accs_after_deletion": [
    0.4228000342845917,
    0.4302000105381012,
    0.4318000078201294,
    0.4472000300884247,
    0.44280001521110535,
    0.43340003490448
  ],
  "accs_before_deletion": [
    0.5076000094413757,
    0.5248000025749207,
    0.522599995136261,
    0.5126000046730042,
    0.5184000134468079,
    0.5078000426292419
  ],
  "delta": 5.0886316442113006e-05,
  "ensemble_acc_after_deletion": 0.4930000305175781,
  "ensemble_acc_before_deletion": 0.5652000308036804,
  "epsilon": "\u221e",
  "indicator": 1,
  "lengths_after_deletion": [
    2767,
    2792,
    2697,
    4089,
    4216,
    4151
  ],
  "rng": [
    3259143515,
    3883637577
  ],
  "shard_prediction_precision": 0.30636176466941833,
  "shard_prediction_recall": 0.34833332896232605
}