{
  "accs_after_deletion": [
    0.43240001797676086,
    0.42900002002716064,
    0.43080002069473267,
    0.4580000340938568,
    0.45020002126693726,
    0.44840002059936523
  ],
  "accs_before_deletion": [
    0.5184000134468079,
    0.5400000214576721,
    0.5204000473022461,
    0.5208000540733337,
    0.5232000350952148,
    0.5318000316619873
  ],
  "delta": 5.0886316442113006e-05,
  "ensemble_acc_after_deletion": 0.5031999945640564,
  "ensemble_acc_before_deletion": 0.5852000117301941,
  "epsilon": "\u221e",
  "indicator": 1,
  "lengths_after_deletion": [
    2815,
    2653,
    2838,
    4091,
    3904,
    4266
  ],
  "rng": [
    3289464463,
    1876209114
  ],
  "shard_prediction_precision": 0.30426859855651855,
  "shard_prediction_recall": 0.3477916717529297
}