{
  "accs_after_deletion": [
    0.44600000977516174,
    0.45100003480911255,
    0.46000000834465027,
    0.467600017786026,
    0.44540002942085266,
    0.4402000308036804
  ],
  "accs_before_deletion": [
    0.5324000120162964,
    0.5260000228881836,
    0.5,
    0.5234000086784363,
    0.5016000270843506,
    0.5232000350952148
  ],
  "delta": 5.0886316442113006e-05,
  "ensemble_acc_after_deletion": 0.513200044631958,
  "ensemble_acc_before_deletion": 0.5732000470161438,
  "epsilon": "\u221e",
  "indicator": 0,
  "lengths_after_deletion": [
    3120,
    2950,
    3329,
    4716,
    4491,
    4459
  ],
  "rng": [
    330696067,
    2174077586
  ],
  "shard_prediction_precision": 0.30495285987854004,
  "shard_prediction_recall": 0.3168333172798157
}