{
  "accs_after_deletion": [
    0.4556000232696533,
    0.46060001850128174,
    0.43720000982284546,
    0.4594000279903412,
    0.4480000138282776,
    0.4740000367164612
  ],
  "accs_before_deletion": [
    0.5192000269889832,
    0.5100000500679016,
    0.5070000290870667,
    0.5222000479698181,
    0.48820000886917114,
    0.5246000289916992
  ],
  "delta": 5.0886316442113006e-05,
  "ensemble_acc_after_deletion": 0.5054000020027161,
  "ensemble_acc_before_deletion": 0.5654000043869019,
  "epsilon": "\u221e",
  "indicator": 1,
  "lengths_after_deletion": [
    3190,
    3109,
    3421,
    4604,
    4470,
    4687
  ],
  "rng": [
    340320093,
    2784162059
  ],
  "shard_prediction_precision": 0.30103185772895813,
  "shard_prediction_recall": 0.3075416684150696
}