{
  "accs_after_deletion": [
    0.44840002059936523,
    0.4792000353336334,
    0.4646000266075134,
    0.47140002250671387,
    0.4780000150203705,
    0.4792000353336334
  ],
  "accs_before_deletion": [
    0.5046000480651855,
    0.5166000127792358,
    0.5162000060081482,
    0.5266000032424927,
    0.52920001745224,
    0.509600043296814
  ],
  "delta": 5.0886316442113006e-05,
  "ensemble_acc_after_deletion": 0.5190000534057617,
  "ensemble_acc_before_deletion": 0.5742000341415405,
  "epsilon": "\u221e",
  "indicator": 1,
  "lengths_after_deletion": [
    3460,
    3568,
    3548,
    4863,
    4878,
    4928
  ],
  "rng": [
    3523530429,
    1079910493
  ],
  "shard_prediction_precision": 0.31043726205825806,
  "shard_prediction_recall": 0.2943333387374878
}