{
  "accs_after_deletion": [
    0.4254000186920166,
    0.4384000301361084,
    0.4204000234603882,
    0.44700002670288086,
    0.44620001316070557,
    0.4410000145435333
  ],
  "accs_before_deletion": [
    0.5112000107765198,
    0.5186000466346741,
    0.5,
    0.5020000338554382,
    0.5094000101089478,
    0.513200044631958
  ],
  "delta": 5.0886316442113006e-05,
  "ensemble_acc_after_deletion": 0.4910000264644623,
  "ensemble_acc_before_deletion": 0.562000036239624,
  "epsilon": "\u221e",
  "indicator": 1,
  "lengths_after_deletion": [
    3027,
    2890,
    2846,
    4292,
    4233,
    4230
  ],
  "rng": [
    3554255754,
    1209016148
  ],
  "shard_prediction_precision": 0.298806756734848,
  "shard_prediction_recall": 0.3297083377838135
}