{
  "accs_after_deletion": [
    0.4684000313282013,
    0.4636000096797943,
    0.4710000157356262,
    0.45900002121925354,
    0.47540003061294556,
    0.4702000319957733
  ],
  "accs_before_deletion": [
    0.511400043964386,
    0.5248000025749207,
    0.5020000338554382,
    0.5466000437736511,
    0.5390000343322754,
    0.5058000087738037
  ],
  "delta": 5.0886316442113006e-05,
  "ensemble_acc_after_deletion": 0.5297999978065491,
  "ensemble_acc_before_deletion": 0.5708000063896179,
  "epsilon": "\u221e",
  "indicator": 1,
  "lengths_after_deletion": [
    3510,
    3266,
    3448,
    4833,
    4841,
    4652
  ],
  "rng": [
    3586932609,
    3675685995
  ],
  "shard_prediction_precision": 0.3060127794742584,
  "shard_prediction_recall": 0.29899999499320984
}