{
  "accs_after_deletion": [
    0.42740002274513245,
    0.41860002279281616,
    0.43340003490448,
    0.445000022649765,
    0.44140002131462097,
    0.45680001378059387
  ],
  "accs_before_deletion": [
    0.5398000478744507,
    0.5126000046730042,
    0.51500004529953,
    0.5092000365257263,
    0.5124000310897827,
    0.5200000405311584
  ],
  "delta": 5.0886316442113006e-05,
  "ensemble_acc_after_deletion": 0.48280003666877747,
  "ensemble_acc_before_deletion": 0.5680000185966492,
  "epsilon": "\u221e",
  "indicator": 1,
  "lengths_after_deletion": [
    2858,
    2901,
    2957,
    4226,
    4306,
    4348
  ],
  "rng": [
    3596038347,
    3258799585
  ],
  "shard_prediction_precision": 0.3031359016895294,
  "shard_prediction_recall": 0.3334999978542328
}