{
  "accs_after_deletion": [
    0.43240001797676086,
    0.4392000138759613,
    0.4514000117778778,
    0.45660001039505005,
    0.45900002121925354,
    0.4666000306606293
  ],
  "accs_before_deletion": [
    0.5162000060081482,
    0.5246000289916992,
    0.4946000277996063,
    0.496800035238266,
    0.5144000053405762,
    0.4984000325202942
  ],
  "delta": 5.0886316442113006e-05,
  "ensemble_acc_after_deletion": 0.5088000297546387,
  "ensemble_acc_before_deletion": 0.5610000491142273,
  "epsilon": "\u221e",
  "indicator": 1,
  "lengths_after_deletion": [
    3288,
    3116,
    3466,
    4490,
    4824,
    4663
  ],
  "rng": [
    3621007362,
    1429910137
  ],
  "shard_prediction_precision": 0.30414441227912903,
  "shard_prediction_recall": 0.3060833215713501
}