{
  "accs_after_deletion": [
    0.41200003027915955,
    0.4410000145435333,
    0.44040003418922424,
    0.44840002059936523,
    0.43800002336502075,
    0.4514000117778778
  ],
  "accs_before_deletion": [
    0.5136000514030457,
    0.5204000473022461,
    0.4978000223636627,
    0.5148000121116638,
    0.5121999979019165,
    0.5268000364303589
  ],
  "delta": 5.0886316442113006e-05,
  "ensemble_acc_after_deletion": 0.4926000237464905,
  "ensemble_acc_before_deletion": 0.5716000199317932,
  "epsilon": "\u221e",
  "indicator": 1,
  "lengths_after_deletion": [
    2765,
    2938,
    2841,
    4208,
    4197,
    4305
  ],
  "rng": [
    3669224745,
    1199721888
  ],
  "shard_prediction_precision": 0.3060270845890045,
  "shard_prediction_recall": 0.3410416543483734
}