{
  "accs_after_deletion": [
    0.4272000193595886,
    0.43060001730918884,
    0.41600000858306885,
    0.4440000355243683,
    0.44700002670288086,
    0.4456000328063965
  ],
  "accs_before_deletion": [
    0.5144000053405762,
    0.5224000215530396,
    0.5294000506401062,
    0.5182000398635864,
    0.5060000419616699,
    0.5116000175476074
  ],
  "delta": 5.0886316442113006e-05,
  "ensemble_acc_after_deletion": 0.4946000277996063,
  "ensemble_acc_before_deletion": 0.5746000409126282,
  "epsilon": "\u221e",
  "indicator": 1,
  "lengths_after_deletion": [
    2847,
    2972,
    2909,
    4135,
    4268,
    4414
  ],
  "rng": [
    3674608057,
    3272847823
  ],
  "shard_prediction_precision": 0.3058778941631317,
  "shard_prediction_recall": 0.3371666669845581
}