{
  "accs_after_deletion": [
    0.4472000300884247,
    0.467600017786026,
    0.44440001249313354,
    0.47840002179145813,
    0.4660000205039978,
    0.4540000259876251
  ],
  "accs_before_deletion": [
    0.5178000330924988,
    0.511400043964386,
    0.5252000093460083,
    0.5314000248908997,
    0.522599995136261,
    0.5214000344276428
  ],
  "delta": 5.0886316442113006e-05,
  "ensemble_acc_after_deletion": 0.5200000405311584,
  "ensemble_acc_before_deletion": 0.5764000415802002,
  "epsilon": "\u221e",
  "indicator": 1,
  "lengths_after_deletion": [
    3410,
    3283,
    3085,
    4768,
    4641,
    4628
  ],
  "rng": [
    3680753985,
    496174040
  ],
  "shard_prediction_precision": 0.3084556460380554,
  "shard_prediction_recall": 0.3108333349227905
}