{
  "accs_after_deletion": [
    0.4540000259876251,
    0.4406000077724457,
    0.43080002069473267,
    0.4602000117301941,
    0.4310000240802765,
    0.4580000340938568
  ],
  "accs_before_deletion": [
    0.513200044631958,
    0.5026000142097473,
    0.5204000473022461,
    0.5166000127792358,
    0.524399995803833,
    0.5121999979019165
  ],
  "delta": 5.0886316442113006e-05,
  "ensemble_acc_after_deletion": 0.5052000284194946,
  "ensemble_acc_before_deletion": 0.5664000511169434,
  "epsilon": "\u221e",
  "indicator": 1,
  "lengths_after_deletion": [
    2921,
    2963,
    3205,
    4323,
    4287,
    4448
  ],
  "rng": [
    3693855113,
    428064085
  ],
  "shard_prediction_precision": 0.2974896728992462,
  "shard_prediction_recall": 0.320458322763443
}