{
  "accs_after_deletion": [
    0.4434000253677368,
    0.4448000192642212,
    0.45180001854896545,
    0.46480002999305725,
    0.47840002179145813,
    0.47200003266334534
  ],
  "accs_before_deletion": [
    0.516800045967102,
    0.5204000473022461,
    0.5103999972343445,
    0.5390000343322754,
    0.5320000052452087,
    0.5232000350952148
  ],
  "delta": 5.0886316442113006e-05,
  "ensemble_acc_after_deletion": 0.525600016117096,
  "ensemble_acc_before_deletion": 0.5782000422477722,
  "epsilon": "\u221e",
  "indicator": 1,
  "lengths_after_deletion": [
    3277,
    3461,
    3334,
    4757,
    4694,
    4668
  ],
  "rng": [
    371023235,
    608089545
  ],
  "shard_prediction_precision": 0.304170697927475,
  "shard_prediction_recall": 0.3017500042915344
}