{
  "accs_after_deletion": [
    0.4472000300884247,
    0.4480000138282776,
    0.4398000240325928,
    0.47620001435279846,
    0.4716000258922577,
    0.4490000307559967
  ],
  "accs_before_deletion": [
    0.496800035238266,
    0.5302000045776367,
    0.5154000520706177,
    0.5080000162124634,
    0.5220000147819519,
    0.508400022983551
  ],
  "delta": 5.0886316442113006e-05,
  "ensemble_acc_after_deletion": 0.5170000195503235,
  "ensemble_acc_before_deletion": 0.5649999976158142,
  "epsilon": "\u221e",
  "indicator": 1,
  "lengths_after_deletion": [
    3274,
    2938,
    3042,
    4446,
    4463,
    4352
  ],
  "rng": [
    3749093177,
    2780050214
  ],
  "shard_prediction_precision": 0.30551305413246155,
  "shard_prediction_recall": 0.3244166672229767
}