{
  "accs_after_deletion": [
    0.428600013256073,
    0.44280001521110535,
    0.4326000213623047,
    0.4634000360965729,
    0.4546000361442566,
    0.4564000070095062
  ],
  "accs_before_deletion": [
    0.5110000371932983,
    0.5198000073432922,
    0.51500004529953,
    0.5058000087738037,
    0.5138000249862671,
    0.52920001745224
  ],
  "delta": 5.0886316442113006e-05,
  "ensemble_acc_after_deletion": 0.5060000419616699,
  "ensemble_acc_before_deletion": 0.5756000280380249,
  "epsilon": "\u221e",
  "indicator": 1,
  "lengths_after_deletion": [
    2881,
    3004,
    3123,
    4381,
    4550,
    4434
  ],
  "rng": [
    3752095553,
    2105997018
  ],
  "shard_prediction_precision": 0.308346688747406,
  "shard_prediction_recall": 0.3292500078678131
}