{
  "accs_after_deletion": [
    0.451200008392334,
    0.430400013923645,
    0.435200035572052,
    0.44380003213882446,
    0.44300001859664917,
    0.45280003547668457
  ],
  "accs_before_deletion": [
    0.5136000514030457,
    0.5378000140190125,
    0.5128000378608704,
    0.5182000398635864,
    0.5192000269889832,
    0.5208000540733337
  ],
  "delta": 5.0886316442113006e-05,
  "ensemble_acc_after_deletion": 0.49820002913475037,
  "ensemble_acc_before_deletion": 0.5724000334739685,
  "epsilon": "\u221e",
  "indicator": 1,
  "lengths_after_deletion": [
    3010,
    2898,
    2958,
    4218,
    4420,
    4326
  ],
  "rng": [
    3761011023,
    575899986
  ],
  "shard_prediction_precision": 0.30240732431411743,
  "shard_prediction_recall": 0.3297500014305115
}