{
  "accs_after_deletion": [
    0.47760000824928284,
    0.4710000157356262,
    0.4782000184059143,
    0.4952000379562378,
    0.4928000271320343,
    0.4856000244617462
  ],
  "accs_before_deletion": [
    0.5110000371932983,
    0.5120000243186951,
    0.5085999965667725,
    0.5238000154495239,
    0.5276000499725342,
    0.5246000289916992
  ],
  "delta": 5.0886316442113006e-05,
  "ensemble_acc_after_deletion": 0.5392000079154968,
  "ensemble_acc_before_deletion": 0.5698000192642212,
  "epsilon": "\u221e",
  "indicator": 1,
  "lengths_after_deletion": [
    3821,
    3799,
    3513,
    4925,
    4932,
    5091
  ],
  "rng": [
    3786654183,
    1493760543
  ],
  "shard_prediction_precision": 0.2953602075576782,
  "shard_prediction_recall": 0.2697499990463257
}