{
  "accs_after_deletion": [
    0.44440001249313354,
    0.4434000253677368,
    0.4418000280857086,
    0.45420002937316895,
    0.4562000334262848,
    0.4570000171661377
  ],
  "accs_before_deletion": [
    0.5276000499725342,
    0.5130000114440918,
    0.5126000046730042,
    0.5070000290870667,
    0.5210000276565552,
    0.5126000046730042
  ],
  "delta": 5.0886316442113006e-05,
  "ensemble_acc_after_deletion": 0.5026000142097473,
  "ensemble_acc_before_deletion": 0.5734000205993652,
  "epsilon": "\u221e",
  "indicator": 1,
  "lengths_after_deletion": [
    3084,
    3071,
    2974,
    4357,
    4485,
    4360
  ],
  "rng": [
    395373036,
    4136983703
  ],
  "shard_prediction_precision": 0.3034399449825287,
  "shard_prediction_recall": 0.3245416581630707
}