{
  "accs_after_deletion": [
    0.4092000126838684,
    0.4240000247955322,
    0.4418000280857086,
    0.4440000355243683,
    0.44760000705718994,
    0.44440001249313354
  ],
  "accs_before_deletion": [
    0.527999997138977,
    0.5294000506401062,
    0.504800021648407,
    0.5067999958992004,
    0.513200044631958,
    0.49560001492500305
  ],
  "delta": 5.0886316442113006e-05,
  "ensemble_acc_after_deletion": 0.4886000156402588,
  "ensemble_acc_before_deletion": 0.5678000450134277,
  "epsilon": "\u221e",
  "indicator": 1,
  "lengths_after_deletion": [
    2878,
    2644,
    2980,
    4160,
    4254,
    4210
  ],
  "rng": [
    3954137262,
    2698885519
  ],
  "shard_prediction_precision": 0.2975366711616516,
  "shard_prediction_recall": 0.3331666588783264
}