{
  "accs_after_deletion": [
    0.46700000762939453,
    0.44700002670288086,
    0.45740002393722534,
    0.46800002455711365,
    0.46060001850128174,
    0.459600031375885
  ],
  "accs_before_deletion": [
    0.5354000329971313,
    0.5236000418663025,
    0.5076000094413757,
    0.5290000438690186,
    0.5234000086784363,
    0.5110000371932983
  ],
  "delta": 5.0886316442113006e-05,
  "ensemble_acc_after_deletion": 0.5164000391960144,
  "ensemble_acc_before_deletion": 0.5736000537872314,
  "epsilon": "\u221e",
  "indicator": 1,
  "lengths_after_deletion": [
    3273,
    3118,
    3219,
    4636,
    4605,
    4570
  ],
  "rng": [
    3966096299,
    63204844
  ],
  "shard_prediction_precision": 0.30884087085723877,
  "shard_prediction_recall": 0.3162916600704193
}