{
  "accs_after_deletion": [
    0.3960000276565552,
    0.4374000132083893,
    0.4406000077724457,
    0.45440003275871277,
    0.46220001578330994,
    0.46160003542900085
  ],
  "accs_before_deletion": [
    0.5236000418663025,
    0.5194000005722046,
    0.5170000195503235,
    0.5184000134468079,
    0.5300000309944153,
    0.5128000378608704
  ],
  "delta": 5.0886316442113006e-05,
  "ensemble_acc_after_deletion": 0.5108000040054321,
  "ensemble_acc_before_deletion": 0.5802000164985657,
  "epsilon": "\u221e",
  "indicator": 1,
  "lengths_after_deletion": [
    2861,
    2936,
    2964,
    4199,
    4512,
    4162
  ],
  "rng": [
    3986774288,
    695550732
  ],
  "shard_prediction_precision": 0.30630359053611755,
  "shard_prediction_recall": 0.33649998903274536
}