{
  "accs_after_deletion": [
    0.4662000238895416,
    0.4646000266075134,
    0.46300002932548523,
    0.4748000204563141,
    0.48760002851486206,
    0.46080002188682556
  ],
  "accs_before_deletion": [
    0.5188000202178955,
    0.503600001335144,
    0.5058000087738037,
    0.5136000514030457,
    0.527400016784668,
    0.5004000067710876
  ],
  "delta": 5.0886316442113006e-05,
  "ensemble_acc_after_deletion": 0.5198000073432922,
  "ensemble_acc_before_deletion": 0.5688000321388245,
  "epsilon": "\u221e",
  "indicator": 1,
  "lengths_after_deletion": [
    3461,
    3525,
    3422,
    4762,
    4671,
    4694
  ],
  "rng": [
    3988796586,
    2260710105
  ],
  "shard_prediction_precision": 0.2929469347000122,
  "shard_prediction_recall": 0.2864166498184204
}