{
  "accs_after_deletion": [
    0.45180001854896545,
    0.426800012588501,
    0.4490000307559967,
    0.44860002398490906,
    0.4466000199317932,
    0.4536000192165375
  ],
  "accs_before_deletion": [
    0.5210000276565552,
    0.5300000309944153,
    0.4894000291824341,
    0.5028000473976135,
    0.5162000060081482,
    0.5242000222206116
  ],
  "delta": 5.0886316442113006e-05,
  "ensemble_acc_after_deletion": 0.5128000378608704,
  "ensemble_acc_before_deletion": 0.5670000314712524,
  "epsilon": "\u221e",
  "indicator": 1,
  "lengths_after_deletion": [
    2839,
    2919,
    3205,
    4275,
    4427,
    4353
  ],
  "rng": [
    3991488475,
    2501874341
  ],
  "shard_prediction_precision": 0.3045569956302643,
  "shard_prediction_recall": 0.3297083377838135
}