{
  "accs_after_deletion": [
    0.4604000151157379,
    0.4458000063896179,
    0.4426000118255615,
    0.45340001583099365,
    0.4522000253200531,
    0.45160001516342163
  ],
  "accs_before_deletion": [
    0.503000020980835,
    0.5182000398635864,
    0.5002000331878662,
    0.5202000141143799,
    0.5148000121116638,
    0.5126000046730042
  ],
  "delta": 5.0886316442113006e-05,
  "ensemble_acc_after_deletion": 0.5049999952316284,
  "ensemble_acc_before_deletion": 0.5662000179290771,
  "epsilon": "\u221e",
  "indicator": 1,
  "lengths_after_deletion": [
    3286,
    3089,
    3230,
    4478,
    4423,
    4420
  ],
  "rng": [
    3992540617,
    1229905253
  ],
  "shard_prediction_precision": 0.3026242256164551,
  "shard_prediction_recall": 0.3161666691303253
}