{
  "accs_after_deletion": [
    0.4418000280857086,
    0.445000022649765,
    0.44380003213882446,
    0.469400018453598,
    0.4716000258922577,
    0.47120001912117004
  ],
  "accs_before_deletion": [
    0.513200044631958,
    0.5282000303268433,
    0.49900001287460327,
    0.5238000154495239,
    0.5192000269889832,
    0.5194000005722046
  ],
  "delta": 5.0886316442113006e-05,
  "ensemble_acc_after_deletion": 0.5121999979019165,
  "ensemble_acc_before_deletion": 0.5802000164985657,
  "epsilon": "\u221e",
  "indicator": 1,
  "lengths_after_deletion": [
    3172,
    3018,
    3200,
    4534,
    4416,
    4593
  ],
  "rng": [
    4000416661,
    3137368698
  ],
  "shard_prediction_precision": 0.29979655146598816,
  "shard_prediction_recall": 0.31312498450279236
}