{
  "accs_after_deletion": [
    0.4488000273704529,
    0.4514000117778778,
    0.44840002059936523,
    0.4796000123023987,
    0.4692000150680542,
    0.46160003542900085
  ],
  "accs_before_deletion": [
    0.522599995136261,
    0.5124000310897827,
    0.5178000330924988,
    0.5264000296592712,
    0.5220000147819519,
    0.5200000405311584
  ],
  "delta": 5.0886316442113006e-05,
  "ensemble_acc_after_deletion": 0.5186000466346741,
  "ensemble_acc_before_deletion": 0.576200008392334,
  "epsilon": "\u221e",
  "indicator": 1,
  "lengths_after_deletion": [
    3275,
    3301,
    3077,
    4405,
    4648,
    4580
  ],
  "rng": [
    4014296638,
    2123747989
  ],
  "shard_prediction_precision": 0.2987780272960663,
  "shard_prediction_recall": 0.3076666593551636
}