{
  "accs_after_deletion": [
    0.4546000361442566,
    0.4456000328063965,
    0.4610000252723694,
    0.45280003547668457,
    0.47220003604888916,
    0.47380003333091736
  ],
  "accs_before_deletion": [
    0.5282000303268433,
    0.5136000514030457,
    0.4942000210285187,
    0.5198000073432922,
    0.525600016117096,
    0.5164000391960144
  ],
  "delta": 5.0886316442113006e-05,
  "ensemble_acc_after_deletion": 0.5190000534057617,
  "ensemble_acc_before_deletion": 0.5742000341415405,
  "epsilon": "\u221e",
  "indicator": 1,
  "lengths_after_deletion": [
    3162,
    3291,
    3327,
    4535,
    4673,
    4585
  ],
  "rng": [
    4039339457,
    2762999845
  ],
  "shard_prediction_precision": 0.3085520267486572,
  "shard_prediction_recall": 0.3140416741371155
}