{
  "accs_after_deletion": [
    0.46060001850128174,
    0.4636000096797943,
    0.44220003485679626,
    0.47760000824928284,
    0.480400025844574,
    0.4700000286102295
  ],
  "accs_before_deletion": [
    0.535800039768219,
    0.5268000364303589,
    0.5170000195503235,
    0.5374000072479248,
    0.5260000228881836,
    0.5144000053405762
  ],
  "delta": 5.0886316442113006e-05,
  "ensemble_acc_after_deletion": 0.5202000141143799,
  "ensemble_acc_before_deletion": 0.5878000259399414,
  "epsilon": "\u221e",
  "indicator": 1,
  "lengths_after_deletion": [
    3190,
    3311,
    3371,
    4735,
    4761,
    4585
  ],
  "rng": [
    4046935082,
    365292716
  ],
  "shard_prediction_precision": 0.30897825956344604,
  "shard_prediction_recall": 0.3095833361148834
}