{
  "accs_after_deletion": [
    0.435200035572052,
    0.4368000328540802,
    0.44200003147125244,
    0.43880000710487366,
    0.4636000096797943,
    0.4384000301361084
  ],
  "accs_before_deletion": [
    0.5130000114440918,
    0.5286000370979309,
    0.5230000019073486,
    0.5042000412940979,
    0.5178000330924988,
    0.5196000337600708
  ],
  "delta": 5.0886316442113006e-05,
  "ensemble_acc_after_deletion": 0.49660003185272217,
  "ensemble_acc_before_deletion": 0.5700000524520874,
  "epsilon": "\u221e",
  "indicator": 1,
  "lengths_after_deletion": [
    2897,
    2809,
    2847,
    4226,
    4322,
    4355
  ],
  "rng": [
    4054008748,
    1300690861
  ],
  "shard_prediction_precision": 0.30756479501724243,
  "shard_prediction_recall": 0.3401666581630707
}