{
  "accs_after_deletion": [
    0.42420002818107605,
    0.4442000091075897,
    0.41680002212524414,
    0.4442000091075897,
    0.43880000710487366,
    0.4222000241279602
  ],
  "accs_before_deletion": [
    0.5200000405311584,
    0.5198000073432922,
    0.5049999952316284,
    0.5178000330924988,
    0.5230000019073486,
    0.4726000130176544
  ],
  "delta": 5.0886316442113006e-05,
  "ensemble_acc_after_deletion": 0.4798000156879425,
  "ensemble_acc_before_deletion": 0.5674000382423401,
  "epsilon": "\u221e",
  "indicator": 1,
  "lengths_after_deletion": [
    2840,
    2948,
    2875,
    4148,
    4200,
    4048
  ],
  "rng": [
    409232634,
    3187866010
  ],
  "shard_prediction_precision": 0.3021046221256256,
  "shard_prediction_recall": 0.33912500739097595
}