{
  "accs_after_deletion": [
    0.4318000078201294,
    0.4300000071525574,
    0.4440000355243683,
    0.43140003085136414,
    0.46160003542900085,
    0.42600002884864807
  ],
  "accs_before_deletion": [
    0.5228000283241272,
    0.5162000060081482,
    0.508400022983551,
    0.48660001158714294,
    0.534600019454956,
    0.49500003457069397
  ],
  "delta": 5.0886316442113006e-05,
  "ensemble_acc_after_deletion": 0.5014000535011292,
  "ensemble_acc_before_deletion": 0.5728000402450562,
  "epsilon": "\u221e",
  "indicator": 1,
  "lengths_after_deletion": [
    2845,
    2916,
    2957,
    4005,
    4395,
    4324
  ],
  "rng": [
    4120431093,
    2968676094
  ],
  "shard_prediction_precision": 0.29896828532218933,
  "shard_prediction_recall": 0.3308333158493042
}