{
  "accs_after_deletion": [
    0.45160001516342163,
    0.4246000349521637,
    0.43640002608299255,
    0.467600017786026,
    0.43460002541542053,
    0.45260003209114075
  ],
  "accs_before_deletion": [
    0.5216000080108643,
    0.5142000317573547,
    0.5098000168800354,
    0.5198000073432922,
    0.5190000534057617,
    0.5198000073432922
  ],
  "delta": 5.0886316442113006e-05,
  "ensemble_acc_after_deletion": 0.5024000406265259,
  "ensemble_acc_before_deletion": 0.5748000144958496,
  "epsilon": "\u221e",
  "indicator": 1,
  "lengths_after_deletion": [
    2915,
    2795,
    2816,
    4222,
    4199,
    4286
  ],
  "rng": [
    4225504319,
    2868132186
  ],
  "shard_prediction_precision": 0.30485302209854126,
  "shard_prediction_recall": 0.3400000035762787
}