{
  "accs_after_deletion": [
    0.45020002126693726,
    0.43620002269744873,
    0.4580000340938568,
    0.4726000130176544,
    0.4690000116825104,
    0.46720001101493835
  ],
  "accs_before_deletion": [
    0.5270000100135803,
    0.5134000182151794,
    0.5138000249862671,
    0.5164000391960144,
    0.5304000377655029,
    0.5184000134468079
  ],
  "delta": 5.0886316442113006e-05,
  "ensemble_acc_after_deletion": 0.5188000202178955,
  "ensemble_acc_before_deletion": 0.5758000016212463,
  "epsilon": "\u221e",
  "indicator": 1,
  "lengths_after_deletion": [
    3407,
    3322,
    3162,
    4624,
    4665,
    4624
  ],
  "rng": [
    4226820494,
    4148435583
  ],
  "shard_prediction_precision": 0.3033559322357178,
  "shard_prediction_recall": 0.3058333396911621
}