{
  "accs_after_deletion": [
    0.4406000077724457,
    0.43800002336502075,
    0.44440001249313354,
    0.4474000334739685,
    0.4406000077724457,
    0.4374000132083893
  ],
  "accs_before_deletion": [
    0.5326000452041626,
    0.5351999998092651,
    0.5336000323295593,
    0.5238000154495239,
    0.5210000276565552,
    0.5186000466346741
  ],
  "delta": 5.0886316442113006e-05,
  "ensemble_acc_after_deletion": 0.4930000305175781,
  "ensemble_acc_before_deletion": 0.5843999981880188,
  "epsilon": "\u221e",
  "indicator": 1,
  "lengths_after_deletion": [
    2833,
    2782,
    2793,
    4163,
    4159,
    4218
  ],
  "rng": [
    4253491638,
    1505455313
  ],
  "shard_prediction_precision": 0.30452463030815125,
  "shard_prediction_recall": 0.34325000643730164
}