{
  "accs_after_deletion": [
    0.45900002121925354,
    0.4522000253200531,
    0.44040003418922424,
    0.47760000824928284,
    0.4572000205516815,
    0.46800002455711365
  ],
  "accs_before_deletion": [
    0.503600001335144,
    0.5260000228881836,
    0.4976000189781189,
    0.5236000418663025,
    0.509600043296814,
    0.5234000086784363
  ],
  "delta": 5.0886316442113006e-05,
  "ensemble_acc_after_deletion": 0.5206000208854675,
  "ensemble_acc_before_deletion": 0.5684000253677368,
  "epsilon": "\u221e",
  "indicator": 1,
  "lengths_after_deletion": [
    3104,
    2978,
    3158,
    4420,
    4414,
    4466
  ],
  "rng": [
    4270947264,
    16379165
  ],
  "shard_prediction_precision": 0.3001178205013275,
  "shard_prediction_recall": 0.31837499141693115
}