{
  "accs_after_deletion": [
    0.44380003213882446,
    0.4360000193119049,
    0.44140002131462097,
    0.45320001244544983,
    0.453000009059906,
    0.430400013923645
  ],
  "accs_before_deletion": [
    0.5232000350952148,
    0.5242000222206116,
    0.5238000154495239,
    0.534000039100647,
    0.5031999945640564,
    0.509600043296814
  ],
  "delta": 5.0886316442113006e-05,
  "ensemble_acc_after_deletion": 0.49800002574920654,
  "ensemble_acc_before_deletion": 0.5772000551223755,
  "epsilon": "\u221e",
  "indicator": 1,
  "lengths_after_deletion": [
    2904,
    2789,
    2818,
    4476,
    4326,
    4009
  ],
  "rng": [
    42813281,
    2891655929
  ],
  "shard_prediction_precision": 0.30740687251091003,
  "shard_prediction_recall": 0.34170833230018616
}