{
  "accs_after_deletion": [
    0.4580000340938568,
    0.4252000153064728,
    0.46640002727508545,
    0.46320003271102905,
    0.4318000078201294,
    0.4750000238418579
  ],
  "accs_before_deletion": [
    0.534000039100647,
    0.5238000154495239,
    0.5156000256538391,
    0.5264000296592712,
    0.5146000385284424,
    0.535800039768219
  ],
  "delta": 5.0886316442113006e-05,
  "ensemble_acc_after_deletion": 0.5192000269889832,
  "ensemble_acc_before_deletion": 0.5718000531196594,
  "epsilon": "\u221e",
  "indicator": 1,
  "lengths_after_deletion": [
    3033,
    3218,
    3115,
    4426,
    4484,
    4503
  ],
  "rng": [
    4284513649,
    4024863579
  ],
  "shard_prediction_precision": 0.2985210716724396,
  "shard_prediction_recall": 0.3137083351612091
}