{
  "accs_after_deletion": [
    0.4458000063896179,
    0.4644000232219696,
    0.4390000104904175,
    0.48900002241134644,
    0.4572000205516815,
    0.46640002727508545
  ],
  "accs_before_deletion": [
    0.5248000025749207,
    0.5054000020027161,
    0.4856000244617462,
    0.5146000385284424,
    0.5200000405311584,
    0.5160000324249268
  ],
  "delta": 5.0886316442113006e-05,
  "ensemble_acc_after_deletion": 0.5160000324249268,
  "ensemble_acc_before_deletion": 0.5698000192642212,
  "epsilon": "\u221e",
  "indicator": 1,
  "lengths_after_deletion": [
    3217,
    3325,
    3291,
    4609,
    4568,
    4731
  ],
  "rng": [
    4285029135,
    2998921653
  ],
  "shard_prediction_precision": 0.301413893699646,
  "shard_prediction_recall": 0.304666668176651
}