{
  "accs_after_deletion": [
    0.426800012588501,
    0.4400000274181366,
    0.44300001859664917,
    0.47380003333091736,
    0.4702000319957733,
    0.443200021982193
  ],
  "accs_before_deletion": [
    0.5175999999046326,
    0.5162000060081482,
    0.5282000303268433,
    0.5166000127792358,
    0.532200038433075,
    0.5092000365257263
  ],
  "delta": 5.0886316442113006e-05,
  "ensemble_acc_after_deletion": 0.5078000426292419,
  "ensemble_acc_before_deletion": 0.576200008392334,
  "epsilon": "\u221e",
  "indicator": 1,
  "lengths_after_deletion": [
    2851,
    3123,
    2868,
    4348,
    4379,
    4399
  ],
  "rng": [
    4294706635,
    2863416121
  ],
  "shard_prediction_precision": 0.30070680379867554,
  "shard_prediction_recall": 0.32616665959358215
}