{
  "accs_after_deletion": [
    0.4496000111103058,
    0.453000009059906,
    0.44300001859664917,
    0.4536000192165375,
    0.45180001854896545,
    0.45320001244544983
  ],
  "accs_before_deletion": [
    0.5092000365257263,
    0.5120000243186951,
    0.5186000466346741,
    0.5242000222206116,
    0.5110000371932983,
    0.5162000060081482
  ],
  "delta": 5.0886316442113006e-05,
  "ensemble_acc_after_deletion": 0.5052000284194946,
  "ensemble_acc_before_deletion": 0.5754000544548035,
  "epsilon": "\u221e",
  "indicator": 1,
  "lengths_after_deletion": [
    3025,
    3212,
    3050,
    4631,
    4555,
    4484
  ],
  "rng": [
    538951002,
    2356257126
  ],
  "shard_prediction_precision": 0.3125823438167572,
  "shard_prediction_recall": 0.32616665959358215
}