{
  "accs_after_deletion": [
    0.45920002460479736,
    0.4320000112056732,
    0.4394000172615051,
    0.43240001797676086,
    0.4708000123500824,
    0.4240000247955322
  ],
  "accs_before_deletion": [
    0.5284000039100647,
    0.5308000445365906,
    0.5266000032424927,
    0.5218000411987305,
    0.5392000079154968,
    0.503600001335144
  ],
  "delta": 5.0886316442113006e-05,
  "ensemble_acc_after_deletion": 0.49800002574920654,
  "ensemble_acc_before_deletion": 0.5802000164985657,
  "epsilon": "\u221e",
  "indicator": 0,
  "lengths_after_deletion": [
    2952,
    2679,
    2815,
    4261,
    4358,
    4015
  ],
  "rng": [
    579983198,
    1274661401
  ],
  "shard_prediction_precision": 0.3064635992050171,
  "shard_prediction_recall": 0.34375
}