{
  "accs_after_deletion": [
    0.4456000328063965,
    0.4520000219345093,
    0.44620001316070557,
    0.4556000232696533,
    0.45420002937316895,
    0.4666000306606293
  ],
  "accs_before_deletion": [
    0.5130000114440918,
    0.5034000277519226,
    0.5072000026702881,
    0.5184000134468079,
    0.49000000953674316,
    0.5266000032424927
  ],
  "delta": 5.0886316442113006e-05,
  "ensemble_acc_after_deletion": 0.5070000290870667,
  "ensemble_acc_before_deletion": 0.5610000491142273,
  "epsilon": "\u221e",
  "indicator": 1,
  "lengths_after_deletion": [
    3145,
    3227,
    3130,
    4477,
    4342,
    4606
  ],
  "rng": [
    604046231,
    4131472419
  ],
  "shard_prediction_precision": 0.2998444437980652,
  "shard_prediction_recall": 0.31325000524520874
}