{
  "accs_after_deletion": [
    0.4806000292301178,
    0.4546000361442566,
    0.4666000306606293,
    0.4814000129699707,
    0.4678000211715698,
    0.4862000346183777
  ],
  "accs_before_deletion": [
    0.5031999945640564,
    0.5116000175476074,
    0.5094000101089478,
    0.5,
    0.5302000045776367,
    0.5302000045776367
  ],
  "delta": 5.0886316442113006e-05,
  "ensemble_acc_after_deletion": 0.5315999984741211,
  "ensemble_acc_before_deletion": 0.5680000185966492,
  "epsilon": "\u221e",
  "indicator": 1,
  "lengths_after_deletion": [
    3597,
    3342,
    3345,
    4565,
    4961,
    4864
  ],
  "rng": [
    616591859,
    1587769941
  ],
  "shard_prediction_precision": 0.30956870317459106,
  "shard_prediction_recall": 0.3008750081062317
}