{
  "accs_after_deletion": [
    0.4442000091075897,
    0.44940000772476196,
    0.4302000105381012,
    0.4572000205516815,
    0.4726000130176544,
    0.4634000360965729
  ],
  "accs_before_deletion": [
    0.5206000208854675,
    0.5264000296592712,
    0.498600035905838,
    0.5118000507354736,
    0.5098000168800354,
    0.534600019454956
  ],
  "delta": 5.0886316442113006e-05,
  "ensemble_acc_after_deletion": 0.5128000378608704,
  "ensemble_acc_before_deletion": 0.5658000111579895,
  "epsilon": "\u221e",
  "indicator": 1,
  "lengths_after_deletion": [
    3071,
    3100,
    3031,
    4350,
    4523,
    4373
  ],
  "rng": [
    667716002,
    276621957
  ],
  "shard_prediction_precision": 0.30185505747795105,
  "shard_prediction_recall": 0.3213749825954437
}