{
  "accs_after_deletion": [
    0.4488000273704529,
    0.4366000294685364,
    0.4466000199317932,
    0.46140003204345703,
    0.4610000252723694,
    0.457800030708313
  ],
  "accs_before_deletion": [
    0.5154000520706177,
    0.5410000085830688,
    0.5126000046730042,
    0.5174000263214111,
    0.5364000201225281,
    0.5130000114440918
  ],
  "delta": 5.0886316442113006e-05,
  "ensemble_acc_after_deletion": 0.5138000249862671,
  "ensemble_acc_before_deletion": 0.5778000354766846,
  "epsilon": "\u221e",
  "indicator": 1,
  "lengths_after_deletion": [
    3258,
    3054,
    3269,
    4465,
    4553,
    4437
  ],
  "rng": [
    732431202,
    799792134
  ],
  "shard_prediction_precision": 0.2993110120296478,
  "shard_prediction_recall": 0.3113333284854889
}