{
  "accs_after_deletion": [
    0.43460002541542053,
    0.4424000084400177,
    0.43060001730918884,
    0.44380003213882446,
    0.4402000308036804,
    0.4302000105381012
  ],
  "accs_before_deletion": [
    0.5308000445365906,
    0.5282000303268433,
    0.5166000127792358,
    0.5014000535011292,
    0.503600001335144,
    0.5142000317573547
  ],
  "delta": 5.0886316442113006e-05,
  "ensemble_acc_after_deletion": 0.4928000271320343,
  "ensemble_acc_before_deletion": 0.5702000260353088,
  "epsilon": "\u221e",
  "indicator": 1,
  "lengths_after_deletion": [
    2903,
    2875,
    2847,
    4125,
    4109,
    4386
  ],
  "rng": [
    741189128,
    2724568418
  ],
  "shard_prediction_precision": 0.30839094519615173,
  "shard_prediction_recall": 0.343791663646698
}