{
  "accs_after_deletion": [
    0.4506000280380249,
    0.4472000300884247,
    0.42640000581741333,
    0.4690000116825104,
    0.44780001044273376,
    0.4774000346660614
  ],
  "accs_before_deletion": [
    0.5238000154495239,
    0.5154000520706177,
    0.5103999972343445,
    0.51500004529953,
    0.5258000493049622,
    0.531000018119812
  ],
  "delta": 5.0886316442113006e-05,
  "ensemble_acc_after_deletion": 0.5088000297546387,
  "ensemble_acc_before_deletion": 0.5748000144958496,
  "epsilon": "\u221e",
  "indicator": 1,
  "lengths_after_deletion": [
    3244,
    3042,
    3215,
    4400,
    4421,
    4638
  ],
  "rng": [
    790038466,
    3348739638
  ],
  "shard_prediction_precision": 0.2993610203266144,
  "shard_prediction_recall": 0.3123333156108856
}