{
  "accs_after_deletion": [
    0.4546000361442566,
    0.4668000340461731,
    0.4546000361442566,
    0.47680002450942993,
    0.4742000102996826,
    0.46300002932548523
  ],
  "accs_before_deletion": [
    0.5038000345230103,
    0.5098000168800354,
    0.524399995803833,
    0.5196000337600708,
    0.5106000304222107,
    0.5106000304222107
  ],
  "delta": 5.0886316442113006e-05,
  "ensemble_acc_after_deletion": 0.5200000405311584,
  "ensemble_acc_before_deletion": 0.5732000470161438,
  "epsilon": "\u221e",
  "indicator": 1,
  "lengths_after_deletion": [
    3347,
    3184,
    3080,
    4551,
    4617,
    4482
  ],
  "rng": [
    824977460,
    3495275686
  ],
  "shard_prediction_precision": 0.3023970425128937,
  "shard_prediction_recall": 0.31170833110809326
}