{
  "accs_after_deletion": [
    0.4480000138282776,
    0.4690000116825104,
    0.46800002455711365,
    0.4684000313282013,
    0.47220003604888916,
    0.45920002460479736
  ],
  "accs_before_deletion": [
    0.5356000065803528,
    0.503600001335144,
    0.5142000317573547,
    0.5196000337600708,
    0.5290000438690186,
    0.5164000391960144
  ],
  "delta": 5.0886316442113006e-05,
  "ensemble_acc_after_deletion": 0.5202000141143799,
  "ensemble_acc_before_deletion": 0.5760000348091125,
  "epsilon": "\u221e",
  "indicator": 1,
  "lengths_after_deletion": [
    3046,
    3359,
    3357,
    4596,
    4787,
    4570
  ],
  "rng": [
    857815221,
    801703689
  ],
  "shard_prediction_precision": 0.302655965089798,
  "shard_prediction_recall": 0.3062500059604645
}