{
  "accs_after_deletion": [
    0.43960002064704895,
    0.4394000172615051,
    0.43640002608299255,
    0.44620001316070557,
    0.4524000287055969,
    0.44440001249313354
  ],
  "accs_before_deletion": [
    0.5300000309944153,
    0.5333999991416931,
    0.5216000080108643,
    0.5118000507354736,
    0.5130000114440918,
    0.5306000113487244
  ],
  "delta": 5.0886316442113006e-05,
  "ensemble_acc_after_deletion": 0.49560001492500305,
  "ensemble_acc_before_deletion": 0.5736000537872314,
  "epsilon": "\u221e",
  "indicator": 1,
  "lengths_after_deletion": [
    2934,
    2925,
    2898,
    4276,
    4305,
    4405
  ],
  "rng": [
    956329020,
    2814755712
  ],
  "shard_prediction_precision": 0.3079940676689148,
  "shard_prediction_recall": 0.3369583189487457
}