{
  "accs_after_deletion": [
    0.4310000240802765,
    0.42100003361701965,
    0.43080002069473267,
    0.4398000240325928,
    0.45020002126693726,
    0.43640002608299255
  ],
  "accs_before_deletion": [
    0.5210000276565552,
    0.513200044631958,
    0.5024000406265259,
    0.5078000426292419,
    0.5198000073432922,
    0.5026000142097473
  ],
  "delta": 5.0886316442113006e-05,
  "ensemble_acc_after_deletion": 0.4896000325679779,
  "ensemble_acc_before_deletion": 0.5622000098228455,
  "epsilon": "\u221e",
  "indicator": 1,
  "lengths_after_deletion": [
    3186,
    3031,
    3308,
    4400,
    4641,
    4381
  ],
  "rng": [
    965557051,
    4087420525
  ],
  "shard_prediction_precision": 0.2974095046520233,
  "shard_prediction_recall": 0.31045833230018616
}