{
  "accs_after_deletion": [
    0.453000009059906,
    0.46480002999305725,
    0.4540000259876251,
    0.45420002937316895,
    0.4674000144004822,
    0.46000000834465027
  ],
  "accs_before_deletion": [
    0.5008000135421753,
    0.5130000114440918,
    0.525600016117096,
    0.5214000344276428,
    0.5248000025749207,
    0.5052000284194946
  ],
  "delta": 5.0886316442113006e-05,
  "ensemble_acc_after_deletion": 0.5078000426292419,
  "ensemble_acc_before_deletion": 0.5652000308036804,
  "epsilon": "\u221e",
  "indicator": 1,
  "lengths_after_deletion": [
    3223,
    3250,
    3173,
    4536,
    4574,
    4446
  ],
  "rng": [
    990750263,
    2335883932
  ],
  "shard_prediction_precision": 0.3010323643684387,
  "shard_prediction_recall": 0.3110416531562805
}