{
  "accs_after_deletion": [
    0.7996000647544861,
    0.800000011920929,
    0.7958000302314758,
    0.7926000356674194,
    0.7872000336647034,
    0.7944000363349915
  ],
  "accs_before_deletion": [
    0.7958000302314758,
    0.7978000640869141,
    0.7966000437736511,
    0.7972000241279602,
    0.8030000329017639,
    0.8062000274658203
  ],
  "delta": 6.982864657330156e-05,
  "ensemble_acc_after_deletion": 0.8180000185966492,
  "ensemble_acc_before_deletion": 0.8232000470161438,
  "epsilon": 30.62061579407876,
  "indicator": 0,
  "lengths_after_deletion": [
    2862,
    2759,
    2841,
    3017,
    3002,
    3002
  ],
  "rng": [
    0,
    1920959794
  ],
  "shard_prediction_precision": 0.18998757004737854,
  "shard_prediction_recall": 0.19544444978237152
}