{
  "accs_after_deletion": [
    0.7740000486373901,
    0.7730000615119934,
    0.7870000600814819,
    0.7816000580787659,
    0.7864000201225281,
    0.7806000113487244
  ],
  "accs_before_deletion": [
    0.7978000640869141,
    0.7956000566482544,
    0.7950000166893005,
    0.7922000288963318,
    0.7890000343322754,
    0.8070000410079956
  ],
  "delta": 6.982864657330156e-05,
  "ensemble_acc_after_deletion": 0.8070000410079956,
  "ensemble_acc_before_deletion": 0.8192000389099121,
  "epsilon": 30.62061579407876,
  "indicator": 1,
  "lengths_after_deletion": [
    2728,
    2722,
    2688,
    2901,
    2809,
    2900
  ],
  "rng": [
    102608041,
    4130885759
  ],
  "shard_prediction_precision": 0.18647412955760956,
  "shard_prediction_recall": 0.19944444298744202
}