{
  "accs_after_deletion": [
    0.7904000282287598,
    0.7902000546455383,
    0.7890000343322754,
    0.789400041103363,
    0.7874000668525696,
    0.7868000268936157
  ],
  "accs_before_deletion": [
    0.7952000498771667,
    0.7932000160217285,
    0.7998000383377075,
    0.7986000180244446,
    0.7992000579833984,
    0.796000063419342
  ],
  "delta": 6.982864657330156e-05,
  "ensemble_acc_after_deletion": 0.813800036907196,
  "ensemble_acc_before_deletion": 0.8142000436782837,
  "epsilon": 30.62061579407876,
  "indicator": 0,
  "lengths_after_deletion": [
    3127,
    3184,
    3128,
    3297,
    3325,
    3283
  ],
  "rng": [
    1031360411,
    2424611174
  ],
  "shard_prediction_precision": 0.19020172953605652,
  "shard_prediction_recall": 0.17599999904632568
}