{
  "accs_after_deletion": [
    0.7926000356674194,
    0.77920001745224,
    0.7994000315666199,
    0.7934000492095947,
    0.7974000573158264,
    0.7864000201225281
  ],
  "accs_before_deletion": [
    0.8028000593185425,
    0.8004000186920166,
    0.8028000593185425,
    0.8024000525474548,
    0.8030000329017639,
    0.8030000329017639
  ],
  "delta": 6.982864657330156e-05,
  "ensemble_acc_after_deletion": 0.8140000104904175,
  "ensemble_acc_before_deletion": 0.8246000409126282,
  "epsilon": 30.62061579407876,
  "indicator": 1,
  "lengths_after_deletion": [
    1758,
    1714,
    1684,
    1863,
    1854,
    1841
  ],
  "rng": [
    1033338094,
    3288395797
  ],
  "shard_prediction_precision": 0.18429170548915863,
  "shard_prediction_recall": 0.2588889002799988
}