{
  "accs_after_deletion": [
    0.7816000580787659,
    0.7970000505447388,
    0.7926000356674194,
    0.7848000526428223,
    0.784600019454956,
    0.7816000580787659
  ],
  "accs_before_deletion": [
    0.7964000105857849,
    0.8056000471115112,
    0.8012000322341919,
    0.8026000261306763,
    0.79420006275177,
    0.7998000383377075
  ],
  "delta": 6.982864657330156e-05,
  "ensemble_acc_after_deletion": 0.8140000104904175,
  "ensemble_acc_before_deletion": 0.8202000260353088,
  "epsilon": 30.62061579407876,
  "indicator": 0,
  "lengths_after_deletion": [
    2813,
    2863,
    2787,
    3004,
    2972,
    2998
  ],
  "rng": [
    1059215143,
    1933204860
  ],
  "shard_prediction_precision": 0.19285675883293152,
  "shard_prediction_recall": 0.198888897895813
}