{
  "accs_after_deletion": [
    0.7974000573158264,
    0.7868000268936157,
    0.7848000526428223,
    0.788800060749054,
    0.7842000126838684,
    0.7864000201225281
  ],
  "accs_before_deletion": [
    0.7998000383377075,
    0.796000063419342,
    0.7968000173568726,
    0.8010000586509705,
    0.7918000221252441,
    0.8046000599861145
  ],
  "delta": 6.982864657330156e-05,
  "ensemble_acc_after_deletion": 0.8038000464439392,
  "ensemble_acc_before_deletion": 0.8172000646591187,
  "epsilon": 30.62061579407876,
  "indicator": 0,
  "lengths_after_deletion": [
    3606,
    3584,
    3555,
    3711,
    3739,
    3769
  ],
  "rng": [
    1097225472,
    1177273401
  ],
  "shard_prediction_precision": 0.19385865330696106,
  "shard_prediction_recall": 0.1511666625738144
}