{
  "accs_after_deletion": [
    0.7904000282287598,
    0.7900000214576721,
    0.7934000492095947,
    0.7970000505447388,
    0.7934000492095947,
    0.7982000112533569
  ],
  "accs_before_deletion": [
    0.7998000383377075,
    0.7950000166893005,
    0.8014000654220581,
    0.7984000444412231,
    0.7972000241279602,
    0.7998000383377075
  ],
  "delta": 6.982864657330156e-05,
  "ensemble_acc_after_deletion": 0.816800057888031,
  "ensemble_acc_before_deletion": 0.8180000185966492,
  "epsilon": 30.62061579407876,
  "indicator": 1,
  "lengths_after_deletion": [
    2369,
    2293,
    2296,
    2516,
    2444,
    2508
  ],
  "rng": [
    1106049581,
    1148895909
  ],
  "shard_prediction_precision": 0.19124872982501984,
  "shard_prediction_recall": 0.22922222316265106
}