{
  "accs_after_deletion": [
    0.7922000288963318,
    0.7848000526428223,
    0.7820000648498535,
    0.7844000458717346,
    0.784000039100647,
    0.792400062084198
  ],
  "accs_before_deletion": [
    0.8022000193595886,
    0.7916000485420227,
    0.7958000302314758,
    0.7932000160217285,
    0.796000063419342,
    0.7990000247955322
  ],
  "delta": 6.982864657330156e-05,
  "ensemble_acc_after_deletion": 0.8050000667572021,
  "ensemble_acc_before_deletion": 0.8174000382423401,
  "epsilon": 30.62061579407876,
  "indicator": 1,
  "lengths_after_deletion": [
    2661,
    2557,
    2652,
    2827,
    2761,
    2846
  ],
  "rng": [
    112185609,
    786741899
  ],
  "shard_prediction_precision": 0.1879061758518219,
  "shard_prediction_recall": 0.20561110973358154
}