{
  "accs_after_deletion": [
    0.7992000579833984,
    0.7868000268936157,
    0.7836000323295593,
    0.7918000221252441,
    0.7814000248908997,
    0.7948000431060791
  ],
  "accs_before_deletion": [
    0.7930000424385071,
    0.7962000370025635,
    0.7966000437736511,
    0.8114000558853149,
    0.7996000647544861,
    0.7934000492095947
  ],
  "delta": 6.982864657330156e-05,
  "ensemble_acc_after_deletion": 0.8088000416755676,
  "ensemble_acc_before_deletion": 0.8210000395774841,
  "epsilon": 30.62061579407876,
  "indicator": 0,
  "lengths_after_deletion": [
    3229,
    3205,
    3210,
    3352,
    3395,
    3403
  ],
  "rng": [
    1165376003,
    3040669910
  ],
  "shard_prediction_precision": 0.1919042319059372,
  "shard_prediction_recall": 0.17277778685092926
}