{
  "accs_after_deletion": [
    0.7852000594139099,
    0.7764000296592712,
    0.7802000641822815,
    0.7808000445365906,
    0.7882000207901001,
    0.782800018787384
  ],
  "accs_before_deletion": [
    0.8038000464439392,
    0.8060000538825989,
    0.806600034236908,
    0.7978000640869141,
    0.7946000099182129,
    0.7978000640869141
  ],
  "delta": 6.982864657330156e-05,
  "ensemble_acc_after_deletion": 0.8044000267982483,
  "ensemble_acc_before_deletion": 0.8152000308036804,
  "epsilon": 30.62061579407876,
  "indicator": 1,
  "lengths_after_deletion": [
    3141,
    3185,
    3186,
    3360,
    3334,
    3314
  ],
  "rng": [
    1171852067,
    1434114262
  ],
  "shard_prediction_precision": 0.1933252364397049,
  "shard_prediction_recall": 0.1770000010728836
}