{
  "accs_after_deletion": [
    0.7816000580787659,
    0.7932000160217285,
    0.77920001745224,
    0.7698000073432922,
    0.7834000587463379,
    0.7752000093460083
  ],
  "accs_before_deletion": [
    0.7938000559806824,
    0.8030000329017639,
    0.8104000091552734,
    0.7928000092506409,
    0.8024000525474548,
    0.8042000532150269
  ],
  "delta": 6.982864657330156e-05,
  "ensemble_acc_after_deletion": 0.8060000538825989,
  "ensemble_acc_before_deletion": 0.8224000334739685,
  "epsilon": 30.62061579407876,
  "indicator": 0,
  "lengths_after_deletion": [
    2245,
    2248,
    2207,
    2372,
    2348,
    2408
  ],
  "rng": [
    1177085342,
    1116549712
  ],
  "shard_prediction_precision": 0.1876240223646164,
  "shard_prediction_recall": 0.23111110925674438
}