{
  "accs_after_deletion": [
    0.7778000235557556,
    0.7794000506401062,
    0.7814000248908997,
    0.7836000323295593,
    0.784000039100647,
    0.79420006275177
  ],
  "accs_before_deletion": [
    0.8008000254631042,
    0.7982000112533569,
    0.8042000532150269,
    0.7958000302314758,
    0.8074000477790833,
    0.7950000166893005
  ],
  "delta": 6.982864657330156e-05,
  "ensemble_acc_after_deletion": 0.8124000430107117,
  "ensemble_acc_before_deletion": 0.8208000659942627,
  "epsilon": 30.62061579407876,
  "indicator": 1,
  "lengths_after_deletion": [
    2812,
    2759,
    2839,
    2976,
    2915,
    2903
  ],
  "rng": [
    1179307930,
    1937331497
  ],
  "shard_prediction_precision": 0.19403064250946045,
  "shard_prediction_recall": 0.20261111855506897
}