{
  "accs_after_deletion": [
    0.7902000546455383,
    0.7916000485420227,
    0.792400062084198,
    0.7870000600814819,
    0.7952000498771667,
    0.7930000424385071
  ],
  "accs_before_deletion": [
    0.7976000308990479,
    0.7954000234603882,
    0.8100000619888306,
    0.8032000660896301,
    0.8006000518798828,
    0.7936000227928162
  ],
  "delta": 6.982864657330156e-05,
  "ensemble_acc_after_deletion": 0.8134000301361084,
  "ensemble_acc_before_deletion": 0.8230000138282776,
  "epsilon": 30.62061579407876,
  "indicator": 1,
  "lengths_after_deletion": [
    3554,
    3542,
    3487,
    3720,
    3693,
    3745
  ],
  "rng": [
    1184938647,
    2508235114
  ],
  "shard_prediction_precision": 0.18451504409313202,
  "shard_prediction_recall": 0.14616666734218597
}