{
  "accs_after_deletion": [
    0.7870000600814819,
    0.7788000106811523,
    0.7900000214576721,
    0.7872000336647034,
    0.7914000153541565,
    0.7932000160217285
  ],
  "accs_before_deletion": [
    0.7966000437736511,
    0.7998000383377075,
    0.8006000518798828,
    0.8076000213623047,
    0.7996000647544861,
    0.7974000573158264
  ],
  "delta": 6.982864657330156e-05,
  "ensemble_acc_after_deletion": 0.807200014591217,
  "ensemble_acc_before_deletion": 0.8224000334739685,
  "epsilon": 30.62061579407876,
  "indicator": 1,
  "lengths_after_deletion": [
    2181,
    2186,
    2196,
    2308,
    2241,
    2376
  ],
  "rng": [
    1233565154,
    232224714
  ],
  "shard_prediction_precision": 0.18394634127616882,
  "shard_prediction_recall": 0.2300555557012558
}