{
  "accs_after_deletion": [
    0.7878000140190125,
    0.7864000201225281,
    0.8038000464439392,
    0.7918000221252441,
    0.7930000424385071,
    0.7880000472068787
  ],
  "accs_before_deletion": [
    0.8004000186920166,
    0.7996000647544861,
    0.8026000261306763,
    0.7978000640869141,
    0.8024000525474548,
    0.7944000363349915
  ],
  "delta": 6.982864657330156e-05,
  "ensemble_acc_after_deletion": 0.8130000233650208,
  "ensemble_acc_before_deletion": 0.8178000450134277,
  "epsilon": 30.62061579407876,
  "indicator": 0,
  "lengths_after_deletion": [
    3495,
    3495,
    3506,
    3710,
    3742,
    3653
  ],
  "rng": [
    1257185953,
    3033819835
  ],
  "shard_prediction_precision": 0.19341619312763214,
  "shard_prediction_recall": 0.15472222864627838
}