{
  "accs_after_deletion": [
    0.7790000438690186,
    0.7866000533103943,
    0.785800039768219,
    0.787600040435791,
    0.7930000424385071,
    0.788800060749054
  ],
  "accs_before_deletion": [
    0.7994000315666199,
    0.800000011920929,
    0.7920000553131104,
    0.8020000457763672,
    0.7998000383377075,
    0.7988000512123108
  ],
  "delta": 6.982864657330156e-05,
  "ensemble_acc_after_deletion": 0.8064000606536865,
  "ensemble_acc_before_deletion": 0.8232000470161438,
  "epsilon": 30.62061579407876,
  "indicator": 1,
  "lengths_after_deletion": [
    3581,
    3587,
    3657,
    3758,
    3773,
    3854
  ],
  "rng": [
    1356971257,
    1098607485
  ],
  "shard_prediction_precision": 0.20362582802772522,
  "shard_prediction_recall": 0.15600000321865082
}