{
  "accs_after_deletion": [
    0.784600019454956,
    0.7752000093460083,
    0.7820000648498535,
    0.7800000309944153,
    0.7670000195503235,
    0.7824000120162964
  ],
  "accs_before_deletion": [
    0.7992000579833984,
    0.8056000471115112,
    0.7994000315666199,
    0.7946000099182129,
    0.8022000193595886,
    0.796000063419342
  ],
  "delta": 6.982864657330156e-05,
  "ensemble_acc_after_deletion": 0.7998000383377075,
  "ensemble_acc_before_deletion": 0.8184000253677368,
  "epsilon": 30.62061579407876,
  "indicator": 0,
  "lengths_after_deletion": [
    2478,
    2519,
    2522,
    2663,
    2597,
    2654
  ],
  "rng": [
    1395583114,
    3121536533
  ],
  "shard_prediction_precision": 0.1904021054506302,
  "shard_prediction_recall": 0.21755555272102356
}