{
  "accs_after_deletion": [
    0.7660000324249268,
    0.7666000127792358,
    0.7648000121116638,
    0.7638000249862671,
    0.7624000310897827,
    0.7660000324249268
  ],
  "accs_before_deletion": [
    0.8006000518798828,
    0.7992000579833984,
    0.8026000261306763,
    0.800000011920929,
    0.7954000234603882,
    0.7966000437736511
  ],
  "delta": 6.982864657330156e-05,
  "ensemble_acc_after_deletion": 0.785800039768219,
  "ensemble_acc_before_deletion": 0.8194000124931335,
  "epsilon": 30.62061579407876,
  "indicator": 0,
  "lengths_after_deletion": [
    2185,
    2247,
    2212,
    2392,
    2450,
    2340
  ],
  "rng": [
    1396033380,
    4153085421
  ],
  "shard_prediction_precision": 0.19040317833423615,
  "shard_prediction_recall": 0.23455555737018585
}