{
  "accs_after_deletion": [
    0.7856000661849976,
    0.7830000519752502,
    0.7806000113487244,
    0.7824000120162964,
    0.7844000458717346,
    0.7798000574111938
  ],
  "accs_before_deletion": [
    0.8042000532150269,
    0.7934000492095947,
    0.8046000599861145,
    0.7972000241279602,
    0.7964000105857849,
    0.7974000573158264
  ],
  "delta": 6.982864657330156e-05,
  "ensemble_acc_after_deletion": 0.8068000674247742,
  "ensemble_acc_before_deletion": 0.8220000267028809,
  "epsilon": 30.62061579407876,
  "indicator": 0,
  "lengths_after_deletion": [
    2934,
    2855,
    2988,
    3130,
    3094,
    3131
  ],
  "rng": [
    140516531,
    982603427
  ],
  "shard_prediction_precision": 0.1929147094488144,
  "shard_prediction_recall": 0.1915000081062317
}