{
  "accs_after_deletion": [
    0.790600061416626,
    0.796000063419342,
    0.7900000214576721,
    0.7902000546455383,
    0.7966000437736511,
    0.7918000221252441
  ],
  "accs_before_deletion": [
    0.7980000376701355,
    0.7940000295639038,
    0.8050000667572021,
    0.8026000261306763,
    0.7968000173568726,
    0.7974000573158264
  ],
  "delta": 6.982864657330156e-05,
  "ensemble_acc_after_deletion": 0.812000036239624,
  "ensemble_acc_before_deletion": 0.8182000517845154,
  "epsilon": 30.62061579407876,
  "indicator": 1,
  "lengths_after_deletion": [
    3635,
    3660,
    3619,
    3753,
    3727,
    3837
  ],
  "rng": [
    142321706,
    1999301531
  ],
  "shard_prediction_precision": 0.18977412581443787,
  "shard_prediction_recall": 0.14516666531562805
}