{
  "accs_after_deletion": [
    0.7878000140190125,
    0.787600040435791,
    0.7850000262260437,
    0.79420006275177,
    0.7780000567436218,
    0.7884000539779663
  ],
  "accs_before_deletion": [
    0.7998000383377075,
    0.7956000566482544,
    0.7972000241279602,
    0.7954000234603882,
    0.796000063419342,
    0.8026000261306763
  ],
  "delta": 6.982864657330156e-05,
  "ensemble_acc_after_deletion": 0.8118000626564026,
  "ensemble_acc_before_deletion": 0.8182000517845154,
  "epsilon": 30.62061579407876,
  "indicator": 1,
  "lengths_after_deletion": [
    2500,
    2517,
    2511,
    2721,
    2562,
    2701
  ],
  "rng": [
    1447669010,
    47367607
  ],
  "shard_prediction_precision": 0.18845178186893463,
  "shard_prediction_recall": 0.21449999511241913
}