{
  "accs_after_deletion": [
    0.7816000580787659,
    0.7694000601768494,
    0.7852000594139099,
    0.7860000133514404,
    0.7708000540733337,
    0.7880000472068787
  ],
  "accs_before_deletion": [
    0.7964000105857849,
    0.7958000302314758,
    0.8052000403404236,
    0.7988000512123108,
    0.7928000092506409,
    0.7954000234603882
  ],
  "delta": 6.982864657330156e-05,
  "ensemble_acc_after_deletion": 0.8078000545501709,
  "ensemble_acc_before_deletion": 0.820400059223175,
  "epsilon": 30.62061579407876,
  "indicator": 1,
  "lengths_after_deletion": [
    2733,
    2754,
    2764,
    2959,
    2925,
    2908
  ],
  "rng": [
    1476459004,
    2065384628
  ],
  "shard_prediction_precision": 0.19417628645896912,
  "shard_prediction_recall": 0.2045000046491623
}