{
  "accs_after_deletion": [
    0.7958000302314758,
    0.7932000160217285,
    0.7820000648498535,
    0.7902000546455383,
    0.7898000478744507,
    0.7900000214576721
  ],
  "accs_before_deletion": [
    0.7966000437736511,
    0.800000011920929,
    0.7988000512123108,
    0.7988000512123108,
    0.7986000180244446,
    0.8014000654220581
  ],
  "delta": 6.982864657330156e-05,
  "ensemble_acc_after_deletion": 0.8108000159263611,
  "ensemble_acc_before_deletion": 0.8202000260353088,
  "epsilon": 30.62061579407876,
  "indicator": 0,
  "lengths_after_deletion": [
    3066,
    3111,
    3074,
    3303,
    3320,
    3333
  ],
  "rng": [
    1538861156,
    492077627
  ],
  "shard_prediction_precision": 0.19121062755584717,
  "shard_prediction_recall": 0.17838889360427856
}