{
  "accs_after_deletion": [
    0.785800039768219,
    0.7824000120162964,
    0.7752000093460083,
    0.7758000493049622,
    0.7838000655174255,
    0.777400016784668
  ],
  "accs_before_deletion": [
    0.7958000302314758,
    0.7972000241279602,
    0.796000063419342,
    0.7950000166893005,
    0.8024000525474548,
    0.7966000437736511
  ],
  "delta": 6.982864657330156e-05,
  "ensemble_acc_after_deletion": 0.7998000383377075,
  "ensemble_acc_before_deletion": 0.815000057220459,
  "epsilon": 30.62061579407876,
  "indicator": 0,
  "lengths_after_deletion": [
    2104,
    2081,
    2134,
    2292,
    2394,
    2298
  ],
  "rng": [
    1565558848,
    3483489190
  ],
  "shard_prediction_precision": 0.190862238407135,
  "shard_prediction_recall": 0.24066667258739471
}