{
  "accs_after_deletion": [
    0.7884000539779663,
    0.775600016117096,
    0.7862000465393066,
    0.7854000329971313,
    0.784600019454956,
    0.7794000506401062
  ],
  "accs_before_deletion": [
    0.7970000505447388,
    0.8034000396728516,
    0.8032000660896301,
    0.7992000579833984,
    0.8006000518798828,
    0.7948000431060791
  ],
  "delta": 6.982864657330156e-05,
  "ensemble_acc_after_deletion": 0.8044000267982483,
  "ensemble_acc_before_deletion": 0.8228000402450562,
  "epsilon": 30.62061579407876,
  "indicator": 0,
  "lengths_after_deletion": [
    2261,
    2248,
    2258,
    2420,
    2442,
    2352
  ],
  "rng": [
    1572756095,
    1290325465
  ],
  "shard_prediction_precision": 0.18452246487140656,
  "shard_prediction_recall": 0.22572222352027893
}