{
  "accs_after_deletion": [
    0.7700000405311584,
    0.7694000601768494,
    0.7694000601768494,
    0.7824000120162964,
    0.777400016784668,
    0.7642000317573547
  ],
  "accs_before_deletion": [
    0.8030000329017639,
    0.8060000538825989,
    0.7998000383377075,
    0.8020000457763672,
    0.7930000424385071,
    0.7948000431060791
  ],
  "delta": 6.982864657330156e-05,
  "ensemble_acc_after_deletion": 0.7918000221252441,
  "ensemble_acc_before_deletion": 0.8190000653266907,
  "epsilon": 30.62061579407876,
  "indicator": 1,
  "lengths_after_deletion": [
    2314,
    2364,
    2387,
    2570,
    2489,
    2523
  ],
  "rng": [
    1586216823,
    4038643323
  ],
  "shard_prediction_precision": 0.18948157131671906,
  "shard_prediction_recall": 0.22477777302265167
}