{
  "accs_after_deletion": [
    0.7744000554084778,
    0.7808000445365906,
    0.789400041103363,
    0.7768000364303589,
    0.7734000086784363,
    0.7740000486373901
  ],
  "accs_before_deletion": [
    0.8004000186920166,
    0.7976000308990479,
    0.7976000308990479,
    0.8052000403404236,
    0.7880000472068787,
    0.7970000505447388
  ],
  "delta": 6.982864657330156e-05,
  "ensemble_acc_after_deletion": 0.8080000281333923,
  "ensemble_acc_before_deletion": 0.8160000443458557,
  "epsilon": 30.62061579407876,
  "indicator": 0,
  "lengths_after_deletion": [
    2122,
    2096,
    2080,
    2232,
    2257,
    2176
  ],
  "rng": [
    159271684,
    1513234503
  ],
  "shard_prediction_precision": 0.18791508674621582,
  "shard_prediction_recall": 0.24050000309944153
}