{
  "accs_after_deletion": [
    0.77920001745224,
    0.7878000140190125,
    0.7848000526428223,
    0.7902000546455383,
    0.782800018787384,
    0.7940000295639038
  ],
  "accs_before_deletion": [
    0.8006000518798828,
    0.7976000308990479,
    0.8040000200271606,
    0.7958000302314758,
    0.7928000092506409,
    0.7976000308990479
  ],
  "delta": 6.982864657330156e-05,
  "ensemble_acc_after_deletion": 0.8088000416755676,
  "ensemble_acc_before_deletion": 0.8182000517845154,
  "epsilon": 30.62061579407876,
  "indicator": 1,
  "lengths_after_deletion": [
    2555,
    2605,
    2485,
    2810,
    2673,
    2752
  ],
  "rng": [
    1598480234,
    631291685
  ],
  "shard_prediction_precision": 0.18991054594516754,
  "shard_prediction_recall": 0.21227778494358063
}