{
  "accs_after_deletion": [
    0.7832000255584717,
    0.7862000465393066,
    0.7834000587463379,
    0.7916000485420227,
    0.7998000383377075,
    0.7842000126838684
  ],
  "accs_before_deletion": [
    0.789400041103363,
    0.801800012588501,
    0.7998000383377075,
    0.7962000370025635,
    0.7976000308990479,
    0.8038000464439392
  ],
  "delta": 6.982864657330156e-05,
  "ensemble_acc_after_deletion": 0.8136000633239746,
  "ensemble_acc_before_deletion": 0.818600058555603,
  "epsilon": 30.62061579407876,
  "indicator": 1,
  "lengths_after_deletion": [
    2297,
    2285,
    2218,
    2427,
    2428,
    2417
  ],
  "rng": [
    1617676106,
    4208692675
  ],
  "shard_prediction_precision": 0.18697556853294373,
  "shard_prediction_recall": 0.22777777910232544
}