{
  "accs_after_deletion": [
    0.7890000343322754,
    0.7934000492095947,
    0.7982000112533569,
    0.7904000282287598,
    0.7896000146865845,
    0.7944000363349915
  ],
  "accs_before_deletion": [
    0.8022000193595886,
    0.801800012588501,
    0.8056000471115112,
    0.803600013256073,
    0.8032000660896301,
    0.807200014591217
  ],
  "delta": 6.982864657330156e-05,
  "ensemble_acc_after_deletion": 0.818600058555603,
  "ensemble_acc_before_deletion": 0.8208000659942627,
  "epsilon": 30.62061579407876,
  "indicator": 0,
  "lengths_after_deletion": [
    3138,
    3196,
    3212,
    3318,
    3348,
    3358
  ],
  "rng": [
    1651506093,
    1540033474
  ],
  "shard_prediction_precision": 0.19233110547065735,
  "shard_prediction_recall": 0.17555555701255798
}