{
  "accs_after_deletion": [
    0.7724000215530396,
    0.7836000323295593,
    0.7908000349998474,
    0.7850000262260437,
    0.7882000207901001,
    0.7818000316619873
  ],
  "accs_before_deletion": [
    0.7970000505447388,
    0.8068000674247742,
    0.8042000532150269,
    0.7870000600814819,
    0.8010000586509705,
    0.7984000444412231
  ],
  "delta": 6.982864657330156e-05,
  "ensemble_acc_after_deletion": 0.8078000545501709,
  "ensemble_acc_before_deletion": 0.8136000633239746,
  "epsilon": 30.62061579407876,
  "indicator": 1,
  "lengths_after_deletion": [
    2137,
    2131,
    2142,
    2282,
    2340,
    2358
  ],
  "rng": [
    1667174669,
    424799210
  ],
  "shard_prediction_precision": 0.19044670462608337,
  "shard_prediction_recall": 0.2392222285270691
}