{
  "accs_after_deletion": [
    0.7948000431060791,
    0.7874000668525696,
    0.7818000316619873,
    0.7884000539779663,
    0.789400041103363,
    0.7816000580787659
  ],
  "accs_before_deletion": [
    0.8008000254631042,
    0.8028000593185425,
    0.8052000403404236,
    0.7998000383377075,
    0.7998000383377075,
    0.7970000505447388
  ],
  "delta": 6.982864657330156e-05,
  "ensemble_acc_after_deletion": 0.8128000497817993,
  "ensemble_acc_before_deletion": 0.8210000395774841,
  "epsilon": 30.62061579407876,
  "indicator": 0,
  "lengths_after_deletion": [
    2859,
    2840,
    2864,
    3022,
    3005,
    3032
  ],
  "rng": [
    1706568178,
    2139605842
  ],
  "shard_prediction_precision": 0.1907171607017517,
  "shard_prediction_recall": 0.1947222203016281
}