{
  "accs_after_deletion": [
    0.7964000105857849,
    0.788800060749054,
    0.7940000295639038,
    0.7866000533103943,
    0.7910000085830688,
    0.7974000573158264
  ],
  "accs_before_deletion": [
    0.7930000424385071,
    0.8008000254631042,
    0.8056000471115112,
    0.7964000105857849,
    0.7938000559806824,
    0.790600061416626
  ],
  "delta": 6.982864657330156e-05,
  "ensemble_acc_after_deletion": 0.8184000253677368,
  "ensemble_acc_before_deletion": 0.8180000185966492,
  "epsilon": 30.62061579407876,
  "indicator": 0,
  "lengths_after_deletion": [
    2673,
    2597,
    2658,
    2865,
    2818,
    2837
  ],
  "rng": [
    1711896926,
    718659544
  ],
  "shard_prediction_precision": 0.1926657110452652,
  "shard_prediction_recall": 0.20927777886390686
}