{
  "accs_after_deletion": [
    0.782800018787384,
    0.7868000268936157,
    0.787600040435791,
    0.7862000465393066,
    0.7884000539779663,
    0.7962000370025635
  ],
  "accs_before_deletion": [
    0.7954000234603882,
    0.8008000254631042,
    0.8010000586509705,
    0.790600061416626,
    0.7930000424385071,
    0.8024000525474548
  ],
  "delta": 6.982864657330156e-05,
  "ensemble_acc_after_deletion": 0.8148000240325928,
  "ensemble_acc_before_deletion": 0.8196000456809998,
  "epsilon": 30.62061579407876,
  "indicator": 1,
  "lengths_after_deletion": [
    3329,
    3348,
    3346,
    3533,
    3529,
    3523
  ],
  "rng": [
    1722856242,
    337831588
  ],
  "shard_prediction_precision": 0.19542619585990906,
  "shard_prediction_recall": 0.1671111136674881
}