{
  "accs_after_deletion": [
    0.7880000472068787,
    0.7864000201225281,
    0.7884000539779663,
    0.77920001745224,
    0.7866000533103943,
    0.7860000133514404
  ],
  "accs_before_deletion": [
    0.7982000112533569,
    0.7934000492095947,
    0.8058000206947327,
    0.8034000396728516,
    0.7972000241279602,
    0.8062000274658203
  ],
  "delta": 6.982864657330156e-05,
  "ensemble_acc_after_deletion": 0.8130000233650208,
  "ensemble_acc_before_deletion": 0.8214000463485718,
  "epsilon": 30.62061579407876,
  "indicator": 0,
  "lengths_after_deletion": [
    2422,
    2510,
    2502,
    2619,
    2646,
    2746
  ],
  "rng": [
    1730351196,
    2568901518
  ],
  "shard_prediction_precision": 0.1929944008588791,
  "shard_prediction_recall": 0.22038888931274414
}