{
  "accs_after_deletion": [
    0.7778000235557556,
    0.77920001745224,
    0.782200038433075,
    0.7754000425338745,
    0.775600016117096,
    0.7744000554084778
  ],
  "accs_before_deletion": [
    0.800000011920929,
    0.8008000254631042,
    0.7966000437736511,
    0.7946000099182129,
    0.800000011920929,
    0.7986000180244446
  ],
  "delta": 6.982864657330156e-05,
  "ensemble_acc_after_deletion": 0.8014000654220581,
  "ensemble_acc_before_deletion": 0.8194000124931335,
  "epsilon": 30.62061579407876,
  "indicator": 0,
  "lengths_after_deletion": [
    2077,
    2061,
    2083,
    2220,
    2231,
    2202
  ],
  "rng": [
    1740144685,
    99898454
  ],
  "shard_prediction_precision": 0.18637031316757202,
  "shard_prediction_recall": 0.23944444954395294
}