{
  "accs_after_deletion": [
    0.7786000370979309,
    0.7778000235557556,
    0.7814000248908997,
    0.7702000141143799,
    0.7742000222206116,
    0.784600019454956
  ],
  "accs_before_deletion": [
    0.8012000322341919,
    0.7980000376701355,
    0.8032000660896301,
    0.7986000180244446,
    0.7928000092506409,
    0.7972000241279602
  ],
  "delta": 6.982864657330156e-05,
  "ensemble_acc_after_deletion": 0.8060000538825989,
  "ensemble_acc_before_deletion": 0.8218000531196594,
  "epsilon": 30.62061579407876,
  "indicator": 0,
  "lengths_after_deletion": [
    2156,
    2124,
    2202,
    2283,
    2357,
    2330
  ],
  "rng": [
    1747329108,
    1843570255
  ],
  "shard_prediction_precision": 0.1872006356716156,
  "shard_prediction_recall": 0.2345000058412552
}