{
  "accs_after_deletion": [
    0.7870000600814819,
    0.7900000214576721,
    0.7870000600814819,
    0.7938000559806824,
    0.7914000153541565,
    0.8028000593185425
  ],
  "accs_before_deletion": [
    0.7938000559806824,
    0.7914000153541565,
    0.7990000247955322,
    0.8008000254631042,
    0.7944000363349915,
    0.7992000579833984
  ],
  "delta": 6.982864657330156e-05,
  "ensemble_acc_after_deletion": 0.8190000653266907,
  "ensemble_acc_before_deletion": 0.8202000260353088,
  "epsilon": 30.62061579407876,
  "indicator": 1,
  "lengths_after_deletion": [
    2526,
    2456,
    2500,
    2680,
    2568,
    2675
  ],
  "rng": [
    1766602502,
    2341912028
  ],
  "shard_prediction_precision": 0.18557901680469513,
  "shard_prediction_recall": 0.2123333364725113
}