{
  "accs_after_deletion": [
    0.782800018787384,
    0.7864000201225281,
    0.7850000262260437,
    0.7904000282287598,
    0.7786000370979309,
    0.7816000580787659
  ],
  "accs_before_deletion": [
    0.8010000586509705,
    0.8022000193595886,
    0.7978000640869141,
    0.7956000566482544,
    0.7984000444412231,
    0.800000011920929
  ],
  "delta": 6.982864657330156e-05,
  "ensemble_acc_after_deletion": 0.8100000619888306,
  "ensemble_acc_before_deletion": 0.8190000653266907,
  "epsilon": 30.62061579407876,
  "indicator": 0,
  "lengths_after_deletion": [
    2752,
    2778,
    2824,
    3018,
    2916,
    2939
  ],
  "rng": [
    1793332756,
    435529993
  ],
  "shard_prediction_precision": 0.1881425529718399,
  "shard_prediction_recall": 0.1962222307920456
}