{
  "accs_after_deletion": [
    0.784000039100647,
    0.7922000288963318,
    0.7844000458717346,
    0.7864000201225281,
    0.7818000316619873,
    0.7916000485420227
  ],
  "accs_before_deletion": [
    0.8104000091552734,
    0.7986000180244446,
    0.8024000525474548,
    0.8010000586509705,
    0.8006000518798828,
    0.8006000518798828
  ],
  "delta": 6.982864657330156e-05,
  "ensemble_acc_after_deletion": 0.8162000179290771,
  "ensemble_acc_before_deletion": 0.8222000598907471,
  "epsilon": 30.62061579407876,
  "indicator": 0,
  "lengths_after_deletion": [
    2639,
    2578,
    2685,
    2820,
    2865,
    2883
  ],
  "rng": [
    1802206642,
    722620399
  ],
  "shard_prediction_precision": 0.19155146181583405,
  "shard_prediction_recall": 0.20783333480358124
}