{
  "accs_after_deletion": [
    0.7820000648498535,
    0.7798000574111938,
    0.777400016784668,
    0.7800000309944153,
    0.7740000486373901,
    0.7916000485420227
  ],
  "accs_before_deletion": [
    0.7978000640869141,
    0.7948000431060791,
    0.800000011920929,
    0.7926000356674194,
    0.8014000654220581,
    0.7974000573158264
  ],
  "delta": 6.982864657330156e-05,
  "ensemble_acc_after_deletion": 0.8024000525474548,
  "ensemble_acc_before_deletion": 0.8198000192642212,
  "epsilon": 30.62061579407876,
  "indicator": 1,
  "lengths_after_deletion": [
    1947,
    2063,
    1963,
    2181,
    2124,
    2136
  ],
  "rng": [
    1848185893,
    1195163029
  ],
  "shard_prediction_precision": 0.18655134737491608,
  "shard_prediction_recall": 0.24444444477558136
}