{
  "accs_after_deletion": [
    0.7898000478744507,
    0.7728000283241272,
    0.7896000146865845,
    0.7812000513076782,
    0.7834000587463379,
    0.7946000099182129
  ],
  "accs_before_deletion": [
    0.8038000464439392,
    0.8030000329017639,
    0.7934000492095947,
    0.7996000647544861,
    0.7956000566482544,
    0.8028000593185425
  ],
  "delta": 6.982864657330156e-05,
  "ensemble_acc_after_deletion": 0.8064000606536865,
  "ensemble_acc_before_deletion": 0.8246000409126282,
  "epsilon": 30.62061579407876,
  "indicator": 1,
  "lengths_after_deletion": [
    1996,
    2051,
    2081,
    2196,
    2192,
    2268
  ],
  "rng": [
    184917759,
    3586899164
  ],
  "shard_prediction_precision": 0.1890937238931656,
  "shard_prediction_recall": 0.24388888478279114
}