{
  "accs_after_deletion": [
    0.7946000099182129,
    0.7932000160217285,
    0.7868000268936157,
    0.7870000600814819,
    0.7836000323295593,
    0.7814000248908997
  ],
  "accs_before_deletion": [
    0.7948000431060791,
    0.7946000099182129,
    0.8012000322341919,
    0.7984000444412231,
    0.801800012588501,
    0.7964000105857849
  ],
  "delta": 6.982864657330156e-05,
  "ensemble_acc_after_deletion": 0.8156000375747681,
  "ensemble_acc_before_deletion": 0.8190000653266907,
  "epsilon": 30.62061579407876,
  "indicator": 0,
  "lengths_after_deletion": [
    2284,
    2336,
    2342,
    2476,
    2418,
    2500
  ],
  "rng": [
    1870417937,
    3430184518
  ],
  "shard_prediction_precision": 0.18439291417598724,
  "shard_prediction_recall": 0.22172223031520844
}