{
  "accs_after_deletion": [
    0.7830000519752502,
    0.7852000594139099,
    0.7826000452041626,
    0.7934000492095947,
    0.7904000282287598,
    0.7874000668525696
  ],
  "accs_before_deletion": [
    0.8052000403404236,
    0.79420006275177,
    0.8028000593185425,
    0.7946000099182129,
    0.7976000308990479,
    0.7958000302314758
  ],
  "delta": 6.982864657330156e-05,
  "ensemble_acc_after_deletion": 0.8112000226974487,
  "ensemble_acc_before_deletion": 0.8214000463485718,
  "epsilon": 30.62061579407876,
  "indicator": 1,
  "lengths_after_deletion": [
    2937,
    2892,
    2945,
    3134,
    3078,
    3097
  ],
  "rng": [
    191956692,
    4222515052
  ],
  "shard_prediction_precision": 0.18535469472408295,
  "shard_prediction_recall": 0.18450000882148743
}