{
  "accs_after_deletion": [
    0.7886000275611877,
    0.7862000465393066,
    0.790600061416626,
    0.7886000275611877,
    0.7944000363349915,
    0.7932000160217285
  ],
  "accs_before_deletion": [
    0.7978000640869141,
    0.7944000363349915,
    0.8022000193595886,
    0.7988000512123108,
    0.7978000640869141,
    0.8010000586509705
  ],
  "delta": 6.982864657330156e-05,
  "ensemble_acc_after_deletion": 0.8118000626564026,
  "ensemble_acc_before_deletion": 0.820400059223175,
  "epsilon": 30.62061579407876,
  "indicator": 1,
  "lengths_after_deletion": [
    3014,
    3100,
    3013,
    3268,
    3215,
    3211
  ],
  "rng": [
    194392350,
    1067047069
  ],
  "shard_prediction_precision": 0.19122184813022614,
  "shard_prediction_recall": 0.18250000476837158
}