{
  "accs_after_deletion": [
    0.7966000437736511,
    0.7966000437736511,
    0.7790000438690186,
    0.787600040435791,
    0.7856000661849976,
    0.7880000472068787
  ],
  "accs_before_deletion": [
    0.8028000593185425,
    0.8060000538825989,
    0.8076000213623047,
    0.7994000315666199,
    0.7962000370025635,
    0.7988000512123108
  ],
  "delta": 6.982864657330156e-05,
  "ensemble_acc_after_deletion": 0.807200014591217,
  "ensemble_acc_before_deletion": 0.8224000334739685,
  "epsilon": 30.62061579407876,
  "indicator": 0,
  "lengths_after_deletion": [
    2750,
    2651,
    2680,
    2892,
    2835,
    2958
  ],
  "rng": [
    199230889,
    3918838510
  ],
  "shard_prediction_precision": 0.19085992872714996,
  "shard_prediction_recall": 0.20394444465637207
}