{
  "accs_after_deletion": [
    0.8030000329017639,
    0.7880000472068787,
    0.800000011920929,
    0.7928000092506409,
    0.7816000580787659,
    0.7902000546455383
  ],
  "accs_before_deletion": [
    0.7882000207901001,
    0.7970000505447388,
    0.7896000146865845,
    0.8012000322341919,
    0.8058000206947327,
    0.8040000200271606
  ],
  "delta": 6.982864657330156e-05,
  "ensemble_acc_after_deletion": 0.8162000179290771,
  "ensemble_acc_before_deletion": 0.8170000314712524,
  "epsilon": 30.62061579407876,
  "indicator": 0,
  "lengths_after_deletion": [
    2442,
    2437,
    2523,
    2546,
    2598,
    2537
  ],
  "rng": [
    2007944514,
    1726192807
  ],
  "shard_prediction_precision": 0.18788544833660126,
  "shard_prediction_recall": 0.21833333373069763
}