{
  "accs_after_deletion": [
    0.7884000539779663,
    0.7814000248908997,
    0.7916000485420227,
    0.7816000580787659,
    0.781000018119812,
    0.800000011920929
  ],
  "accs_before_deletion": [
    0.8024000525474548,
    0.800000011920929,
    0.8034000396728516,
    0.7980000376701355,
    0.7994000315666199,
    0.7914000153541565
  ],
  "delta": 6.982864657330156e-05,
  "ensemble_acc_after_deletion": 0.8158000111579895,
  "ensemble_acc_before_deletion": 0.8192000389099121,
  "epsilon": 30.62061579407876,
  "indicator": 1,
  "lengths_after_deletion": [
    3131,
    3144,
    3057,
    3230,
    3298,
    3312
  ],
  "rng": [
    2074828269,
    3938578184
  ],
  "shard_prediction_precision": 0.1929522305727005,
  "shard_prediction_recall": 0.1803888976573944
}