{
  "accs_after_deletion": [
    0.788800060749054,
    0.7918000221252441,
    0.801800012588501,
    0.7820000648498535,
    0.7862000465393066,
    0.7912000417709351
  ],
  "accs_before_deletion": [
    0.8032000660896301,
    0.7890000343322754,
    0.7982000112533569,
    0.8010000586509705,
    0.8024000525474548,
    0.8042000532150269
  ],
  "delta": 6.982864657330156e-05,
  "ensemble_acc_after_deletion": 0.8148000240325928,
  "ensemble_acc_before_deletion": 0.8214000463485718,
  "epsilon": 30.62061579407876,
  "indicator": 0,
  "lengths_after_deletion": [
    3235,
    3284,
    3297,
    3449,
    3381,
    3415
  ],
  "rng": [
    2240604484,
    3981965911
  ],
  "shard_prediction_precision": 0.18796661496162415,
  "shard_prediction_recall": 0.16644445061683655
}