{
  "accs_after_deletion": [
    0.7872000336647034,
    0.7902000546455383,
    0.7982000112533569,
    0.7928000092506409,
    0.7908000349998474,
    0.7934000492095947
  ],
  "accs_before_deletion": [
    0.8040000200271606,
    0.7938000559806824,
    0.7988000512123108,
    0.7990000247955322,
    0.7966000437736511,
    0.8026000261306763
  ],
  "delta": 6.982864657330156e-05,
  "ensemble_acc_after_deletion": 0.8170000314712524,
  "ensemble_acc_before_deletion": 0.8232000470161438,
  "epsilon": 30.62061579407876,
  "indicator": 1,
  "lengths_after_deletion": [
    3204,
    3169,
    3220,
    3326,
    3313,
    3311
  ],
  "rng": [
    2253173812,
    3299529113
  ],
  "shard_prediction_precision": 0.19037491083145142,
  "shard_prediction_recall": 0.1740555614233017
}