{
  "accs_after_deletion": [
    0.7870000600814819,
    0.7934000492095947,
    0.7896000146865845,
    0.7908000349998474,
    0.787600040435791,
    0.7938000559806824
  ],
  "accs_before_deletion": [
    0.79420006275177,
    0.7968000173568726,
    0.7952000498771667,
    0.7978000640869141,
    0.7962000370025635,
    0.803600013256073
  ],
  "delta": 6.982864657330156e-05,
  "ensemble_acc_after_deletion": 0.8126000165939331,
  "ensemble_acc_before_deletion": 0.8158000111579895,
  "epsilon": 30.62061579407876,
  "indicator": 1,
  "lengths_after_deletion": [
    2513,
    2669,
    2615,
    2755,
    2740,
    2723
  ],
  "rng": [
    2254078090,
    1754553084
  ],
  "shard_prediction_precision": 0.19069302082061768,
  "shard_prediction_recall": 0.2117222249507904
}