{
  "accs_after_deletion": [
    0.7820000648498535,
    0.7812000513076782,
    0.7854000329971313,
    0.7856000661849976,
    0.7776000499725342,
    0.7898000478744507
  ],
  "accs_before_deletion": [
    0.7976000308990479,
    0.7940000295639038,
    0.792400062084198,
    0.7928000092506409,
    0.7974000573158264,
    0.7994000315666199
  ],
  "delta": 6.982864657330156e-05,
  "ensemble_acc_after_deletion": 0.8016000390052795,
  "ensemble_acc_before_deletion": 0.8170000314712524,
  "epsilon": 30.62061579407876,
  "indicator": 1,
  "lengths_after_deletion": [
    2396,
    2399,
    2503,
    2648,
    2690,
    2569
  ],
  "rng": [
    2297305496,
    1176707487
  ],
  "shard_prediction_precision": 0.19067083299160004,
  "shard_prediction_recall": 0.2202777862548828
}