{
  "accs_after_deletion": [
    0.781000018119812,
    0.7868000268936157,
    0.7814000248908997,
    0.7850000262260437,
    0.77920001745224,
    0.7948000431060791
  ],
  "accs_before_deletion": [
    0.7976000308990479,
    0.8030000329017639,
    0.8012000322341919,
    0.7950000166893005,
    0.8040000200271606,
    0.7940000295639038
  ],
  "delta": 6.982864657330156e-05,
  "ensemble_acc_after_deletion": 0.807200014591217,
  "ensemble_acc_before_deletion": 0.818600058555603,
  "epsilon": 30.62061579407876,
  "indicator": 1,
  "lengths_after_deletion": [
    2995,
    3058,
    3128,
    3243,
    3209,
    3232
  ],
  "rng": [
    2321334703,
    1667455226
  ],
  "shard_prediction_precision": 0.18867814540863037,
  "shard_prediction_recall": 0.17961111664772034
}