{
  "accs_after_deletion": [
    0.7930000424385071,
    0.777400016784668,
    0.7784000635147095,
    0.7802000641822815,
    0.7898000478744507,
    0.7816000580787659
  ],
  "accs_before_deletion": [
    0.7896000146865845,
    0.7998000383377075,
    0.8080000281333923,
    0.7992000579833984,
    0.8008000254631042,
    0.800000011920929
  ],
  "delta": 6.982864657330156e-05,
  "ensemble_acc_after_deletion": 0.8048000335693359,
  "ensemble_acc_before_deletion": 0.8198000192642212,
  "epsilon": 30.62061579407876,
  "indicator": 1,
  "lengths_after_deletion": [
    2939,
    3005,
    2944,
    3152,
    3161,
    3089
  ],
  "rng": [
    2324679072,
    1433295287
  ],
  "shard_prediction_precision": 0.1882552206516266,
  "shard_prediction_recall": 0.18522222340106964
}