{
  "accs_after_deletion": [
    0.7986000180244446,
    0.7834000587463379,
    0.7882000207901001,
    0.7926000356674194,
    0.77920001745224,
    0.7800000309944153
  ],
  "accs_before_deletion": [
    0.7958000302314758,
    0.7954000234603882,
    0.8004000186920166,
    0.8058000206947327,
    0.7966000437736511,
    0.7944000363349915
  ],
  "delta": 6.982864657330156e-05,
  "ensemble_acc_after_deletion": 0.813200056552887,
  "ensemble_acc_before_deletion": 0.8194000124931335,
  "epsilon": 30.62061579407876,
  "indicator": 0,
  "lengths_after_deletion": [
    3262,
    3291,
    3198,
    3371,
    3480,
    3404
  ],
  "rng": [
    2344979419,
    716393476
  ],
  "shard_prediction_precision": 0.1926347315311432,
  "shard_prediction_recall": 0.17116667330265045
}