{
  "accs_after_deletion": [
    0.7814000248908997,
    0.7900000214576721,
    0.7748000621795654,
    0.7760000228881836,
    0.7800000309944153,
    0.7864000201225281
  ],
  "accs_before_deletion": [
    0.79420006275177,
    0.7928000092506409,
    0.8056000471115112,
    0.8030000329017639,
    0.796000063419342,
    0.8058000206947327
  ],
  "delta": 6.982864657330156e-05,
  "ensemble_acc_after_deletion": 0.8076000213623047,
  "ensemble_acc_before_deletion": 0.8196000456809998,
  "epsilon": 30.62061579407876,
  "indicator": 0,
  "lengths_after_deletion": [
    2874,
    2779,
    2706,
    2938,
    2970,
    2902
  ],
  "rng": [
    2347345602,
    3185182183
  ],
  "shard_prediction_precision": 0.18974032998085022,
  "shard_prediction_recall": 0.19850000739097595
}