{
  "accs_after_deletion": [
    0.7820000648498535,
    0.7764000296592712,
    0.7704000473022461,
    0.7728000283241272,
    0.781000018119812,
    0.7848000526428223
  ],
  "accs_before_deletion": [
    0.7994000315666199,
    0.7950000166893005,
    0.8060000538825989,
    0.7988000512123108,
    0.7936000227928162,
    0.7968000173568726
  ],
  "delta": 6.982864657330156e-05,
  "ensemble_acc_after_deletion": 0.8032000660896301,
  "ensemble_acc_before_deletion": 0.8200000524520874,
  "epsilon": 30.62061579407876,
  "indicator": 1,
  "lengths_after_deletion": [
    3443,
    3426,
    3473,
    3610,
    3658,
    3643
  ],
  "rng": [
    2372712733,
    2486957548
  ],
  "shard_prediction_precision": 0.19536177814006805,
  "shard_prediction_recall": 0.16005556285381317
}