{
  "accs_after_deletion": [
    0.7948000431060791,
    0.789400041103363,
    0.7776000499725342,
    0.789400041103363,
    0.7870000600814819,
    0.7892000079154968
  ],
  "accs_before_deletion": [
    0.7954000234603882,
    0.8040000200271606,
    0.7952000498771667,
    0.796000063419342,
    0.8046000599861145,
    0.7988000512123108
  ],
  "delta": 6.982864657330156e-05,
  "ensemble_acc_after_deletion": 0.8118000626564026,
  "ensemble_acc_before_deletion": 0.8226000666618347,
  "epsilon": 30.62061579407876,
  "indicator": 1,
  "lengths_after_deletion": [
    2450,
    2396,
    2378,
    2571,
    2581,
    2638
  ],
  "rng": [
    2385726545,
    4077815853
  ],
  "shard_prediction_precision": 0.1868864893913269,
  "shard_prediction_recall": 0.21788889169692993
}