{
  "accs_after_deletion": [
    0.7864000201225281,
    0.7848000526428223,
    0.7918000221252441,
    0.784000039100647,
    0.7904000282287598,
    0.7818000316619873
  ],
  "accs_before_deletion": [
    0.7934000492095947,
    0.7870000600814819,
    0.806600034236908,
    0.8010000586509705,
    0.7916000485420227,
    0.7958000302314758
  ],
  "delta": 6.982864657330156e-05,
  "ensemble_acc_after_deletion": 0.8086000680923462,
  "ensemble_acc_before_deletion": 0.8176000118255615,
  "epsilon": 30.62061579407876,
  "indicator": 0,
  "lengths_after_deletion": [
    3877,
    3815,
    3898,
    4088,
    4066,
    4073
  ],
  "rng": [
    2495978561,
    1429802939
  ],
  "shard_prediction_precision": 0.19904786348342896,
  "shard_prediction_recall": 0.13472221791744232
}