{
  "accs_after_deletion": [
    0.7834000587463379,
    0.7900000214576721,
    0.7852000594139099,
    0.7864000201225281,
    0.7848000526428223,
    0.7838000655174255
  ],
  "accs_before_deletion": [
    0.7922000288963318,
    0.7970000505447388,
    0.7984000444412231,
    0.7972000241279602,
    0.7946000099182129,
    0.8034000396728516
  ],
  "delta": 6.982864657330156e-05,
  "ensemble_acc_after_deletion": 0.8112000226974487,
  "ensemble_acc_before_deletion": 0.8198000192642212,
  "epsilon": 30.62061579407876,
  "indicator": 0,
  "lengths_after_deletion": [
    2978,
    3070,
    3129,
    3260,
    3203,
    3256
  ],
  "rng": [
    2579783243,
    3571481683
  ],
  "shard_prediction_precision": 0.1956852227449417,
  "shard_prediction_recall": 0.18594445288181305
}