{
  "accs_after_deletion": [
    0.782800018787384,
    0.7870000600814819,
    0.7796000242233276,
    0.7878000140190125,
    0.7834000587463379,
    0.7926000356674194
  ],
  "accs_before_deletion": [
    0.8068000674247742,
    0.7958000302314758,
    0.8042000532150269,
    0.8030000329017639,
    0.7958000302314758,
    0.7966000437736511
  ],
  "delta": 6.982864657330156e-05,
  "ensemble_acc_after_deletion": 0.8112000226974487,
  "ensemble_acc_before_deletion": 0.8228000402450562,
  "epsilon": 30.62061579407876,
  "indicator": 1,
  "lengths_after_deletion": [
    2801,
    2668,
    2707,
    2792,
    2855,
    2854
  ],
  "rng": [
    259113784,
    2055883537
  ],
  "shard_prediction_precision": 0.18977384269237518,
  "shard_prediction_recall": 0.20372222363948822
}