{
  "accs_after_deletion": [
    0.7910000085830688,
    0.7882000207901001,
    0.7914000153541565,
    0.7772000432014465,
    0.7880000472068787,
    0.7868000268936157
  ],
  "accs_before_deletion": [
    0.7988000512123108,
    0.8080000281333923,
    0.7964000105857849,
    0.8046000599861145,
    0.8044000267982483,
    0.79420006275177
  ],
  "delta": 6.982864657330156e-05,
  "ensemble_acc_after_deletion": 0.8056000471115112,
  "ensemble_acc_before_deletion": 0.8184000253677368,
  "epsilon": 30.62061579407876,
  "indicator": 0,
  "lengths_after_deletion": [
    2892,
    2817,
    2708,
    2887,
    2941,
    2939
  ],
  "rng": [
    2615796858,
    3471299481
  ],
  "shard_prediction_precision": 0.18930697441101074,
  "shard_prediction_recall": 0.19788889586925507
}