{
  "accs_after_deletion": [
    0.7854000329971313,
    0.7900000214576721,
    0.790600061416626,
    0.7978000640869141,
    0.7930000424385071,
    0.7860000133514404
  ],
  "accs_before_deletion": [
    0.7984000444412231,
    0.8040000200271606,
    0.7944000363349915,
    0.7998000383377075,
    0.790600061416626,
    0.803600013256073
  ],
  "delta": 6.982864657330156e-05,
  "ensemble_acc_after_deletion": 0.813800036907196,
  "ensemble_acc_before_deletion": 0.8170000314712524,
  "epsilon": 30.62061579407876,
  "indicator": 1,
  "lengths_after_deletion": [
    2481,
    2446,
    2452,
    2667,
    2664,
    2623
  ],
  "rng": [
    2700324224,
    89915583
  ],
  "shard_prediction_precision": 0.1880292147397995,
  "shard_prediction_recall": 0.2158888876438141
}