{
  "accs_after_deletion": [
    0.781000018119812,
    0.7852000594139099,
    0.7940000295639038,
    0.784000039100647,
    0.7896000146865845,
    0.8004000186920166
  ],
  "accs_before_deletion": [
    0.8006000518798828,
    0.7996000647544861,
    0.8046000599861145,
    0.8042000532150269,
    0.805400013923645,
    0.8032000660896301
  ],
  "delta": 6.982864657330156e-05,
  "ensemble_acc_after_deletion": 0.8096000552177429,
  "ensemble_acc_before_deletion": 0.8212000131607056,
  "epsilon": 30.62061579407876,
  "indicator": 1,
  "lengths_after_deletion": [
    2715,
    2661,
    2709,
    2742,
    2867,
    2866
  ],
  "rng": [
    2750430217,
    3481311522
  ],
  "shard_prediction_precision": 0.18667694926261902,
  "shard_prediction_recall": 0.20161111652851105
}