{
  "accs_after_deletion": [
    0.7904000282287598,
    0.788800060749054,
    0.8024000525474548,
    0.7936000227928162,
    0.79420006275177,
    0.7916000485420227
  ],
  "accs_before_deletion": [
    0.7956000566482544,
    0.8016000390052795,
    0.7938000559806824,
    0.7926000356674194,
    0.8058000206947327,
    0.8028000593185425
  ],
  "delta": 6.982864657330156e-05,
  "ensemble_acc_after_deletion": 0.8166000247001648,
  "ensemble_acc_before_deletion": 0.820400059223175,
  "epsilon": 30.62061579407876,
  "indicator": 0,
  "lengths_after_deletion": [
    3506,
    3455,
    3481,
    3589,
    3606,
    3598
  ],
  "rng": [
    276781344,
    1930020884
  ],
  "shard_prediction_precision": 0.19085675477981567,
  "shard_prediction_recall": 0.15655556321144104
}