{
  "accs_after_deletion": [
    0.7856000661849976,
    0.7916000485420227,
    0.7862000465393066,
    0.785800039768219,
    0.7864000201225281,
    0.7802000641822815
  ],
  "accs_before_deletion": [
    0.7928000092506409,
    0.8004000186920166,
    0.8002000451087952,
    0.7978000640869141,
    0.7998000383377075,
    0.7980000376701355
  ],
  "delta": 6.982864657330156e-05,
  "ensemble_acc_after_deletion": 0.8058000206947327,
  "ensemble_acc_before_deletion": 0.8184000253677368,
  "epsilon": 30.62061579407876,
  "indicator": 0,
  "lengths_after_deletion": [
    3308,
    3321,
    3310,
    3422,
    3451,
    3509
  ],
  "rng": [
    2806236081,
    3573559272
  ],
  "shard_prediction_precision": 0.18661905825138092,
  "shard_prediction_recall": 0.16255556046962738
}