{
  "accs_after_deletion": [
    0.7848000526428223,
    0.7826000452041626,
    0.7812000513076782,
    0.7794000506401062,
    0.7790000438690186,
    0.7964000105857849
  ],
  "accs_before_deletion": [
    0.8082000613212585,
    0.7996000647544861,
    0.8006000518798828,
    0.8060000538825989,
    0.7976000308990479,
    0.8098000288009644
  ],
  "delta": 6.982864657330156e-05,
  "ensemble_acc_after_deletion": 0.8038000464439392,
  "ensemble_acc_before_deletion": 0.8260000348091125,
  "epsilon": 30.62061579407876,
  "indicator": 1,
  "lengths_after_deletion": [
    2485,
    2462,
    2503,
    2724,
    2668,
    2730
  ],
  "rng": [
    2816249093,
    4088828478
  ],
  "shard_prediction_precision": 0.19047385454177856,
  "shard_prediction_recall": 0.2161666750907898
}