{
  "accs_after_deletion": [
    0.7902000546455383,
    0.796000063419342,
    0.7868000268936157,
    0.796000063419342,
    0.7860000133514404,
    0.7964000105857849
  ],
  "accs_before_deletion": [
    0.7956000566482544,
    0.7932000160217285,
    0.8026000261306763,
    0.7956000566482544,
    0.8038000464439392,
    0.7988000512123108
  ],
  "delta": 6.982864657330156e-05,
  "ensemble_acc_after_deletion": 0.8182000517845154,
  "ensemble_acc_before_deletion": 0.816800057888031,
  "epsilon": 30.62061579407876,
  "indicator": 1,
  "lengths_after_deletion": [
    2500,
    2434,
    2428,
    2628,
    2587,
    2593
  ],
  "rng": [
    2903166106,
    520904779
  ],
  "shard_prediction_precision": 0.18550167977809906,
  "shard_prediction_recall": 0.21466666460037231
}