{
  "accs_after_deletion": [
    0.7808000445365906,
    0.7790000438690186,
    0.7838000655174255,
    0.7794000506401062,
    0.788800060749054,
    0.787600040435791
  ],
  "accs_before_deletion": [
    0.7980000376701355,
    0.7982000112533569,
    0.7968000173568726,
    0.7968000173568726,
    0.8012000322341919,
    0.7982000112533569
  ],
  "delta": 6.982864657330156e-05,
  "ensemble_acc_after_deletion": 0.8030000329017639,
  "ensemble_acc_before_deletion": 0.8236000537872314,
  "epsilon": 30.62061579407876,
  "indicator": 1,
  "lengths_after_deletion": [
    2424,
    2314,
    2401,
    2598,
    2558,
    2592
  ],
  "rng": [
    2910471299,
    1265824501
  ],
  "shard_prediction_precision": 0.18907780945301056,
  "shard_prediction_recall": 0.2217777818441391
}