{
  "accs_after_deletion": [
    0.788800060749054,
    0.7844000458717346,
    0.7922000288963318,
    0.7914000153541565,
    0.7970000505447388,
    0.7912000417709351
  ],
  "accs_before_deletion": [
    0.7950000166893005,
    0.8008000254631042,
    0.7920000553131104,
    0.7974000573158264,
    0.801800012588501,
    0.8024000525474548
  ],
  "delta": 6.982864657330156e-05,
  "ensemble_acc_after_deletion": 0.8160000443458557,
  "ensemble_acc_before_deletion": 0.8166000247001648,
  "epsilon": 30.62061579407876,
  "indicator": 1,
  "lengths_after_deletion": [
    2597,
    2544,
    2488,
    2782,
    2674,
    2723
  ],
  "rng": [
    2926736732,
    1085501384
  ],
  "shard_prediction_precision": 0.18631142377853394,
  "shard_prediction_recall": 0.20900000631809235
}