{
  "accs_after_deletion": [
    0.7900000214576721,
    0.7968000173568726,
    0.7898000478744507,
    0.8006000518798828,
    0.7996000647544861,
    0.7908000349998474
  ],
  "accs_before_deletion": [
    0.805400013923645,
    0.7952000498771667,
    0.7832000255584717,
    0.7954000234603882,
    0.7958000302314758,
    0.803600013256073
  ],
  "delta": 6.982864657330156e-05,
  "ensemble_acc_after_deletion": 0.8184000253677368,
  "ensemble_acc_before_deletion": 0.8156000375747681,
  "epsilon": 30.62061579407876,
  "indicator": 1,
  "lengths_after_deletion": [
    3166,
    3145,
    3185,
    3414,
    3402,
    3386
  ],
  "rng": [
    2954133335,
    110879165
  ],
  "shard_prediction_precision": 0.1939639300107956,
  "shard_prediction_recall": 0.1756666749715805
}