{
  "accs_after_deletion": [
    0.77920001745224,
    0.7814000248908997,
    0.785800039768219,
    0.7796000242233276,
    0.7814000248908997,
    0.782200038433075
  ],
  "accs_before_deletion": [
    0.8028000593185425,
    0.803600013256073,
    0.8012000322341919,
    0.8032000660896301,
    0.7922000288963318,
    0.7956000566482544
  ],
  "delta": 6.982864657330156e-05,
  "ensemble_acc_after_deletion": 0.7994000315666199,
  "ensemble_acc_before_deletion": 0.8256000280380249,
  "epsilon": 30.62061579407876,
  "indicator": 0,
  "lengths_after_deletion": [
    2587,
    2660,
    2536,
    2784,
    2758,
    2773
  ],
  "rng": [
    2981183177,
    4183126163
  ],
  "shard_prediction_precision": 0.19259370863437653,
  "shard_prediction_recall": 0.21294444799423218
}