{
  "accs_after_deletion": [
    0.7990000247955322,
    0.7982000112533569,
    0.8006000518798828,
    0.79420006275177,
    0.7864000201225281,
    0.7948000431060791
  ],
  "accs_before_deletion": [
    0.7958000302314758,
    0.790600061416626,
    0.8010000586509705,
    0.7998000383377075,
    0.8022000193595886,
    0.8008000254631042
  ],
  "delta": 6.982864657330156e-05,
  "ensemble_acc_after_deletion": 0.8176000118255615,
  "ensemble_acc_before_deletion": 0.8216000199317932,
  "epsilon": 30.62061579407876,
  "indicator": 0,
  "lengths_after_deletion": [
    3502,
    3496,
    3462,
    3740,
    3718,
    3594
  ],
  "rng": [
    3055577305,
    3927501626
  ],
  "shard_prediction_precision": 0.19443678855895996,
  "shard_prediction_recall": 0.15649999678134918
}