{
  "accs_after_deletion": [
    0.7586000561714172,
    0.7348000407218933,
    0.7716000080108643,
    0.7444000244140625,
    0.7744000554084778,
    0.7558000087738037
  ],
  "accs_before_deletion": [
    0.7980000376701355,
    0.7974000573158264,
    0.7976000308990479,
    0.7968000173568726,
    0.8008000254631042,
    0.8050000667572021
  ],
  "delta": 6.982864657330156e-05,
  "ensemble_acc_after_deletion": 0.7952000498771667,
  "ensemble_acc_before_deletion": 0.8222000598907471,
  "epsilon": 30.62061579407876,
  "indicator": 1,
  "lengths_after_deletion": [
    1411,
    1512,
    1477,
    1571,
    1603,
    1588
  ],
  "rng": [
    3069623203,
    631847425
  ],
  "shard_prediction_precision": 0.18458901345729828,
  "shard_prediction_recall": 0.27522221207618713
}