{
  "accs_after_deletion": [
    0.7700000405311584,
    0.7762000560760498,
    0.7744000554084778,
    0.7766000628471375,
    0.7842000126838684,
    0.7706000208854675
  ],
  "accs_before_deletion": [
    0.7978000640869141,
    0.8074000477790833,
    0.7994000315666199,
    0.8008000254631042,
    0.8020000457763672,
    0.7956000566482544
  ],
  "delta": 6.982864657330156e-05,
  "ensemble_acc_after_deletion": 0.7968000173568726,
  "ensemble_acc_before_deletion": 0.8230000138282776,
  "epsilon": 30.62061579407876,
  "indicator": 1,
  "lengths_after_deletion": [
    2519,
    2488,
    2459,
    2797,
    2679,
    2737
  ],
  "rng": [
    3133267718,
    3263754208
  ],
  "shard_prediction_precision": 0.19275625050067902,
  "shard_prediction_recall": 0.21761111915111542
}