{
  "accs_after_deletion": [
    0.7832000255584717,
    0.7826000452041626,
    0.7904000282287598,
    0.7820000648498535,
    0.7938000559806824,
    0.7818000316619873
  ],
  "accs_before_deletion": [
    0.8062000274658203,
    0.8042000532150269,
    0.7958000302314758,
    0.8034000396728516,
    0.8024000525474548,
    0.7962000370025635
  ],
  "delta": 6.982864657330156e-05,
  "ensemble_acc_after_deletion": 0.8118000626564026,
  "ensemble_acc_before_deletion": 0.8216000199317932,
  "epsilon": 30.62061579407876,
  "indicator": 1,
  "lengths_after_deletion": [
    2412,
    2417,
    2406,
    2626,
    2520,
    2623
  ],
  "rng": [
    3151132780,
    4031491268
  ],
  "shard_prediction_precision": 0.19003619253635406,
  "shard_prediction_recall": 0.22166666388511658
}