{
  "accs_after_deletion": [
    0.7890000343322754,
    0.7882000207901001,
    0.7708000540733337,
    0.7766000628471375,
    0.787600040435791,
    0.7838000655174255
  ],
  "accs_before_deletion": [
    0.8058000206947327,
    0.8038000464439392,
    0.801800012588501,
    0.7954000234603882,
    0.7976000308990479,
    0.8010000586509705
  ],
  "delta": 6.982864657330156e-05,
  "ensemble_acc_after_deletion": 0.8042000532150269,
  "ensemble_acc_before_deletion": 0.8278000354766846,
  "epsilon": 30.62061579407876,
  "indicator": 1,
  "lengths_after_deletion": [
    2103,
    2111,
    2092,
    2248,
    2253,
    2200
  ],
  "rng": [
    3153831955,
    628352928
  ],
  "shard_prediction_precision": 0.18357761204242706,
  "shard_prediction_recall": 0.2345000058412552
}