{
  "accs_after_deletion": [
    0.77920001745224,
    0.7704000473022461,
    0.7882000207901001,
    0.7762000560760498,
    0.7842000126838684,
    0.7872000336647034
  ],
  "accs_before_deletion": [
    0.8056000471115112,
    0.7966000437736511,
    0.8060000538825989,
    0.8046000599861145,
    0.8014000654220581,
    0.7982000112533569
  ],
  "delta": 6.982864657330156e-05,
  "ensemble_acc_after_deletion": 0.803600013256073,
  "ensemble_acc_before_deletion": 0.8198000192642212,
  "epsilon": 30.62061579407876,
  "indicator": 1,
  "lengths_after_deletion": [
    2708,
    2690,
    2667,
    2886,
    2899,
    2867
  ],
  "rng": [
    3156984857,
    2814951753
  ],
  "shard_prediction_precision": 0.18824870884418488,
  "shard_prediction_recall": 0.2016666680574417
}