{
  "accs_after_deletion": [
    0.7818000316619873,
    0.7790000438690186,
    0.7832000255584717,
    0.7916000485420227,
    0.7910000085830688,
    0.7914000153541565
  ],
  "accs_before_deletion": [
    0.7984000444412231,
    0.7996000647544861,
    0.7944000363349915,
    0.7932000160217285,
    0.7928000092506409,
    0.8002000451087952
  ],
  "delta": 6.982864657330156e-05,
  "ensemble_acc_after_deletion": 0.8070000410079956,
  "ensemble_acc_before_deletion": 0.816800057888031,
  "epsilon": 30.62061579407876,
  "indicator": 1,
  "lengths_after_deletion": [
    3074,
    3094,
    3113,
    3230,
    3228,
    3292
  ],
  "rng": [
    3183331180,
    2316116627
  ],
  "shard_prediction_precision": 0.18981672823429108,
  "shard_prediction_recall": 0.1789444535970688
}