{
  "accs_after_deletion": [
    0.7922000288963318,
    0.7872000336647034,
    0.7898000478744507,
    0.7826000452041626,
    0.782800018787384,
    0.7918000221252441
  ],
  "accs_before_deletion": [
    0.7940000295639038,
    0.7968000173568726,
    0.8046000599861145,
    0.7946000099182129,
    0.8024000525474548,
    0.8020000457763672
  ],
  "delta": 6.982864657330156e-05,
  "ensemble_acc_after_deletion": 0.8110000491142273,
  "ensemble_acc_before_deletion": 0.8162000179290771,
  "epsilon": 30.62061579407876,
  "indicator": 0,
  "lengths_after_deletion": [
    2446,
    2494,
    2453,
    2639,
    2641,
    2628
  ],
  "rng": [
    3208633303,
    1754458866
  ],
  "shard_prediction_precision": 0.1895260512828827,
  "shard_prediction_recall": 0.2179444432258606
}