{
  "accs_after_deletion": [
    0.7866000533103943,
    0.7806000113487244,
    0.792400062084198,
    0.7900000214576721,
    0.7890000343322754,
    0.7812000513076782
  ],
  "accs_before_deletion": [
    0.7916000485420227,
    0.7870000600814819,
    0.7974000573158264,
    0.7980000376701355,
    0.7874000668525696,
    0.792400062084198
  ],
  "delta": 6.982864657330156e-05,
  "ensemble_acc_after_deletion": 0.8154000639915466,
  "ensemble_acc_before_deletion": 0.8114000558853149,
  "epsilon": 30.62061579407876,
  "indicator": 1,
  "lengths_after_deletion": [
    2105,
    2114,
    1986,
    2248,
    2163,
    2188
  ],
  "rng": [
    3255878818,
    2350836934
  ],
  "shard_prediction_precision": 0.18636834621429443,
  "shard_prediction_recall": 0.24016666412353516
}