{
  "accs_after_deletion": [
    0.7854000329971313,
    0.792400062084198,
    0.7956000566482544,
    0.7914000153541565,
    0.7910000085830688,
    0.7966000437736511
  ],
  "accs_before_deletion": [
    0.7990000247955322,
    0.7964000105857849,
    0.7940000295639038,
    0.7968000173568726,
    0.7966000437736511,
    0.8108000159263611
  ],
  "delta": 6.982864657330156e-05,
  "ensemble_acc_after_deletion": 0.8210000395774841,
  "ensemble_acc_before_deletion": 0.8210000395774841,
  "epsilon": 30.62061579407876,
  "indicator": 1,
  "lengths_after_deletion": [
    2823,
    2965,
    2918,
    3070,
    2968,
    3142
  ],
  "rng": [
    3274761894,
    3348202506
  ],
  "shard_prediction_precision": 0.19001877307891846,
  "shard_prediction_recall": 0.19122222065925598
}