{
  "accs_after_deletion": [
    0.7932000160217285,
    0.7860000133514404,
    0.7912000417709351,
    0.7944000363349915,
    0.792400062084198,
    0.789400041103363
  ],
  "accs_before_deletion": [
    0.7958000302314758,
    0.7972000241279602,
    0.807200014591217,
    0.8042000532150269,
    0.7954000234603882,
    0.8012000322341919
  ],
  "delta": 6.982864657330156e-05,
  "ensemble_acc_after_deletion": 0.812000036239624,
  "ensemble_acc_before_deletion": 0.8226000666618347,
  "epsilon": 30.62061579407876,
  "indicator": 1,
  "lengths_after_deletion": [
    3534,
    3591,
    3550,
    3775,
    3692,
    3679
  ],
  "rng": [
    3276642324,
    2230375632
  ],
  "shard_prediction_precision": 0.19698144495487213,
  "shard_prediction_recall": 0.15516667068004608
}