{
  "accs_after_deletion": [
    0.7854000329971313,
    0.784000039100647,
    0.7830000519752502,
    0.7848000526428223,
    0.782800018787384,
    0.7832000255584717
  ],
  "accs_before_deletion": [
    0.7890000343322754,
    0.8016000390052795,
    0.7968000173568726,
    0.8016000390052795,
    0.7974000573158264,
    0.7968000173568726
  ],
  "delta": 6.982864657330156e-05,
  "ensemble_acc_after_deletion": 0.8056000471115112,
  "ensemble_acc_before_deletion": 0.8156000375747681,
  "epsilon": 30.62061579407876,
  "indicator": 0,
  "lengths_after_deletion": [
    1888,
    1894,
    1834,
    2074,
    1948,
    2118
  ],
  "rng": [
    3284024856,
    2059359555
  ],
  "shard_prediction_precision": 0.18491174280643463,
  "shard_prediction_recall": 0.24905556440353394
}