{
  "accs_after_deletion": [
    0.7804000377655029,
    0.784600019454956,
    0.7878000140190125,
    0.7910000085830688,
    0.7838000655174255,
    0.7904000282287598
  ],
  "accs_before_deletion": [
    0.7978000640869141,
    0.7936000227928162,
    0.8028000593185425,
    0.7964000105857849,
    0.805400013923645,
    0.8016000390052795
  ],
  "delta": 6.982864657330156e-05,
  "ensemble_acc_after_deletion": 0.8092000484466553,
  "ensemble_acc_before_deletion": 0.8234000205993652,
  "epsilon": 30.62061579407876,
  "indicator": 1,
  "lengths_after_deletion": [
    2258,
    2237,
    2180,
    2343,
    2364,
    2373
  ],
  "rng": [
    3328091605,
    340917918
  ],
  "shard_prediction_precision": 0.18898628652095795,
  "shard_prediction_recall": 0.23355555534362793
}