{
  "accs_after_deletion": [
    0.7648000121116638,
    0.7790000438690186,
    0.7696000337600708,
    0.7692000269889832,
    0.7772000432014465,
    0.7766000628471375
  ],
  "accs_before_deletion": [
    0.7952000498771667,
    0.7996000647544861,
    0.7992000579833984,
    0.8022000193595886,
    0.7966000437736511,
    0.800000011920929
  ],
  "delta": 6.982864657330156e-05,
  "ensemble_acc_after_deletion": 0.8024000525474548,
  "ensemble_acc_before_deletion": 0.8178000450134277,
  "epsilon": 30.62061579407876,
  "indicator": 1,
  "lengths_after_deletion": [
    2020,
    2050,
    2059,
    2133,
    2198,
    2224
  ],
  "rng": [
    3341345667,
    3661045314
  ],
  "shard_prediction_precision": 0.18167781829833984,
  "shard_prediction_recall": 0.23533333837985992
}