{
  "accs_after_deletion": [
    0.7868000268936157,
    0.7944000363349915,
    0.8006000518798828,
    0.7948000431060791,
    0.7908000349998474,
    0.7990000247955322
  ],
  "accs_before_deletion": [
    0.7916000485420227,
    0.7976000308990479,
    0.8022000193595886,
    0.8004000186920166,
    0.7964000105857849,
    0.7990000247955322
  ],
  "delta": 6.982864657330156e-05,
  "ensemble_acc_after_deletion": 0.8222000598907471,
  "ensemble_acc_before_deletion": 0.8170000314712524,
  "epsilon": 30.62061579407876,
  "indicator": 1,
  "lengths_after_deletion": [
    2989,
    2972,
    2964,
    3153,
    3140,
    3124
  ],
  "rng": [
    3365770535,
    2351699535
  ],
  "shard_prediction_precision": 0.1906784474849701,
  "shard_prediction_recall": 0.1870555579662323
}