{
  "accs_after_deletion": [
    0.7832000255584717,
    0.7902000546455383,
    0.7772000432014465,
    0.7658000588417053,
    0.7592000365257263,
    0.7772000432014465
  ],
  "accs_before_deletion": [
    0.7982000112533569,
    0.7968000173568726,
    0.7988000512123108,
    0.7954000234603882,
    0.8026000261306763,
    0.7978000640869141
  ],
  "delta": 6.982864657330156e-05,
  "ensemble_acc_after_deletion": 0.8094000220298767,
  "ensemble_acc_before_deletion": 0.8194000124931335,
  "epsilon": 30.62061579407876,
  "indicator": 0,
  "lengths_after_deletion": [
    2018,
    1986,
    1990,
    2196,
    2131,
    2171
  ],
  "rng": [
    338692480,
    2904905754
  ],
  "shard_prediction_precision": 0.1851710081100464,
  "shard_prediction_recall": 0.24183332920074463
}