{
  "accs_after_deletion": [
    0.7900000214576721,
    0.7844000458717346,
    0.7962000370025635,
    0.7874000668525696,
    0.7910000085830688,
    0.7916000485420227
  ],
  "accs_before_deletion": [
    0.8032000660896301,
    0.7976000308990479,
    0.7936000227928162,
    0.7976000308990479,
    0.8030000329017639,
    0.7966000437736511
  ],
  "delta": 6.982864657330156e-05,
  "ensemble_acc_after_deletion": 0.8154000639915466,
  "ensemble_acc_before_deletion": 0.8172000646591187,
  "epsilon": 30.62061579407876,
  "indicator": 0,
  "lengths_after_deletion": [
    2489,
    2467,
    2510,
    2657,
    2637,
    2659
  ],
  "rng": [
    3388655202,
    1000141416
  ],
  "shard_prediction_precision": 0.1885719746351242,
  "shard_prediction_recall": 0.21561111509799957
}