{
  "accs_after_deletion": [
    0.7814000248908997,
    0.7826000452041626,
    0.7862000465393066,
    0.7854000329971313,
    0.7874000668525696,
    0.7952000498771667
  ],
  "accs_before_deletion": [
    0.7966000437736511,
    0.8040000200271606,
    0.7910000085830688,
    0.7902000546455383,
    0.7910000085830688,
    0.7910000085830688
  ],
  "delta": 6.982864657330156e-05,
  "ensemble_acc_after_deletion": 0.8106000423431396,
  "ensemble_acc_before_deletion": 0.8114000558853149,
  "epsilon": 30.62061579407876,
  "indicator": 1,
  "lengths_after_deletion": [
    3381,
    3320,
    3367,
    3538,
    3529,
    3554
  ],
  "rng": [
    3434042656,
    974621006
  ],
  "shard_prediction_precision": 0.18947163224220276,
  "shard_prediction_recall": 0.16116666793823242
}