{
  "accs_after_deletion": [
    0.792400062084198,
    0.7900000214576721,
    0.789400041103363,
    0.7926000356674194,
    0.7934000492095947,
    0.7860000133514404
  ],
  "accs_before_deletion": [
    0.803600013256073,
    0.7978000640869141,
    0.8002000451087952,
    0.7996000647544861,
    0.8002000451087952,
    0.792400062084198
  ],
  "delta": 6.982864657330156e-05,
  "ensemble_acc_after_deletion": 0.8140000104904175,
  "ensemble_acc_before_deletion": 0.8206000328063965,
  "epsilon": 30.62061579407876,
  "indicator": 1,
  "lengths_after_deletion": [
    2661,
    2597,
    2619,
    2803,
    2805,
    2719
  ],
  "rng": [
    3510453588,
    66922607
  ],
  "shard_prediction_precision": 0.1889270544052124,
  "shard_prediction_recall": 0.20777778327465057
}