{
  "accs_after_deletion": [
    0.7836000323295593,
    0.790600061416626,
    0.7926000356674194,
    0.7864000201225281,
    0.787600040435791,
    0.790600061416626
  ],
  "accs_before_deletion": [
    0.7988000512123108,
    0.7992000579833984,
    0.8024000525474548,
    0.8040000200271606,
    0.7964000105857849,
    0.8002000451087952
  ],
  "delta": 6.982864657330156e-05,
  "ensemble_acc_after_deletion": 0.8114000558853149,
  "ensemble_acc_before_deletion": 0.8218000531196594,
  "epsilon": 30.62061579407876,
  "indicator": 0,
  "lengths_after_deletion": [
    2102,
    2079,
    2061,
    2260,
    2261,
    2225
  ],
  "rng": [
    3529279539,
    2735761530
  ],
  "shard_prediction_precision": 0.18790195882320404,
  "shard_prediction_recall": 0.24022223055362701
}