{
  "accs_after_deletion": [
    0.766800045967102,
    0.7674000263214111,
    0.781000018119812,
    0.7728000283241272,
    0.7722000479698181,
    0.782800018787384
  ],
  "accs_before_deletion": [
    0.7988000512123108,
    0.7990000247955322,
    0.8030000329017639,
    0.7988000512123108,
    0.7912000417709351,
    0.8020000457763672
  ],
  "delta": 6.982864657330156e-05,
  "ensemble_acc_after_deletion": 0.7994000315666199,
  "ensemble_acc_before_deletion": 0.8188000321388245,
  "epsilon": 30.62061579407876,
  "indicator": 1,
  "lengths_after_deletion": [
    1872,
    1886,
    1938,
    2122,
    1902,
    2037
  ],
  "rng": [
    3595575473,
    738484989
  ],
  "shard_prediction_precision": 0.186651811003685,
  "shard_prediction_recall": 0.25138887763023376
}