{
  "accs_after_deletion": [
    0.7784000635147095,
    0.787600040435791,
    0.7988000512123108,
    0.7868000268936157,
    0.7854000329971313,
    0.7920000553131104
  ],
  "accs_before_deletion": [
    0.7934000492095947,
    0.7948000431060791,
    0.7978000640869141,
    0.7992000579833984,
    0.7970000505447388,
    0.796000063419342
  ],
  "delta": 6.982864657330156e-05,
  "ensemble_acc_after_deletion": 0.8114000558853149,
  "ensemble_acc_before_deletion": 0.8160000443458557,
  "epsilon": 30.62061579407876,
  "indicator": 0,
  "lengths_after_deletion": [
    2573,
    2499,
    2654,
    2742,
    2766,
    2722
  ],
  "rng": [
    3727983402,
    3363751023
  ],
  "shard_prediction_precision": 0.19028137624263763,
  "shard_prediction_recall": 0.2118888944387436
}