{
  "accs_after_deletion": [
    0.7870000600814819,
    0.7908000349998474,
    0.7854000329971313,
    0.7830000519752502,
    0.7850000262260437,
    0.7862000465393066
  ],
  "accs_before_deletion": [
    0.7948000431060791,
    0.8008000254631042,
    0.7938000559806824,
    0.7990000247955322,
    0.7986000180244446,
    0.7992000579833984
  ],
  "delta": 6.982864657330156e-05,
  "ensemble_acc_after_deletion": 0.8152000308036804,
  "ensemble_acc_before_deletion": 0.8214000463485718,
  "epsilon": 30.62061579407876,
  "indicator": 0,
  "lengths_after_deletion": [
    2060,
    2056,
    2018,
    2183,
    2237,
    2224
  ],
  "rng": [
    3732600963,
    207221043
  ],
  "shard_prediction_precision": 0.1855567991733551,
  "shard_prediction_recall": 0.23938889801502228
}