{
  "accs_after_deletion": [
    0.7860000133514404,
    0.7984000444412231,
    0.7914000153541565,
    0.792400062084198,
    0.7862000465393066,
    0.7872000336647034
  ],
  "accs_before_deletion": [
    0.7944000363349915,
    0.7982000112533569,
    0.8044000267982483,
    0.8020000457763672,
    0.7980000376701355,
    0.7986000180244446
  ],
  "delta": 6.982864657330156e-05,
  "ensemble_acc_after_deletion": 0.810200035572052,
  "ensemble_acc_before_deletion": 0.8212000131607056,
  "epsilon": 30.62061579407876,
  "indicator": 0,
  "lengths_after_deletion": [
    2708,
    2710,
    2769,
    2905,
    2862,
    2917
  ],
  "rng": [
    379534522,
    4008214841
  ],
  "shard_prediction_precision": 0.19300538301467896,
  "shard_prediction_recall": 0.20511111617088318
}