{
  "accs_after_deletion": [
    0.7994000315666199,
    0.7914000153541565,
    0.7926000356674194,
    0.7934000492095947,
    0.7968000173568726,
    0.8006000518798828
  ],
  "accs_before_deletion": [
    0.7932000160217285,
    0.7978000640869141,
    0.7982000112533569,
    0.8024000525474548,
    0.7990000247955322,
    0.7992000579833984
  ],
  "delta": 6.982864657330156e-05,
  "ensemble_acc_after_deletion": 0.8154000639915466,
  "ensemble_acc_before_deletion": 0.8190000653266907,
  "epsilon": 30.62061579407876,
  "indicator": 1,
  "lengths_after_deletion": [
    3908,
    3863,
    3892,
    4043,
    4030,
    4032
  ],
  "rng": [
    3795573128,
    733222973
  ],
  "shard_prediction_precision": 0.19522564113140106,
  "shard_prediction_recall": 0.1326666623353958
}