{
  "accs_after_deletion": [
    0.7954000234603882,
    0.796000063419342,
    0.7980000376701355,
    0.7794000506401062,
    0.787600040435791,
    0.7870000600814819
  ],
  "accs_before_deletion": [
    0.8052000403404236,
    0.7944000363349915,
    0.7994000315666199,
    0.790600061416626,
    0.7950000166893005,
    0.8038000464439392
  ],
  "delta": 6.982864657330156e-05,
  "ensemble_acc_after_deletion": 0.8142000436782837,
  "ensemble_acc_before_deletion": 0.8226000666618347,
  "epsilon": 30.62061579407876,
  "indicator": 0,
  "lengths_after_deletion": [
    2912,
    2819,
    2866,
    3092,
    3011,
    2988
  ],
  "rng": [
    3874925166,
    305716219
  ],
  "shard_prediction_precision": 0.19287899136543274,
  "shard_prediction_recall": 0.1962222307920456
}