{
  "accs_after_deletion": [
    0.7970000505447388,
    0.792400062084198,
    0.7914000153541565,
    0.7872000336647034,
    0.7896000146865845,
    0.7948000431060791
  ],
  "accs_before_deletion": [
    0.8070000410079956,
    0.8002000451087952,
    0.8076000213623047,
    0.7930000424385071,
    0.805400013923645,
    0.8046000599861145
  ],
  "delta": 6.982864657330156e-05,
  "ensemble_acc_after_deletion": 0.815000057220459,
  "ensemble_acc_before_deletion": 0.8218000531196594,
  "epsilon": 30.62061579407876,
  "indicator": 0,
  "lengths_after_deletion": [
    3027,
    3013,
    3009,
    3087,
    3232,
    3179
  ],
  "rng": [
    3877854041,
    836062298
  ],
  "shard_prediction_precision": 0.19417865574359894,
  "shard_prediction_recall": 0.18827778100967407
}