{
  "accs_after_deletion": [
    0.77920001745224,
    0.7850000262260437,
    0.7914000153541565,
    0.7766000628471375,
    0.7990000247955322,
    0.7990000247955322
  ],
  "accs_before_deletion": [
    0.8004000186920166,
    0.8002000451087952,
    0.7944000363349915,
    0.7902000546455383,
    0.7936000227928162,
    0.7978000640869141
  ],
  "delta": 6.982864657330156e-05,
  "ensemble_acc_after_deletion": 0.8116000294685364,
  "ensemble_acc_before_deletion": 0.8140000104904175,
  "epsilon": 30.62061579407876,
  "indicator": 1,
  "lengths_after_deletion": [
    3063,
    3021,
    3090,
    3293,
    3208,
    3329
  ],
  "rng": [
    3920303406,
    2984125791
  ],
  "shard_prediction_precision": 0.19822311401367188,
  "shard_prediction_recall": 0.18716667592525482
}