{
  "accs_after_deletion": [
    0.7798000574111938,
    0.7782000303268433,
    0.7882000207901001,
    0.7732000350952148,
    0.77920001745224,
    0.7884000539779663
  ],
  "accs_before_deletion": [
    0.7994000315666199,
    0.79420006275177,
    0.7966000437736511,
    0.7874000668525696,
    0.8012000322341919,
    0.8076000213623047
  ],
  "delta": 6.982864657330156e-05,
  "ensemble_acc_after_deletion": 0.8014000654220581,
  "ensemble_acc_before_deletion": 0.8184000253677368,
  "epsilon": 30.62061579407876,
  "indicator": 0,
  "lengths_after_deletion": [
    2987,
    2938,
    2934,
    3188,
    3125,
    3191
  ],
  "rng": [
    3938960651,
    4119018420
  ],
  "shard_prediction_precision": 0.1837047040462494,
  "shard_prediction_recall": 0.18000000715255737
}