{
  "accs_after_deletion": [
    0.7824000120162964,
    0.7868000268936157,
    0.7884000539779663,
    0.7868000268936157,
    0.7920000553131104,
    0.7952000498771667
  ],
  "accs_before_deletion": [
    0.8052000403404236,
    0.7946000099182129,
    0.8046000599861145,
    0.7998000383377075,
    0.8050000667572021,
    0.796000063419342
  ],
  "delta": 6.982864657330156e-05,
  "ensemble_acc_after_deletion": 0.8170000314712524,
  "ensemble_acc_before_deletion": 0.8226000666618347,
  "epsilon": 30.62061579407876,
  "indicator": 1,
  "lengths_after_deletion": [
    2737,
    2796,
    2744,
    2974,
    2896,
    2825
  ],
  "rng": [
    3944597349,
    3250090739
  ],
  "shard_prediction_precision": 0.18903720378875732,
  "shard_prediction_recall": 0.19983333349227905
}