{
  "accs_after_deletion": [
    0.7722000479698181,
    0.7850000262260437,
    0.775600016117096,
    0.7900000214576721,
    0.7766000628471375,
    0.7738000154495239
  ],
  "accs_before_deletion": [
    0.7972000241279602,
    0.7990000247955322,
    0.8012000322341919,
    0.8034000396728516,
    0.8022000193595886,
    0.7934000492095947
  ],
  "delta": 6.982864657330156e-05,
  "ensemble_acc_after_deletion": 0.8086000680923462,
  "ensemble_acc_before_deletion": 0.8162000179290771,
  "epsilon": 30.62061579407876,
  "indicator": 1,
  "lengths_after_deletion": [
    2087,
    2099,
    2063,
    2297,
    2216,
    2270
  ],
  "rng": [
    3959126564,
    3481259085
  ],
  "shard_prediction_precision": 0.1860414445400238,
  "shard_prediction_recall": 0.23738889396190643
}