{
  "accs_after_deletion": [
    0.7738000154495239,
    0.7694000601768494,
    0.7766000628471375,
    0.7768000364303589,
    0.7578000426292419,
    0.7866000533103943
  ],
  "accs_before_deletion": [
    0.8010000586509705,
    0.807200014591217,
    0.7994000315666199,
    0.7988000512123108,
    0.7966000437736511,
    0.8024000525474548
  ],
  "delta": 6.982864657330156e-05,
  "ensemble_acc_after_deletion": 0.8004000186920166,
  "ensemble_acc_before_deletion": 0.8210000395774841,
  "epsilon": 30.62061579407876,
  "indicator": 1,
  "lengths_after_deletion": [
    2275,
    2283,
    2192,
    2436,
    2333,
    2466
  ],
  "rng": [
    3963675455,
    3221897808
  ],
  "shard_prediction_precision": 0.1895071566104889,
  "shard_prediction_recall": 0.23177778720855713
}