{
  "accs_after_deletion": [
    0.7848000526428223,
    0.7814000248908997,
    0.7732000350952148,
    0.7824000120162964,
    0.790600061416626,
    0.7956000566482544
  ],
  "accs_before_deletion": [
    0.790600061416626,
    0.8082000613212585,
    0.8040000200271606,
    0.7928000092506409,
    0.7970000505447388,
    0.7974000573158264
  ],
  "delta": 6.982864657330156e-05,
  "ensemble_acc_after_deletion": 0.8060000538825989,
  "ensemble_acc_before_deletion": 0.8182000517845154,
  "epsilon": 30.62061579407876,
  "indicator": 1,
  "lengths_after_deletion": [
    2796,
    2808,
    2771,
    2932,
    2996,
    3013
  ],
  "rng": [
    3963350020,
    4043152396
  ],
  "shard_prediction_precision": 0.19000214338302612,
  "shard_prediction_recall": 0.19722221791744232
}