{
  "accs_after_deletion": [
    0.7704000473022461,
    0.7736000418663025,
    0.7768000364303589,
    0.7716000080108643,
    0.7762000560760498,
    0.7716000080108643
  ],
  "accs_before_deletion": [
    0.8040000200271606,
    0.8034000396728516,
    0.7976000308990479,
    0.8060000538825989,
    0.796000063419342,
    0.79420006275177
  ],
  "delta": 6.982864657330156e-05,
  "ensemble_acc_after_deletion": 0.7950000166893005,
  "ensemble_acc_before_deletion": 0.8174000382423401,
  "epsilon": 30.62061579407876,
  "indicator": 0,
  "lengths_after_deletion": [
    2639,
    2656,
    2625,
    2810,
    2723,
    2865
  ],
  "rng": [
    3989977945,
    3734331090
  ],
  "shard_prediction_precision": 0.19098669290542603,
  "shard_prediction_recall": 0.20883333683013916
}