{
  "accs_after_deletion": [
    0.789400041103363,
    0.7856000661849976,
    0.787600040435791,
    0.7936000227928162,
    0.782800018787384,
    0.7984000444412231
  ],
  "accs_before_deletion": [
    0.792400062084198,
    0.7930000424385071,
    0.7964000105857849,
    0.7968000173568726,
    0.7978000640869141,
    0.806600034236908
  ],
  "delta": 6.982864657330156e-05,
  "ensemble_acc_after_deletion": 0.8160000443458557,
  "ensemble_acc_before_deletion": 0.8164000511169434,
  "epsilon": 30.62061579407876,
  "indicator": 1,
  "lengths_after_deletion": [
    2333,
    2349,
    2266,
    2464,
    2422,
    2551
  ],
  "rng": [
    4004481430,
    1746927752
  ],
  "shard_prediction_precision": 0.18912792205810547,
  "shard_prediction_recall": 0.2271111160516739
}