{
  "accs_after_deletion": [
    0.7868000268936157,
    0.7864000201225281,
    0.785800039768219,
    0.784600019454956,
    0.7896000146865845,
    0.7946000099182129
  ],
  "accs_before_deletion": [
    0.7982000112533569,
    0.8044000267982483,
    0.8016000390052795,
    0.8012000322341919,
    0.8044000267982483,
    0.8060000538825989
  ],
  "delta": 6.982864657330156e-05,
  "ensemble_acc_after_deletion": 0.8080000281333923,
  "ensemble_acc_before_deletion": 0.8232000470161438,
  "epsilon": 30.62061579407876,
  "indicator": 1,
  "lengths_after_deletion": [
    2212,
    2149,
    2205,
    2331,
    2363,
    2348
  ],
  "rng": [
    4022615238,
    415902612
  ],
  "shard_prediction_precision": 0.18604858219623566,
  "shard_prediction_recall": 0.23144444823265076
}