{
  "accs_after_deletion": [
    0.7878000140190125,
    0.7928000092506409,
    0.7990000247955322,
    0.7886000275611877,
    0.7850000262260437,
    0.7926000356674194
  ],
  "accs_before_deletion": [
    0.8046000599861145,
    0.8022000193595886,
    0.8006000518798828,
    0.7910000085830688,
    0.7932000160217285,
    0.8044000267982483
  ],
  "delta": 6.982864657330156e-05,
  "ensemble_acc_after_deletion": 0.8094000220298767,
  "ensemble_acc_before_deletion": 0.818600058555603,
  "epsilon": 30.62061579407876,
  "indicator": 0,
  "lengths_after_deletion": [
    3024,
    3110,
    3078,
    3157,
    3207,
    3176
  ],
  "rng": [
    4063321783,
    1482045091
  ],
  "shard_prediction_precision": 0.1858186423778534,
  "shard_prediction_recall": 0.1780555546283722
}