{
  "accs_after_deletion": [
    0.790600061416626,
    0.7868000268936157,
    0.7940000295639038,
    0.7948000431060791,
    0.7916000485420227,
    0.7904000282287598
  ],
  "accs_before_deletion": [
    0.7966000437736511,
    0.8044000267982483,
    0.790600061416626,
    0.8022000193595886,
    0.8026000261306763,
    0.7936000227928162
  ],
  "delta": 6.982864657330156e-05,
  "ensemble_acc_after_deletion": 0.8108000159263611,
  "ensemble_acc_before_deletion": 0.8222000598907471,
  "epsilon": 30.62061579407876,
  "indicator": 1,
  "lengths_after_deletion": [
    2703,
    2714,
    2597,
    2835,
    2789,
    2811
  ],
  "rng": [
    4115214772,
    3546893887
  ],
  "shard_prediction_precision": 0.18515677750110626,
  "shard_prediction_recall": 0.2011111080646515
}