{
  "accs_after_deletion": [
    0.7884000539779663,
    0.7766000628471375,
    0.790600061416626,
    0.7800000309944153,
    0.7908000349998474,
    0.7866000533103943
  ],
  "accs_before_deletion": [
    0.800000011920929,
    0.7912000417709351,
    0.8042000532150269,
    0.7972000241279602,
    0.7956000566482544,
    0.7990000247955322
  ],
  "delta": 6.982864657330156e-05,
  "ensemble_acc_after_deletion": 0.8064000606536865,
  "ensemble_acc_before_deletion": 0.8210000395774841,
  "epsilon": 30.62061579407876,
  "indicator": 1,
  "lengths_after_deletion": [
    2987,
    2924,
    3027,
    3201,
    3170,
    3091
  ],
  "rng": [
    4154481553,
    596711068
  ],
  "shard_prediction_precision": 0.18977272510528564,
  "shard_prediction_recall": 0.185555562376976
}