{
  "accs_after_deletion": [
    0.7678000330924988,
    0.7916000485420227,
    0.7870000600814819,
    0.7798000574111938,
    0.7900000214576721,
    0.7912000417709351
  ],
  "accs_before_deletion": [
    0.8004000186920166,
    0.8002000451087952,
    0.8038000464439392,
    0.800000011920929,
    0.8008000254631042,
    0.8024000525474548
  ],
  "delta": 6.982864657330156e-05,
  "ensemble_acc_after_deletion": 0.8114000558853149,
  "ensemble_acc_before_deletion": 0.8188000321388245,
  "epsilon": 30.62061579407876,
  "indicator": 1,
  "lengths_after_deletion": [
    2516,
    2588,
    2599,
    2786,
    2832,
    2752
  ],
  "rng": [
    4206303296,
    2538612763
  ],
  "shard_prediction_precision": 0.18888944387435913,
  "shard_prediction_recall": 0.20911110937595367
}