{
  "accs_after_deletion": [
    0.7704000473022461,
    0.7736000418663025,
    0.7844000458717346,
    0.7690000534057617,
    0.7814000248908997,
    0.7752000093460083
  ],
  "accs_before_deletion": [
    0.7990000247955322,
    0.7996000647544861,
    0.806600034236908,
    0.7944000363349915,
    0.7980000376701355,
    0.8020000457763672
  ],
  "delta": 6.982864657330156e-05,
  "ensemble_acc_after_deletion": 0.7956000566482544,
  "ensemble_acc_before_deletion": 0.8208000659942627,
  "epsilon": 30.62061579407876,
  "indicator": 0,
  "lengths_after_deletion": [
    2631,
    2640,
    2670,
    2814,
    2767,
    2830
  ],
  "rng": [
    4225131618,
    3629935208
  ],
  "shard_prediction_precision": 0.18958672881126404,
  "shard_prediction_recall": 0.20694445073604584
}