{
  "accs_after_deletion": [
    0.7740000486373901,
    0.7864000201225281,
    0.7816000580787659,
    0.7754000425338745,
    0.7814000248908997,
    0.7808000445365906
  ],
  "accs_before_deletion": [
    0.8004000186920166,
    0.8004000186920166,
    0.8020000457763672,
    0.796000063419342,
    0.8070000410079956,
    0.7998000383377075
  ],
  "delta": 6.982864657330156e-05,
  "ensemble_acc_after_deletion": 0.8008000254631042,
  "ensemble_acc_before_deletion": 0.8246000409126282,
  "epsilon": 30.62061579407876,
  "indicator": 0,
  "lengths_after_deletion": [
    2350,
    2328,
    2382,
    2480,
    2395,
    2519
  ],
  "rng": [
    46517423,
    1930136596
  ],
  "shard_prediction_precision": 0.18834121525287628,
  "shard_prediction_recall": 0.22544445097446442
}