{
  "accs_after_deletion": [
    0.754800021648407,
    0.7780000567436218,
    0.7592000365257263,
    0.7586000561714172,
    0.7770000100135803,
    0.758400022983551
  ],
  "accs_before_deletion": [
    0.8024000525474548,
    0.8010000586509705,
    0.8064000606536865,
    0.801800012588501,
    0.8046000599861145,
    0.8078000545501709
  ],
  "delta": 6.982864657330156e-05,
  "ensemble_acc_after_deletion": 0.7974000573158264,
  "ensemble_acc_before_deletion": 0.8242000341415405,
  "epsilon": 30.62061579407876,
  "indicator": 1,
  "lengths_after_deletion": [
    2223,
    2258,
    2268,
    2476,
    2370,
    2385
  ],
  "rng": [
    489576444,
    742523677
  ],
  "shard_prediction_precision": 0.1877838373184204,
  "shard_prediction_recall": 0.22972223162651062
}