{
  "accs_after_deletion": [
    0.7902000546455383,
    0.790600061416626,
    0.784000039100647,
    0.7854000329971313,
    0.7850000262260437,
    0.7880000472068787
  ],
  "accs_before_deletion": [
    0.7934000492095947,
    0.8014000654220581,
    0.8082000613212585,
    0.8044000267982483,
    0.7966000437736511,
    0.7996000647544861
  ],
  "delta": 6.982864657330156e-05,
  "ensemble_acc_after_deletion": 0.8122000098228455,
  "ensemble_acc_before_deletion": 0.8220000267028809,
  "epsilon": 30.62061579407876,
  "indicator": 0,
  "lengths_after_deletion": [
    2472,
    2444,
    2404,
    2552,
    2674,
    2535
  ],
  "rng": [
    493955201,
    2714491006
  ],
  "shard_prediction_precision": 0.18868015706539154,
  "shard_prediction_recall": 0.2192777842283249
}