{
  "accs_after_deletion": [
    0.7938000559806824,
    0.790600061416626,
    0.785800039768219,
    0.7796000242233276,
    0.7854000329971313,
    0.7854000329971313
  ],
  "accs_before_deletion": [
    0.7950000166893005,
    0.7948000431060791,
    0.8044000267982483,
    0.8014000654220581,
    0.7934000492095947,
    0.7946000099182129
  ],
  "delta": 6.982864657330156e-05,
  "ensemble_acc_after_deletion": 0.8152000308036804,
  "ensemble_acc_before_deletion": 0.8174000382423401,
  "epsilon": 30.62061579407876,
  "indicator": 0,
  "lengths_after_deletion": [
    2600,
    2565,
    2580,
    2741,
    2880,
    2735
  ],
  "rng": [
    534459246,
    152594185
  ],
  "shard_prediction_precision": 0.192672997713089,
  "shard_prediction_recall": 0.21299999952316284
}