{
  "accs_after_deletion": [
    0.7850000262260437,
    0.796000063419342,
    0.7950000166893005,
    0.7854000329971313,
    0.7940000295639038,
    0.7940000295639038
  ],
  "accs_before_deletion": [
    0.7896000146865845,
    0.7932000160217285,
    0.7978000640869141,
    0.7988000512123108,
    0.8022000193595886,
    0.8056000471115112
  ],
  "delta": 6.982864657330156e-05,
  "ensemble_acc_after_deletion": 0.8160000443458557,
  "ensemble_acc_before_deletion": 0.8172000646591187,
  "epsilon": 30.62061579407876,
  "indicator": 0,
  "lengths_after_deletion": [
    2881,
    2838,
    2877,
    3128,
    3067,
    3043
  ],
  "rng": [
    54595065,
    3112884610
  ],
  "shard_prediction_precision": 0.18809863924980164,
  "shard_prediction_recall": 0.18983332812786102
}