{
  "accs_after_deletion": [
    0.7922000288963318,
    0.7988000512123108,
    0.792400062084198,
    0.7884000539779663,
    0.7854000329971313,
    0.7896000146865845
  ],
  "accs_before_deletion": [
    0.8046000599861145,
    0.803600013256073,
    0.8110000491142273,
    0.7980000376701355,
    0.7952000498771667,
    0.8044000267982483
  ],
  "delta": 6.982864657330156e-05,
  "ensemble_acc_after_deletion": 0.8116000294685364,
  "ensemble_acc_before_deletion": 0.8242000341415405,
  "epsilon": 30.62061579407876,
  "indicator": 0,
  "lengths_after_deletion": [
    3009,
    3078,
    2974,
    3260,
    3188,
    3197
  ],
  "rng": [
    561242475,
    2565896526
  ],
  "shard_prediction_precision": 0.1954435110092163,
  "shard_prediction_recall": 0.18777777254581451
}