{
  "accs_after_deletion": [
    0.7964000105857849,
    0.7918000221252441,
    0.7864000201225281,
    0.8002000451087952,
    0.7936000227928162,
    0.789400041103363
  ],
  "accs_before_deletion": [
    0.8012000322341919,
    0.7996000647544861,
    0.8056000471115112,
    0.8020000457763672,
    0.7948000431060791,
    0.8052000403404236
  ],
  "delta": 6.982864657330156e-05,
  "ensemble_acc_after_deletion": 0.8128000497817993,
  "ensemble_acc_before_deletion": 0.8222000598907471,
  "epsilon": 30.62061579407876,
  "indicator": 1,
  "lengths_after_deletion": [
    3255,
    3264,
    3212,
    3420,
    3495,
    3426
  ],
  "rng": [
    571037337,
    3153895563
  ],
  "shard_prediction_precision": 0.19619537889957428,
  "shard_prediction_recall": 0.173611119389534
}