{
  "accs_after_deletion": [
    0.785800039768219,
    0.7798000574111938,
    0.7738000154495239,
    0.7804000377655029,
    0.7826000452041626,
    0.77920001745224
  ],
  "accs_before_deletion": [
    0.7998000383377075,
    0.7998000383377075,
    0.803600013256073,
    0.7966000437736511,
    0.790600061416626,
    0.8052000403404236
  ],
  "delta": 6.982864657330156e-05,
  "ensemble_acc_after_deletion": 0.8090000152587891,
  "ensemble_acc_before_deletion": 0.8232000470161438,
  "epsilon": 30.62061579407876,
  "indicator": 1,
  "lengths_after_deletion": [
    2701,
    2680,
    2650,
    2839,
    2784,
    2860
  ],
  "rng": [
    651872563,
    510851930
  ],
  "shard_prediction_precision": 0.19177871942520142,
  "shard_prediction_recall": 0.2076111137866974
}