{
  "accs_after_deletion": [
    0.7902000546455383,
    0.8052000403404236,
    0.7844000458717346,
    0.784000039100647,
    0.7870000600814819,
    0.7860000133514404
  ],
  "accs_before_deletion": [
    0.7996000647544861,
    0.7994000315666199,
    0.8028000593185425,
    0.7992000579833984,
    0.7974000573158264,
    0.8058000206947327
  ],
  "delta": 6.982864657330156e-05,
  "ensemble_acc_after_deletion": 0.813200056552887,
  "ensemble_acc_before_deletion": 0.8174000382423401,
  "epsilon": 30.62061579407876,
  "indicator": 0,
  "lengths_after_deletion": [
    2205,
    2245,
    2197,
    2380,
    2329,
    2403
  ],
  "rng": [
    697554768,
    4001503106
  ],
  "shard_prediction_precision": 0.18393956124782562,
  "shard_prediction_recall": 0.22727778553962708
}