{
  "accs_after_deletion": [
    0.7842000126838684,
    0.7878000140190125,
    0.7812000513076782,
    0.7898000478744507,
    0.787600040435791,
    0.796000063419342
  ],
  "accs_before_deletion": [
    0.8012000322341919,
    0.7968000173568726,
    0.8004000186920166,
    0.7956000566482544,
    0.800000011920929,
    0.8074000477790833
  ],
  "delta": 6.982864657330156e-05,
  "ensemble_acc_after_deletion": 0.8112000226974487,
  "ensemble_acc_before_deletion": 0.8220000267028809,
  "epsilon": 30.62061579407876,
  "indicator": 1,
  "lengths_after_deletion": [
    2952,
    3030,
    2937,
    3182,
    3118,
    3254
  ],
  "rng": [
    750451763,
    1861723922
  ],
  "shard_prediction_precision": 0.19170422852039337,
  "shard_prediction_recall": 0.18666666746139526
}