{
  "accs_after_deletion": [
    0.7672000527381897,
    0.782800018787384,
    0.7824000120162964,
    0.77920001745224,
    0.7800000309944153,
    0.77920001745224
  ],
  "accs_before_deletion": [
    0.7968000173568726,
    0.7940000295639038,
    0.8034000396728516,
    0.8020000457763672,
    0.7938000559806824,
    0.8078000545501709
  ],
  "delta": 6.982864657330156e-05,
  "ensemble_acc_after_deletion": 0.806600034236908,
  "ensemble_acc_before_deletion": 0.820400059223175,
  "epsilon": 30.62061579407876,
  "indicator": 1,
  "lengths_after_deletion": [
    2024,
    1958,
    1992,
    2133,
    2102,
    2163
  ],
  "rng": [
    773005887,
    4229048626
  ],
  "shard_prediction_precision": 0.18418826162815094,
  "shard_prediction_recall": 0.24177777767181396
}