{
  "accs_after_deletion": [
    0.7926000356674194,
    0.7834000587463379,
    0.784000039100647,
    0.788800060749054,
    0.7782000303268433,
    0.7938000559806824
  ],
  "accs_before_deletion": [
    0.7976000308990479,
    0.8050000667572021,
    0.8016000390052795,
    0.8040000200271606,
    0.8012000322341919,
    0.7976000308990479
  ],
  "delta": 6.982864657330156e-05,
  "ensemble_acc_after_deletion": 0.8096000552177429,
  "ensemble_acc_before_deletion": 0.8254000544548035,
  "epsilon": 30.62061579407876,
  "indicator": 1,
  "lengths_after_deletion": [
    2714,
    2709,
    2719,
    2820,
    2891,
    2892
  ],
  "rng": [
    798587589,
    1374990734
  ],
  "shard_prediction_precision": 0.1909114569425583,
  "shard_prediction_recall": 0.20422221720218658
}