{
  "accs_after_deletion": [
    0.7834000587463379,
    0.7844000458717346,
    0.7784000635147095,
    0.7880000472068787,
    0.7784000635147095,
    0.7884000539779663
  ],
  "accs_before_deletion": [
    0.7998000383377075,
    0.8008000254631042,
    0.8028000593185425,
    0.8010000586509705,
    0.7968000173568726,
    0.7992000579833984
  ],
  "delta": 6.982864657330156e-05,
  "ensemble_acc_after_deletion": 0.807200014591217,
  "ensemble_acc_before_deletion": 0.8218000531196594,
  "epsilon": 30.62061579407876,
  "indicator": 1,
  "lengths_after_deletion": [
    3550,
    3668,
    3556,
    3743,
    3744,
    3693
  ],
  "rng": [
    801686672,
    2337077136
  ],
  "shard_prediction_precision": 0.2010536938905716,
  "shard_prediction_recall": 0.15688888728618622
}