{
  "accs_after_deletion": [
    0.7920000553131104,
    0.7940000295639038,
    0.7884000539779663,
    0.7926000356674194,
    0.7922000288963318,
    0.7936000227928162
  ],
  "accs_before_deletion": [
    0.8002000451087952,
    0.7940000295639038,
    0.7996000647544861,
    0.8022000193595886,
    0.7984000444412231,
    0.8022000193595886
  ],
  "delta": 6.982864657330156e-05,
  "ensemble_acc_after_deletion": 0.8122000098228455,
  "ensemble_acc_before_deletion": 0.8190000653266907,
  "epsilon": 30.62061579407876,
  "indicator": 1,
  "lengths_after_deletion": [
    3635,
    3539,
    3521,
    3692,
    3698,
    3691
  ],
  "rng": [
    81176291,
    1633468333
  ],
  "shard_prediction_precision": 0.19235096871852875,
  "shard_prediction_recall": 0.15199999511241913
}