{
  "accs_after_deletion": [
    0.7874000668525696,
    0.7770000100135803,
    0.7860000133514404,
    0.784000039100647,
    0.7824000120162964,
    0.7860000133514404
  ],
  "accs_before_deletion": [
    0.7956000566482544,
    0.800000011920929,
    0.8058000206947327,
    0.8012000322341919,
    0.8004000186920166,
    0.7968000173568726
  ],
  "delta": 6.982864657330156e-05,
  "ensemble_acc_after_deletion": 0.80840003490448,
  "ensemble_acc_before_deletion": 0.8174000382423401,
  "epsilon": 30.62061579407876,
  "indicator": 1,
  "lengths_after_deletion": [
    2511,
    2455,
    2441,
    2671,
    2587,
    2631
  ],
  "rng": [
    82991787,
    1052253596
  ],
  "shard_prediction_precision": 0.1877414882183075,
  "shard_prediction_recall": 0.21594445407390594
}