{
  "accs_after_deletion": [
    0.7892000079154968,
    0.7930000424385071,
    0.7882000207901001,
    0.7980000376701355,
    0.7904000282287598,
    0.7948000431060791
  ],
  "accs_before_deletion": [
    0.7934000492095947,
    0.805400013923645,
    0.7992000579833984,
    0.801800012588501,
    0.8020000457763672,
    0.8086000680923462
  ],
  "delta": 6.982864657330156e-05,
  "ensemble_acc_after_deletion": 0.8140000104904175,
  "ensemble_acc_before_deletion": 0.8244000673294067,
  "epsilon": 30.62061579407876,
  "indicator": 1,
  "lengths_after_deletion": [
    2563,
    2638,
    2613,
    2744,
    2840,
    2793
  ],
  "rng": [
    890626831,
    942872513
  ],
  "shard_prediction_precision": 0.1910242736339569,
  "shard_prediction_recall": 0.21022222936153412
}