{
  "accs_after_deletion": [
    0.7850000262260437,
    0.7878000140190125,
    0.7962000370025635,
    0.7854000329971313,
    0.7886000275611877,
    0.7862000465393066
  ],
  "accs_before_deletion": [
    0.7932000160217285,
    0.803600013256073,
    0.7966000437736511,
    0.7994000315666199,
    0.8030000329017639,
    0.8002000451087952
  ],
  "delta": 6.982864657330156e-05,
  "ensemble_acc_after_deletion": 0.8074000477790833,
  "ensemble_acc_before_deletion": 0.8232000470161438,
  "epsilon": 30.62061579407876,
  "indicator": 0,
  "lengths_after_deletion": [
    3006,
    3037,
    3038,
    3184,
    3237,
    3160
  ],
  "rng": [
    899860137,
    2487085773
  ],
  "shard_prediction_precision": 0.19217902421951294,
  "shard_prediction_recall": 0.1851111203432083
}