{
  "accs_after_deletion": [
    0.7856000661849976,
    0.784000039100647,
    0.7862000465393066,
    0.7874000668525696,
    0.788800060749054,
    0.7912000417709351
  ],
  "accs_before_deletion": [
    0.800000011920929,
    0.7962000370025635,
    0.7992000579833984,
    0.7978000640869141,
    0.7980000376701355,
    0.8032000660896301
  ],
  "delta": 6.982864657330156e-05,
  "ensemble_acc_after_deletion": 0.8118000626564026,
  "ensemble_acc_before_deletion": 0.8190000653266907,
  "epsilon": 30.62061579407876,
  "indicator": 1,
  "lengths_after_deletion": [
    3238,
    3254,
    3226,
    3429,
    3404,
    3427
  ],
  "rng": [
    941860663,
    2020499394
  ],
  "shard_prediction_precision": 0.18899014592170715,
  "shard_prediction_recall": 0.16822221875190735
}