{
  "accs_after_deletion": [
    0.785800039768219,
    0.7900000214576721,
    0.7850000262260437,
    0.7896000146865845,
    0.7884000539779663,
    0.787600040435791
  ],
  "accs_before_deletion": [
    0.7944000363349915,
    0.7998000383377075,
    0.8038000464439392,
    0.7990000247955322,
    0.7976000308990479,
    0.803600013256073
  ],
  "delta": 6.982864657330156e-05,
  "ensemble_acc_after_deletion": 0.8164000511169434,
  "ensemble_acc_before_deletion": 0.8206000328063965,
  "epsilon": 30.62061579407876,
  "indicator": 1,
  "lengths_after_deletion": [
    2343,
    2443,
    2416,
    2514,
    2556,
    2568
  ],
  "rng": [
    979392565,
    2514098460
  ],
  "shard_prediction_precision": 0.19087901711463928,
  "shard_prediction_recall": 0.22438889741897583
}