{
  "accs_after_deletion": [
    0.7954000234603882,
    0.7802000641822815,
    0.7890000343322754,
    0.7908000349998474,
    0.7790000438690186,
    0.7802000641822815
  ],
  "accs_before_deletion": [
    0.800000011920929,
    0.7902000546455383,
    0.796000063419342,
    0.8006000518798828,
    0.7920000553131104,
    0.8008000254631042
  ],
  "delta": 6.982864657330156e-05,
  "ensemble_acc_after_deletion": 0.8176000118255615,
  "ensemble_acc_before_deletion": 0.8162000179290771,
  "epsilon": 30.62061579407876,
  "indicator": 0,
  "lengths_after_deletion": [
    1781,
    1846,
    1793,
    2032,
    2009,
    1993
  ],
  "rng": [
    992374658,
    3390489085
  ],
  "shard_prediction_precision": 0.18899209797382355,
  "shard_prediction_recall": 0.25772222876548767
}