{
  "accs_after_deletion": [
    0.42000001668930054,
    0.4480000138282776
  ],
  "accs_before_deletion": [
    0.480400025844574,
    0.47540003061294556
  ],
  "delta": 5.0886316442113006e-05,
  "ensemble_acc_after_deletion": 0.42500001192092896,
  "ensemble_acc_before_deletion": 0.48360002040863037,
  "epsilon": "\u221e",
  "indicator": 1,
  "lengths_after_deletion": [
    3432,
    4842
  ],
  "rng": [
    0,
    864984069
  ],
  "shard_prediction_precision": 0.5912503600120544,
  "shard_prediction_recall": 0.5710000395774841
}