{
  "accs_after_deletion": [
    0.42820000648498535,
    0.4376000165939331
  ],
  "accs_before_deletion": [
    0.46000000834465027,
    0.4604000151157379
  ],
  "delta": 5.0886316442113006e-05,
  "ensemble_acc_after_deletion": 0.4288000166416168,
  "ensemble_acc_before_deletion": 0.4652000367641449,
  "epsilon": "\u221e",
  "indicator": 1,
  "lengths_after_deletion": [
    3592,
    4907
  ],
  "rng": [
    1024741498,
    2707986990
  ],
  "shard_prediction_precision": 0.5876550078392029,
  "shard_prediction_recall": 0.5509999990463257
}