{
  "accs_after_deletion": [
    0.43060001730918884,
    0.45280003547668457
  ],
  "accs_before_deletion": [
    0.47940000891685486,
    0.47220003604888916
  ],
  "delta": 5.0886316442113006e-05,
  "ensemble_acc_after_deletion": 0.4546000361442566,
  "ensemble_acc_before_deletion": 0.48420003056526184,
  "epsilon": "\u221e",
  "indicator": 1,
  "lengths_after_deletion": [
    3343,
    4738
  ],
  "rng": [
    1049520074,
    1404294751
  ],
  "shard_prediction_precision": 0.5880792737007141,
  "shard_prediction_recall": 0.5821250081062317
}