{
  "accs_after_deletion": [
    0.4402000308036804,
    0.44600000977516174
  ],
  "accs_before_deletion": [
    0.4758000373840332,
    0.4742000102996826
  ],
  "delta": 5.0886316442113006e-05,
  "ensemble_acc_after_deletion": 0.4406000077724457,
  "ensemble_acc_before_deletion": 0.482200026512146,
  "epsilon": "\u221e",
  "indicator": 1,
  "lengths_after_deletion": [
    3303,
    4778
  ],
  "rng": [
    1059453723,
    2696125603
  ],
  "shard_prediction_precision": 0.5931304097175598,
  "shard_prediction_recall": 0.5871250033378601
}