{
  "accs_after_deletion": [
    0.44360002875328064,
    0.44280001521110535
  ],
  "accs_before_deletion": [
    0.46880000829696655,
    0.4792000353336334
  ],
  "delta": 5.0886316442113006e-05,
  "ensemble_acc_after_deletion": 0.44280001521110535,
  "ensemble_acc_before_deletion": 0.47040003538131714,
  "epsilon": "\u221e",
  "indicator": 0,
  "lengths_after_deletion": [
    3322,
    4675
  ],
  "rng": [
    1068982559,
    4224106213
  ],
  "shard_prediction_precision": 0.5845308303833008,
  "shard_prediction_recall": 0.5847500562667847
}