{
  "accs_after_deletion": [
    0.4272000193595886,
    0.4320000112056732
  ],
  "accs_before_deletion": [
    0.4564000070095062,
    0.45420002937316895
  ],
  "delta": 5.0886316442113006e-05,
  "ensemble_acc_after_deletion": 0.42900002002716064,
  "ensemble_acc_before_deletion": 0.457800030708313,
  "epsilon": "\u221e",
  "indicator": 1,
  "lengths_after_deletion": [
    3644,
    5011
  ],
  "rng": [
    1083022941,
    2267011507
  ],
  "shard_prediction_precision": 0.5930564999580383,
  "shard_prediction_recall": 0.5445000529289246
}