{
  "accs_after_deletion": [
    0.4360000193119049,
    0.4386000335216522
  ],
  "accs_before_deletion": [
    0.4708000123500824,
    0.48520001769065857
  ],
  "delta": 5.0886316442113006e-05,
  "ensemble_acc_after_deletion": 0.44220003485679626,
  "ensemble_acc_before_deletion": 0.4734000265598297,
  "epsilon": "\u221e",
  "indicator": 1,
  "lengths_after_deletion": [
    3381,
    4732
  ],
  "rng": [
    1112078089,
    917569308
  ],
  "shard_prediction_precision": 0.5856472849845886,
  "shard_prediction_recall": 0.577375054359436
}