{
  "accs_after_deletion": [
    0.43140003085136414,
    0.4660000205039978
  ],
  "accs_before_deletion": [
    0.465800017118454,
    0.46640002727508545
  ],
  "delta": 5.0886316442113006e-05,
  "ensemble_acc_after_deletion": 0.45580002665519714,
  "ensemble_acc_before_deletion": 0.4734000265598297,
  "epsilon": "\u221e",
  "indicator": 1,
  "lengths_after_deletion": [
    3344,
    4818
  ],
  "rng": [
    1216734704,
    3454495336
  ],
  "shard_prediction_precision": 0.5940290689468384,
  "shard_prediction_recall": 0.5820000171661377
}