{
  "accs_after_deletion": [
    0.4368000328540802,
    0.4426000118255615
  ],
  "accs_before_deletion": [
    0.4612000286579132,
    0.4724000096321106
  ],
  "delta": 5.0886316442113006e-05,
  "ensemble_acc_after_deletion": 0.4392000138759613,
  "ensemble_acc_before_deletion": 0.4620000123977661,
  "epsilon": "\u221e",
  "indicator": 1,
  "lengths_after_deletion": [
    3323,
    4760
  ],
  "rng": [
    1219427542,
    2995689129
  ],
  "shard_prediction_precision": 0.5907540321350098,
  "shard_prediction_recall": 0.5846250057220459
}