{
  "accs_after_deletion": [
    0.4020000100135803,
    0.40320003032684326
  ],
  "accs_before_deletion": [
    0.48520001769065857,
    0.4662000238895416
  ],
  "delta": 5.0886316442113006e-05,
  "ensemble_acc_after_deletion": 0.3912000060081482,
  "ensemble_acc_before_deletion": 0.47600001096725464,
  "epsilon": "\u221e",
  "indicator": 1,
  "lengths_after_deletion": [
    2955,
    4448
  ],
  "rng": [
    1227785547,
    3031021781
  ],
  "shard_prediction_precision": 0.5868326425552368,
  "shard_prediction_recall": 0.6306250095367432
}