{
  "accs_after_deletion": [
    0.4328000247478485,
    0.4482000172138214
  ],
  "accs_before_deletion": [
    0.4684000313282013,
    0.4620000123977661
  ],
  "delta": 5.0886316442113006e-05,
  "ensemble_acc_after_deletion": 0.4392000138759613,
  "ensemble_acc_before_deletion": 0.4662000238895416,
  "epsilon": "\u221e",
  "indicator": 1,
  "lengths_after_deletion": [
    3463,
    4750
  ],
  "rng": [
    1262760120,
    4156701404
  ],
  "shard_prediction_precision": 0.5826377868652344,
  "shard_prediction_recall": 0.5671250224113464
}