{
  "accs_after_deletion": [
    0.4196000099182129,
    0.4366000294685364
  ],
  "accs_before_deletion": [
    0.46160003542900085,
    0.4580000340938568
  ],
  "delta": 5.0886316442113006e-05,
  "ensemble_acc_after_deletion": 0.4270000159740448,
  "ensemble_acc_before_deletion": 0.4556000232696533,
  "epsilon": "\u221e",
  "indicator": 1,
  "lengths_after_deletion": [
    3355,
    4725
  ],
  "rng": [
    1278854547,
    192065500
  ],
  "shard_prediction_precision": 0.5864898562431335,
  "shard_prediction_recall": 0.580625057220459
}