{
  "accs_after_deletion": [
    0.4262000322341919,
    0.42000001668930054
  ],
  "accs_before_deletion": [
    0.46240001916885376,
    0.47540003061294556
  ],
  "delta": 5.0886316442113006e-05,
  "ensemble_acc_after_deletion": 0.4310000240802765,
  "ensemble_acc_before_deletion": 0.4666000306606293,
  "epsilon": "\u221e",
  "indicator": 0,
  "lengths_after_deletion": [
    3236,
    4642
  ],
  "rng": [
    1278927533,
    2398715568
  ],
  "shard_prediction_precision": 0.5865550637245178,
  "shard_prediction_recall": 0.5955000519752502
}