{
  "accs_after_deletion": [
    0.4252000153064728,
    0.4386000335216522
  ],
  "accs_before_deletion": [
    0.467600017786026,
    0.47600001096725464
  ],
  "delta": 5.0886316442113006e-05,
  "ensemble_acc_after_deletion": 0.42240002751350403,
  "ensemble_acc_before_deletion": 0.47440001368522644,
  "epsilon": "\u221e",
  "indicator": 1,
  "lengths_after_deletion": [
    3214,
    4767
  ],
  "rng": [
    1283635537,
    3599813357
  ],
  "shard_prediction_precision": 0.5968325138092041,
  "shard_prediction_recall": 0.5982500314712524
}