{
  "accs_after_deletion": [
    0.4350000321865082,
    0.4492000341415405
  ],
  "accs_before_deletion": [
    0.45920002460479736,
    0.480400025844574
  ],
  "delta": 5.0886316442113006e-05,
  "ensemble_acc_after_deletion": 0.4336000084877014,
  "ensemble_acc_before_deletion": 0.4678000211715698,
  "epsilon": "\u221e",
  "indicator": 1,
  "lengths_after_deletion": [
    3204,
    4535
  ],
  "rng": [
    1303952554,
    1077771401
  ],
  "shard_prediction_precision": 0.580559253692627,
  "shard_prediction_recall": 0.5995000004768372
}