{
  "accs_after_deletion": [
    0.44120001792907715,
    0.4562000334262848
  ],
  "accs_before_deletion": [
    0.47040003538131714,
    0.4808000326156616
  ],
  "delta": 5.0886316442113006e-05,
  "ensemble_acc_after_deletion": 0.44840002059936523,
  "ensemble_acc_before_deletion": 0.4798000156879425,
  "epsilon": "\u221e",
  "indicator": 1,
  "lengths_after_deletion": [
    3303,
    4731
  ],
  "rng": [
    1315828171,
    4017858295
  ],
  "shard_prediction_precision": 0.5896309614181519,
  "shard_prediction_recall": 0.5871250033378601
}