{
  "accs_after_deletion": [
    0.4320000112056732,
    0.43060001730918884
  ],
  "accs_before_deletion": [
    0.48500001430511475,
    0.4662000238895416
  ],
  "delta": 5.0886316442113006e-05,
  "ensemble_acc_after_deletion": 0.4310000240802765,
  "ensemble_acc_before_deletion": 0.47280001640319824,
  "epsilon": "\u221e",
  "indicator": 0,
  "lengths_after_deletion": [
    3352,
    4673
  ],
  "rng": [
    1323257349,
    1833798604
  ],
  "shard_prediction_precision": 0.5828213691711426,
  "shard_prediction_recall": 0.581000030040741
}