{
  "accs_after_deletion": [
    0.42980003356933594,
    0.4464000165462494
  ],
  "accs_before_deletion": [
    0.46880000829696655,
    0.48500001430511475
  ],
  "delta": 5.0886316442113006e-05,
  "ensemble_acc_after_deletion": 0.43560001254081726,
  "ensemble_acc_before_deletion": 0.48020002245903015,
  "epsilon": "\u221e",
  "indicator": 1,
  "lengths_after_deletion": [
    3235,
    4668
  ],
  "rng": [
    1341144070,
    4266883409
  ],
  "shard_prediction_precision": 0.5884895920753479,
  "shard_prediction_recall": 0.5956250429153442
}