{
  "accs_after_deletion": [
    0.4256000220775604,
    0.4398000240325928
  ],
  "accs_before_deletion": [
    0.4750000238418579,
    0.47700002789497375
  ],
  "delta": 5.0886316442113006e-05,
  "ensemble_acc_after_deletion": 0.4350000321865082,
  "ensemble_acc_before_deletion": 0.4774000346660614,
  "epsilon": "\u221e",
  "indicator": 1,
  "lengths_after_deletion": [
    3466,
    4758
  ],
  "rng": [
    1445591875,
    3692389958
  ],
  "shard_prediction_precision": 0.5830761790275574,
  "shard_prediction_recall": 0.5667500495910645
}