{
  "accs_after_deletion": [
    0.38920003175735474,
    0.4222000241279602
  ],
  "accs_before_deletion": [
    0.48180001974105835,
    0.4684000313282013
  ],
  "delta": 5.0886316442113006e-05,
  "ensemble_acc_after_deletion": 0.41680002212524414,
  "ensemble_acc_before_deletion": 0.4772000312805176,
  "epsilon": "\u221e",
  "indicator": 1,
  "lengths_after_deletion": [
    3272,
    4610
  ],
  "rng": [
    1525217162,
    2203583061
  ],
  "shard_prediction_precision": 0.5824095010757446,
  "shard_prediction_recall": 0.5910000205039978
}