{
  "accs_after_deletion": [
    0.4440000355243683,
    0.4482000172138214
  ],
  "accs_before_deletion": [
    0.46060001850128174,
    0.4806000292301178
  ],
  "delta": 5.0886316442113006e-05,
  "ensemble_acc_after_deletion": 0.44280001521110535,
  "ensemble_acc_before_deletion": 0.47700002789497375,
  "epsilon": "\u221e",
  "indicator": 1,
  "lengths_after_deletion": [
    3605,
    4881
  ],
  "rng": [
    1590950264,
    2463698591
  ],
  "shard_prediction_precision": 0.5849082469940186,
  "shard_prediction_recall": 0.5493749976158142
}