{
  "accs_after_deletion": [
    0.42600002884864807,
    0.43700000643730164
  ],
  "accs_before_deletion": [
    0.4772000312805176,
    0.47300001978874207
  ],
  "delta": 5.0886316442113006e-05,
  "ensemble_acc_after_deletion": 0.4320000112056732,
  "ensemble_acc_before_deletion": 0.4820000231266022,
  "epsilon": "\u221e",
  "indicator": 1,
  "lengths_after_deletion": [
    3579,
    4765
  ],
  "rng": [
    1631255255,
    3299203983
  ],
  "shard_prediction_precision": 0.5774555802345276,
  "shard_prediction_recall": 0.5526250004768372
}