{
  "accs_after_deletion": [
    0.4280000329017639,
    0.44300001859664917
  ],
  "accs_before_deletion": [
    0.4652000367641449,
    0.4878000319004059
  ],
  "delta": 5.0886316442113006e-05,
  "ensemble_acc_after_deletion": 0.43380001187324524,
  "ensemble_acc_before_deletion": 0.47440001368522644,
  "epsilon": "\u221e",
  "indicator": 1,
  "lengths_after_deletion": [
    3326,
    4588
  ],
  "rng": [
    170785701,
    2633489770
  ],
  "shard_prediction_precision": 0.5780361294746399,
  "shard_prediction_recall": 0.5842500329017639
}