{
  "accs_after_deletion": [
    0.4320000112056732,
    0.4406000077724457
  ],
  "accs_before_deletion": [
    0.45760002732276917,
    0.46960002183914185
  ],
  "delta": 5.0886316442113006e-05,
  "ensemble_acc_after_deletion": 0.435200035572052,
  "ensemble_acc_before_deletion": 0.4666000306606293,
  "epsilon": "\u221e",
  "indicator": 1,
  "lengths_after_deletion": [
    3468,
    4761
  ],
  "rng": [
    1728531592,
    2566869729
  ],
  "shard_prediction_precision": 0.5831938982009888,
  "shard_prediction_recall": 0.5665000081062317
}