{
  "accs_after_deletion": [
    0.41040003299713135,
    0.4172000288963318
  ],
  "accs_before_deletion": [
    0.47200003266334534,
    0.45900002121925354
  ],
  "delta": 5.0886316442113006e-05,
  "ensemble_acc_after_deletion": 0.4140000343322754,
  "ensemble_acc_before_deletion": 0.4766000211238861,
  "epsilon": "\u221e",
  "indicator": 1,
  "lengths_after_deletion": [
    3144,
    4489
  ],
  "rng": [
    1739367098,
    257412699
  ],
  "shard_prediction_precision": 0.5803752541542053,
  "shard_prediction_recall": 0.6070000529289246
}