{
  "accs_after_deletion": [
    0.41440001130104065,
    0.44700002670288086
  ],
  "accs_before_deletion": [
    0.4662000238895416,
    0.4772000312805176
  ],
  "delta": 5.0886316442113006e-05,
  "ensemble_acc_after_deletion": 0.4398000240325928,
  "ensemble_acc_before_deletion": 0.4782000184059143,
  "epsilon": "\u221e",
  "indicator": 1,
  "lengths_after_deletion": [
    3145,
    4540
  ],
  "rng": [
    1744104074,
    4099413124
  ],
  "shard_prediction_precision": 0.5838845372200012,
  "shard_prediction_recall": 0.6068750023841858
}