{
  "accs_after_deletion": [
    0.4214000105857849,
    0.43780001997947693
  ],
  "accs_before_deletion": [
    0.46400001645088196,
    0.465800017118454
  ],
  "delta": 5.0886316442113006e-05,
  "ensemble_acc_after_deletion": 0.4342000186443329,
  "ensemble_acc_before_deletion": 0.4710000157356262,
  "epsilon": "\u221e",
  "indicator": 1,
  "lengths_after_deletion": [
    3223,
    4758
  ],
  "rng": [
    1760331016,
    21603670
  ],
  "shard_prediction_precision": 0.5957102179527283,
  "shard_prediction_recall": 0.5971250534057617
}