{
  "accs_after_deletion": [
    0.43460002541542053,
    0.435200035572052
  ],
  "accs_before_deletion": [
    0.4708000123500824,
    0.48900002241134644
  ],
  "delta": 5.0886316442113006e-05,
  "ensemble_acc_after_deletion": 0.4262000322341919,
  "ensemble_acc_before_deletion": 0.4878000319004059,
  "epsilon": "\u221e",
  "indicator": 1,
  "lengths_after_deletion": [
    3263,
    4732
  ],
  "rng": [
    1769762994,
    587985137
  ],
  "shard_prediction_precision": 0.5917551517486572,
  "shard_prediction_recall": 0.5921249985694885
}