{
  "accs_after_deletion": [
    0.41860002279281616,
    0.41780000925064087
  ],
  "accs_before_deletion": [
    0.4732000231742859,
    0.4748000204563141
  ],
  "delta": 5.0886316442113006e-05,
  "ensemble_acc_after_deletion": 0.4108000099658966,
  "ensemble_acc_before_deletion": 0.4788000285625458,
  "epsilon": "\u221e",
  "indicator": 0,
  "lengths_after_deletion": [
    3281,
    4745
  ],
  "rng": [
    1781987299,
    4122091130
  ],
  "shard_prediction_precision": 0.5917983651161194,
  "shard_prediction_recall": 0.5898750424385071
}