{
  "accs_after_deletion": [
    0.4084000289440155,
    0.43700000643730164
  ],
  "accs_before_deletion": [
    0.47540003061294556,
    0.4774000346660614
  ],
  "delta": 5.0886316442113006e-05,
  "ensemble_acc_after_deletion": 0.4302000105381012,
  "ensemble_acc_before_deletion": 0.4758000373840332,
  "epsilon": "\u221e",
  "indicator": 1,
  "lengths_after_deletion": [
    3092,
    4612
  ],
  "rng": [
    1805922266,
    3755251156
  ],
  "shard_prediction_precision": 0.5916104316711426,
  "shard_prediction_recall": 0.6135000586509705
}