{
  "accs_after_deletion": [
    0.41280001401901245,
    0.4426000118255615
  ],
  "accs_before_deletion": [
    0.47780001163482666,
    0.4812000095844269
  ],
  "delta": 5.0886316442113006e-05,
  "ensemble_acc_after_deletion": 0.43780001997947693,
  "ensemble_acc_before_deletion": 0.4756000339984894,
  "epsilon": "\u221e",
  "indicator": 1,
  "lengths_after_deletion": [
    3078,
    4547
  ],
  "rng": [
    1825696125,
    2722681516
  ],
  "shard_prediction_precision": 0.5877014994621277,
  "shard_prediction_recall": 0.6152500510215759
}