{
  "accs_after_deletion": [
    0.41880002617836,
    0.44360002875328064
  ],
  "accs_before_deletion": [
    0.4602000117301941,
    0.4700000286102295
  ],
  "delta": 5.0886316442113006e-05,
  "ensemble_acc_after_deletion": 0.43320003151893616,
  "ensemble_acc_before_deletion": 0.4650000333786011,
  "epsilon": "\u221e",
  "indicator": 1,
  "lengths_after_deletion": [
    3292,
    4480
  ],
  "rng": [
    1834763715,
    3413886666
  ],
  "shard_prediction_precision": 0.5721924901008606,
  "shard_prediction_recall": 0.5885000228881836
}