{
  "accs_after_deletion": [
    0.40540000796318054,
    0.4426000118255615
  ],
  "accs_before_deletion": [
    0.47940000891685486,
    0.47460001707077026
  ],
  "delta": 5.0886316442113006e-05,
  "ensemble_acc_after_deletion": 0.41220003366470337,
  "ensemble_acc_before_deletion": 0.47520002722740173,
  "epsilon": "\u221e",
  "indicator": 1,
  "lengths_after_deletion": [
    3141,
    4635
  ],
  "rng": [
    1890134470,
    1064730399
  ],
  "shard_prediction_precision": 0.5908316969871521,
  "shard_prediction_recall": 0.6073750257492065
}