{
  "accs_after_deletion": [
    0.4164000153541565,
    0.4244000315666199
  ],
  "accs_before_deletion": [
    0.46560001373291016,
    0.46540001034736633
  ],
  "delta": 5.0886316442113006e-05,
  "ensemble_acc_after_deletion": 0.41380003094673157,
  "ensemble_acc_before_deletion": 0.4662000238895416,
  "epsilon": "\u221e",
  "indicator": 1,
  "lengths_after_deletion": [
    3082,
    4394
  ],
  "rng": [
    1914297393,
    2194491164
  ],
  "shard_prediction_precision": 0.5769591927528381,
  "shard_prediction_recall": 0.6147500276565552
}