{
  "accs_after_deletion": [
    0.43800002336502075,
    0.4416000247001648
  ],
  "accs_before_deletion": [
    0.4750000238418579,
    0.47840002179145813
  ],
  "delta": 5.0886316442113006e-05,
  "ensemble_acc_after_deletion": 0.44300001859664917,
  "ensemble_acc_before_deletion": 0.4782000184059143,
  "epsilon": "\u221e",
  "indicator": 1,
  "lengths_after_deletion": [
    3229,
    4657
  ],
  "rng": [
    1930875228,
    3029827051
  ],
  "shard_prediction_precision": 0.5879960656166077,
  "shard_prediction_recall": 0.596375048160553
}