{
  "accs_after_deletion": [
    0.42420002818107605,
    0.43560001254081726
  ],
  "accs_before_deletion": [
    0.4636000096797943,
    0.47700002789497375
  ],
  "delta": 5.0886316442113006e-05,
  "ensemble_acc_after_deletion": 0.43060001730918884,
  "ensemble_acc_before_deletion": 0.4706000089645386,
  "epsilon": "\u221e",
  "indicator": 1,
  "lengths_after_deletion": [
    3235,
    4704
  ],
  "rng": [
    1952948001,
    1091965355
  ],
  "shard_prediction_precision": 0.5911177396774292,
  "shard_prediction_recall": 0.5956250429153442
}