{
  "accs_after_deletion": [
    0.43060001730918884,
    0.4390000104904175
  ],
  "accs_before_deletion": [
    0.46540001034736633,
    0.4872000217437744
  ],
  "delta": 5.0886316442113006e-05,
  "ensemble_acc_after_deletion": 0.44280001521110535,
  "ensemble_acc_before_deletion": 0.47780001163482666,
  "epsilon": "\u221e",
  "indicator": 1,
  "lengths_after_deletion": [
    3543,
    4854
  ],
  "rng": [
    1999799787,
    536892987
  ],
  "shard_prediction_precision": 0.5862159729003906,
  "shard_prediction_recall": 0.5571250319480896
}