{
  "accs_after_deletion": [
    0.42580002546310425,
    0.42240002751350403
  ],
  "accs_before_deletion": [
    0.47460001707077026,
    0.4684000313282013
  ],
  "delta": 5.0886316442113006e-05,
  "ensemble_acc_after_deletion": 0.42500001192092896,
  "ensemble_acc_before_deletion": 0.467600017786026,
  "epsilon": "\u221e",
  "indicator": 0,
  "lengths_after_deletion": [
    3281,
    4689
  ],
  "rng": [
    2051066871,
    3158391555
  ],
  "shard_prediction_precision": 0.5876712799072266,
  "shard_prediction_recall": 0.5898750424385071
}