{
  "accs_after_deletion": [
    0.4244000315666199,
    0.45580002665519714
  ],
  "accs_before_deletion": [
    0.48000001907348633,
    0.47440001368522644
  ],
  "delta": 5.0886316442113006e-05,
  "ensemble_acc_after_deletion": 0.4386000335216522,
  "ensemble_acc_before_deletion": 0.47220003604888916,
  "epsilon": "\u221e",
  "indicator": 1,
  "lengths_after_deletion": [
    3155,
    4666
  ],
  "rng": [
    2071304752,
    2503243303
  ],
  "shard_prediction_precision": 0.5923706889152527,
  "shard_prediction_recall": 0.6056250333786011
}