{
  "accs_after_deletion": [
    0.4312000274658203,
    0.46640002727508545
  ],
  "accs_before_deletion": [
    0.46220001578330994,
    0.4708000123500824
  ],
  "delta": 5.0886316442113006e-05,
  "ensemble_acc_after_deletion": 0.45160001516342163,
  "ensemble_acc_before_deletion": 0.4790000319480896,
  "epsilon": "\u221e",
  "indicator": 1,
  "lengths_after_deletion": [
    3519,
    4863
  ],
  "rng": [
    2082079927,
    4040414885
  ],
  "shard_prediction_precision": 0.5882121324539185,
  "shard_prediction_recall": 0.5601250529289246
}