{
  "accs_after_deletion": [
    0.39340001344680786,
    0.4134000241756439
  ],
  "accs_before_deletion": [
    0.4880000352859497,
    0.46080002188682556
  ],
  "delta": 5.0886316442113006e-05,
  "ensemble_acc_after_deletion": 0.39080002903938293,
  "ensemble_acc_before_deletion": 0.4832000136375427,
  "epsilon": "\u221e",
  "indicator": 1,
  "lengths_after_deletion": [
    2974,
    4204
  ],
  "rng": [
    2167861843,
    1282063837
  ],
  "shard_prediction_precision": 0.5697121024131775,
  "shard_prediction_recall": 0.628250002861023
}