{
  "accs_after_deletion": [
    0.4256000220775604,
    0.45260003209114075
  ],
  "accs_before_deletion": [
    0.469400018453598,
    0.45920002460479736
  ],
  "delta": 5.0886316442113006e-05,
  "ensemble_acc_after_deletion": 0.4492000341415405,
  "ensemble_acc_before_deletion": 0.4718000292778015,
  "epsilon": "\u221e",
  "indicator": 1,
  "lengths_after_deletion": [
    3320,
    4664
  ],
  "rng": [
    225694818,
    2162014234
  ],
  "shard_prediction_precision": 0.583832323551178,
  "shard_prediction_recall": 0.5850000381469727
}