{
  "accs_after_deletion": [
    0.43220001459121704,
    0.4408000111579895
  ],
  "accs_before_deletion": [
    0.4806000292301178,
    0.48280003666877747
  ],
  "delta": 5.0886316442113006e-05,
  "ensemble_acc_after_deletion": 0.43400001525878906,
  "ensemble_acc_before_deletion": 0.4740000367164612,
  "epsilon": "\u221e",
  "indicator": 1,
  "lengths_after_deletion": [
    3256,
    4571
  ],
  "rng": [
    226512468,
    3718216799
  ],
  "shard_prediction_precision": 0.580447793006897,
  "shard_prediction_recall": 0.593000054359436
}