{
  "accs_after_deletion": [
    0.44860002398490906,
    0.4524000287055969
  ],
  "accs_before_deletion": [
    0.4734000265598297,
    0.48420003056526184
  ],
  "delta": 5.0886316442113006e-05,
  "ensemble_acc_after_deletion": 0.45680001378059387,
  "ensemble_acc_before_deletion": 0.4734000265598297,
  "epsilon": "\u221e",
  "indicator": 1,
  "lengths_after_deletion": [
    3284,
    4854
  ],
  "rng": [
    2315369755,
    2241977669
  ],
  "shard_prediction_precision": 0.5998473763465881,
  "shard_prediction_recall": 0.5895000100135803
}