{
  "accs_after_deletion": [
    0.4018000066280365,
    0.4190000295639038
  ],
  "accs_before_deletion": [
    0.45100003480911255,
    0.4620000123977661
  ],
  "delta": 5.0886316442113006e-05,
  "ensemble_acc_after_deletion": 0.40240001678466797,
  "ensemble_acc_before_deletion": 0.46720001101493835,
  "epsilon": "\u221e",
  "indicator": 1,
  "lengths_after_deletion": [
    3251,
    4419
  ],
  "rng": [
    2319520743,
    861691605
  ],
  "shard_prediction_precision": 0.5701080560684204,
  "shard_prediction_recall": 0.593625009059906
}