{
  "accs_after_deletion": [
    0.4238000214099884,
    0.4270000159740448
  ],
  "accs_before_deletion": [
    0.47140002250671387,
    0.4756000339984894
  ],
  "delta": 5.0886316442113006e-05,
  "ensemble_acc_after_deletion": 0.43140003085136414,
  "ensemble_acc_before_deletion": 0.4806000292301178,
  "epsilon": "\u221e",
  "indicator": 1,
  "lengths_after_deletion": [
    3218,
    4568
  ],
  "rng": [
    2333636525,
    1379563551
  ],
  "shard_prediction_precision": 0.5821768045425415,
  "shard_prediction_recall": 0.5977500081062317
}