{
  "accs_after_deletion": [
    0.46160003542900085,
    0.4508000314235687
  ],
  "accs_before_deletion": [
    0.4508000314235687,
    0.47300001978874207
  ],
  "delta": 5.0886316442113006e-05,
  "ensemble_acc_after_deletion": 0.46700000762939453,
  "ensemble_acc_before_deletion": 0.4610000252723694,
  "epsilon": "\u221e",
  "indicator": 0,
  "lengths_after_deletion": [
    3488,
    4884
  ],
  "rng": [
    2371014810,
    623509274
  ],
  "shard_prediction_precision": 0.5915049910545349,
  "shard_prediction_recall": 0.5640000104904175
}