{
  "accs_after_deletion": [
    0.4326000213623047,
    0.44460001587867737
  ],
  "accs_before_deletion": [
    0.46080002188682556,
    0.47620001435279846
  ],
  "delta": 5.0886316442113006e-05,
  "ensemble_acc_after_deletion": 0.43080002069473267,
  "ensemble_acc_before_deletion": 0.4740000367164612,
  "epsilon": "\u221e",
  "indicator": 1,
  "lengths_after_deletion": [
    3298,
    4693
  ],
  "rng": [
    241551365,
    562494475
  ],
  "shard_prediction_precision": 0.5870895385742188,
  "shard_prediction_recall": 0.5877500176429749
}