{
  "accs_after_deletion": [
    0.4344000220298767,
    0.44840002059936523
  ],
  "accs_before_deletion": [
    0.46240001916885376,
    0.47620001435279846
  ],
  "delta": 5.0886316442113006e-05,
  "ensemble_acc_after_deletion": 0.4366000294685364,
  "ensemble_acc_before_deletion": 0.467600017786026,
  "epsilon": "\u221e",
  "indicator": 1,
  "lengths_after_deletion": [
    3381,
    4788
  ],
  "rng": [
    2456705596,
    102167845
  ],
  "shard_prediction_precision": 0.5898352861404419,
  "shard_prediction_recall": 0.577375054359436
}