{
  "accs_after_deletion": [
    0.4382000267505646,
    0.44780001044273376
  ],
  "accs_before_deletion": [
    0.46720001101493835,
    0.49320003390312195
  ],
  "delta": 5.0886316442113006e-05,
  "ensemble_acc_after_deletion": 0.4392000138759613,
  "ensemble_acc_before_deletion": 0.4820000231266022,
  "epsilon": "\u221e",
  "indicator": 1,
  "lengths_after_deletion": [
    3377,
    4849
  ],
  "rng": [
    2494658264,
    289663114
  ],
  "shard_prediction_precision": 0.5946745872497559,
  "shard_prediction_recall": 0.577875018119812
}