{
  "accs_after_deletion": [
    0.43300002813339233,
    0.43880000710487366
  ],
  "accs_before_deletion": [
    0.46380001306533813,
    0.4666000306606293
  ],
  "delta": 5.0886316442113006e-05,
  "ensemble_acc_after_deletion": 0.43540000915527344,
  "ensemble_acc_before_deletion": 0.4604000151157379,
  "epsilon": "\u221e",
  "indicator": 1,
  "lengths_after_deletion": [
    3508,
    4737
  ],
  "rng": [
    2501693302,
    2296180091
  ],
  "shard_prediction_precision": 0.5792391896247864,
  "shard_prediction_recall": 0.5615000128746033
}