{
  "accs_after_deletion": [
    0.43880000710487366,
    0.4434000253677368
  ],
  "accs_before_deletion": [
    0.4816000163555145,
    0.48660001158714294
  ],
  "delta": 5.0886316442113006e-05,
  "ensemble_acc_after_deletion": 0.44620001316070557,
  "ensemble_acc_before_deletion": 0.4824000298976898,
  "epsilon": "\u221e",
  "indicator": 1,
  "lengths_after_deletion": [
    3427,
    4861
  ],
  "rng": [
    2506859113,
    1412672608
  ],
  "shard_prediction_precision": 0.5929720401763916,
  "shard_prediction_recall": 0.5716250538825989
}