{
  "accs_after_deletion": [
    0.4228000342845917,
    0.4464000165462494
  ],
  "accs_before_deletion": [
    0.4824000298976898,
    0.4742000102996826
  ],
  "delta": 5.0886316442113006e-05,
  "ensemble_acc_after_deletion": 0.4272000193595886,
  "ensemble_acc_before_deletion": 0.49000000953674316,
  "epsilon": "\u221e",
  "indicator": 1,
  "lengths_after_deletion": [
    3376,
    4734
  ],
  "rng": [
    2518541090,
    1110518940
  ],
  "shard_prediction_precision": 0.5860583186149597,
  "shard_prediction_recall": 0.578000009059906
}