{
  "accs_after_deletion": [
    0.415800005197525,
    0.43720000982284546
  ],
  "accs_before_deletion": [
    0.47380003333091736,
    0.47140002250671387
  ],
  "delta": 5.0886316442113006e-05,
  "ensemble_acc_after_deletion": 0.4214000105857849,
  "ensemble_acc_before_deletion": 0.46240001916885376,
  "epsilon": "\u221e",
  "indicator": 1,
  "lengths_after_deletion": [
    3120,
    4467
  ],
  "rng": [
    2529384264,
    1355602610
  ],
  "shard_prediction_precision": 0.5800546407699585,
  "shard_prediction_recall": 0.6100000143051147
}