{
  "accs_after_deletion": [
    0.4398000240325928,
    0.45020002126693726
  ],
  "accs_before_deletion": [
    0.4652000367641449,
    0.4674000144004822
  ],
  "delta": 5.0886316442113006e-05,
  "ensemble_acc_after_deletion": 0.45280003547668457,
  "ensemble_acc_before_deletion": 0.45580002665519714,
  "epsilon": "\u221e",
  "indicator": 1,
  "lengths_after_deletion": [
    3645,
    5050
  ],
  "rng": [
    2676472419,
    2902806131
  ],
  "shard_prediction_precision": 0.5961670279502869,
  "shard_prediction_recall": 0.5443750023841858
}