{
  "accs_after_deletion": [
    0.40640002489089966,
    0.42480000853538513
  ],
  "accs_before_deletion": [
    0.4782000184059143,
    0.4716000258922577
  ],
  "delta": 5.0886316442113006e-05,
  "ensemble_acc_after_deletion": 0.41220003366470337,
  "ensemble_acc_before_deletion": 0.47300001978874207,
  "epsilon": "\u221e",
  "indicator": 1,
  "lengths_after_deletion": [
    3104,
    4238
  ],
  "rng": [
    2683155798,
    2198151301
  ],
  "shard_prediction_precision": 0.5654885768890381,
  "shard_prediction_recall": 0.612000048160553
}