{
  "accs_after_deletion": [
    0.4262000322341919,
    0.4418000280857086
  ],
  "accs_before_deletion": [
    0.4756000339984894,
    0.47360002994537354
  ],
  "delta": 5.0886316442113006e-05,
  "ensemble_acc_after_deletion": 0.4294000267982483,
  "ensemble_acc_before_deletion": 0.4780000150203705,
  "epsilon": "\u221e",
  "indicator": 1,
  "lengths_after_deletion": [
    3213,
    4637
  ],
  "rng": [
    2703695821,
    1619035705
  ],
  "shard_prediction_precision": 0.5873619914054871,
  "shard_prediction_recall": 0.5983750224113464
}