{
  "accs_after_deletion": [
    0.4410000145435333,
    0.4418000280857086
  ],
  "accs_before_deletion": [
    0.4580000340938568,
    0.47120001912117004
  ],
  "delta": 5.0886316442113006e-05,
  "ensemble_acc_after_deletion": 0.44360002875328064,
  "ensemble_acc_before_deletion": 0.459600031375885,
  "epsilon": "\u221e",
  "indicator": 1,
  "lengths_after_deletion": [
    3244,
    4630
  ],
  "rng": [
    2807183230,
    147810227
  ],
  "shard_prediction_precision": 0.5852817893028259,
  "shard_prediction_recall": 0.5945000052452087
}