{
  "accs_after_deletion": [
    0.4342000186443329,
    0.43800002336502075
  ],
  "accs_before_deletion": [
    0.4610000252723694,
    0.4690000116825104
  ],
  "delta": 5.0886316442113006e-05,
  "ensemble_acc_after_deletion": 0.44220003485679626,
  "ensemble_acc_before_deletion": 0.4660000205039978,
  "epsilon": "\u221e",
  "indicator": 1,
  "lengths_after_deletion": [
    3222,
    4631
  ],
  "rng": [
    2880855679,
    4279452455
  ],
  "shard_prediction_precision": 0.5864735245704651,
  "shard_prediction_recall": 0.5972500443458557
}