{
  "accs_after_deletion": [
    0.42080003023147583,
    0.4350000321865082
  ],
  "accs_before_deletion": [
    0.4748000204563141,
    0.4814000129699707
  ],
  "delta": 5.0886316442113006e-05,
  "ensemble_acc_after_deletion": 0.42980003356933594,
  "ensemble_acc_before_deletion": 0.4824000298976898,
  "epsilon": "\u221e",
  "indicator": 1,
  "lengths_after_deletion": [
    3315,
    4676
  ],
  "rng": [
    2886741148,
    3117618382
  ],
  "shard_prediction_precision": 0.5849668979644775,
  "shard_prediction_recall": 0.5856250524520874
}