{
  "accs_after_deletion": [
    0.44280001521110535,
    0.4416000247001648
  ],
  "accs_before_deletion": [
    0.48500001430511475,
    0.4774000346660614
  ],
  "delta": 5.0886316442113006e-05,
  "ensemble_acc_after_deletion": 0.4434000253677368,
  "ensemble_acc_before_deletion": 0.47940000891685486,
  "epsilon": "\u221e",
  "indicator": 0,
  "lengths_after_deletion": [
    3445,
    4795
  ],
  "rng": [
    2903473328,
    4188922175
  ],
  "shard_prediction_precision": 0.5869845747947693,
  "shard_prediction_recall": 0.5693750381469727
}