{
  "accs_after_deletion": [
    0.41920003294944763,
    0.4328000247478485
  ],
  "accs_before_deletion": [
    0.48520001769065857,
    0.4724000096321106
  ],
  "delta": 5.0886316442113006e-05,
  "ensemble_acc_after_deletion": 0.4204000234603882,
  "ensemble_acc_before_deletion": 0.4790000319480896,
  "epsilon": "\u221e",
  "indicator": 1,
  "lengths_after_deletion": [
    3342,
    4714
  ],
  "rng": [
    2906841499,
    137403455
  ],
  "shard_prediction_precision": 0.5863544940948486,
  "shard_prediction_recall": 0.5822499990463257
}