{
  "accs_after_deletion": [
    0.44220003485679626,
    0.43300002813339233
  ],
  "accs_before_deletion": [
    0.465800017118454,
    0.4690000116825104
  ],
  "delta": 5.0886316442113006e-05,
  "ensemble_acc_after_deletion": 0.4406000077724457,
  "ensemble_acc_before_deletion": 0.4644000232219696,
  "epsilon": "\u221e",
  "indicator": 0,
  "lengths_after_deletion": [
    3398,
    4795
  ],
  "rng": [
    2944139168,
    3998930545
  ],
  "shard_prediction_precision": 0.5894709825515747,
  "shard_prediction_recall": 0.5752500295639038
}