{
  "accs_after_deletion": [
    0.4272000193595886,
    0.44200003147125244
  ],
  "accs_before_deletion": [
    0.4686000347137451,
    0.47460001707077026
  ],
  "delta": 5.0886316442113006e-05,
  "ensemble_acc_after_deletion": 0.4288000166416168,
  "ensemble_acc_before_deletion": 0.4764000177383423,
  "epsilon": "\u221e",
  "indicator": 1,
  "lengths_after_deletion": [
    3340,
    4659
  ],
  "rng": [
    2970392009,
    812182439
  ],
  "shard_prediction_precision": 0.5824272036552429,
  "shard_prediction_recall": 0.5825000405311584
}