{
  "accs_after_deletion": [
    0.4342000186443329,
    0.43620002269744873
  ],
  "accs_before_deletion": [
    0.4780000150203705,
    0.4758000373840332
  ],
  "delta": 5.0886316442113006e-05,
  "ensemble_acc_after_deletion": 0.44380003213882446,
  "ensemble_acc_before_deletion": 0.4904000163078308,
  "epsilon": "\u221e",
  "indicator": 1,
  "lengths_after_deletion": [
    3477,
    4920
  ],
  "rng": [
    2983563840,
    1509371404
  ],
  "shard_prediction_precision": 0.5948967933654785,
  "shard_prediction_recall": 0.565375030040741
}