{
  "accs_after_deletion": [
    0.4546000361442566,
    0.45920002460479736
  ],
  "accs_before_deletion": [
    0.4660000205039978,
    0.49540001153945923
  ],
  "delta": 5.0886316442113006e-05,
  "ensemble_acc_after_deletion": 0.4610000252723694,
  "ensemble_acc_before_deletion": 0.4978000223636627,
  "epsilon": "\u221e",
  "indicator": 1,
  "lengths_after_deletion": [
    3569,
    4979
  ],
  "rng": [
    2984289505,
    2935642917
  ],
  "shard_prediction_precision": 0.5946054458618164,
  "shard_prediction_recall": 0.5538750290870667
}