{
  "accs_after_deletion": [
    0.41540002822875977,
    0.40960001945495605
  ],
  "accs_before_deletion": [
    0.47040003538131714,
    0.4706000089645386
  ],
  "delta": 5.0886316442113006e-05,
  "ensemble_acc_after_deletion": 0.41920003294944763,
  "ensemble_acc_before_deletion": 0.4690000116825104,
  "epsilon": "\u221e",
  "indicator": 0,
  "lengths_after_deletion": [
    3317,
    4601
  ],
  "rng": [
    3027910611,
    2382905178
  ],
  "shard_prediction_precision": 0.5794357657432556,
  "shard_prediction_recall": 0.5853750109672546
}