{
  "accs_after_deletion": [
    0.41260001063346863,
    0.44280001521110535
  ],
  "accs_before_deletion": [
    0.47220003604888916,
    0.4734000265598297
  ],
  "delta": 5.0886316442113006e-05,
  "ensemble_acc_after_deletion": 0.43380001187324524,
  "ensemble_acc_before_deletion": 0.4756000339984894,
  "epsilon": "\u221e",
  "indicator": 1,
  "lengths_after_deletion": [
    3492,
    4766
  ],
  "rng": [
    3245210294,
    534271553
  ],
  "shard_prediction_precision": 0.5822784900665283,
  "shard_prediction_recall": 0.5635000467300415
}