{
  "accs_after_deletion": [
    0.4090000092983246,
    0.4480000138282776
  ],
  "accs_before_deletion": [
    0.47140002250671387,
    0.4740000367164612
  ],
  "delta": 5.0886316442113006e-05,
  "ensemble_acc_after_deletion": 0.4262000322341919,
  "ensemble_acc_before_deletion": 0.4798000156879425,
  "epsilon": "\u221e",
  "indicator": 1,
  "lengths_after_deletion": [
    3635,
    4706
  ],
  "rng": [
    3292761154,
    914473915
  ],
  "shard_prediction_precision": 0.5699177980422974,
  "shard_prediction_recall": 0.5456250309944153
}