{
  "accs_after_deletion": [
    0.45680001378059387,
    0.45180001854896545
  ],
  "accs_before_deletion": [
    0.4660000205039978,
    0.4814000129699707
  ],
  "delta": 5.0886316442113006e-05,
  "ensemble_acc_after_deletion": 0.44440001249313354,
  "ensemble_acc_before_deletion": 0.4792000353336334,
  "epsilon": "\u221e",
  "indicator": 0,
  "lengths_after_deletion": [
    3741,
    4991
  ],
  "rng": [
    3319210660,
    275437328
  ],
  "shard_prediction_precision": 0.5859934091567993,
  "shard_prediction_recall": 0.5323750376701355
}