{
  "accs_after_deletion": [
    0.4238000214099884,
    0.43480002880096436
  ],
  "accs_before_deletion": [
    0.48580002784729004,
    0.47600001096725464
  ],
  "delta": 5.0886316442113006e-05,
  "ensemble_acc_after_deletion": 0.4360000193119049,
  "ensemble_acc_before_deletion": 0.4878000319004059,
  "epsilon": "\u221e",
  "indicator": 1,
  "lengths_after_deletion": [
    3231,
    4675
  ],
  "rng": [
    3354637838,
    2904528474
  ],
  "shard_prediction_precision": 0.5892018675804138,
  "shard_prediction_recall": 0.5961250066757202
}