{
  "accs_after_deletion": [
    0.42500001192092896,
    0.4204000234603882
  ],
  "accs_before_deletion": [
    0.4666000306606293,
    0.4634000360965729
  ],
  "delta": 5.0886316442113006e-05,
  "ensemble_acc_after_deletion": 0.4172000288963318,
  "ensemble_acc_before_deletion": 0.46220001578330994,
  "epsilon": "\u221e",
  "indicator": 0,
  "lengths_after_deletion": [
    3167,
    4656
  ],
  "rng": [
    3366579175,
    1442901408
  ],
  "shard_prediction_precision": 0.5910480618476868,
  "shard_prediction_recall": 0.6041250228881836
}