{
  "accs_after_deletion": [
    0.4368000328540802,
    0.44860002398490906
  ],
  "accs_before_deletion": [
    0.4686000347137451,
    0.46300002932548523
  ],
  "delta": 5.0886316442113006e-05,
  "ensemble_acc_after_deletion": 0.4318000078201294,
  "ensemble_acc_before_deletion": 0.46720001101493835,
  "epsilon": "\u221e",
  "indicator": 1,
  "lengths_after_deletion": [
    3541,
    4890
  ],
  "rng": [
    3373820625,
    1569873346
  ],
  "shard_prediction_precision": 0.5891135334968567,
  "shard_prediction_recall": 0.5573750138282776
}