{
  "accs_after_deletion": [
    0.428600013256073,
    0.4498000144958496
  ],
  "accs_before_deletion": [
    0.4618000090122223,
    0.46720001101493835
  ],
  "delta": 5.0886316442113006e-05,
  "ensemble_acc_after_deletion": 0.4358000159263611,
  "ensemble_acc_before_deletion": 0.4612000286579132,
  "epsilon": "\u221e",
  "indicator": 1,
  "lengths_after_deletion": [
    3468,
    4766
  ],
  "rng": [
    3406829863,
    3840079767
  ],
  "shard_prediction_precision": 0.5835694074630737,
  "shard_prediction_recall": 0.5665000081062317
}