{
  "accs_after_deletion": [
    0.43220001459121704,
    0.4196000099182129
  ],
  "accs_before_deletion": [
    0.47280001640319824,
    0.4812000095844269
  ],
  "delta": 5.0886316442113006e-05,
  "ensemble_acc_after_deletion": 0.4270000159740448,
  "ensemble_acc_before_deletion": 0.4854000210762024,
  "epsilon": "\u221e",
  "indicator": 0,
  "lengths_after_deletion": [
    3201,
    4557
  ],
  "rng": [
    3461614020,
    771156199
  ],
  "shard_prediction_precision": 0.5822615623474121,
  "shard_prediction_recall": 0.5998750329017639
}