{
  "accs_after_deletion": [
    0.4328000247478485,
    0.4522000253200531
  ],
  "accs_before_deletion": [
    0.48260003328323364,
    0.47220003604888916
  ],
  "delta": 5.0886316442113006e-05,
  "ensemble_acc_after_deletion": 0.4506000280380249,
  "ensemble_acc_before_deletion": 0.4854000210762024,
  "epsilon": "\u221e",
  "indicator": 1,
  "lengths_after_deletion": [
    3256,
    4657
  ],
  "rng": [
    3466707647,
    1960219773
  ],
  "shard_prediction_precision": 0.5866205096244812,
  "shard_prediction_recall": 0.593000054359436
}