{
  "accs_after_deletion": [
    0.4320000112056732,
    0.4612000286579132
  ],
  "accs_before_deletion": [
    0.4666000306606293,
    0.4830000102519989
  ],
  "delta": 5.0886316442113006e-05,
  "ensemble_acc_after_deletion": 0.4586000144481659,
  "ensemble_acc_before_deletion": 0.47380003333091736,
  "epsilon": "\u221e",
  "indicator": 1,
  "lengths_after_deletion": [
    3268,
    4820
  ],
  "rng": [
    3548007161,
    2206380831
  ],
  "shard_prediction_precision": 0.5980787873268127,
  "shard_prediction_recall": 0.5915000438690186
}