{
  "accs_after_deletion": [
    0.4284000098705292,
    0.45100003480911255
  ],
  "accs_before_deletion": [
    0.4674000144004822,
    0.4782000184059143
  ],
  "delta": 5.0886316442113006e-05,
  "ensemble_acc_after_deletion": 0.4480000138282776,
  "ensemble_acc_before_deletion": 0.467600017786026,
  "epsilon": "\u221e",
  "indicator": 1,
  "lengths_after_deletion": [
    3171,
    4681
  ],
  "rng": [
    3614628452,
    2618236808
  ],
  "shard_prediction_precision": 0.5926607251167297,
  "shard_prediction_recall": 0.6036249995231628
}