{
  "accs_after_deletion": [
    0.4108000099658966,
    0.43620002269744873
  ],
  "accs_before_deletion": [
    0.4706000089645386,
    0.48020002245903015
  ],
  "delta": 5.0886316442113006e-05,
  "ensemble_acc_after_deletion": 0.41880002617836,
  "ensemble_acc_before_deletion": 0.4792000353336334,
  "epsilon": "\u221e",
  "indicator": 1,
  "lengths_after_deletion": [
    3223,
    4647
  ],
  "rng": [
    3640200268,
    2123714238
  ],
  "shard_prediction_precision": 0.5875768661499023,
  "shard_prediction_recall": 0.5971250534057617
}