{
  "accs_after_deletion": [
    0.42740002274513245,
    0.4416000247001648
  ],
  "accs_before_deletion": [
    0.4702000319957733,
    0.4692000150680542
  ],
  "delta": 5.0886316442113006e-05,
  "ensemble_acc_after_deletion": 0.4270000159740448,
  "ensemble_acc_before_deletion": 0.4740000367164612,
  "epsilon": "\u221e",
  "indicator": 1,
  "lengths_after_deletion": [
    3365,
    4799
  ],
  "rng": [
    3669353321,
    3195454885
  ],
  "shard_prediction_precision": 0.5915007591247559,
  "shard_prediction_recall": 0.5793750286102295
}