{
  "accs_after_deletion": [
    0.4384000301361084,
    0.4442000091075897
  ],
  "accs_before_deletion": [
    0.4636000096797943,
    0.47440001368522644
  ],
  "delta": 5.0886316442113006e-05,
  "ensemble_acc_after_deletion": 0.44600000977516174,
  "ensemble_acc_before_deletion": 0.4716000258922577,
  "epsilon": "\u221e",
  "indicator": 1,
  "lengths_after_deletion": [
    3307,
    4660
  ],
  "rng": [
    3714353534,
    4066880767
  ],
  "shard_prediction_precision": 0.5842151641845703,
  "shard_prediction_recall": 0.5866250395774841
}