{
  "accs_after_deletion": [
    0.4390000104904175,
    0.4562000334262848
  ],
  "accs_before_deletion": [
    0.46640002727508545,
    0.480400025844574
  ],
  "delta": 5.0886316442113006e-05,
  "ensemble_acc_after_deletion": 0.45020002126693726,
  "ensemble_acc_before_deletion": 0.4756000339984894,
  "epsilon": "\u221e",
  "indicator": 1,
  "lengths_after_deletion": [
    3437,
    4848
  ],
  "rng": [
    3733866909,
    779517893
  ],
  "shard_prediction_precision": 0.59144526720047,
  "shard_prediction_recall": 0.5703750252723694
}