{
  "accs_after_deletion": [
    0.38600000739097595,
    0.41700002551078796
  ],
  "accs_before_deletion": [
    0.48920002579689026,
    0.4552000164985657
  ],
  "delta": 5.0886316442113006e-05,
  "ensemble_acc_after_deletion": 0.41540002822875977,
  "ensemble_acc_before_deletion": 0.4788000285625458,
  "epsilon": "\u221e",
  "indicator": 1,
  "lengths_after_deletion": [
    2986,
    4491
  ],
  "rng": [
    3747525318,
    832489137
  ],
  "shard_prediction_precision": 0.5882905125617981,
  "shard_prediction_recall": 0.6267500519752502
}