{
  "accs_after_deletion": [
    0.4400000274181366,
    0.4546000361442566
  ],
  "accs_before_deletion": [
    0.4692000150680542,
    0.490200012922287
  ],
  "delta": 5.0886316442113006e-05,
  "ensemble_acc_after_deletion": 0.44300001859664917,
  "ensemble_acc_before_deletion": 0.48980003595352173,
  "epsilon": "\u221e",
  "indicator": 1,
  "lengths_after_deletion": [
    3430,
    4762
  ],
  "rng": [
    3759969781,
    2653662625
  ],
  "shard_prediction_precision": 0.585297167301178,
  "shard_prediction_recall": 0.5712500214576721
}