{
  "accs_after_deletion": [
    0.42160001397132874,
    0.4488000273704529
  ],
  "accs_before_deletion": [
    0.4634000360965729,
    0.4824000298976898
  ],
  "delta": 5.0886316442113006e-05,
  "ensemble_acc_after_deletion": 0.4288000166416168,
  "ensemble_acc_before_deletion": 0.48000001907348633,
  "epsilon": "\u221e",
  "indicator": 1,
  "lengths_after_deletion": [
    3394,
    4819
  ],
  "rng": [
    3786391091,
    1620357251
  ],
  "shard_prediction_precision": 0.5914986729621887,
  "shard_prediction_recall": 0.5757500529289246
}