{
  "accs_after_deletion": [
    0.41920003294944763,
    0.41620001196861267
  ],
  "accs_before_deletion": [
    0.47040003538131714,
    0.4692000150680542
  ],
  "delta": 5.0886316442113006e-05,
  "ensemble_acc_after_deletion": 0.4140000343322754,
  "ensemble_acc_before_deletion": 0.47040003538131714,
  "epsilon": "\u221e",
  "indicator": 0,
  "lengths_after_deletion": [
    3145,
    4566
  ],
  "rng": [
    3798249285,
    2942904220
  ],
  "shard_prediction_precision": 0.5857160091400146,
  "shard_prediction_recall": 0.6068750023841858
}