{
  "accs_after_deletion": [
    0.43220001459121704,
    0.4418000280857086
  ],
  "accs_before_deletion": [
    0.46240001916885376,
    0.47360002994537354
  ],
  "delta": 5.0886316442113006e-05,
  "ensemble_acc_after_deletion": 0.43800002336502075,
  "ensemble_acc_before_deletion": 0.4646000266075134,
  "epsilon": "\u221e",
  "indicator": 1,
  "lengths_after_deletion": [
    3331,
    4685
  ],
  "rng": [
    3803523087,
    1853363570
  ],
  "shard_prediction_precision": 0.5847945809364319,
  "shard_prediction_recall": 0.5836250185966492
}