{
  "accs_after_deletion": [
    0.4280000329017639,
    0.43700000643730164
  ],
  "accs_before_deletion": [
    0.49220001697540283,
    0.47860002517700195
  ],
  "delta": 5.0886316442113006e-05,
  "ensemble_acc_after_deletion": 0.4360000193119049,
  "ensemble_acc_before_deletion": 0.48920002579689026,
  "epsilon": "\u221e",
  "indicator": 1,
  "lengths_after_deletion": [
    3339,
    4730
  ],
  "rng": [
    3910386617,
    3213531598
  ],
  "shard_prediction_precision": 0.5876938104629517,
  "shard_prediction_recall": 0.5826250314712524
}