{
  "accs_after_deletion": [
    0.43640002608299255,
    0.43620002269744873
  ],
  "accs_before_deletion": [
    0.46980002522468567,
    0.4708000123500824
  ],
  "delta": 5.0886316442113006e-05,
  "ensemble_acc_after_deletion": 0.42640000581741333,
  "ensemble_acc_before_deletion": 0.47520002722740173,
  "epsilon": "\u221e",
  "indicator": 0,
  "lengths_after_deletion": [
    3327,
    4797
  ],
  "rng": [
    3916139902,
    1277865022
  ],
  "shard_prediction_precision": 0.5933215022087097,
  "shard_prediction_recall": 0.5841250419616699
}