{
  "accs_after_deletion": [
    0.45440003275871277,
    0.4612000286579132
  ],
  "accs_before_deletion": [
    0.44760000705718994,
    0.49320003390312195
  ],
  "delta": 5.0886316442113006e-05,
  "ensemble_acc_after_deletion": 0.4464000165462494,
  "ensemble_acc_before_deletion": 0.47120001912117004,
  "epsilon": "\u221e",
  "indicator": 1,
  "lengths_after_deletion": [
    3776,
    5046
  ],
  "rng": [
    3965447441,
    1591537036
  ],
  "shard_prediction_precision": 0.5884647965431213,
  "shard_prediction_recall": 0.527999997138977
}