{
  "accs_after_deletion": [
    0.43960002064704895,
    0.44040003418922424
  ],
  "accs_before_deletion": [
    0.4612000286579132,
    0.4750000238418579
  ],
  "delta": 5.0886316442113006e-05,
  "ensemble_acc_after_deletion": 0.45020002126693726,
  "ensemble_acc_before_deletion": 0.4766000211238861,
  "epsilon": "\u221e",
  "indicator": 1,
  "lengths_after_deletion": [
    3338,
    4653
  ],
  "rng": [
    3968022866,
    1380517819
  ],
  "shard_prediction_precision": 0.5820951461791992,
  "shard_prediction_recall": 0.5827500224113464
}