{
  "accs_after_deletion": [
    0.4002000093460083,
    0.41040003299713135
  ],
  "accs_before_deletion": [
    0.46140003204345703,
    0.47460001707077026
  ],
  "delta": 5.0886316442113006e-05,
  "ensemble_acc_after_deletion": 0.40940001606941223,
  "ensemble_acc_before_deletion": 0.4780000150203705,
  "epsilon": "\u221e",
  "indicator": 1,
  "lengths_after_deletion": [
    3272,
    4605
  ],
  "rng": [
    4024031773,
    1681636447
  ],
  "shard_prediction_precision": 0.5820509791374207,
  "shard_prediction_recall": 0.5910000205039978
}