{
  "accs_after_deletion": [
    0.44360002875328064,
    0.4400000274181366
  ],
  "accs_before_deletion": [
    0.4830000102519989,
    0.4798000156879425
  ],
  "delta": 5.0886316442113006e-05,
  "ensemble_acc_after_deletion": 0.4392000138759613,
  "ensemble_acc_before_deletion": 0.47120001912117004,
  "epsilon": "\u221e",
  "indicator": 0,
  "lengths_after_deletion": [
    3266,
    4679
  ],
  "rng": [
    4027216133,
    1783419011
  ],
  "shard_prediction_precision": 0.5877094864845276,
  "shard_prediction_recall": 0.5917500257492065
}