{
  "accs_after_deletion": [
    0.41860002279281616,
    0.4394000172615051
  ],
  "accs_before_deletion": [
    0.47040003538131714,
    0.48660001158714294
  ],
  "delta": 5.0886316442113006e-05,
  "ensemble_acc_after_deletion": 0.4310000240802765,
  "ensemble_acc_before_deletion": 0.48260003328323364,
  "epsilon": "\u221e",
  "indicator": 1,
  "lengths_after_deletion": [
    3271,
    4681
  ],
  "rng": [
    4099446312,
    1284373116
  ],
  "shard_prediction_precision": 0.5875994563102722,
  "shard_prediction_recall": 0.5911250114440918
}