{
  "accs_after_deletion": [
    0.4150000214576721,
    0.43080002069473267
  ],
  "accs_before_deletion": [
    0.4690000116825104,
    0.48100003600120544
  ],
  "delta": 5.0886316442113006e-05,
  "ensemble_acc_after_deletion": 0.42000001668930054,
  "ensemble_acc_before_deletion": 0.4726000130176544,
  "epsilon": "\u221e",
  "indicator": 1,
  "lengths_after_deletion": [
    3268,
    4779
  ],
  "rng": [
    4100548715,
    510642633
  ],
  "shard_prediction_precision": 0.5949956178665161,
  "shard_prediction_recall": 0.5915000438690186
}