{
  "accs_after_deletion": [
    0.4198000133037567,
    0.4458000063896179
  ],
  "accs_before_deletion": [
    0.469400018453598,
    0.4792000353336334
  ],
  "delta": 5.0886316442113006e-05,
  "ensemble_acc_after_deletion": 0.415800005197525,
  "ensemble_acc_before_deletion": 0.4812000095844269,
  "epsilon": "\u221e",
  "indicator": 1,
  "lengths_after_deletion": [
    3503,
    4819
  ],
  "rng": [
    4119543085,
    2674518216
  ],
  "shard_prediction_precision": 0.5856993794441223,
  "shard_prediction_recall": 0.562125027179718
}