{
  "accs_after_deletion": [
    0.41360002756118774,
    0.4214000105857849
  ],
  "accs_before_deletion": [
    0.4772000312805176,
    0.4700000286102295
  ],
  "delta": 5.0886316442113006e-05,
  "ensemble_acc_after_deletion": 0.4172000288963318,
  "ensemble_acc_before_deletion": 0.4812000095844269,
  "epsilon": "\u221e",
  "indicator": 1,
  "lengths_after_deletion": [
    3151,
    4630
  ],
  "rng": [
    4234694925,
    1588415439
  ],
  "shard_prediction_precision": 0.5899744629859924,
  "shard_prediction_recall": 0.6061250567436218
}