{
  "accs_after_deletion": [
    0.4130000174045563,
    0.42760002613067627
  ],
  "accs_before_deletion": [
    0.47040003538131714,
    0.47380003333091736
  ],
  "delta": 5.0886316442113006e-05,
  "ensemble_acc_after_deletion": 0.42500001192092896,
  "ensemble_acc_before_deletion": 0.47360002994537354,
  "epsilon": "\u221e",
  "indicator": 1,
  "lengths_after_deletion": [
    3226,
    4510
  ],
  "rng": [
    4258943335,
    1149676870
  ],
  "shard_prediction_precision": 0.5776863694190979,
  "shard_prediction_recall": 0.596750020980835
}