{
  "accs_after_deletion": [
    0.42820000648498535,
    0.4570000171661377
  ],
  "accs_before_deletion": [
    0.4830000102519989,
    0.4806000292301178
  ],
  "delta": 5.0886316442113006e-05,
  "ensemble_acc_after_deletion": 0.443200021982193,
  "ensemble_acc_before_deletion": 0.49080002307891846,
  "epsilon": "\u221e",
  "indicator": 1,
  "lengths_after_deletion": [
    3270,
    4666
  ],
  "rng": [
    4293154770,
    3179735115
  ],
  "shard_prediction_precision": 0.5865575671195984,
  "shard_prediction_recall": 0.5912500023841858
}