{
  "accs_after_deletion": [
    0.42420002818107605,
    0.45000001788139343
  ],
  "accs_before_deletion": [
    0.4668000340461731,
    0.4766000211238861
  ],
  "delta": 5.0886316442113006e-05,
  "ensemble_acc_after_deletion": 0.4376000165939331,
  "ensemble_acc_before_deletion": 0.47780001163482666,
  "epsilon": "\u221e",
  "indicator": 1,
  "lengths_after_deletion": [
    3206,
    4722
  ],
  "rng": [
    471763328,
    293183462
  ],
  "shard_prediction_precision": 0.5939048528671265,
  "shard_prediction_recall": 0.5992500185966492
}