{
  "accs_after_deletion": [
    0.4174000322818756,
    0.4296000301837921
  ],
  "accs_before_deletion": [
    0.4742000102996826,
    0.45820000767707825
  ],
  "delta": 5.0886316442113006e-05,
  "ensemble_acc_after_deletion": 0.4196000099182129,
  "ensemble_acc_before_deletion": 0.4766000211238861,
  "epsilon": "\u221e",
  "indicator": 1,
  "lengths_after_deletion": [
    3223,
    4544
  ],
  "rng": [
    523063578,
    1517615654
  ],
  "shard_prediction_precision": 0.5802258849143982,
  "shard_prediction_recall": 0.5971250534057617
}