{
  "accs_after_deletion": [
    0.4442000091075897,
    0.4474000334739685
  ],
  "accs_before_deletion": [
    0.4758000373840332,
    0.4724000096321106
  ],
  "delta": 5.0886316442113006e-05,
  "ensemble_acc_after_deletion": 0.4426000118255615,
  "ensemble_acc_before_deletion": 0.47760000824928284,
  "epsilon": "\u221e",
  "indicator": 1,
  "lengths_after_deletion": [
    3277,
    4685
  ],
  "rng": [
    554604911,
    2589561053
  ],
  "shard_prediction_precision": 0.5875839591026306,
  "shard_prediction_recall": 0.5903750061988831
}