{
  "accs_after_deletion": [
    0.4418000280857086,
    0.42320001125335693
  ],
  "accs_before_deletion": [
    0.45920002460479736,
    0.4808000326156616
  ],
  "delta": 5.0886316442113006e-05,
  "ensemble_acc_after_deletion": 0.4390000104904175,
  "ensemble_acc_before_deletion": 0.4788000285625458,
  "epsilon": "\u221e",
  "indicator": 0,
  "lengths_after_deletion": [
    3287,
    4799
  ],
  "rng": [
    578538382,
    2095198615
  ],
  "shard_prediction_precision": 0.595526933670044,
  "shard_prediction_recall": 0.5891250371932983
}