{
  "accs_after_deletion": [
    0.4278000295162201,
    0.43240001797676086
  ],
  "accs_before_deletion": [
    0.4766000211238861,
    0.46980002522468567
  ],
  "delta": 5.0886316442113006e-05,
  "ensemble_acc_after_deletion": 0.43620002269744873,
  "ensemble_acc_before_deletion": 0.4726000130176544,
  "epsilon": "\u221e",
  "indicator": 1,
  "lengths_after_deletion": [
    3308,
    4643
  ],
  "rng": [
    670473911,
    3188599403
  ],
  "shard_prediction_precision": 0.5829296112060547,
  "shard_prediction_recall": 0.5865000486373901
}