{
  "accs_after_deletion": [
    0.4256000220775604,
    0.42660000920295715
  ],
  "accs_before_deletion": [
    0.4652000367641449,
    0.4706000089645386
  ],
  "delta": 5.0886316442113006e-05,
  "ensemble_acc_after_deletion": 0.4328000247478485,
  "ensemble_acc_before_deletion": 0.46960002183914185,
  "epsilon": "\u221e",
  "indicator": 1,
  "lengths_after_deletion": [
    3388,
    4618
  ],
  "rng": [
    782413050,
    2329604864
  ],
  "shard_prediction_precision": 0.5769327282905579,
  "shard_prediction_recall": 0.5764999985694885
}