{
  "accs_after_deletion": [
    0.4318000078201294,
    0.43340003490448
  ],
  "accs_before_deletion": [
    0.47860002517700195,
    0.4684000313282013
  ],
  "delta": 5.0886316442113006e-05,
  "ensemble_acc_after_deletion": 0.4294000267982483,
  "ensemble_acc_before_deletion": 0.4740000367164612,
  "epsilon": "\u221e",
  "indicator": 1,
  "lengths_after_deletion": [
    3339,
    4796
  ],
  "rng": [
    784885085,
    921961987
  ],
  "shard_prediction_precision": 0.5926255583763123,
  "shard_prediction_recall": 0.5826250314712524
}