{
  "accs_after_deletion": [
    0.4294000267982483,
    0.4254000186920166
  ],
  "accs_before_deletion": [
    0.46800002455711365,
    0.4686000347137451
  ],
  "delta": 5.0886316442113006e-05,
  "ensemble_acc_after_deletion": 0.4318000078201294,
  "ensemble_acc_before_deletion": 0.47120001912117004,
  "epsilon": "\u221e",
  "indicator": 0,
  "lengths_after_deletion": [
    3316,
    4707
  ],
  "rng": [
    791282748,
    1850321710
  ],
  "shard_prediction_precision": 0.587188184261322,
  "shard_prediction_recall": 0.5855000019073486
}