{
  "accs_after_deletion": [
    0.4254000186920166,
    0.4336000084877014
  ],
  "accs_before_deletion": [
    0.4724000096321106,
    0.46640002727508545
  ],
  "delta": 5.0886316442113006e-05,
  "ensemble_acc_after_deletion": 0.4270000159740448,
  "ensemble_acc_before_deletion": 0.4780000150203705,
  "epsilon": "\u221e",
  "indicator": 1,
  "lengths_after_deletion": [
    3243,
    4671
  ],
  "rng": [
    799362746,
    1858429696
  ],
  "shard_prediction_precision": 0.5883007645606995,
  "shard_prediction_recall": 0.5946250557899475
}