{
  "accs_after_deletion": [
    0.4124000072479248,
    0.443200021982193
  ],
  "accs_before_deletion": [
    0.4782000184059143,
    0.47440001368522644
  ],
  "delta": 5.0886316442113006e-05,
  "ensemble_acc_after_deletion": 0.4142000079154968,
  "ensemble_acc_before_deletion": 0.47280001640319824,
  "epsilon": "\u221e",
  "indicator": 1,
  "lengths_after_deletion": [
    3375,
    4691
  ],
  "rng": [
    807818819,
    1768567716
  ],
  "shard_prediction_precision": 0.5829342007637024,
  "shard_prediction_recall": 0.578125
}