{
  "accs_after_deletion": [
    0.42600002884864807,
    0.43540000915527344
  ],
  "accs_before_deletion": [
    0.4626000225543976,
    0.4684000313282013
  ],
  "delta": 5.0886316442113006e-05,
  "ensemble_acc_after_deletion": 0.4402000308036804,
  "ensemble_acc_before_deletion": 0.4742000102996826,
  "epsilon": "\u221e",
  "indicator": 1,
  "lengths_after_deletion": [
    3345,
    4722
  ],
  "rng": [
    889996655,
    999276355
  ],
  "shard_prediction_precision": 0.5867893695831299,
  "shard_prediction_recall": 0.5818750262260437
}