{
  "accs_after_deletion": [
    0.40380001068115234,
    0.43340003490448
  ],
  "accs_before_deletion": [
    0.4758000373840332,
    0.48580002784729004
  ],
  "delta": 5.0886316442113006e-05,
  "ensemble_acc_after_deletion": 0.42000001668930054,
  "ensemble_acc_before_deletion": 0.4820000231266022,
  "epsilon": "\u221e",
  "indicator": 1,
  "lengths_after_deletion": [
    3302,
    4530
  ],
  "rng": [
    925289226,
    141223383
  ],
  "shard_prediction_precision": 0.5751714110374451,
  "shard_prediction_recall": 0.5872500538825989
}