{
  "accs_after_deletion": [
    0.4390000104904175,
    0.4546000361442566
  ],
  "accs_before_deletion": [
    0.4594000279903412,
    0.48020002245903015
  ],
  "delta": 5.0886316442113006e-05,
  "ensemble_acc_after_deletion": 0.4562000334262848,
  "ensemble_acc_before_deletion": 0.4706000089645386,
  "epsilon": "\u221e",
  "indicator": 1,
  "lengths_after_deletion": [
    3470,
    4755
  ],
  "rng": [
    94881501,
    240339246
  ],
  "shard_prediction_precision": 0.5826366543769836,
  "shard_prediction_recall": 0.5662500262260437
}