{
  "accs_after_deletion": [
    0.9486000537872314,
    0.956000030040741
  ],
  "accs_before_deletion": [
    0.9512000679969788,
    0.960800051689148
  ],
  "delta": 6.982864657330156e-05,
  "ensemble_acc_after_deletion": 0.9546000361442566,
  "ensemble_acc_before_deletion": 0.9572000503540039,
  "epsilon": 6.875518191990026,
  "indicator": 1,
  "lengths_after_deletion": [
    2480,
    2896
  ],
  "rng": [
    1024037391,
    3167361029
  ],
  "shard_prediction_precision": 0.5314009785652161,
  "shard_prediction_recall": 0.5866666436195374
}