{
  "accs_after_deletion": [
    0.9458000659942627,
    0.9480000734329224
  ],
  "accs_before_deletion": [
    0.9522000551223755,
    0.9582000374794006
  ],
  "delta": 6.982864657330156e-05,
  "ensemble_acc_after_deletion": 0.9460000395774841,
  "ensemble_acc_before_deletion": 0.9570000171661377,
  "epsilon": 6.875518191990026,
  "indicator": 1,
  "lengths_after_deletion": [
    3403,
    3736
  ],
  "rng": [
    1120024451,
    436767184
  ],
  "shard_prediction_precision": 0.5342522263526917,
  "shard_prediction_recall": 0.43283331394195557
}