{
  "accs_after_deletion": [
    0.9458000659942627,
    0.9524000287055969
  ],
  "accs_before_deletion": [
    0.9598000645637512,
    0.954200029373169
  ],
  "delta": 6.982864657330156e-05,
  "ensemble_acc_after_deletion": 0.9500000476837158,
  "ensemble_acc_before_deletion": 0.957800030708313,
  "epsilon": 6.875518191990026,
  "indicator": 1,
  "lengths_after_deletion": [
    2083,
    2382
  ],
  "rng": [
    112798887,
    2123821338
  ],
  "shard_prediction_precision": 0.5198407769203186,
  "shard_prediction_recall": 0.6528333425521851
}