{
  "accs_after_deletion": [
    0.9510000348091125,
    0.9448000192642212
  ],
  "accs_before_deletion": [
    0.961400032043457,
    0.957800030708313
  ],
  "delta": 6.982864657330156e-05,
  "ensemble_acc_after_deletion": 0.9514000415802002,
  "ensemble_acc_before_deletion": 0.9612000584602356,
  "epsilon": 6.875518191990026,
  "indicator": 0,
  "lengths_after_deletion": [
    2730,
    3074
  ],
  "rng": [
    133493629,
    614614872
  ],
  "shard_prediction_precision": 0.527759850025177,
  "shard_prediction_recall": 0.5450000166893005
}