{
  "accs_after_deletion": [
    0.9410000443458557,
    0.9430000185966492
  ],
  "accs_before_deletion": [
    0.9574000239372253,
    0.9586000442504883
  ],
  "delta": 6.982864657330156e-05,
  "ensemble_acc_after_deletion": 0.9416000247001648,
  "ensemble_acc_before_deletion": 0.959600031375885,
  "epsilon": 6.875518191990026,
  "indicator": 1,
  "lengths_after_deletion": [
    2651,
    2941
  ],
  "rng": [
    136686407,
    1492732485
  ],
  "shard_prediction_precision": 0.5226279497146606,
  "shard_prediction_recall": 0.5581666827201843
}