{
  "accs_after_deletion": [
    0.9416000247001648,
    0.9476000666618347
  ],
  "accs_before_deletion": [
    0.9562000632286072,
    0.9552000164985657
  ],
  "delta": 6.982864657330156e-05,
  "ensemble_acc_after_deletion": 0.9426000714302063,
  "ensemble_acc_before_deletion": 0.9576000571250916,
  "epsilon": 6.875518191990026,
  "indicator": 1,
  "lengths_after_deletion": [
    2903,
    3284
  ],
  "rng": [
    1414759286,
    2168673907
  ],
  "shard_prediction_precision": 0.5327714085578918,
  "shard_prediction_recall": 0.5161666870117188
}