{
  "accs_after_deletion": [
    0.9488000273704529,
    0.945400059223175
  ],
  "accs_before_deletion": [
    0.9580000638961792,
    0.9592000246047974
  ],
  "delta": 6.982864657330156e-05,
  "ensemble_acc_after_deletion": 0.9492000341415405,
  "ensemble_acc_before_deletion": 0.9600000381469727,
  "epsilon": 6.875518191990026,
  "indicator": 0,
  "lengths_after_deletion": [
    1765,
    2101
  ],
  "rng": [
    1418418544,
    215656831
  ],
  "shard_prediction_precision": 0.520654022693634,
  "shard_prediction_recall": 0.7058333158493042
}