{
  "accs_after_deletion": [
    0.9468000531196594,
    0.9500000476837158
  ],
  "accs_before_deletion": [
    0.9558000564575195,
    0.9564000368118286
  ],
  "delta": 6.982864657330156e-05,
  "ensemble_acc_after_deletion": 0.9458000659942627,
  "ensemble_acc_before_deletion": 0.9574000239372253,
  "epsilon": 6.875518191990026,
  "indicator": 1,
  "lengths_after_deletion": [
    2935,
    3299
  ],
  "rng": [
    1429811745,
    1179519371
  ],
  "shard_prediction_precision": 0.5315643548965454,
  "shard_prediction_recall": 0.5108333230018616
}