{
  "accs_after_deletion": [
    0.9432000517845154,
    0.9516000747680664
  ],
  "accs_before_deletion": [
    0.9604000449180603,
    0.9574000239372253
  ],
  "delta": 6.982864657330156e-05,
  "ensemble_acc_after_deletion": 0.9494000673294067,
  "ensemble_acc_before_deletion": 0.9586000442504883,
  "epsilon": 6.875518191990026,
  "indicator": 1,
  "lengths_after_deletion": [
    2459,
    2761
  ],
  "rng": [
    143123643,
    798323950
  ],
  "shard_prediction_precision": 0.5222713947296143,
  "shard_prediction_recall": 0.5901666879653931
}