{
  "accs_after_deletion": [
    0.945400059223175,
    0.9464000463485718
  ],
  "accs_before_deletion": [
    0.9584000706672668,
    0.9536000490188599
  ],
  "delta": 6.982864657330156e-05,
  "ensemble_acc_after_deletion": 0.9488000273704529,
  "ensemble_acc_before_deletion": 0.9570000171661377,
  "epsilon": 6.875518191990026,
  "indicator": 1,
  "lengths_after_deletion": [
    2682,
    3081
  ],
  "rng": [
    1503198432,
    763357066
  ],
  "shard_prediction_precision": 0.5319865345954895,
  "shard_prediction_recall": 0.5529999732971191
}