{
  "accs_after_deletion": [
    0.9410000443458557,
    0.9498000741004944
  ],
  "accs_before_deletion": [
    0.9580000638961792,
    0.954200029373169
  ],
  "delta": 6.982864657330156e-05,
  "ensemble_acc_after_deletion": 0.9462000727653503,
  "ensemble_acc_before_deletion": 0.9572000503540039,
  "epsilon": 6.875518191990026,
  "indicator": 1,
  "lengths_after_deletion": [
    2693,
    3062
  ],
  "rng": [
    1505700619,
    1867534521
  ],
  "shard_prediction_precision": 0.5295436382293701,
  "shard_prediction_recall": 0.5511666536331177
}