{
  "accs_after_deletion": [
    0.9504000544548035,
    0.9492000341415405
  ],
  "accs_before_deletion": [
    0.9556000232696533,
    0.9552000164985657
  ],
  "delta": 6.982864657330156e-05,
  "ensemble_acc_after_deletion": 0.9528000354766846,
  "ensemble_acc_before_deletion": 0.9590000510215759,
  "epsilon": 6.875518191990026,
  "indicator": 0,
  "lengths_after_deletion": [
    3006,
    3357
  ],
  "rng": [
    1519438253,
    2412434021
  ],
  "shard_prediction_precision": 0.5311335921287537,
  "shard_prediction_recall": 0.4989999830722809
}