{
  "accs_after_deletion": [
    0.9478000402450562,
    0.9472000598907471
  ],
  "accs_before_deletion": [
    0.9564000368118286,
    0.9550000429153442
  ],
  "delta": 6.982864657330156e-05,
  "ensemble_acc_after_deletion": 0.9508000612258911,
  "ensemble_acc_before_deletion": 0.9570000171661377,
  "epsilon": 6.875518191990026,
  "indicator": 0,
  "lengths_after_deletion": [
    2732,
    3087
  ],
  "rng": [
    1522128360,
    2101954462
  ],
  "shard_prediction_precision": 0.528717041015625,
  "shard_prediction_recall": 0.5446666479110718
}