{
  "accs_after_deletion": [
    0.9494000673294067,
    0.9530000686645508
  ],
  "accs_before_deletion": [
    0.9550000429153442,
    0.9556000232696533
  ],
  "delta": 6.982864657330156e-05,
  "ensemble_acc_after_deletion": 0.9528000354766846,
  "ensemble_acc_before_deletion": 0.9540000557899475,
  "epsilon": 6.875518191990026,
  "indicator": 1,
  "lengths_after_deletion": [
    2923,
    3254
  ],
  "rng": [
    1528032015,
    51830744
  ],
  "shard_prediction_precision": 0.5284217596054077,
  "shard_prediction_recall": 0.5128333568572998
}