{
  "accs_after_deletion": [
    0.9470000267028809,
    0.9536000490188599
  ],
  "accs_before_deletion": [
    0.9544000625610352,
    0.9572000503540039
  ],
  "delta": 6.982864657330156e-05,
  "ensemble_acc_after_deletion": 0.9536000490188599,
  "ensemble_acc_before_deletion": 0.9548000693321228,
  "epsilon": 6.875518191990026,
  "indicator": 1,
  "lengths_after_deletion": [
    2263,
    2667
  ],
  "rng": [
    159171261,
    619263479
  ],
  "shard_prediction_precision": 0.5285714268684387,
  "shard_prediction_recall": 0.6228333115577698
}