{
  "accs_after_deletion": [
    0.9520000219345093,
    0.9534000158309937
  ],
  "accs_before_deletion": [
    0.9534000158309937,
    0.954200029373169
  ],
  "delta": 6.982864657330156e-05,
  "ensemble_acc_after_deletion": 0.9562000632286072,
  "ensemble_acc_before_deletion": 0.9574000239372253,
  "epsilon": 6.875518191990026,
  "indicator": 1,
  "lengths_after_deletion": [
    2806,
    3188
  ],
  "rng": [
    1601971863,
    2373338470
  ],
  "shard_prediction_precision": 0.5318015217781067,
  "shard_prediction_recall": 0.5323333144187927
}