{
  "accs_after_deletion": [
    0.9494000673294067,
    0.9488000273704529
  ],
  "accs_before_deletion": [
    0.9574000239372253,
    0.9550000429153442
  ],
  "delta": 6.982864657330156e-05,
  "ensemble_acc_after_deletion": 0.9492000341415405,
  "ensemble_acc_before_deletion": 0.956000030040741,
  "epsilon": 6.875518191990026,
  "indicator": 0,
  "lengths_after_deletion": [
    2716,
    3061
  ],
  "rng": [
    1670801986,
    2647150476
  ],
  "shard_prediction_precision": 0.5277197957038879,
  "shard_prediction_recall": 0.547333300113678
}