{
  "accs_after_deletion": [
    0.9452000260353088,
    0.9520000219345093
  ],
  "accs_before_deletion": [
    0.9586000442504883,
    0.960800051689148
  ],
  "delta": 6.982864657330156e-05,
  "ensemble_acc_after_deletion": 0.9508000612258911,
  "ensemble_acc_before_deletion": 0.961400032043457,
  "epsilon": 6.875518191990026,
  "indicator": 1,
  "lengths_after_deletion": [
    2812,
    3264
  ],
  "rng": [
    1708770021,
    2314332269
  ],
  "shard_prediction_precision": 0.538149893283844,
  "shard_prediction_recall": 0.531333327293396
}