{
  "accs_after_deletion": [
    0.9420000314712524,
    0.9468000531196594
  ],
  "accs_before_deletion": [
    0.9612000584602356,
    0.9534000158309937
  ],
  "delta": 6.982864657330156e-05,
  "ensemble_acc_after_deletion": 0.9496000409126282,
  "ensemble_acc_before_deletion": 0.9588000178337097,
  "epsilon": 6.875518191990026,
  "indicator": 1,
  "lengths_after_deletion": [
    3215,
    3539
  ],
  "rng": [
    1712853213,
    513109668
  ],
  "shard_prediction_precision": 0.5308806300163269,
  "shard_prediction_recall": 0.46416667103767395
}