{
  "accs_after_deletion": [
    0.9466000199317932,
    0.9378000497817993
  ],
  "accs_before_deletion": [
    0.9584000706672668,
    0.9520000219345093
  ],
  "delta": 6.982864657330156e-05,
  "ensemble_acc_after_deletion": 0.9448000192642212,
  "ensemble_acc_before_deletion": 0.9576000571250916,
  "epsilon": 6.875518191990026,
  "indicator": 0,
  "lengths_after_deletion": [
    2609,
    2897
  ],
  "rng": [
    1778992050,
    3147181666
  ],
  "shard_prediction_precision": 0.5221742987632751,
  "shard_prediction_recall": 0.5651666522026062
}