{
  "accs_after_deletion": [
    0.9534000158309937,
    0.9530000686645508
  ],
  "accs_before_deletion": [
    0.9574000239372253,
    0.9590000510215759
  ],
  "delta": 6.982864657330156e-05,
  "ensemble_acc_after_deletion": 0.9530000686645508,
  "ensemble_acc_before_deletion": 0.9592000246047974,
  "epsilon": 6.875518191990026,
  "indicator": 0,
  "lengths_after_deletion": [
    2446,
    2725
  ],
  "rng": [
    1780758468,
    325339279
  ],
  "shard_prediction_precision": 0.5204275846481323,
  "shard_prediction_recall": 0.5923333168029785
}