{
  "accs_after_deletion": [
    0.9490000605583191,
    0.9480000734329224
  ],
  "accs_before_deletion": [
    0.9530000686645508,
    0.9524000287055969
  ],
  "delta": 6.982864657330156e-05,
  "ensemble_acc_after_deletion": 0.9514000415802002,
  "ensemble_acc_before_deletion": 0.9532000422477722,
  "epsilon": 6.875518191990026,
  "indicator": 0,
  "lengths_after_deletion": [
    3186,
    3500
  ],
  "rng": [
    1825714560,
    2768632931
  ],
  "shard_prediction_precision": 0.5295445919036865,
  "shard_prediction_recall": 0.468999981880188
}