{
  "accs_after_deletion": [
    0.9452000260353088,
    0.9486000537872314
  ],
  "accs_before_deletion": [
    0.9604000449180603,
    0.9598000645637512
  ],
  "delta": 6.982864657330156e-05,
  "ensemble_acc_after_deletion": 0.9470000267028809,
  "ensemble_acc_before_deletion": 0.960800051689148,
  "epsilon": 6.875518191990026,
  "indicator": 1,
  "lengths_after_deletion": [
    2355,
    2771
  ],
  "rng": [
    1859997960,
    684546638
  ],
  "shard_prediction_precision": 0.5302589535713196,
  "shard_prediction_recall": 0.6075000166893005
}