{
  "accs_after_deletion": [
    0.9512000679969788,
    0.9468000531196594
  ],
  "accs_before_deletion": [
    0.9540000557899475,
    0.9594000577926636
  ],
  "delta": 6.982864657330156e-05,
  "ensemble_acc_after_deletion": 0.9504000544548035,
  "ensemble_acc_before_deletion": 0.9574000239372253,
  "epsilon": 6.875518191990026,
  "indicator": 0,
  "lengths_after_deletion": [
    2859,
    3257
  ],
  "rng": [
    1892549702,
    2125531949
  ],
  "shard_prediction_precision": 0.5338205099105835,
  "shard_prediction_recall": 0.5234999656677246
}