{
  "accs_after_deletion": [
    0.9420000314712524,
    0.9490000605583191
  ],
  "accs_before_deletion": [
    0.9586000442504883,
    0.9548000693321228
  ],
  "delta": 6.982864657330156e-05,
  "ensemble_acc_after_deletion": 0.9472000598907471,
  "ensemble_acc_before_deletion": 0.956000030040741,
  "epsilon": 6.875518191990026,
  "indicator": 1,
  "lengths_after_deletion": [
    2152,
    2527
  ],
  "rng": [
    2007574902,
    2461305879
  ],
  "shard_prediction_precision": 0.5256112217903137,
  "shard_prediction_recall": 0.6413333415985107
}