{
  "accs_after_deletion": [
    0.9488000273704529,
    0.9498000741004944
  ],
  "accs_before_deletion": [
    0.9570000171661377,
    0.9594000577926636
  ],
  "delta": 6.982864657330156e-05,
  "ensemble_acc_after_deletion": 0.9528000354766846,
  "ensemble_acc_before_deletion": 0.9582000374794006,
  "epsilon": 6.875518191990026,
  "indicator": 1,
  "lengths_after_deletion": [
    2946,
    3258
  ],
  "rng": [
    201888597,
    1780247964
  ],
  "shard_prediction_precision": 0.5269151329994202,
  "shard_prediction_recall": 0.5090000033378601
}