{
  "accs_after_deletion": [
    0.9526000618934631,
    0.9522000551223755
  ],
  "accs_before_deletion": [
    0.9574000239372253,
    0.9592000246047974
  ],
  "delta": 6.982864657330156e-05,
  "ensemble_acc_after_deletion": 0.9510000348091125,
  "ensemble_acc_before_deletion": 0.9576000571250916,
  "epsilon": 6.875518191990026,
  "indicator": 0,
  "lengths_after_deletion": [
    3486,
    3881
  ],
  "rng": [
    2050923298,
    2439577081
  ],
  "shard_prediction_precision": 0.5426289439201355,
  "shard_prediction_recall": 0.4189999997615814
}