{
  "accs_after_deletion": [
    0.9412000179290771,
    0.9478000402450562
  ],
  "accs_before_deletion": [
    0.9612000584602356,
    0.954200029373169
  ],
  "delta": 6.982864657330156e-05,
  "ensemble_acc_after_deletion": 0.9458000659942627,
  "ensemble_acc_before_deletion": 0.9592000246047974,
  "epsilon": 6.875518191990026,
  "indicator": 1,
  "lengths_after_deletion": [
    2561,
    2922
  ],
  "rng": [
    2061242184,
    2469464445
  ],
  "shard_prediction_precision": 0.5276967883110046,
  "shard_prediction_recall": 0.5731666684150696
}