{
  "accs_after_deletion": [
    0.9468000531196594,
    0.9450000524520874
  ],
  "accs_before_deletion": [
    0.9568000435829163,
    0.9612000584602356
  ],
  "delta": 6.982864657330156e-05,
  "ensemble_acc_after_deletion": 0.9472000598907471,
  "ensemble_acc_before_deletion": 0.9586000442504883,
  "epsilon": 6.875518191990026,
  "indicator": 0,
  "lengths_after_deletion": [
    3190,
    3551
  ],
  "rng": [
    2121046136,
    2903735939
  ],
  "shard_prediction_precision": 0.5343221426010132,
  "shard_prediction_recall": 0.46833333373069763
}