{
  "accs_after_deletion": [
    0.9526000618934631,
    0.9552000164985657
  ],
  "accs_before_deletion": [
    0.9598000645637512,
    0.9584000706672668
  ],
  "delta": 6.982864657330156e-05,
  "ensemble_acc_after_deletion": 0.9548000693321228,
  "ensemble_acc_before_deletion": 0.9622000455856323,
  "epsilon": 6.875518191990026,
  "indicator": 1,
  "lengths_after_deletion": [
    2568,
    2764
  ],
  "rng": [
    213823605,
    2677677702
  ],
  "shard_prediction_precision": 0.5146970152854919,
  "shard_prediction_recall": 0.5719999670982361
}