{
  "accs_after_deletion": [
    0.9500000476837158,
    0.9500000476837158
  ],
  "accs_before_deletion": [
    0.9584000706672668,
    0.957800030708313
  ],
  "delta": 6.982864657330156e-05,
  "ensemble_acc_after_deletion": 0.9526000618934631,
  "ensemble_acc_before_deletion": 0.9598000645637512,
  "epsilon": 6.875518191990026,
  "indicator": 0,
  "lengths_after_deletion": [
    3758,
    4088
  ],
  "rng": [
    2140173997,
    3938321775
  ],
  "shard_prediction_precision": 0.5397207736968994,
  "shard_prediction_recall": 0.3736666738986969
}