{
  "accs_after_deletion": [
    0.9508000612258911,
    0.9508000612258911
  ],
  "accs_before_deletion": [
    0.9588000178337097,
    0.9602000713348389
  ],
  "delta": 6.982864657330156e-05,
  "ensemble_acc_after_deletion": 0.9506000280380249,
  "ensemble_acc_before_deletion": 0.9616000652313232,
  "epsilon": 6.875518191990026,
  "indicator": 0,
  "lengths_after_deletion": [
    3044,
    3360
  ],
  "rng": [
    2169368571,
    1772208169
  ],
  "shard_prediction_precision": 0.5282344818115234,
  "shard_prediction_recall": 0.49266666173934937
}