{
  "accs_after_deletion": [
    0.9488000273704529,
    0.9480000734329224
  ],
  "accs_before_deletion": [
    0.9540000557899475,
    0.9568000435829163
  ],
  "delta": 6.982864657330156e-05,
  "ensemble_acc_after_deletion": 0.9476000666618347,
  "ensemble_acc_before_deletion": 0.9540000557899475,
  "epsilon": 6.875518191990026,
  "indicator": 0,
  "lengths_after_deletion": [
    2650,
    3009
  ],
  "rng": [
    2172891532,
    1677404759
  ],
  "shard_prediction_precision": 0.5283078551292419,
  "shard_prediction_recall": 0.5583333373069763
}