{
  "accs_after_deletion": [
    0.9500000476837158,
    0.9458000659942627
  ],
  "accs_before_deletion": [
    0.9594000577926636,
    0.9530000686645508
  ],
  "delta": 6.982864657330156e-05,
  "ensemble_acc_after_deletion": 0.9500000476837158,
  "ensemble_acc_before_deletion": 0.9566000699996948,
  "epsilon": 6.875518191990026,
  "indicator": 0,
  "lengths_after_deletion": [
    2453,
    2732
  ],
  "rng": [
    2318142781,
    590361004
  ],
  "shard_prediction_precision": 0.5204695463180542,
  "shard_prediction_recall": 0.5911666750907898
}