{
  "accs_after_deletion": [
    0.9484000205993652,
    0.9486000537872314
  ],
  "accs_before_deletion": [
    0.9576000571250916,
    0.956000030040741
  ],
  "delta": 6.982864657330156e-05,
  "ensemble_acc_after_deletion": 0.9486000537872314,
  "ensemble_acc_before_deletion": 0.9558000564575195,
  "epsilon": 6.875518191990026,
  "indicator": 1,
  "lengths_after_deletion": [
    3005,
    3385
  ],
  "rng": [
    2378786932,
    3449129393
  ],
  "shard_prediction_precision": 0.5338680744171143,
  "shard_prediction_recall": 0.49916666746139526
}