{
  "accs_after_deletion": [
    0.9444000720977783,
    0.9504000544548035
  ],
  "accs_before_deletion": [
    0.9568000435829163,
    0.9588000178337097
  ],
  "delta": 6.982864657330156e-05,
  "ensemble_acc_after_deletion": 0.9488000273704529,
  "ensemble_acc_before_deletion": 0.9570000171661377,
  "epsilon": 6.875518191990026,
  "indicator": 1,
  "lengths_after_deletion": [
    2272,
    2644
  ],
  "rng": [
    2379236507,
    2963549101
  ],
  "shard_prediction_precision": 0.5262563228607178,
  "shard_prediction_recall": 0.6213333010673523
}