{
  "accs_after_deletion": [
    0.9412000179290771,
    0.9424000382423401
  ],
  "accs_before_deletion": [
    0.9540000557899475,
    0.956000030040741
  ],
  "delta": 6.982864657330156e-05,
  "ensemble_acc_after_deletion": 0.9424000382423401,
  "ensemble_acc_before_deletion": 0.9538000226020813,
  "epsilon": 6.875518191990026,
  "indicator": 1,
  "lengths_after_deletion": [
    2811,
    3063
  ],
  "rng": [
    2397193776,
    940929664
  ],
  "shard_prediction_precision": 0.5205680727958679,
  "shard_prediction_recall": 0.531499981880188
}