{
  "accs_after_deletion": [
    0.9522000551223755,
    0.9484000205993652
  ],
  "accs_before_deletion": [
    0.957800030708313,
    0.9564000368118286
  ],
  "delta": 6.982864657330156e-05,
  "ensemble_acc_after_deletion": 0.9532000422477722,
  "ensemble_acc_before_deletion": 0.9568000435829163,
  "epsilon": 6.875518191990026,
  "indicator": 0,
  "lengths_after_deletion": [
    3061,
    3419
  ],
  "rng": [
    2423038877,
    3172019925
  ],
  "shard_prediction_precision": 0.5324275493621826,
  "shard_prediction_recall": 0.4898333251476288
}