{
  "accs_after_deletion": [
    0.9518000483512878,
    0.9514000415802002
  ],
  "accs_before_deletion": [
    0.9588000178337097,
    0.957800030708313
  ],
  "delta": 6.982864657330156e-05,
  "ensemble_acc_after_deletion": 0.9522000551223755,
  "ensemble_acc_before_deletion": 0.9592000246047974,
  "epsilon": 6.875518191990026,
  "indicator": 0,
  "lengths_after_deletion": [
    2704,
    3034
  ],
  "rng": [
    2458303948,
    2668850224
  ],
  "shard_prediction_precision": 0.5263494253158569,
  "shard_prediction_recall": 0.5493333339691162
}