{
  "accs_after_deletion": [
    0.9528000354766846,
    0.9538000226020813
  ],
  "accs_before_deletion": [
    0.9630000591278076,
    0.9604000449180603
  ],
  "delta": 6.982864657330156e-05,
  "ensemble_acc_after_deletion": 0.9552000164985657,
  "ensemble_acc_before_deletion": 0.961400032043457,
  "epsilon": 6.875518191990026,
  "indicator": 1,
  "lengths_after_deletion": [
    2472,
    2869
  ],
  "rng": [
    2498327213,
    2575513590
  ],
  "shard_prediction_precision": 0.529809296131134,
  "shard_prediction_recall": 0.5879999995231628
}