{
  "accs_after_deletion": [
    0.9474000334739685,
    0.9512000679969788
  ],
  "accs_before_deletion": [
    0.9580000638961792,
    0.9564000368118286
  ],
  "delta": 6.982864657330156e-05,
  "ensemble_acc_after_deletion": 0.9520000219345093,
  "ensemble_acc_before_deletion": 0.9572000503540039,
  "epsilon": 6.875518191990026,
  "indicator": 1,
  "lengths_after_deletion": [
    2333,
    2650
  ],
  "rng": [
    2522322451,
    2485019704
  ],
  "shard_prediction_precision": 0.5225879549980164,
  "shard_prediction_recall": 0.6111666560173035
}