{
  "accs_after_deletion": [
    0.9442000389099121,
    0.9504000544548035
  ],
  "accs_before_deletion": [
    0.957800030708313,
    0.9584000706672668
  ],
  "delta": 6.982864657330156e-05,
  "ensemble_acc_after_deletion": 0.9486000537872314,
  "ensemble_acc_before_deletion": 0.9598000645637512,
  "epsilon": 6.875518191990026,
  "indicator": 1,
  "lengths_after_deletion": [
    2319,
    2580
  ],
  "rng": [
    2538850578,
    1320311601
  ],
  "shard_prediction_precision": 0.5183776617050171,
  "shard_prediction_recall": 0.6134999990463257
}