{
  "accs_after_deletion": [
    0.9448000192642212,
    0.9342000484466553
  ],
  "accs_before_deletion": [
    0.9624000191688538,
    0.9524000287055969
  ],
  "delta": 6.982864657330156e-05,
  "ensemble_acc_after_deletion": 0.9414000511169434,
  "ensemble_acc_before_deletion": 0.9580000638961792,
  "epsilon": 6.875518191990026,
  "indicator": 0,
  "lengths_after_deletion": [
    2817,
    3106
  ],
  "rng": [
    2554523896,
    3526038442
  ],
  "shard_prediction_precision": 0.5237782001495361,
  "shard_prediction_recall": 0.5304999947547913
}