{
  "accs_after_deletion": [
    0.9498000741004944,
    0.9518000483512878
  ],
  "accs_before_deletion": [
    0.9592000246047974,
    0.961400032043457
  ],
  "delta": 6.982864657330156e-05,
  "ensemble_acc_after_deletion": 0.9536000490188599,
  "ensemble_acc_before_deletion": 0.9618000388145447,
  "epsilon": 6.875518191990026,
  "indicator": 1,
  "lengths_after_deletion": [
    2868,
    3123
  ],
  "rng": [
    2556598745,
    2820274447
  ],
  "shard_prediction_precision": 0.5212181806564331,
  "shard_prediction_recall": 0.5220000147819519
}