{
  "accs_after_deletion": [
    0.9446000456809998,
    0.9458000659942627
  ],
  "accs_before_deletion": [
    0.9588000178337097,
    0.9582000374794006
  ],
  "delta": 6.982864657330156e-05,
  "ensemble_acc_after_deletion": 0.9430000185966492,
  "ensemble_acc_before_deletion": 0.9602000713348389,
  "epsilon": 6.875518191990026,
  "indicator": 1,
  "lengths_after_deletion": [
    2907,
    3237
  ],
  "rng": [
    2589085645,
    644242220
  ],
  "shard_prediction_precision": 0.5281761884689331,
  "shard_prediction_recall": 0.515500009059906
}