{
  "accs_after_deletion": [
    0.9468000531196594,
    0.9526000618934631
  ],
  "accs_before_deletion": [
    0.9584000706672668,
    0.9592000246047974
  ],
  "delta": 6.982864657330156e-05,
  "ensemble_acc_after_deletion": 0.9520000219345093,
  "ensemble_acc_before_deletion": 0.9572000503540039,
  "epsilon": 6.875518191990026,
  "indicator": 1,
  "lengths_after_deletion": [
    2923,
    3161
  ],
  "rng": [
    2593537265,
    3233497171
  ],
  "shard_prediction_precision": 0.5201149582862854,
  "shard_prediction_recall": 0.5128333568572998
}