{
  "accs_after_deletion": [
    0.9430000185966492,
    0.9534000158309937
  ],
  "accs_before_deletion": [
    0.9566000699996948,
    0.9576000571250916
  ],
  "delta": 6.982864657330156e-05,
  "ensemble_acc_after_deletion": 0.9456000328063965,
  "ensemble_acc_before_deletion": 0.9582000374794006,
  "epsilon": 6.875518191990026,
  "indicator": 1,
  "lengths_after_deletion": [
    3077,
    3373
  ],
  "rng": [
    2655142908,
    2110429361
  ],
  "shard_prediction_precision": 0.5266667008399963,
  "shard_prediction_recall": 0.4871666729450226
}