{
  "accs_after_deletion": [
    0.9452000260353088,
    0.9474000334739685
  ],
  "accs_before_deletion": [
    0.9572000503540039,
    0.9544000625610352
  ],
  "delta": 6.982864657330156e-05,
  "ensemble_acc_after_deletion": 0.9472000598907471,
  "ensemble_acc_before_deletion": 0.9550000429153442,
  "epsilon": 6.875518191990026,
  "indicator": 1,
  "lengths_after_deletion": [
    3624,
    3986
  ],
  "rng": [
    2656452128,
    3330481848
  ],
  "shard_prediction_precision": 0.5412300825119019,
  "shard_prediction_recall": 0.3959999978542328
}