{
  "accs_after_deletion": [
    0.9496000409126282,
    0.9504000544548035
  ],
  "accs_before_deletion": [
    0.9562000632286072,
    0.961400032043457
  ],
  "delta": 6.982864657330156e-05,
  "ensemble_acc_after_deletion": 0.9506000280380249,
  "ensemble_acc_before_deletion": 0.9600000381469727,
  "epsilon": 6.875518191990026,
  "indicator": 1,
  "lengths_after_deletion": [
    2339,
    2680
  ],
  "rng": [
    2730904328,
    852441026
  ],
  "shard_prediction_precision": 0.5244234204292297,
  "shard_prediction_recall": 0.6101666688919067
}