{
  "accs_after_deletion": [
    0.9486000537872314,
    0.9402000308036804
  ],
  "accs_before_deletion": [
    0.9552000164985657,
    0.9586000442504883
  ],
  "delta": 6.982864657330156e-05,
  "ensemble_acc_after_deletion": 0.9432000517845154,
  "ensemble_acc_before_deletion": 0.9582000374794006,
  "epsilon": 6.875518191990026,
  "indicator": 0,
  "lengths_after_deletion": [
    2312,
    2626
  ],
  "rng": [
    2786236325,
    4042072347
  ],
  "shard_prediction_precision": 0.5222316384315491,
  "shard_prediction_recall": 0.6146666407585144
}