{
  "accs_after_deletion": [
    0.9368000626564026,
    0.9438000321388245
  ],
  "accs_before_deletion": [
    0.9584000706672668,
    0.9502000212669373
  ],
  "delta": 6.982864657330156e-05,
  "ensemble_acc_after_deletion": 0.940000057220459,
  "ensemble_acc_before_deletion": 0.9538000226020813,
  "epsilon": 6.875518191990026,
  "indicator": 1,
  "lengths_after_deletion": [
    2170,
    2352
  ],
  "rng": [
    2789747470,
    620509995
  ],
  "shard_prediction_precision": 0.5121690630912781,
  "shard_prediction_recall": 0.6383333206176758
}