{
  "accs_after_deletion": [
    0.9462000727653503,
    0.941800057888031
  ],
  "accs_before_deletion": [
    0.954200029373169,
    0.9510000348091125
  ],
  "delta": 6.982864657330156e-05,
  "ensemble_acc_after_deletion": 0.9462000727653503,
  "ensemble_acc_before_deletion": 0.9550000429153442,
  "epsilon": 6.875518191990026,
  "indicator": 0,
  "lengths_after_deletion": [
    2080,
    2364
  ],
  "rng": [
    2826944146,
    2746028096
  ],
  "shard_prediction_precision": 0.5187930464744568,
  "shard_prediction_recall": 0.653333306312561
}