{
  "accs_after_deletion": [
    0.9512000679969788,
    0.9590000510215759
  ],
  "accs_before_deletion": [
    0.9572000503540039,
    0.9586000442504883
  ],
  "delta": 6.982864657330156e-05,
  "ensemble_acc_after_deletion": 0.9518000483512878,
  "ensemble_acc_before_deletion": 0.9572000503540039,
  "epsilon": 6.875518191990026,
  "indicator": 1,
  "lengths_after_deletion": [
    2875,
    3190
  ],
  "rng": [
    2836446397,
    1103034526
  ],
  "shard_prediction_precision": 0.5265374779701233,
  "shard_prediction_recall": 0.5208333134651184
}