{
  "accs_after_deletion": [
    0.9488000273704529,
    0.9548000693321228
  ],
  "accs_before_deletion": [
    0.9554000496864319,
    0.9530000686645508
  ],
  "delta": 6.982864657330156e-05,
  "ensemble_acc_after_deletion": 0.9488000273704529,
  "ensemble_acc_before_deletion": 0.9532000422477722,
  "epsilon": 6.875518191990026,
  "indicator": 1,
  "lengths_after_deletion": [
    2938,
    3313
  ],
  "rng": [
    2837317370,
    2355819488
  ],
  "shard_prediction_precision": 0.5326143503189087,
  "shard_prediction_recall": 0.5103332996368408
}