{
  "accs_after_deletion": [
    0.9472000598907471,
    0.9420000314712524
  ],
  "accs_before_deletion": [
    0.9602000713348389,
    0.957800030708313
  ],
  "delta": 6.982864657330156e-05,
  "ensemble_acc_after_deletion": 0.9496000409126282,
  "ensemble_acc_before_deletion": 0.9602000713348389,
  "epsilon": 6.875518191990026,
  "indicator": 0,
  "lengths_after_deletion": [
    2512,
    2892
  ],
  "rng": [
    2874234073,
    4239344846
  ],
  "shard_prediction_precision": 0.5288053154945374,
  "shard_prediction_recall": 0.581333339214325
}