{
  "accs_after_deletion": [
    0.9376000165939331,
    0.9426000714302063
  ],
  "accs_before_deletion": [
    0.9584000706672668,
    0.9582000374794006
  ],
  "delta": 6.982864657330156e-05,
  "ensemble_acc_after_deletion": 0.9424000382423401,
  "ensemble_acc_before_deletion": 0.9566000699996948,
  "epsilon": 6.875518191990026,
  "indicator": 1,
  "lengths_after_deletion": [
    2837,
    3232
  ],
  "rng": [
    2874141085,
    582280886
  ],
  "shard_prediction_precision": 0.5332996249198914,
  "shard_prediction_recall": 0.5271666646003723
}