{
  "accs_after_deletion": [
    0.9506000280380249,
    0.9448000192642212
  ],
  "accs_before_deletion": [
    0.9590000510215759,
    0.9550000429153442
  ],
  "delta": 6.982864657330156e-05,
  "ensemble_acc_after_deletion": 0.9482000470161438,
  "ensemble_acc_before_deletion": 0.9592000246047974,
  "epsilon": 6.875518191990026,
  "indicator": 0,
  "lengths_after_deletion": [
    2713,
    3011
  ],
  "rng": [
    290406839,
    2878183240
  ],
  "shard_prediction_precision": 0.5237412452697754,
  "shard_prediction_recall": 0.5478333234786987
}