{
  "accs_after_deletion": [
    0.9490000605583191,
    0.9506000280380249
  ],
  "accs_before_deletion": [
    0.957800030708313,
    0.9600000381469727
  ],
  "delta": 6.982864657330156e-05,
  "ensemble_acc_after_deletion": 0.9498000741004944,
  "ensemble_acc_before_deletion": 0.957800030708313,
  "epsilon": 6.875518191990026,
  "indicator": 1,
  "lengths_after_deletion": [
    2585,
    2913
  ],
  "rng": [
    2965498126,
    287591705
  ],
  "shard_prediction_precision": 0.5252230167388916,
  "shard_prediction_recall": 0.5691666603088379
}