{
  "accs_after_deletion": [
    0.9404000639915466,
    0.9480000734329224
  ],
  "accs_before_deletion": [
    0.9580000638961792,
    0.9544000625610352
  ],
  "delta": 6.982864657330156e-05,
  "ensemble_acc_after_deletion": 0.9458000659942627,
  "ensemble_acc_before_deletion": 0.9550000429153442,
  "epsilon": 6.875518191990026,
  "indicator": 1,
  "lengths_after_deletion": [
    2924,
    3190
  ],
  "rng": [
    2978211864,
    2221126373
  ],
  "shard_prediction_precision": 0.522596001625061,
  "shard_prediction_recall": 0.512666642665863
}