{
  "accs_after_deletion": [
    0.9494000673294067,
    0.9536000490188599
  ],
  "accs_before_deletion": [
    0.9566000699996948,
    0.9592000246047974
  ],
  "delta": 6.982864657330156e-05,
  "ensemble_acc_after_deletion": 0.9516000747680664,
  "ensemble_acc_before_deletion": 0.9572000503540039,
  "epsilon": 6.875518191990026,
  "indicator": 1,
  "lengths_after_deletion": [
    2788,
    3209
  ],
  "rng": [
    2979748680,
    2656026763
  ],
  "shard_prediction_precision": 0.535065770149231,
  "shard_prediction_recall": 0.5353333353996277
}