{
  "accs_after_deletion": [
    0.9390000700950623,
    0.9366000294685364
  ],
  "accs_before_deletion": [
    0.9602000713348389,
    0.9526000618934631
  ],
  "delta": 6.982864657330156e-05,
  "ensemble_acc_after_deletion": 0.9390000700950623,
  "ensemble_acc_before_deletion": 0.9564000368118286,
  "epsilon": 6.875518191990026,
  "indicator": 0,
  "lengths_after_deletion": [
    3099,
    3437
  ],
  "rng": [
    3077871010,
    682118829
  ],
  "shard_prediction_precision": 0.5309297442436218,
  "shard_prediction_recall": 0.48350000381469727
}