{
  "accs_after_deletion": [
    0.945400059223175,
    0.9456000328063965
  ],
  "accs_before_deletion": [
    0.9546000361442566,
    0.9574000239372253
  ],
  "delta": 6.982864657330156e-05,
  "ensemble_acc_after_deletion": 0.9456000328063965,
  "ensemble_acc_before_deletion": 0.9576000571250916,
  "epsilon": 6.875518191990026,
  "indicator": 1,
  "lengths_after_deletion": [
    2414,
    2708
  ],
  "rng": [
    3130577375,
    4089672393
  ],
  "shard_prediction_precision": 0.5213724970817566,
  "shard_prediction_recall": 0.5976666808128357
}