{
  "accs_after_deletion": [
    0.9428000450134277,
    0.9416000247001648
  ],
  "accs_before_deletion": [
    0.9582000374794006,
    0.9574000239372253
  ],
  "delta": 6.982864657330156e-05,
  "ensemble_acc_after_deletion": 0.9450000524520874,
  "ensemble_acc_before_deletion": 0.9588000178337097,
  "epsilon": 6.875518191990026,
  "indicator": 0,
  "lengths_after_deletion": [
    2230,
    2516
  ],
  "rng": [
    3181619512,
    2262858715
  ],
  "shard_prediction_precision": 0.519713282585144,
  "shard_prediction_recall": 0.628333330154419
}