{
  "accs_after_deletion": [
    0.9534000158309937,
    0.9526000618934631
  ],
  "accs_before_deletion": [
    0.9534000158309937,
    0.9580000638961792
  ],
  "delta": 6.982864657330156e-05,
  "ensemble_acc_after_deletion": 0.9544000625610352,
  "ensemble_acc_before_deletion": 0.9552000164985657,
  "epsilon": 6.875518191990026,
  "indicator": 0,
  "lengths_after_deletion": [
    3108,
    3361
  ],
  "rng": [
    3252283136,
    668329583
  ],
  "shard_prediction_precision": 0.5228710770606995,
  "shard_prediction_recall": 0.4819999933242798
}