{
  "accs_after_deletion": [
    0.9472000598907471,
    0.9458000659942627
  ],
  "accs_before_deletion": [
    0.9590000510215759,
    0.9592000246047974
  ],
  "delta": 6.982864657330156e-05,
  "ensemble_acc_after_deletion": 0.9478000402450562,
  "ensemble_acc_before_deletion": 0.9598000645637512,
  "epsilon": 6.875518191990026,
  "indicator": 0,
  "lengths_after_deletion": [
    2863,
    3084
  ],
  "rng": [
    3264307339,
    865902655
  ],
  "shard_prediction_precision": 0.5182554125785828,
  "shard_prediction_recall": 0.5228333473205566
}