{
  "accs_after_deletion": [
    0.9460000395774841,
    0.9514000415802002
  ],
  "accs_before_deletion": [
    0.9558000564575195,
    0.956000030040741
  ],
  "delta": 6.982864657330156e-05,
  "ensemble_acc_after_deletion": 0.9488000273704529,
  "ensemble_acc_before_deletion": 0.9554000496864319,
  "epsilon": 6.875518191990026,
  "indicator": 1,
  "lengths_after_deletion": [
    2099,
    2413
  ],
  "rng": [
    3279648564,
    3534074533
  ],
  "shard_prediction_precision": 0.5209668874740601,
  "shard_prediction_recall": 0.6501666307449341
}