{
  "accs_after_deletion": [
    0.9476000666618347,
    0.9468000531196594
  ],
  "accs_before_deletion": [
    0.9580000638961792,
    0.9570000171661377
  ],
  "delta": 6.982864657330156e-05,
  "ensemble_acc_after_deletion": 0.9510000348091125,
  "ensemble_acc_before_deletion": 0.9582000374794006,
  "epsilon": 6.875518191990026,
  "indicator": 0,
  "lengths_after_deletion": [
    3054,
    3360
  ],
  "rng": [
    3332535758,
    1710273231
  ],
  "shard_prediction_precision": 0.5273899435997009,
  "shard_prediction_recall": 0.4909999966621399
}