{
  "accs_after_deletion": [
    0.9430000185966492,
    0.9464000463485718
  ],
  "accs_before_deletion": [
    0.9564000368118286,
    0.9568000435829163
  ],
  "delta": 6.982864657330156e-05,
  "ensemble_acc_after_deletion": 0.9480000734329224,
  "ensemble_acc_before_deletion": 0.9566000699996948,
  "epsilon": 6.875518191990026,
  "indicator": 1,
  "lengths_after_deletion": [
    2593,
    2922
  ],
  "rng": [
    334775799,
    3022071244
  ],
  "shard_prediction_precision": 0.5253662467002869,
  "shard_prediction_recall": 0.5678333044052124
}