{
  "accs_after_deletion": [
    0.9278000593185425,
    0.9510000348091125
  ],
  "accs_before_deletion": [
    0.9588000178337097,
    0.9564000368118286
  ],
  "delta": 6.982864657330156e-05,
  "ensemble_acc_after_deletion": 0.9432000517845154,
  "ensemble_acc_before_deletion": 0.9564000368118286,
  "epsilon": 6.875518191990026,
  "indicator": 1,
  "lengths_after_deletion": [
    1987,
    2284
  ],
  "rng": [
    3404583802,
    2086617972
  ],
  "shard_prediction_precision": 0.5192133188247681,
  "shard_prediction_recall": 0.668833315372467
}