{
  "accs_after_deletion": [
    0.9540000557899475,
    0.9514000415802002
  ],
  "accs_before_deletion": [
    0.9532000422477722,
    0.9590000510215759
  ],
  "delta": 6.982864657330156e-05,
  "ensemble_acc_after_deletion": 0.9532000422477722,
  "ensemble_acc_before_deletion": 0.9548000693321228,
  "epsilon": 6.875518191990026,
  "indicator": 0,
  "lengths_after_deletion": [
    2887,
    3140
  ],
  "rng": [
    3444715550,
    290934884
  ],
  "shard_prediction_precision": 0.521178662776947,
  "shard_prediction_recall": 0.518833339214325
}