{
  "accs_after_deletion": [
    0.9484000205993652,
    0.9496000409126282
  ],
  "accs_before_deletion": [
    0.957800030708313,
    0.9572000503540039
  ],
  "delta": 6.982864657330156e-05,
  "ensemble_acc_after_deletion": 0.9482000470161438,
  "ensemble_acc_before_deletion": 0.9592000246047974,
  "epsilon": 6.875518191990026,
  "indicator": 1,
  "lengths_after_deletion": [
    2835,
    3196
  ],
  "rng": [
    3446581989,
    120281067
  ],
  "shard_prediction_precision": 0.5302395820617676,
  "shard_prediction_recall": 0.5274999737739563
}