{
  "accs_after_deletion": [
    0.9522000551223755,
    0.9540000557899475
  ],
  "accs_before_deletion": [
    0.9556000232696533,
    0.9590000510215759
  ],
  "delta": 6.982864657330156e-05,
  "ensemble_acc_after_deletion": 0.9514000415802002,
  "ensemble_acc_before_deletion": 0.9566000699996948,
  "epsilon": 6.875518191990026,
  "indicator": 1,
  "lengths_after_deletion": [
    2891,
    3148
  ],
  "rng": [
    3453142365,
    31836500
  ],
  "shard_prediction_precision": 0.5215567946434021,
  "shard_prediction_recall": 0.5181666612625122
}