{
  "accs_after_deletion": [
    0.9524000287055969,
    0.9472000598907471
  ],
  "accs_before_deletion": [
    0.9592000246047974,
    0.9574000239372253
  ],
  "delta": 6.982864657330156e-05,
  "ensemble_acc_after_deletion": 0.9514000415802002,
  "ensemble_acc_before_deletion": 0.9586000442504883,
  "epsilon": 6.875518191990026,
  "indicator": 0,
  "lengths_after_deletion": [
    2257,
    2545
  ],
  "rng": [
    3516290926,
    231036805
  ],
  "shard_prediction_precision": 0.5200055837631226,
  "shard_prediction_recall": 0.6238332986831665
}