{
  "accs_after_deletion": [
    0.9480000734329224,
    0.9562000632286072
  ],
  "accs_before_deletion": [
    0.9598000645637512,
    0.9592000246047974
  ],
  "delta": 6.982864657330156e-05,
  "ensemble_acc_after_deletion": 0.9536000490188599,
  "ensemble_acc_before_deletion": 0.9590000510215759,
  "epsilon": 6.875518191990026,
  "indicator": 1,
  "lengths_after_deletion": [
    2834,
    3005
  ],
  "rng": [
    3574664919,
    584033152
  ],
  "shard_prediction_precision": 0.5138775706291199,
  "shard_prediction_recall": 0.5276666879653931
}