{
  "accs_after_deletion": [
    0.9414000511169434,
    0.9478000402450562
  ],
  "accs_before_deletion": [
    0.9562000632286072,
    0.9600000381469727
  ],
  "delta": 6.982864657330156e-05,
  "ensemble_acc_after_deletion": 0.9406000375747681,
  "ensemble_acc_before_deletion": 0.9590000510215759,
  "epsilon": 6.875518191990026,
  "indicator": 1,
  "lengths_after_deletion": [
    2453,
    2806
  ],
  "rng": [
    3578398456,
    3401364700
  ],
  "shard_prediction_precision": 0.5261830687522888,
  "shard_prediction_recall": 0.5911666750907898
}