{
  "accs_after_deletion": [
    0.9398000240325928,
    0.940000057220459
  ],
  "accs_before_deletion": [
    0.9552000164985657,
    0.9522000551223755
  ],
  "delta": 6.982864657330156e-05,
  "ensemble_acc_after_deletion": 0.9404000639915466,
  "ensemble_acc_before_deletion": 0.9562000632286072,
  "epsilon": 6.875518191990026,
  "indicator": 1,
  "lengths_after_deletion": [
    2757,
    3141
  ],
  "rng": [
    3578689608,
    2911442289
  ],
  "shard_prediction_precision": 0.5314651131629944,
  "shard_prediction_recall": 0.5404999852180481
}