{
  "accs_after_deletion": [
    0.9486000537872314,
    0.9478000402450562
  ],
  "accs_before_deletion": [
    0.9570000171661377,
    0.9570000171661377
  ],
  "delta": 6.982864657330156e-05,
  "ensemble_acc_after_deletion": 0.9474000334739685,
  "ensemble_acc_before_deletion": 0.9574000239372253,
  "epsilon": 6.875518191990026,
  "indicator": 0,
  "lengths_after_deletion": [
    2959,
    3319
  ],
  "rng": [
    3603217368,
    1319738363
  ],
  "shard_prediction_precision": 0.5314575433731079,
  "shard_prediction_recall": 0.5068333148956299
}