{
  "accs_after_deletion": [
    0.9482000470161438,
    0.9494000673294067
  ],
  "accs_before_deletion": [
    0.9602000713348389,
    0.9586000442504883
  ],
  "delta": 6.982864657330156e-05,
  "ensemble_acc_after_deletion": 0.9502000212669373,
  "ensemble_acc_before_deletion": 0.9592000246047974,
  "epsilon": 6.875518191990026,
  "indicator": 1,
  "lengths_after_deletion": [
    2661,
    3043
  ],
  "rng": [
    3642442768,
    3730618893
  ],
  "shard_prediction_precision": 0.5303366780281067,
  "shard_prediction_recall": 0.5565000176429749
}