{
  "accs_after_deletion": [
    0.9456000328063965,
    0.9494000673294067
  ],
  "accs_before_deletion": [
    0.9580000638961792,
    0.957800030708313
  ],
  "delta": 6.982864657330156e-05,
  "ensemble_acc_after_deletion": 0.9486000537872314,
  "ensemble_acc_before_deletion": 0.9574000239372253,
  "epsilon": 6.875518191990026,
  "indicator": 1,
  "lengths_after_deletion": [
    2841,
    3167
  ],
  "rng": [
    3669048057,
    2713565048
  ],
  "shard_prediction_precision": 0.5272029042243958,
  "shard_prediction_recall": 0.5264999866485596
}