{
  "accs_after_deletion": [
    0.9530000686645508,
    0.9486000537872314
  ],
  "accs_before_deletion": [
    0.9546000361442566,
    0.9554000496864319
  ],
  "delta": 6.982864657330156e-05,
  "ensemble_acc_after_deletion": 0.9536000490188599,
  "ensemble_acc_before_deletion": 0.9554000496864319,
  "epsilon": 6.875518191990026,
  "indicator": 0,
  "lengths_after_deletion": [
    3088,
    3478
  ],
  "rng": [
    3757673856,
    4171963918
  ],
  "shard_prediction_precision": 0.5358851552009583,
  "shard_prediction_recall": 0.48533332347869873
}