{
  "accs_after_deletion": [
    0.9376000165939331,
    0.9438000321388245
  ],
  "accs_before_deletion": [
    0.9582000374794006,
    0.9524000287055969
  ],
  "delta": 6.982864657330156e-05,
  "ensemble_acc_after_deletion": 0.9416000247001648,
  "ensemble_acc_before_deletion": 0.9562000632286072,
  "epsilon": 6.875518191990026,
  "indicator": 1,
  "lengths_after_deletion": [
    2261,
    2558
  ],
  "rng": [
    3768624237,
    3075480215
  ],
  "shard_prediction_precision": 0.5206795930862427,
  "shard_prediction_recall": 0.6231666803359985
}