{
  "accs_after_deletion": [
    0.9456000328063965,
    0.9506000280380249
  ],
  "accs_before_deletion": [
    0.9572000503540039,
    0.9600000381469727
  ],
  "delta": 6.982864657330156e-05,
  "ensemble_acc_after_deletion": 0.9496000409126282,
  "ensemble_acc_before_deletion": 0.9604000449180603,
  "epsilon": 6.875518191990026,
  "indicator": 1,
  "lengths_after_deletion": [
    3230,
    3480
  ],
  "rng": [
    377734406,
    771658684
  ],
  "shard_prediction_precision": 0.5236294865608215,
  "shard_prediction_recall": 0.46166667342185974
}