{
  "accs_after_deletion": [
    0.9498000741004944,
    0.9522000551223755
  ],
  "accs_before_deletion": [
    0.9580000638961792,
    0.9562000632286072
  ],
  "delta": 6.982864657330156e-05,
  "ensemble_acc_after_deletion": 0.9516000747680664,
  "ensemble_acc_before_deletion": 0.9590000510215759,
  "epsilon": 6.875518191990026,
  "indicator": 1,
  "lengths_after_deletion": [
    2644,
    3046
  ],
  "rng": [
    3783734782,
    860467736
  ],
  "shard_prediction_precision": 0.5318542122840881,
  "shard_prediction_recall": 0.559333324432373
}