{
  "accs_after_deletion": [
    0.9474000334739685,
    0.9472000598907471
  ],
  "accs_before_deletion": [
    0.957800030708313,
    0.956000030040741
  ],
  "delta": 6.982864657330156e-05,
  "ensemble_acc_after_deletion": 0.9484000205993652,
  "ensemble_acc_before_deletion": 0.9572000503540039,
  "epsilon": 6.875518191990026,
  "indicator": 0,
  "lengths_after_deletion": [
    2664,
    3022
  ],
  "rng": [
    3815055320,
    2233076881
  ],
  "shard_prediction_precision": 0.5283496975898743,
  "shard_prediction_recall": 0.5559999942779541
}