{
  "accs_after_deletion": [
    0.9438000321388245,
    0.9390000700950623
  ],
  "accs_before_deletion": [
    0.9630000591278076,
    0.954200029373169
  ],
  "delta": 6.982864657330156e-05,
  "ensemble_acc_after_deletion": 0.9452000260353088,
  "ensemble_acc_before_deletion": 0.9588000178337097,
  "epsilon": 6.875518191990026,
  "indicator": 0,
  "lengths_after_deletion": [
    3516,
    3865
  ],
  "rng": [
    3879929379,
    280535099
  ],
  "shard_prediction_precision": 0.5377787351608276,
  "shard_prediction_recall": 0.414000004529953
}