{
  "accs_after_deletion": [
    0.9458000659942627,
    0.9496000409126282
  ],
  "accs_before_deletion": [
    0.9574000239372253,
    0.9598000645637512
  ],
  "delta": 6.982864657330156e-05,
  "ensemble_acc_after_deletion": 0.9494000673294067,
  "ensemble_acc_before_deletion": 0.9600000381469727,
  "epsilon": 6.875518191990026,
  "indicator": 1,
  "lengths_after_deletion": [
    3451,
    3740
  ],
  "rng": [
    4027518950,
    3000419160
  ],
  "shard_prediction_precision": 0.5300478339195251,
  "shard_prediction_recall": 0.4248333275318146
}