{
  "accs_after_deletion": [
    0.9506000280380249,
    0.9516000747680664
  ],
  "accs_before_deletion": [
    0.956000030040741,
    0.9602000713348389
  ],
  "delta": 6.982864657330156e-05,
  "ensemble_acc_after_deletion": 0.9518000483512878,
  "ensemble_acc_before_deletion": 0.9592000246047974,
  "epsilon": 6.875518191990026,
  "indicator": 1,
  "lengths_after_deletion": [
    3467,
    3696
  ],
  "rng": [
    4086422137,
    2101835892
  ],
  "shard_prediction_precision": 0.5236716866493225,
  "shard_prediction_recall": 0.4221666753292084
}