{
  "accs_after_deletion": [
    0.9458000659942627,
    0.9534000158309937
  ],
  "accs_before_deletion": [
    0.9622000455856323,
    0.956000030040741
  ],
  "delta": 6.982864657330156e-05,
  "ensemble_acc_after_deletion": 0.9508000612258911,
  "ensemble_acc_before_deletion": 0.9590000510215759,
  "epsilon": 6.875518191990026,
  "indicator": 1,
  "lengths_after_deletion": [
    2663,
    2927
  ],
  "rng": [
    4092392001,
    3868272291
  ],
  "shard_prediction_precision": 0.5205928087234497,
  "shard_prediction_recall": 0.5561666488647461
}