{
  "accs_after_deletion": [
    0.9470000267028809,
    0.9484000205993652
  ],
  "accs_before_deletion": [
    0.9586000442504883,
    0.9590000510215759
  ],
  "delta": 6.982864657330156e-05,
  "ensemble_acc_after_deletion": 0.9450000524520874,
  "ensemble_acc_before_deletion": 0.9582000374794006,
  "epsilon": 6.875518191990026,
  "indicator": 1,
  "lengths_after_deletion": [
    2874,
    3218
  ],
  "rng": [
    4148385455,
    4134108026
  ],
  "shard_prediction_precision": 0.5291131138801575,
  "shard_prediction_recall": 0.5209999680519104
}