{
  "accs_after_deletion": [
    0.9462000727653503,
    0.9514000415802002
  ],
  "accs_before_deletion": [
    0.9582000374794006,
    0.9616000652313232
  ],
  "delta": 6.982864657330156e-05,
  "ensemble_acc_after_deletion": 0.9510000348091125,
  "ensemble_acc_before_deletion": 0.959600031375885,
  "epsilon": 6.875518191990026,
  "indicator": 1,
  "lengths_after_deletion": [
    2367,
    2713
  ],
  "rng": [
    4151417769,
    3545736619
  ],
  "shard_prediction_precision": 0.5249999761581421,
  "shard_prediction_recall": 0.6054999828338623
}