{
  "accs_after_deletion": [
    0.9562000632286072,
    0.9540000557899475
  ],
  "accs_before_deletion": [
    0.9576000571250916,
    0.9572000503540039
  ],
  "delta": 6.982864657330156e-05,
  "ensemble_acc_after_deletion": 0.954200029373169,
  "ensemble_acc_before_deletion": 0.9570000171661377,
  "epsilon": 6.875518191990026,
  "indicator": 0,
  "lengths_after_deletion": [
    2862,
    3108
  ],
  "rng": [
    4167992262,
    4206720635
  ],
  "shard_prediction_precision": 0.5203980207443237,
  "shard_prediction_recall": 0.5230000019073486
}