{
  "accs_after_deletion": [
    0.9424000382423401,
    0.9408000707626343
  ],
  "accs_before_deletion": [
    0.9558000564575195,
    0.9518000483512878
  ],
  "delta": 6.982864657330156e-05,
  "ensemble_acc_after_deletion": 0.9458000659942627,
  "ensemble_acc_before_deletion": 0.9538000226020813,
  "epsilon": 6.875518191990026,
  "indicator": 0,
  "lengths_after_deletion": [
    2776,
    3197
  ],
  "rng": [
    4187602161,
    3554256462
  ],
  "shard_prediction_precision": 0.534926176071167,
  "shard_prediction_recall": 0.5373333096504211
}