{
  "accs_after_deletion": [
    0.9486000537872314,
    0.9496000409126282
  ],
  "accs_before_deletion": [
    0.9556000232696533,
    0.959600031375885
  ],
  "delta": 6.982864657330156e-05,
  "ensemble_acc_after_deletion": 0.9500000476837158,
  "ensemble_acc_before_deletion": 0.9588000178337097,
  "epsilon": 6.875518191990026,
  "indicator": 1,
  "lengths_after_deletion": [
    2956,
    3270
  ],
  "rng": [
    4196589307,
    648843863
  ],
  "shard_prediction_precision": 0.5271908640861511,
  "shard_prediction_recall": 0.5073333382606506
}