{
  "accs_after_deletion": [
    0.9504000544548035,
    0.9518000483512878
  ],
  "accs_before_deletion": [
    0.9606000185012817,
    0.9604000449180603
  ],
  "delta": 6.982864657330156e-05,
  "ensemble_acc_after_deletion": 0.9526000618934631,
  "ensemble_acc_before_deletion": 0.9606000185012817,
  "epsilon": 6.875518191990026,
  "indicator": 1,
  "lengths_after_deletion": [
    2667,
    2974
  ],
  "rng": [
    4221560771,
    2919431343
  ],
  "shard_prediction_precision": 0.5241389870643616,
  "shard_prediction_recall": 0.5554999709129333
}