{
  "accs_after_deletion": [
    0.9502000212669373,
    0.9566000699996948
  ],
  "accs_before_deletion": [
    0.9598000645637512,
    0.9574000239372253
  ],
  "delta": 6.982864657330156e-05,
  "ensemble_acc_after_deletion": 0.9540000557899475,
  "ensemble_acc_before_deletion": 0.9604000449180603,
  "epsilon": 6.875518191990026,
  "indicator": 1,
  "lengths_after_deletion": [
    1801,
    2103
  ],
  "rng": [
    4286822744,
    3634673410
  ],
  "shard_prediction_precision": 0.5186511874198914,
  "shard_prediction_recall": 0.699833333492279
}