{
  "accs_after_deletion": [
    0.9470000267028809,
    0.9556000232696533
  ],
  "accs_before_deletion": [
    0.9562000632286072,
    0.9580000638961792
  ],
  "delta": 6.982864657330156e-05,
  "ensemble_acc_after_deletion": 0.9512000679969788,
  "ensemble_acc_before_deletion": 0.9554000496864319,
  "epsilon": 6.875518191990026,
  "indicator": 1,
  "lengths_after_deletion": [
    2310,
    2685
  ],
  "rng": [
    440783587,
    1376645241
  ],
  "shard_prediction_precision": 0.5267665982246399,
  "shard_prediction_recall": 0.6150000095367432
}