{
  "accs_after_deletion": [
    0.9432000517845154,
    0.9368000626564026
  ],
  "accs_before_deletion": [
    0.9630000591278076,
    0.957800030708313
  ],
  "delta": 6.982864657330156e-05,
  "ensemble_acc_after_deletion": 0.938800036907196,
  "ensemble_acc_before_deletion": 0.9592000246047974,
  "epsilon": 6.875518191990026,
  "indicator": 0,
  "lengths_after_deletion": [
    2958,
    3250
  ],
  "rng": [
    443261852,
    4103238604
  ],
  "shard_prediction_precision": 0.5252072215080261,
  "shard_prediction_recall": 0.5069999694824219
}