{
  "accs_after_deletion": [
    0.9484000205993652,
    0.9544000625610352
  ],
  "accs_before_deletion": [
    0.954200029373169,
    0.9598000645637512
  ],
  "delta": 6.982864657330156e-05,
  "ensemble_acc_after_deletion": 0.9548000693321228,
  "ensemble_acc_before_deletion": 0.9584000706672668,
  "epsilon": 6.875518191990026,
  "indicator": 1,
  "lengths_after_deletion": [
    2289,
    2668
  ],
  "rng": [
    463725640,
    3728747467
  ],
  "shard_prediction_precision": 0.5269061923027039,
  "shard_prediction_recall": 0.6184999942779541
}