{
  "accs_after_deletion": [
    0.9510000348091125,
    0.9570000171661377
  ],
  "accs_before_deletion": [
    0.9554000496864319,
    0.9572000503540039
  ],
  "delta": 6.982864657330156e-05,
  "ensemble_acc_after_deletion": 0.9562000632286072,
  "ensemble_acc_before_deletion": 0.9554000496864319,
  "epsilon": 6.875518191990026,
  "indicator": 1,
  "lengths_after_deletion": [
    3113,
    3374
  ],
  "rng": [
    498971632,
    3501582282
  ],
  "shard_prediction_precision": 0.5236713290214539,
  "shard_prediction_recall": 0.48116666078567505
}