{
  "accs_after_deletion": [
    0.9504000544548035,
    0.9568000435829163
  ],
  "accs_before_deletion": [
    0.9592000246047974,
    0.9588000178337097
  ],
  "delta": 6.982864657330156e-05,
  "ensemble_acc_after_deletion": 0.9552000164985657,
  "ensemble_acc_before_deletion": 0.9594000577926636,
  "epsilon": 6.875518191990026,
  "indicator": 1,
  "lengths_after_deletion": [
    2337,
    2682
  ],
  "rng": [
    569538519,
    3217764180
  ],
  "shard_prediction_precision": 0.524709939956665,
  "shard_prediction_recall": 0.6104999780654907
}