{
  "accs_after_deletion": [
    0.9494000673294067,
    0.9518000483512878
  ],
  "accs_before_deletion": [
    0.9546000361442566,
    0.9546000361442566
  ],
  "delta": 6.982864657330156e-05,
  "ensemble_acc_after_deletion": 0.9512000679969788,
  "ensemble_acc_before_deletion": 0.9548000693321228,
  "epsilon": 6.875518191990026,
  "indicator": 1,
  "lengths_after_deletion": [
    3037,
    3373
  ],
  "rng": [
    612034339,
    402051418
  ],
  "shard_prediction_precision": 0.5300536751747131,
  "shard_prediction_recall": 0.4938333332538605
}