{
  "accs_after_deletion": [
    0.9408000707626343,
    0.9448000192642212
  ],
  "accs_before_deletion": [
    0.9576000571250916,
    0.9566000699996948
  ],
  "delta": 6.982864657330156e-05,
  "ensemble_acc_after_deletion": 0.9426000714302063,
  "ensemble_acc_before_deletion": 0.9576000571250916,
  "epsilon": 6.875518191990026,
  "indicator": 1,
  "lengths_after_deletion": [
    2799,
    3130
  ],
  "rng": [
    631478714,
    2183487713
  ],
  "shard_prediction_precision": 0.5272607207298279,
  "shard_prediction_recall": 0.5335000157356262
}