{
  "accs_after_deletion": [
    0.9396000504493713,
    0.9466000199317932
  ],
  "accs_before_deletion": [
    0.9586000442504883,
    0.9562000632286072
  ],
  "delta": 6.982864657330156e-05,
  "ensemble_acc_after_deletion": 0.9446000456809998,
  "ensemble_acc_before_deletion": 0.9562000632286072,
  "epsilon": 6.875518191990026,
  "indicator": 1,
  "lengths_after_deletion": [
    1947,
    2196
  ],
  "rng": [
    637363511,
    968372558
  ],
  "shard_prediction_precision": 0.5158457159996033,
  "shard_prediction_recall": 0.6754999756813049
}