{
  "accs_after_deletion": [
    0.9344000220298767,
    0.9378000497817993
  ],
  "accs_before_deletion": [
    0.9552000164985657,
    0.956000030040741
  ],
  "delta": 6.982864657330156e-05,
  "ensemble_acc_after_deletion": 0.937000036239624,
  "ensemble_acc_before_deletion": 0.9538000226020813,
  "epsilon": 6.875518191990026,
  "indicator": 1,
  "lengths_after_deletion": [
    2034,
    2421
  ],
  "rng": [
    726824219,
    2272507001
  ],
  "shard_prediction_precision": 0.5256460905075073,
  "shard_prediction_recall": 0.6610000133514404
}