{
  "accs_after_deletion": [
    0.9484000205993652,
    0.9472000598907471
  ],
  "accs_before_deletion": [
    0.954200029373169,
    0.9532000422477722
  ],
  "delta": 6.982864657330156e-05,
  "ensemble_acc_after_deletion": 0.9470000267028809,
  "ensemble_acc_before_deletion": 0.9538000226020813,
  "epsilon": 6.875518191990026,
  "indicator": 0,
  "lengths_after_deletion": [
    3062,
    3412
  ],
  "rng": [
    778446378,
    838237175
  ],
  "shard_prediction_precision": 0.5316684246063232,
  "shard_prediction_recall": 0.4896666705608368
}