{
  "accs_after_deletion": [
    0.9446000456809998,
    0.9490000605583191
  ],
  "accs_before_deletion": [
    0.9554000496864319,
    0.961400032043457
  ],
  "delta": 6.982864657330156e-05,
  "ensemble_acc_after_deletion": 0.9470000267028809,
  "ensemble_acc_before_deletion": 0.959600031375885,
  "epsilon": 6.875518191990026,
  "indicator": 1,
  "lengths_after_deletion": [
    3039,
    3316
  ],
  "rng": [
    793165424,
    1134729171
  ],
  "shard_prediction_precision": 0.5245350003242493,
  "shard_prediction_recall": 0.4934999942779541
}