{
  "accs_after_deletion": [
    0.9474000334739685,
    0.9468000531196594
  ],
  "accs_before_deletion": [
    0.9566000699996948,
    0.9564000368118286
  ],
  "delta": 6.982864657330156e-05,
  "ensemble_acc_after_deletion": 0.9512000679969788,
  "ensemble_acc_before_deletion": 0.9586000442504883,
  "epsilon": 6.875518191990026,
  "indicator": 0,
  "lengths_after_deletion": [
    2767,
    3139
  ],
  "rng": [
    83684741,
    3443162957
  ],
  "shard_prediction_precision": 0.530521810054779,
  "shard_prediction_recall": 0.5388333201408386
}