{
  "accs_after_deletion": [
    0.9540000557899475,
    0.9586000442504883
  ],
  "accs_before_deletion": [
    0.9510000348091125,
    0.9554000496864319
  ],
  "delta": 6.982864657330156e-05,
  "ensemble_acc_after_deletion": 0.9562000632286072,
  "ensemble_acc_before_deletion": 0.9570000171661377,
  "epsilon": 6.875518191990026,
  "indicator": 1,
  "lengths_after_deletion": [
    2075,
    2415
  ],
  "rng": [
    903376076,
    944784205
  ],
  "shard_prediction_precision": 0.5226365327835083,
  "shard_prediction_recall": 0.6541666388511658
}