{
  "accs_after_deletion": [
    0.9432000517845154,
    0.9440000653266907
  ],
  "accs_before_deletion": [
    0.9538000226020813,
    0.9550000429153442
  ],
  "delta": 6.982864657330156e-05,
  "ensemble_acc_after_deletion": 0.9474000334739685,
  "ensemble_acc_before_deletion": 0.9532000422477722,
  "epsilon": 6.875518191990026,
  "indicator": 1,
  "lengths_after_deletion": [
    2917,
    3296
  ],
  "rng": [
    905807058,
    1392563853
  ],
  "shard_prediction_precision": 0.5327458381652832,
  "shard_prediction_recall": 0.5138333439826965
}