{
  "accs_after_deletion": [
    0.9548000693321228,
    0.9532000422477722
  ],
  "accs_before_deletion": [
    0.9506000280380249,
    0.9584000706672668
  ],
  "delta": 6.982864657330156e-05,
  "ensemble_acc_after_deletion": 0.9582000374794006,
  "ensemble_acc_before_deletion": 0.9532000422477722,
  "epsilon": 6.875518191990026,
  "indicator": 0,
  "lengths_after_deletion": [
    2863,
    3190
  ],
  "rng": [
    913604890,
    3277041191
  ],
  "shard_prediction_precision": 0.5274928212165833,
  "shard_prediction_recall": 0.5228333473205566
}