{
  "accs_after_deletion": [
    0.9430000185966492,
    0.9376000165939331
  ],
  "accs_before_deletion": [
    0.9584000706672668,
    0.9532000422477722
  ],
  "delta": 6.982864657330156e-05,
  "ensemble_acc_after_deletion": 0.9430000185966492,
  "ensemble_acc_before_deletion": 0.9574000239372253,
  "epsilon": 6.875518191990026,
  "indicator": 0,
  "lengths_after_deletion": [
    2362,
    2681
  ],
  "rng": [
    924041624,
    1517978552
  ],
  "shard_prediction_precision": 0.5229265689849854,
  "shard_prediction_recall": 0.606333315372467
}