{
  "accs_after_deletion": [
    0.9500000476837158,
    0.9534000158309937
  ],
  "accs_before_deletion": [
    0.9550000429153442,
    0.9574000239372253
  ],
  "delta": 6.982864657330156e-05,
  "ensemble_acc_after_deletion": 0.9530000686645508,
  "ensemble_acc_before_deletion": 0.9562000632286072,
  "epsilon": 6.875518191990026,
  "indicator": 1,
  "lengths_after_deletion": [
    2595,
    2855
  ],
  "rng": [
    979785646,
    2411104845
  ],
  "shard_prediction_precision": 0.5198473334312439,
  "shard_prediction_recall": 0.5674999952316284
}