{
  "accs_after_deletion": [
    0.39340001344680786,
    0.3992000222206116,
    0.40300002694129944,
    0.40940001606941223,
    0.4000000059604645,
    0.3938000202178955
  ],
  "accs_before_deletion": [
    0.4204000234603882,
    0.43140003085136414,
    0.42640000581741333,
    0.40620002150535583,
    0.420600026845932,
    0.4350000321865082
  ],
  "delta": 5.0886316442113006e-05,
  "ensemble_acc_after_deletion": 0.4604000151157379,
  "ensemble_acc_before_deletion": 0.4880000352859497,
  "epsilon": "\u221e",
  "indicator": 1,
  "lengths_after_deletion": [
    3815,
    3806,
    3960,
    4186,
    4190,
    4306
  ],
  "rng": [
    0,
    1033989465
  ],
  "shard_prediction_precision": 0.20124699175357819,
  "shard_prediction_recall": 0.19904166460037231
}