{
  "accs_after_deletion": [
    0.3970000147819519,
    0.387800008058548,
    0.38580000400543213,
    0.4028000235557556,
    0.4036000072956085,
    0.39180001616477966
  ],
  "accs_before_deletion": [
    0.42580002546310425,
    0.4246000349521637,
    0.4312000274658203,
    0.4440000355243683,
    0.43080002069473267,
    0.4100000262260437
  ],
  "delta": 5.0886316442113006e-05,
  "ensemble_acc_after_deletion": 0.45160001516342163,
  "ensemble_acc_before_deletion": 0.4814000129699707,
  "epsilon": "\u221e",
  "indicator": 1,
  "lengths_after_deletion": [
    4074,
    3988,
    4051,
    4415,
    4319,
    4426
  ],
  "rng": [
    1023488924,
    1037612573
  ],
  "shard_prediction_precision": 0.20350244641304016,
  "shard_prediction_recall": 0.1927083283662796
}