{
  "accs_after_deletion": [
    0.4044000208377838,
    0.39900001883506775,
    0.39580002427101135,
    0.4118000268936157,
    0.39580002427101135,
    0.40480002760887146
  ],
  "accs_before_deletion": [
    0.42920002341270447,
    0.4278000295162201,
    0.4284000098705292,
    0.42340001463890076,
    0.41680002212524414,
    0.4244000315666199
  ],
  "delta": 5.0886316442113006e-05,
  "ensemble_acc_after_deletion": 0.4540000259876251,
  "ensemble_acc_before_deletion": 0.4790000319480896,
  "epsilon": "\u221e",
  "indicator": 1,
  "lengths_after_deletion": [
    3759,
    3715,
    3789,
    4070,
    4011,
    4154
  ],
  "rng": [
    1078677092,
    1450928040
  ],
  "shard_prediction_precision": 0.20361603796482086,
  "shard_prediction_recall": 0.20787499845027924
}