{
  "accs_after_deletion": [
    0.42020002007484436,
    0.4240000247955322,
    0.41280001401901245,
    0.39320001006126404,
    0.40140002965927124,
    0.4020000100135803
  ],
  "accs_before_deletion": [
    0.4074000120162964,
    0.43320003151893616,
    0.41620001196861267,
    0.4150000214576721,
    0.41940000653266907,
    0.4198000133037567
  ],
  "delta": 5.0886316442113006e-05,
  "ensemble_acc_after_deletion": 0.47140002250671387,
  "ensemble_acc_before_deletion": 0.4812000095844269,
  "epsilon": "\u221e",
  "indicator": 0,
  "lengths_after_deletion": [
    4258,
    4167,
    4193,
    4554,
    4523,
    4523
  ],
  "rng": [
    1083977516,
    2391561649
  ],
  "shard_prediction_precision": 0.20278210937976837,
  "shard_prediction_recall": 0.18404166400432587
}