{
  "accs_after_deletion": [
    0.40240001678466797,
    0.40620002150535583,
    0.40160003304481506,
    0.40960001945495605,
    0.40220001339912415,
    0.4102000296115875
  ],
  "accs_before_deletion": [
    0.42080003023147583,
    0.42740002274513245,
    0.4284000098705292,
    0.4416000247001648,
    0.41940000653266907,
    0.41920003294944763
  ],
  "delta": 5.0886316442113006e-05,
  "ensemble_acc_after_deletion": 0.4660000205039978,
  "ensemble_acc_before_deletion": 0.480400025844574,
  "epsilon": "\u221e",
  "indicator": 1,
  "lengths_after_deletion": [
    3898,
    3760,
    3877,
    4196,
    4195,
    4104
  ],
  "rng": [
    1194530899,
    58714753
  ],
  "shard_prediction_precision": 0.20200251042842865,
  "shard_prediction_recall": 0.2017499953508377
}