{
  "accs_after_deletion": [
    0.4066000282764435,
    0.4004000127315521,
    0.3850000202655792,
    0.41540002822875977,
    0.41260001063346863,
    0.4098000228404999
  ],
  "accs_before_deletion": [
    0.4220000207424164,
    0.43560001254081726,
    0.40240001678466797,
    0.4190000295639038,
    0.42020002007484436,
    0.4222000241279602
  ],
  "delta": 5.0886316442113006e-05,
  "ensemble_acc_after_deletion": 0.45900002121925354,
  "ensemble_acc_before_deletion": 0.47300001978874207,
  "epsilon": "\u221e",
  "indicator": 1,
  "lengths_after_deletion": [
    3601,
    3475,
    3540,
    3948,
    3859,
    3859
  ],
  "rng": [
    1241721939,
    447299980
  ],
  "shard_prediction_precision": 0.20697566866874695,
  "shard_prediction_recall": 0.22179166972637177
}