{
  "accs_after_deletion": [
    0.3920000195503235,
    0.3912000060081482,
    0.3808000087738037,
    0.4068000316619873,
    0.39900001883506775,
    0.3862000107765198
  ],
  "accs_before_deletion": [
    0.42260003089904785,
    0.4272000193595886,
    0.42760002613067627,
    0.4448000192642212,
    0.4198000133037567,
    0.415800005197525
  ],
  "delta": 5.0886316442113006e-05,
  "ensemble_acc_after_deletion": 0.4520000219345093,
  "ensemble_acc_before_deletion": 0.4888000190258026,
  "epsilon": "\u221e",
  "indicator": 1,
  "lengths_after_deletion": [
    3501,
    3571,
    3619,
    3897,
    3888,
    3934
  ],
  "rng": [
    1299057098,
    1035677986
  ],
  "shard_prediction_precision": 0.20511917769908905,
  "shard_prediction_recall": 0.218708336353302
}