{
  "accs_after_deletion": [
    0.39500001072883606,
    0.394400030374527,
    0.39740002155303955,
    0.39340001344680786,
    0.3988000154495239,
    0.4004000127315521
  ],
  "accs_before_deletion": [
    0.4214000105857849,
    0.4456000328063965,
    0.4326000213623047,
    0.41680002212524414,
    0.428600013256073,
    0.4278000295162201
  ],
  "delta": 5.0886316442113006e-05,
  "ensemble_acc_after_deletion": 0.457800030708313,
  "ensemble_acc_before_deletion": 0.49320003390312195,
  "epsilon": "\u221e",
  "indicator": 1,
  "lengths_after_deletion": [
    4128,
    4235,
    4261,
    4570,
    4581,
    4588
  ],
  "rng": [
    1339078356,
    89098168
  ],
  "shard_prediction_precision": 0.20483429729938507,
  "shard_prediction_recall": 0.18466666340827942
}