{
  "accs_after_deletion": [
    0.40880000591278076,
    0.4114000201225281,
    0.41680002212524414,
    0.40300002694129944,
    0.41220003366470337,
    0.391400009393692
  ],
  "accs_before_deletion": [
    0.41220003366470337,
    0.426800012588501,
    0.4140000343322754,
    0.4270000159740448,
    0.42160001397132874,
    0.4288000166416168
  ],
  "delta": 5.0886316442113006e-05,
  "ensemble_acc_after_deletion": 0.4588000178337097,
  "ensemble_acc_before_deletion": 0.48360002040863037,
  "epsilon": "\u221e",
  "indicator": 0,
  "lengths_after_deletion": [
    4174,
    4184,
    4238,
    4597,
    4602,
    4494
  ],
  "rng": [
    146166294,
    1296362675
  ],
  "shard_prediction_precision": 0.2052876502275467,
  "shard_prediction_recall": 0.18570832908153534
}