{
  "accs_after_deletion": [
    0.40080001950263977,
    0.3938000202178955,
    0.3978000283241272,
    0.4086000323295593,
    0.4020000100135803,
    0.40560001134872437
  ],
  "accs_before_deletion": [
    0.4214000105857849,
    0.4336000084877014,
    0.40960001945495605,
    0.40960001945495605,
    0.4246000349521637,
    0.4198000133037567
  ],
  "delta": 5.0886316442113006e-05,
  "ensemble_acc_after_deletion": 0.4552000164985657,
  "ensemble_acc_before_deletion": 0.47120001912117004,
  "epsilon": "\u221e",
  "indicator": 1,
  "lengths_after_deletion": [
    4162,
    4056,
    4026,
    4428,
    4602,
    4415
  ],
  "rng": [
    1554736766,
    2184373779
  ],
  "shard_prediction_precision": 0.20048408210277557,
  "shard_prediction_recall": 0.1863749921321869
}