{
  "accs_after_deletion": [
    0.38520002365112305,
    0.3996000289916992,
    0.37380000948905945,
    0.39420002698898315,
    0.3866000175476074,
    0.3864000141620636
  ],
  "accs_before_deletion": [
    0.43640002608299255,
    0.4310000240802765,
    0.4198000133037567,
    0.4204000234603882,
    0.42080003023147583,
    0.4222000241279602
  ],
  "delta": 5.0886316442113006e-05,
  "ensemble_acc_after_deletion": 0.4320000112056732,
  "ensemble_acc_before_deletion": 0.48340001702308655,
  "epsilon": "\u221e",
  "indicator": 1,
  "lengths_after_deletion": [
    3533,
    3515,
    3528,
    3932,
    3908,
    3921
  ],
  "rng": [
    1590781943,
    4267888165
  ],
  "shard_prediction_precision": 0.20722441375255585,
  "shard_prediction_recall": 0.22158333659172058
}