{
  "accs_after_deletion": [
    0.4002000093460083,
    0.3986000120639801,
    0.3906000256538391,
    0.3866000175476074,
    0.38440001010894775,
    0.38540002703666687
  ],
  "accs_before_deletion": [
    0.42320001125335693,
    0.430400013923645,
    0.4182000160217285,
    0.4236000180244446,
    0.4350000321865082,
    0.41840001940727234
  ],
  "delta": 5.0886316442113006e-05,
  "ensemble_acc_after_deletion": 0.44860002398490906,
  "ensemble_acc_before_deletion": 0.4774000346660614,
  "epsilon": "\u221e",
  "indicator": 0,
  "lengths_after_deletion": [
    3597,
    3596,
    3696,
    3994,
    4056,
    3985
  ],
  "rng": [
    1597244478,
    3215867432
  ],
  "shard_prediction_precision": 0.20114852488040924,
  "shard_prediction_recall": 0.21016666293144226
}