{
  "accs_after_deletion": [
    0.40080001950263977,
    0.38540002703666687,
    0.38920003175735474,
    0.41040003299713135,
    0.3928000330924988,
    0.4058000147342682
  ],
  "accs_before_deletion": [
    0.41260001063346863,
    0.4390000104904175,
    0.42100003361701965,
    0.42340001463890076,
    0.4280000329017639,
    0.40960001945495605
  ],
  "delta": 5.0886316442113006e-05,
  "ensemble_acc_after_deletion": 0.43540000915527344,
  "ensemble_acc_before_deletion": 0.48100003600120544,
  "epsilon": "\u221e",
  "indicator": 1,
  "lengths_after_deletion": [
    4121,
    4031,
    3962,
    4387,
    4479,
    4343
  ],
  "rng": [
    1668667593,
    3242269134
  ],
  "shard_prediction_precision": 0.20831680297851562,
  "shard_prediction_recall": 0.19683332741260529
}