{
  "accs_after_deletion": [
    0.3824000060558319,
    0.3922000229358673,
    0.3776000142097473,
    0.39080002903938293,
    0.38760000467300415,
    0.38860002160072327
  ],
  "accs_before_deletion": [
    0.4284000098705292,
    0.42760002613067627,
    0.43720000982284546,
    0.4238000214099884,
    0.41760000586509705,
    0.41540002822875977
  ],
  "delta": 5.0886316442113006e-05,
  "ensemble_acc_after_deletion": 0.4408000111579895,
  "ensemble_acc_before_deletion": 0.496800035238266,
  "epsilon": "\u221e",
  "indicator": 1,
  "lengths_after_deletion": [
    3296,
    3398,
    3404,
    3699,
    3799,
    3773
  ],
  "rng": [
    167793953,
    2877002932
  ],
  "shard_prediction_precision": 0.20956780016422272,
  "shard_prediction_recall": 0.23254166543483734
}