{
  "accs_after_deletion": [
    0.39180001616477966,
    0.38840001821517944,
    0.3752000033855438,
    0.3890000283718109,
    0.381600022315979,
    0.3856000304222107
  ],
  "accs_before_deletion": [
    0.40960001945495605,
    0.4376000165939331,
    0.4296000301837921,
    0.42080003023147583,
    0.41220003366470337,
    0.4244000315666199
  ],
  "delta": 5.0886316442113006e-05,
  "ensemble_acc_after_deletion": 0.44280001521110535,
  "ensemble_acc_before_deletion": 0.48680001497268677,
  "epsilon": "\u221e",
  "indicator": 1,
  "lengths_after_deletion": [
    3368,
    3278,
    3395,
    3793,
    3679,
    3696
  ],
  "rng": [
    1697566526,
    153717119
  ],
  "shard_prediction_precision": 0.2044716477394104,
  "shard_prediction_recall": 0.22824999690055847
}