{
  "accs_after_deletion": [
    0.3904000222682953,
    0.37620002031326294,
    0.3968000113964081,
    0.38840001821517944,
    0.3888000249862671,
    0.3978000283241272
  ],
  "accs_before_deletion": [
    0.4270000159740448,
    0.4344000220298767,
    0.4246000349521637,
    0.4196000099182129,
    0.4240000247955322,
    0.4074000120162964
  ],
  "delta": 5.0886316442113006e-05,
  "ensemble_acc_after_deletion": 0.44700002670288086,
  "ensemble_acc_before_deletion": 0.47940000891685486,
  "epsilon": "\u221e",
  "indicator": 1,
  "lengths_after_deletion": [
    3590,
    3557,
    3662,
    4092,
    3966,
    4093
  ],
  "rng": [
    1711142432,
    3397733341
  ],
  "shard_prediction_precision": 0.21249999105930328,
  "shard_prediction_recall": 0.22170832753181458
}