{
  "accs_after_deletion": [
    0.3818000257015228,
    0.4142000079154968,
    0.3904000222682953,
    0.4156000316143036,
    0.39560002088546753,
    0.381600022315979
  ],
  "accs_before_deletion": [
    0.4270000159740448,
    0.4318000078201294,
    0.4134000241756439,
    0.42760002613067627,
    0.4368000328540802,
    0.4086000323295593
  ],
  "delta": 5.0886316442113006e-05,
  "ensemble_acc_after_deletion": 0.4464000165462494,
  "ensemble_acc_before_deletion": 0.4928000271320343,
  "epsilon": "\u221e",
  "indicator": 1,
  "lengths_after_deletion": [
    3577,
    3593,
    3562,
    4034,
    3879,
    3918
  ],
  "rng": [
    1714072244,
    923548514
  ],
  "shard_prediction_precision": 0.20599915087223053,
  "shard_prediction_recall": 0.21833333373069763
}