{
  "accs_after_deletion": [
    0.41620001196861267,
    0.40940001606941223,
    0.40220001339912415,
    0.394400030374527,
    0.41760000586509705,
    0.40480002760887146
  ],
  "accs_before_deletion": [
    0.4084000289440155,
    0.41860002279281616,
    0.40420001745224,
    0.4246000349521637,
    0.43720000982284546,
    0.41700002551078796
  ],
  "delta": 5.0886316442113006e-05,
  "ensemble_acc_after_deletion": 0.4626000225543976,
  "ensemble_acc_before_deletion": 0.46960002183914185,
  "epsilon": "\u221e",
  "indicator": 0,
  "lengths_after_deletion": [
    4076,
    4211,
    4126,
    4496,
    4388,
    4515
  ],
  "rng": [
    172356085,
    3342230890
  ],
  "shard_prediction_precision": 0.20700378715991974,
  "shard_prediction_recall": 0.1913750022649765
}