{
  "accs_after_deletion": [
    0.42180001735687256,
    0.40460002422332764,
    0.4214000105857849,
    0.415800005197525,
    0.42260003089904785,
    0.43140003085136414
  ],
  "accs_before_deletion": [
    0.42980003356933594,
    0.41520002484321594,
    0.4180000126361847,
    0.4254000186920166,
    0.4302000105381012,
    0.428600013256073
  ],
  "delta": 5.0886316442113006e-05,
  "ensemble_acc_after_deletion": 0.48000001907348633,
  "ensemble_acc_before_deletion": 0.4984000325202942,
  "epsilon": "\u221e",
  "indicator": 1,
  "lengths_after_deletion": [
    3975,
    4000,
    3942,
    4467,
    4362,
    4355
  ],
  "rng": [
    1773196988,
    3672359200
  ],
  "shard_prediction_precision": 0.21053320169448853,
  "shard_prediction_recall": 0.20087499916553497
}