{
  "accs_after_deletion": [
    0.396200031042099,
    0.40540000796318054,
    0.40380001068115234,
    0.40700000524520874,
    0.39240002632141113,
    0.38440001010894775
  ],
  "accs_before_deletion": [
    0.42000001668930054,
    0.42420002818107605,
    0.42000001668930054,
    0.41540002822875977,
    0.420600026845932,
    0.4002000093460083
  ],
  "delta": 5.0886316442113006e-05,
  "ensemble_acc_after_deletion": 0.4602000117301941,
  "ensemble_acc_before_deletion": 0.48020002245903015,
  "epsilon": "\u221e",
  "indicator": 0,
  "lengths_after_deletion": [
    3893,
    3844,
    3768,
    4173,
    4254,
    4244
  ],
  "rng": [
    1801450726,
    1819231192
  ],
  "shard_prediction_precision": 0.20521323382854462,
  "shard_prediction_recall": 0.20370833575725555
}