{
  "accs_after_deletion": [
    0.40300002694129944,
    0.3792000114917755,
    0.3994000256061554,
    0.3906000256538391,
    0.38700002431869507,
    0.39480000734329224
  ],
  "accs_before_deletion": [
    0.4312000274658203,
    0.42640000581741333,
    0.42080003023147583,
    0.415800005197525,
    0.4190000295639038,
    0.4328000247478485
  ],
  "delta": 5.0886316442113006e-05,
  "ensemble_acc_after_deletion": 0.4496000111103058,
  "ensemble_acc_before_deletion": 0.4910000264644623,
  "epsilon": "\u221e",
  "indicator": 0,
  "lengths_after_deletion": [
    3404,
    3260,
    3477,
    3754,
    3734,
    3738
  ],
  "rng": [
    1822871863,
    4077426104
  ],
  "shard_prediction_precision": 0.2098899930715561,
  "shard_prediction_recall": 0.2329166680574417
}