{
  "accs_after_deletion": [
    0.4076000154018402,
    0.3928000330924988,
    0.3782000243663788,
    0.3880000114440918,
    0.40160003304481506,
    0.39020001888275146
  ],
  "accs_before_deletion": [
    0.41680002212524414,
    0.44120001792907715,
    0.40960001945495605,
    0.41860002279281616,
    0.4174000322818756,
    0.42500001192092896
  ],
  "delta": 5.0886316442113006e-05,
  "ensemble_acc_after_deletion": 0.451200008392334,
  "ensemble_acc_before_deletion": 0.48440003395080566,
  "epsilon": "\u221e",
  "indicator": 1,
  "lengths_after_deletion": [
    4021,
    3948,
    3935,
    4311,
    4318,
    4390
  ],
  "rng": [
    1863076667,
    3261709943
  ],
  "shard_prediction_precision": 0.20470598340034485,
  "shard_prediction_recall": 0.19683332741260529
}