{
  "accs_after_deletion": [
    0.40160003304481506,
    0.40720000863075256,
    0.39740002155303955,
    0.40300002694129944,
    0.39740002155303955,
    0.40720000863075256
  ],
  "accs_before_deletion": [
    0.4140000343322754,
    0.4326000213623047,
    0.4174000322818756,
    0.4244000315666199,
    0.4132000207901001,
    0.42500001192092896
  ],
  "delta": 5.0886316442113006e-05,
  "ensemble_acc_after_deletion": 0.46700000762939453,
  "ensemble_acc_before_deletion": 0.4812000095844269,
  "epsilon": "\u221e",
  "indicator": 1,
  "lengths_after_deletion": [
    3731,
    3716,
    3681,
    4129,
    4059,
    4118
  ],
  "rng": [
    1871107182,
    3439529901
  ],
  "shard_prediction_precision": 0.20243427157402039,
  "shard_prediction_recall": 0.20720833539962769
}