{
  "accs_after_deletion": [
    0.3976000249385834,
    0.39320001006126404,
    0.39000001549720764,
    0.39320001006126404,
    0.3872000277042389,
    0.40300002694129944
  ],
  "accs_before_deletion": [
    0.4134000241756439,
    0.43560001254081726,
    0.40380001068115234,
    0.4212000072002411,
    0.4360000193119049,
    0.426800012588501
  ],
  "delta": 5.0886316442113006e-05,
  "ensemble_acc_after_deletion": 0.44700002670288086,
  "ensemble_acc_before_deletion": 0.4872000217437744,
  "epsilon": "\u221e",
  "indicator": 1,
  "lengths_after_deletion": [
    3604,
    3612,
    3581,
    3904,
    4020,
    3953
  ],
  "rng": [
    1894378933,
    229327903
  ],
  "shard_prediction_precision": 0.20749425888061523,
  "shard_prediction_recall": 0.21895833313465118
}