{
  "accs_after_deletion": [
    0.379800021648407,
    0.38960000872612,
    0.37380000948905945,
    0.37620002031326294,
    0.3848000168800354,
    0.38200002908706665
  ],
  "accs_before_deletion": [
    0.4114000201225281,
    0.4254000186920166,
    0.4142000079154968,
    0.4326000213623047,
    0.4190000295639038,
    0.420600026845932
  ],
  "delta": 5.0886316442113006e-05,
  "ensemble_acc_after_deletion": 0.44460001587867737,
  "ensemble_acc_before_deletion": 0.48260003328323364,
  "epsilon": "\u221e",
  "indicator": 0,
  "lengths_after_deletion": [
    3385,
    3377,
    3447,
    3663,
    3689,
    3828
  ],
  "rng": [
    1938616300,
    1080379747
  ],
  "shard_prediction_precision": 0.20589230954647064,
  "shard_prediction_recall": 0.22829166054725647
}