{
  "accs_after_deletion": [
    0.38940000534057617,
    0.4000000059604645,
    0.38840001821517944,
    0.39500001072883606,
    0.3872000277042389,
    0.40220001339912415
  ],
  "accs_before_deletion": [
    0.42900002002716064,
    0.42580002546310425,
    0.40800002217292786,
    0.42000001668930054,
    0.4084000289440155,
    0.41360002756118774
  ],
  "delta": 5.0886316442113006e-05,
  "ensemble_acc_after_deletion": 0.45260003209114075,
  "ensemble_acc_before_deletion": 0.4740000367164612,
  "epsilon": "\u221e",
  "indicator": 1,
  "lengths_after_deletion": [
    3611,
    3643,
    3639,
    4090,
    4017,
    4002
  ],
  "rng": [
    1955236447,
    532009459
  ],
  "shard_prediction_precision": 0.20393630862236023,
  "shard_prediction_recall": 0.2124166637659073
}