{
  "accs_after_deletion": [
    0.40880000591278076,
    0.4044000208377838,
    0.4004000127315521,
    0.4066000282764435,
    0.36720001697540283,
    0.4004000127315521
  ],
  "accs_before_deletion": [
    0.4212000072002411,
    0.42920002341270447,
    0.4198000133037567,
    0.4272000193595886,
    0.41620001196861267,
    0.42820000648498535
  ],
  "delta": 5.0886316442113006e-05,
  "ensemble_acc_after_deletion": 0.45740002393722534,
  "ensemble_acc_before_deletion": 0.4878000319004059,
  "epsilon": "\u221e",
  "indicator": 0,
  "lengths_after_deletion": [
    3816,
    3734,
    3666,
    4105,
    4129,
    4089
  ],
  "rng": [
    1979703564,
    4004761909
  ],
  "shard_prediction_precision": 0.20690079033374786,
  "shard_prediction_recall": 0.210875004529953
}