{
  "accs_after_deletion": [
    0.40780001878738403,
    0.4026000201702118,
    0.4076000154018402,
    0.39420002698898315,
    0.3954000174999237,
    0.4116000235080719
  ],
  "accs_before_deletion": [
    0.42260003089904785,
    0.4172000288963318,
    0.40700000524520874,
    0.43240001797676086,
    0.4312000274658203,
    0.4204000234603882
  ],
  "delta": 5.0886316442113006e-05,
  "ensemble_acc_after_deletion": 0.46060001850128174,
  "ensemble_acc_before_deletion": 0.480400025844574,
  "epsilon": "\u221e",
  "indicator": 0,
  "lengths_after_deletion": [
    3784,
    3811,
    3869,
    4098,
    4143,
    4106
  ],
  "rng": [
    2027850001,
    2659190999
  ],
  "shard_prediction_precision": 0.20918600261211395,
  "shard_prediction_recall": 0.2108333259820938
}