{
  "accs_after_deletion": [
    0.40780001878738403,
    0.4082000255584717,
    0.38920003175735474,
    0.40400001406669617,
    0.4012000262737274,
    0.40620002150535583
  ],
  "accs_before_deletion": [
    0.4254000186920166,
    0.42180001735687256,
    0.41200003027915955,
    0.4230000078678131,
    0.4310000240802765,
    0.4236000180244446
  ],
  "delta": 5.0886316442113006e-05,
  "ensemble_acc_after_deletion": 0.45440003275871277,
  "ensemble_acc_before_deletion": 0.4796000123023987,
  "epsilon": "\u221e",
  "indicator": 1,
  "lengths_after_deletion": [
    3992,
    3828,
    4061,
    4371,
    4330,
    4251
  ],
  "rng": [
    2029531738,
    3344006409
  ],
  "shard_prediction_precision": 0.20900419354438782,
  "shard_prediction_recall": 0.2017499953508377
}