{
  "accs_after_deletion": [
    0.39660000801086426,
    0.40960001945495605,
    0.39820000529289246,
    0.4086000323295593,
    0.40780001878738403,
    0.38520002365112305
  ],
  "accs_before_deletion": [
    0.4288000166416168,
    0.42760002613067627,
    0.4296000301837921,
    0.41680002212524414,
    0.4198000133037567,
    0.42740002274513245
  ],
  "delta": 5.0886316442113006e-05,
  "ensemble_acc_after_deletion": 0.46000000834465027,
  "ensemble_acc_before_deletion": 0.49220001697540283,
  "epsilon": "\u221e",
  "indicator": 0,
  "lengths_after_deletion": [
    3829,
    3825,
    3824,
    4161,
    4209,
    4158
  ],
  "rng": [
    2127953748,
    3190331935
  ],
  "shard_prediction_precision": 0.20405100286006927,
  "shard_prediction_recall": 0.20399999618530273
}