{
  "accs_after_deletion": [
    0.4090000092983246,
    0.4058000147342682,
    0.394400030374527,
    0.4050000309944153,
    0.40420001745224,
    0.38960000872612
  ],
  "accs_before_deletion": [
    0.4124000072479248,
    0.4148000180721283,
    0.4252000153064728,
    0.42480000853538513,
    0.4366000294685364,
    0.42320001125335693
  ],
  "delta": 5.0886316442113006e-05,
  "ensemble_acc_after_deletion": 0.45740002393722534,
  "ensemble_acc_before_deletion": 0.4862000346183777,
  "epsilon": "\u221e",
  "indicator": 0,
  "lengths_after_deletion": [
    3624,
    3729,
    3592,
    4000,
    3969,
    4088
  ],
  "rng": [
    2239449553,
    20907463
  ],
  "shard_prediction_precision": 0.2042563408613205,
  "shard_prediction_recall": 0.21275000274181366
}