{
  "accs_after_deletion": [
    0.3928000330924988,
    0.40780001878738403,
    0.40300002694129944,
    0.39180001616477966,
    0.38840001821517944,
    0.3938000202178955
  ],
  "accs_before_deletion": [
    0.43140003085136414,
    0.42320001125335693,
    0.4278000295162201,
    0.42900002002716064,
    0.4252000153064728,
    0.4174000322818756
  ],
  "delta": 5.0886316442113006e-05,
  "ensemble_acc_after_deletion": 0.4586000144481659,
  "ensemble_acc_before_deletion": 0.4848000109195709,
  "epsilon": "\u221e",
  "indicator": 0,
  "lengths_after_deletion": [
    3450,
    3513,
    3412,
    3766,
    3759,
    3894
  ],
  "rng": [
    2292092797,
    3731252256
  ],
  "shard_prediction_precision": 0.2033885419368744,
  "shard_prediction_recall": 0.22208333015441895
}