{
  "accs_after_deletion": [
    0.406000018119812,
    0.4058000147342682,
    0.4044000208377838,
    0.4018000066280365,
    0.40880000591278076,
    0.4036000072956085
  ],
  "accs_before_deletion": [
    0.4310000240802765,
    0.4302000105381012,
    0.42980003356933594,
    0.4300000071525574,
    0.4280000329017639,
    0.41220003366470337
  ],
  "delta": 5.0886316442113006e-05,
  "ensemble_acc_after_deletion": 0.45900002121925354,
  "ensemble_acc_before_deletion": 0.4926000237464905,
  "epsilon": "\u221e",
  "indicator": 0,
  "lengths_after_deletion": [
    4011,
    3940,
    3927,
    4313,
    4378,
    4362
  ],
  "rng": [
    2339321561,
    668864526
  ],
  "shard_prediction_precision": 0.21370670199394226,
  "shard_prediction_recall": 0.20541666448116302
}