{
  "accs_after_deletion": [
    0.40880000591278076,
    0.39080002903938293,
    0.40540000796318054,
    0.3970000147819519,
    0.39560002088546753,
    0.4010000228881836
  ],
  "accs_before_deletion": [
    0.430400013923645,
    0.42500001192092896,
    0.4140000343322754,
    0.406000018119812,
    0.4198000133037567,
    0.41280001401901245
  ],
  "delta": 5.0886316442113006e-05,
  "ensemble_acc_after_deletion": 0.45740002393722534,
  "ensemble_acc_before_deletion": 0.4750000238418579,
  "epsilon": "\u221e",
  "indicator": 0,
  "lengths_after_deletion": [
    3888,
    3782,
    3805,
    4132,
    4154,
    4251
  ],
  "rng": [
    234343181,
    3927783149
  ],
  "shard_prediction_precision": 0.20560280978679657,
  "shard_prediction_recall": 0.20549999177455902
}