{
  "accs_after_deletion": [
    0.4034000337123871,
    0.4010000228881836,
    0.41880002617836,
    0.4092000126838684,
    0.3912000060081482,
    0.4148000180721283
  ],
  "accs_before_deletion": [
    0.41700002551078796,
    0.43300002813339233,
    0.43380001187324524,
    0.43560001254081726,
    0.4240000247955322,
    0.42260003089904785
  ],
  "delta": 5.0886316442113006e-05,
  "ensemble_acc_after_deletion": 0.45980003476142883,
  "ensemble_acc_before_deletion": 0.49340003728866577,
  "epsilon": "\u221e",
  "indicator": 0,
  "lengths_after_deletion": [
    3770,
    3864,
    3795,
    4151,
    4176,
    4125
  ],
  "rng": [
    2351135079,
    2309023581
  ],
  "shard_prediction_precision": 0.20626890659332275,
  "shard_prediction_recall": 0.20729166269302368
}