{
  "accs_after_deletion": [
    0.38940000534057617,
    0.4066000282764435,
    0.3912000060081482,
    0.4012000262737274,
    0.3912000060081482,
    0.39260002970695496
  ],
  "accs_before_deletion": [
    0.41260001063346863,
    0.41840001940727234,
    0.4148000180721283,
    0.40140002965927124,
    0.4302000105381012,
    0.41600000858306885
  ],
  "delta": 5.0886316442113006e-05,
  "ensemble_acc_after_deletion": 0.44780001044273376,
  "ensemble_acc_before_deletion": 0.4726000130176544,
  "epsilon": "\u221e",
  "indicator": 0,
  "lengths_after_deletion": [
    3762,
    3632,
    3724,
    4156,
    4118,
    4053
  ],
  "rng": [
    2414019529,
    621486965
  ],
  "shard_prediction_precision": 0.2080635279417038,
  "shard_prediction_recall": 0.21287499368190765
}