{
  "accs_after_deletion": [
    0.37060001492500305,
    0.3766000270843506,
    0.3806000053882599,
    0.3806000053882599,
    0.3904000222682953,
    0.3848000168800354
  ],
  "accs_before_deletion": [
    0.4214000105857849,
    0.43480002880096436,
    0.4376000165939331,
    0.4284000098705292,
    0.41360002756118774,
    0.4172000288963318
  ],
  "delta": 5.0886316442113006e-05,
  "ensemble_acc_after_deletion": 0.43080002069473267,
  "ensemble_acc_before_deletion": 0.4870000183582306,
  "epsilon": "\u221e",
  "indicator": 1,
  "lengths_after_deletion": [
    3313,
    3267,
    3274,
    3689,
    3640,
    3650
  ],
  "rng": [
    2427339674,
    2294154570
  ],
  "shard_prediction_precision": 0.20546987652778625,
  "shard_prediction_recall": 0.23258332908153534
}