{
  "accs_after_deletion": [
    0.38920003175735474,
    0.40160003304481506,
    0.40940001606941223,
    0.3954000174999237,
    0.4026000201702118,
    0.39340001344680786
  ],
  "accs_before_deletion": [
    0.42260003089904785,
    0.4318000078201294,
    0.4244000315666199,
    0.4058000147342682,
    0.4050000309944153,
    0.420600026845932
  ],
  "delta": 5.0886316442113006e-05,
  "ensemble_acc_after_deletion": 0.453000009059906,
  "ensemble_acc_before_deletion": 0.48180001974105835,
  "epsilon": "\u221e",
  "indicator": 0,
  "lengths_after_deletion": [
    3800,
    3763,
    3892,
    4223,
    4300,
    4254
  ],
  "rng": [
    2428427431,
    4232083614
  ],
  "shard_prediction_precision": 0.20893637835979462,
  "shard_prediction_recall": 0.2069166600704193
}