{
  "accs_after_deletion": [
    0.4124000072479248,
    0.391400009393692,
    0.4028000235557556,
    0.4108000099658966,
    0.3970000147819519,
    0.41040003299713135
  ],
  "accs_before_deletion": [
    0.41920003294944763,
    0.4278000295162201,
    0.42580002546310425,
    0.4300000071525574,
    0.4166000187397003,
    0.4238000214099884
  ],
  "delta": 5.0886316442113006e-05,
  "ensemble_acc_after_deletion": 0.4642000198364258,
  "ensemble_acc_before_deletion": 0.4790000319480896,
  "epsilon": "\u221e",
  "indicator": 1,
  "lengths_after_deletion": [
    4048,
    3998,
    4065,
    4419,
    4387,
    4483
  ],
  "rng": [
    2446558181,
    193368680
  ],
  "shard_prediction_precision": 0.2054867148399353,
  "shard_prediction_recall": 0.19349999725818634
}