{
  "accs_after_deletion": [
    0.40300002694129944,
    0.3880000114440918,
    0.39420002698898315,
    0.39660000801086426,
    0.39180001616477966,
    0.3814000189304352
  ],
  "accs_before_deletion": [
    0.4284000098705292,
    0.4270000159740448,
    0.42580002546310425,
    0.4174000322818756,
    0.41680002212524414,
    0.4220000207424164
  ],
  "delta": 5.0886316442113006e-05,
  "ensemble_acc_after_deletion": 0.44600000977516174,
  "ensemble_acc_before_deletion": 0.4862000346183777,
  "epsilon": "\u221e",
  "indicator": 0,
  "lengths_after_deletion": [
    3879,
    3909,
    3836,
    4278,
    4221,
    4235
  ],
  "rng": [
    2465953863,
    2554515727
  ],
  "shard_prediction_precision": 0.20814652740955353,
  "shard_prediction_recall": 0.20504166185855865
}