{
  "accs_after_deletion": [
    0.3904000222682953,
    0.39320001006126404,
    0.39580002427101135,
    0.38280001282691956,
    0.394400030374527,
    0.3862000107765198
  ],
  "accs_before_deletion": [
    0.43220001459121704,
    0.43320003151893616,
    0.4240000247955322,
    0.42900002002716064,
    0.41680002212524414,
    0.4246000349521637
  ],
  "delta": 5.0886316442113006e-05,
  "ensemble_acc_after_deletion": 0.4522000253200531,
  "ensemble_acc_before_deletion": 0.48840001225471497,
  "epsilon": "\u221e",
  "indicator": 0,
  "lengths_after_deletion": [
    3369,
    3415,
    3416,
    3660,
    3672,
    3813
  ],
  "rng": [
    2509003640,
    3819688711
  ],
  "shard_prediction_precision": 0.20427685976028442,
  "shard_prediction_recall": 0.22687499225139618
}