{
  "accs_after_deletion": [
    0.3968000113964081,
    0.4034000337123871,
    0.39980003237724304,
    0.4020000100135803,
    0.4082000255584717,
    0.4058000147342682
  ],
  "accs_before_deletion": [
    0.43140003085136414,
    0.42160001397132874,
    0.4172000288963318,
    0.4086000323295593,
    0.4106000065803528,
    0.40800002217292786
  ],
  "delta": 5.0886316442113006e-05,
  "ensemble_acc_after_deletion": 0.44940000772476196,
  "ensemble_acc_before_deletion": 0.469400018453598,
  "epsilon": "\u221e",
  "indicator": 1,
  "lengths_after_deletion": [
    3642,
    3579,
    3527,
    3900,
    3974,
    3864
  ],
  "rng": [
    2535001176,
    1579959781
  ],
  "shard_prediction_precision": 0.20145802199840546,
  "shard_prediction_recall": 0.21416667103767395
}