{
  "accs_after_deletion": [
    0.3922000229358673,
    0.3928000330924988,
    0.39160001277923584,
    0.4066000282764435,
    0.3938000202178955,
    0.38760000467300415
  ],
  "accs_before_deletion": [
    0.43080002069473267,
    0.43220001459121704,
    0.41880002617836,
    0.42160001397132874,
    0.4230000078678131,
    0.42020002007484436
  ],
  "delta": 5.0886316442113006e-05,
  "ensemble_acc_after_deletion": 0.4536000192165375,
  "ensemble_acc_before_deletion": 0.4896000325679779,
  "epsilon": "\u221e",
  "indicator": 1,
  "lengths_after_deletion": [
    3880,
    3770,
    3806,
    4195,
    4305,
    4148
  ],
  "rng": [
    2623156241,
    2198789975
  ],
  "shard_prediction_precision": 0.2123786360025406,
  "shard_prediction_recall": 0.21145832538604736
}