{
  "accs_after_deletion": [
    0.4012000262737274,
    0.39980003237724304,
    0.3988000154495239,
    0.39580002427101135,
    0.39740002155303955,
    0.4004000127315521
  ],
  "accs_before_deletion": [
    0.42420002818107605,
    0.43220001459121704,
    0.42580002546310425,
    0.42260003089904785,
    0.42180001735687256,
    0.4262000322341919
  ],
  "delta": 5.0886316442113006e-05,
  "ensemble_acc_after_deletion": 0.4472000300884247,
  "ensemble_acc_before_deletion": 0.4878000319004059,
  "epsilon": "\u221e",
  "indicator": 0,
  "lengths_after_deletion": [
    3689,
    3836,
    3634,
    4070,
    4043,
    4131
  ],
  "rng": [
    2651266791,
    634453772
  ],
  "shard_prediction_precision": 0.20478105545043945,
  "shard_prediction_recall": 0.20987500250339508
}