{
  "accs_after_deletion": [
    0.3726000189781189,
    0.355400025844574,
    0.3808000087738037,
    0.3848000168800354,
    0.38420000672340393,
    0.3822000324726105
  ],
  "accs_before_deletion": [
    0.43480002880096436,
    0.43240001797676086,
    0.41780000925064087,
    0.4228000342845917,
    0.3992000222206116,
    0.41680002212524414
  ],
  "delta": 5.0886316442113006e-05,
  "ensemble_acc_after_deletion": 0.44360002875328064,
  "ensemble_acc_before_deletion": 0.4780000150203705,
  "epsilon": "\u221e",
  "indicator": 1,
  "lengths_after_deletion": [
    3555,
    3482,
    3515,
    3863,
    3842,
    3843
  ],
  "rng": [
    2707485188,
    2114204722
  ],
  "shard_prediction_precision": 0.20386101305484772,
  "shard_prediction_recall": 0.2199999988079071
}