{
  "accs_after_deletion": [
    0.40460002422332764,
    0.4052000045776367,
    0.4114000201225281,
    0.3936000168323517,
    0.3938000202178955,
    0.41440001130104065
  ],
  "accs_before_deletion": [
    0.4256000220775604,
    0.42080003023147583,
    0.41940000653266907,
    0.4100000262260437,
    0.42760002613067627,
    0.42980003356933594
  ],
  "delta": 5.0886316442113006e-05,
  "ensemble_acc_after_deletion": 0.4620000123977661,
  "ensemble_acc_before_deletion": 0.4862000346183777,
  "epsilon": "\u221e",
  "indicator": 0,
  "lengths_after_deletion": [
    3681,
    3701,
    3635,
    4062,
    3990,
    4089
  ],
  "rng": [
    276068149,
    287774073
  ],
  "shard_prediction_precision": 0.20163434743881226,
  "shard_prediction_recall": 0.20870833098888397
}