{
  "accs_after_deletion": [
    0.3840000033378601,
    0.3814000189304352,
    0.38020002841949463,
    0.3922000229358673,
    0.3752000033855438,
    0.4052000045776367
  ],
  "accs_before_deletion": [
    0.41600000858306885,
    0.4408000111579895,
    0.4254000186920166,
    0.40880000591278076,
    0.4318000078201294,
    0.42480000853538513
  ],
  "delta": 5.0886316442113006e-05,
  "ensemble_acc_after_deletion": 0.4504000246524811,
  "ensemble_acc_before_deletion": 0.4904000163078308,
  "epsilon": "\u221e",
  "indicator": 1,
  "lengths_after_deletion": [
    3565,
    3423,
    3506,
    3803,
    3887,
    3861
  ],
  "rng": [
    2769407156,
    1863360480
  ],
  "shard_prediction_precision": 0.2059718817472458,
  "shard_prediction_recall": 0.2227499932050705
}