{
  "accs_after_deletion": [
    0.4116000235080719,
    0.4106000065803528,
    0.3994000256061554,
    0.40320003032684326,
    0.40240001678466797,
    0.4028000235557556
  ],
  "accs_before_deletion": [
    0.42020002007484436,
    0.4326000213623047,
    0.430400013923645,
    0.4134000241756439,
    0.40640002489089966,
    0.4288000166416168
  ],
  "delta": 5.0886316442113006e-05,
  "ensemble_acc_after_deletion": 0.47040003538131714,
  "ensemble_acc_before_deletion": 0.4830000102519989,
  "epsilon": "\u221e",
  "indicator": 0,
  "lengths_after_deletion": [
    4064,
    3958,
    3899,
    4203,
    4281,
    4394
  ],
  "rng": [
    279568088,
    3223721821
  ],
  "shard_prediction_precision": 0.2058963030576706,
  "shard_prediction_recall": 0.19904166460037231
}