{
  "accs_after_deletion": [
    0.3800000250339508,
    0.39260002970695496,
    0.38860002160072327,
    0.3960000276565552,
    0.3922000229358673,
    0.40060001611709595
  ],
  "accs_before_deletion": [
    0.4222000241279602,
    0.4222000241279602,
    0.42480000853538513,
    0.41260001063346863,
    0.42180001735687256,
    0.43300002813339233
  ],
  "delta": 5.0886316442113006e-05,
  "ensemble_acc_after_deletion": 0.45820000767707825,
  "ensemble_acc_before_deletion": 0.4918000102043152,
  "epsilon": "\u221e",
  "indicator": 1,
  "lengths_after_deletion": [
    3752,
    3511,
    3644,
    3936,
    3986,
    4024
  ],
  "rng": [
    2820325829,
    2312488369
  ],
  "shard_prediction_precision": 0.2086133509874344,
  "shard_prediction_recall": 0.21858333051204681
}