{
  "accs_after_deletion": [
    0.40300002694129944,
    0.4058000147342682,
    0.40700000524520874,
    0.4058000147342682,
    0.39980003237724304,
    0.39000001549720764
  ],
  "accs_before_deletion": [
    0.4196000099182129,
    0.43640002608299255,
    0.4254000186920166,
    0.42920002341270447,
    0.41880002617836,
    0.42920002341270447
  ],
  "delta": 5.0886316442113006e-05,
  "ensemble_acc_after_deletion": 0.4642000198364258,
  "ensemble_acc_before_deletion": 0.4904000163078308,
  "epsilon": "\u221e",
  "indicator": 0,
  "lengths_after_deletion": [
    3852,
    3792,
    3876,
    4242,
    4125,
    4271
  ],
  "rng": [
    2858881703,
    2481243334
  ],
  "shard_prediction_precision": 0.20677796006202698,
  "shard_prediction_recall": 0.20541666448116302
}