{
  "accs_after_deletion": [
    0.40620002150535583,
    0.38380002975463867,
    0.4026000201702118,
    0.3904000222682953,
    0.396200031042099,
    0.3882000148296356
  ],
  "accs_before_deletion": [
    0.4310000240802765,
    0.43560001254081726,
    0.4190000295639038,
    0.4386000335216522,
    0.42340001463890076,
    0.41440001130104065
  ],
  "delta": 5.0886316442113006e-05,
  "ensemble_acc_after_deletion": 0.4464000165462494,
  "ensemble_acc_before_deletion": 0.48260003328323364,
  "epsilon": "\u221e",
  "indicator": 0,
  "lengths_after_deletion": [
    4016,
    4037,
    3987,
    4225,
    4339,
    4364
  ],
  "rng": [
    2898524865,
    2315232615
  ],
  "shard_prediction_precision": 0.20137201249599457,
  "shard_prediction_recall": 0.19325000047683716
}