{
  "accs_after_deletion": [
    0.41380003094673157,
    0.4010000228881836,
    0.3954000174999237,
    0.3968000113964081,
    0.3866000175476074,
    0.3928000330924988
  ],
  "accs_before_deletion": [
    0.4320000112056732,
    0.4326000213623047,
    0.42020002007484436,
    0.4114000201225281,
    0.443200021982193,
    0.4350000321865082
  ],
  "delta": 5.0886316442113006e-05,
  "ensemble_acc_after_deletion": 0.45260003209114075,
  "ensemble_acc_before_deletion": 0.48500001430511475,
  "epsilon": "\u221e",
  "indicator": 0,
  "lengths_after_deletion": [
    3859,
    3681,
    3777,
    4329,
    4080,
    4208
  ],
  "rng": [
    3018147639,
    751829397
  ],
  "shard_prediction_precision": 0.20751267671585083,
  "shard_prediction_recall": 0.20808333158493042
}