{
  "accs_after_deletion": [
    0.4052000045776367,
    0.4074000120162964,
    0.40060001611709595,
    0.4142000079154968,
    0.4098000228404999,
    0.4090000092983246
  ],
  "accs_before_deletion": [
    0.4204000234603882,
    0.41880002617836,
    0.4310000240802765,
    0.41200003027915955,
    0.4296000301837921,
    0.4106000065803528
  ],
  "delta": 5.0886316442113006e-05,
  "ensemble_acc_after_deletion": 0.469400018453598,
  "ensemble_acc_before_deletion": 0.4820000231266022,
  "epsilon": "\u221e",
  "indicator": 1,
  "lengths_after_deletion": [
    3858,
    3743,
    3772,
    4175,
    4093,
    4173
  ],
  "rng": [
    3058578645,
    2276726565
  ],
  "shard_prediction_precision": 0.20619367063045502,
  "shard_prediction_recall": 0.20779167115688324
}