{
  "accs_after_deletion": [
    0.41520002484321594,
    0.4180000126361847,
    0.3936000168323517,
    0.40800002217292786,
    0.4052000045776367,
    0.4214000105857849
  ],
  "accs_before_deletion": [
    0.42980003356933594,
    0.4238000214099884,
    0.42080003023147583,
    0.4174000322818756,
    0.4228000342845917,
    0.42000001668930054
  ],
  "delta": 5.0886316442113006e-05,
  "ensemble_acc_after_deletion": 0.4690000116825104,
  "ensemble_acc_before_deletion": 0.4872000217437744,
  "epsilon": "\u221e",
  "indicator": 1,
  "lengths_after_deletion": [
    3855,
    3805,
    3758,
    4240,
    4179,
    4072
  ],
  "rng": [
    3065821620,
    1760056586
  ],
  "shard_prediction_precision": 0.20845958590507507,
  "shard_prediction_recall": 0.20925000309944153
}