{
  "accs_after_deletion": [
    0.40960001945495605,
    0.40140002965927124,
    0.41220003366470337,
    0.40620002150535583,
    0.41380003094673157,
    0.40480002760887146
  ],
  "accs_before_deletion": [
    0.4108000099658966,
    0.41380003094673157,
    0.4058000147342682,
    0.4150000214576721,
    0.41920003294944763,
    0.43340003490448
  ],
  "delta": 5.0886316442113006e-05,
  "ensemble_acc_after_deletion": 0.4644000232219696,
  "ensemble_acc_before_deletion": 0.4824000298976898,
  "epsilon": "\u221e",
  "indicator": 1,
  "lengths_after_deletion": [
    4187,
    4189,
    4204,
    4520,
    4595,
    4479
  ],
  "rng": [
    3092960814,
    4101402212
  ],
  "shard_prediction_precision": 0.20246495306491852,
  "shard_prediction_recall": 0.18412499129772186
}