{
  "accs_after_deletion": [
    0.3952000141143799,
    0.4026000201702118,
    0.387800008058548,
    0.41360002756118774,
    0.4180000126361847,
    0.3952000141143799
  ],
  "accs_before_deletion": [
    0.4164000153541565,
    0.43080002069473267,
    0.42020002007484436,
    0.41780000925064087,
    0.41040003299713135,
    0.4118000268936157
  ],
  "delta": 5.0886316442113006e-05,
  "ensemble_acc_after_deletion": 0.457800030708313,
  "ensemble_acc_before_deletion": 0.47700002789497375,
  "epsilon": "\u221e",
  "indicator": 1,
  "lengths_after_deletion": [
    3745,
    3650,
    3654,
    4047,
    3959,
    4082
  ],
  "rng": [
    3100195195,
    2170623515
  ],
  "shard_prediction_precision": 0.20283152163028717,
  "shard_prediction_recall": 0.21012499928474426
}