{
  "accs_after_deletion": [
    0.4010000228881836,
    0.40480002760887146,
    0.4082000255584717,
    0.41260001063346863,
    0.40460002422332764,
    0.4058000147342682
  ],
  "accs_before_deletion": [
    0.42420002818107605,
    0.4256000220775604,
    0.41700002551078796,
    0.42740002274513245,
    0.42740002274513245,
    0.41440001130104065
  ],
  "delta": 5.0886316442113006e-05,
  "ensemble_acc_after_deletion": 0.46380001306533813,
  "ensemble_acc_before_deletion": 0.48820000886917114,
  "epsilon": "\u221e",
  "indicator": 1,
  "lengths_after_deletion": [
    4138,
    4200,
    4189,
    4480,
    4633,
    4597
  ],
  "rng": [
    3104515508,
    2444996198
  ],
  "shard_prediction_precision": 0.20695677399635315,
  "shard_prediction_recall": 0.18766666948795319
}