{
  "accs_after_deletion": [
    0.4058000147342682,
    0.4010000228881836,
    0.4034000337123871,
    0.4236000180244446,
    0.3976000249385834,
    0.3996000289916992
  ],
  "accs_before_deletion": [
    0.42760002613067627,
    0.41700002551078796,
    0.4074000120162964,
    0.42740002274513245,
    0.43080002069473267,
    0.4134000241756439
  ],
  "delta": 5.0886316442113006e-05,
  "ensemble_acc_after_deletion": 0.4646000266075134,
  "ensemble_acc_before_deletion": 0.4806000292301178,
  "epsilon": "\u221e",
  "indicator": 1,
  "lengths_after_deletion": [
    3982,
    4059,
    3957,
    4440,
    4328,
    4387
  ],
  "rng": [
    310750455,
    1085160174
  ],
  "shard_prediction_precision": 0.210443377494812,
  "shard_prediction_recall": 0.20033332705497742
}