{
  "accs_after_deletion": [
    0.4222000241279602,
    0.40780001878738403,
    0.41120001673698425,
    0.4166000187397003,
    0.4294000267982483,
    0.41540002822875977
  ],
  "accs_before_deletion": [
    0.4196000099182129,
    0.4214000105857849,
    0.41100001335144043,
    0.4424000084400177,
    0.4172000288963318,
    0.42260003089904785
  ],
  "delta": 5.0886316442113006e-05,
  "ensemble_acc_after_deletion": 0.48420003056526184,
  "ensemble_acc_before_deletion": 0.48660001158714294,
  "epsilon": "\u221e",
  "indicator": 1,
  "lengths_after_deletion": [
    4033,
    3993,
    4043,
    4484,
    4422,
    4404
  ],
  "rng": [
    3188313377,
    585030749
  ],
  "shard_prediction_precision": 0.2109544277191162,
  "shard_prediction_recall": 0.19883333146572113
}