{
  "accs_after_deletion": [
    0.4000000059604645,
    0.4100000262260437,
    0.39580002427101135,
    0.41120001673698425,
    0.4082000255584717,
    0.41100001335144043
  ],
  "accs_before_deletion": [
    0.4204000234603882,
    0.42340001463890076,
    0.4236000180244446,
    0.4222000241279602,
    0.4300000071525574,
    0.4256000220775604
  ],
  "delta": 5.0886316442113006e-05,
  "ensemble_acc_after_deletion": 0.46820002794265747,
  "ensemble_acc_before_deletion": 0.48980003595352173,
  "epsilon": "\u221e",
  "indicator": 1,
  "lengths_after_deletion": [
    4157,
    4117,
    4190,
    4588,
    4547,
    4493
  ],
  "rng": [
    3206728778,
    3550100172
  ],
  "shard_prediction_precision": 0.20385247468948364,
  "shard_prediction_recall": 0.1860833317041397
}