{
  "accs_after_deletion": [
    0.4146000146865845,
    0.39240002632141113,
    0.4124000072479248,
    0.4010000228881836,
    0.40380001068115234,
    0.4164000153541565
  ],
  "accs_before_deletion": [
    0.42480000853538513,
    0.41520002484321594,
    0.41880002617836,
    0.4198000133037567,
    0.4124000072479248,
    0.4244000315666199
  ],
  "delta": 5.0886316442113006e-05,
  "ensemble_acc_after_deletion": 0.45280003547668457,
  "ensemble_acc_before_deletion": 0.4766000211238861,
  "epsilon": "\u221e",
  "indicator": 1,
  "lengths_after_deletion": [
    3888,
    3974,
    3977,
    4310,
    4258,
    4415
  ],
  "rng": [
    3243201070,
    3992346857
  ],
  "shard_prediction_precision": 0.20484943687915802,
  "shard_prediction_recall": 0.1978333294391632
}