{
  "accs_after_deletion": [
    0.4212000072002411,
    0.4132000207901001,
    0.4132000207901001,
    0.4130000174045563,
    0.4180000126361847,
    0.4280000329017639
  ],
  "accs_before_deletion": [
    0.41940000653266907,
    0.4254000186920166,
    0.4124000072479248,
    0.42080003023147583,
    0.44200003147125244,
    0.42600002884864807
  ],
  "delta": 5.0886316442113006e-05,
  "ensemble_acc_after_deletion": 0.47440001368522644,
  "ensemble_acc_before_deletion": 0.48500001430511475,
  "epsilon": "\u221e",
  "indicator": 1,
  "lengths_after_deletion": [
    4050,
    3940,
    3918,
    4362,
    4375,
    4205
  ],
  "rng": [
    3248255652,
    3520323224
  ],
  "shard_prediction_precision": 0.20155508816242218,
  "shard_prediction_recall": 0.19441667199134827
}