{
  "accs_after_deletion": [
    0.39560002088546753,
    0.398000031709671,
    0.396200031042099,
    0.3882000148296356,
    0.3840000033378601,
    0.39260002970695496
  ],
  "accs_before_deletion": [
    0.4360000193119049,
    0.41700002551078796,
    0.42180001735687256,
    0.4256000220775604,
    0.43460002541542053,
    0.4134000241756439
  ],
  "delta": 5.0886316442113006e-05,
  "ensemble_acc_after_deletion": 0.45280003547668457,
  "ensemble_acc_before_deletion": 0.4886000156402588,
  "epsilon": "\u221e",
  "indicator": 0,
  "lengths_after_deletion": [
    3540,
    3559,
    3559,
    4045,
    3862,
    3905
  ],
  "rng": [
    3259760498,
    3598868971
  ],
  "shard_prediction_precision": 0.20477870106697083,
  "shard_prediction_recall": 0.21783332526683807
}