{
  "accs_after_deletion": [
    0.3800000250339508,
    0.38920003175735474,
    0.3882000148296356,
    0.3938000202178955,
    0.37720000743865967,
    0.38760000467300415
  ],
  "accs_before_deletion": [
    0.4312000274658203,
    0.4392000138759613,
    0.41260001063346863,
    0.4132000207901001,
    0.40720000863075256,
    0.41280001401901245
  ],
  "delta": 5.0886316442113006e-05,
  "ensemble_acc_after_deletion": 0.44520002603530884,
  "ensemble_acc_before_deletion": 0.48820000886917114,
  "epsilon": "\u221e",
  "indicator": 1,
  "lengths_after_deletion": [
    3384,
    3448,
    3499,
    3803,
    3732,
    3890
  ],
  "rng": [
    3311073239,
    2693957570
  ],
  "shard_prediction_precision": 0.2056851089000702,
  "shard_prediction_recall": 0.22491666674613953
}