{
  "accs_after_deletion": [
    0.41220003366470337,
    0.3992000222206116,
    0.4034000337123871,
    0.4012000262737274,
    0.394400030374527,
    0.40480002760887146
  ],
  "accs_before_deletion": [
    0.43720000982284546,
    0.4252000153064728,
    0.4244000315666199,
    0.4296000301837921,
    0.42160001397132874,
    0.41260001063346863
  ],
  "delta": 5.0886316442113006e-05,
  "ensemble_acc_after_deletion": 0.45760002732276917,
  "ensemble_acc_before_deletion": 0.4848000109195709,
  "epsilon": "\u221e",
  "indicator": 0,
  "lengths_after_deletion": [
    3712,
    3514,
    3668,
    3988,
    4011,
    3930
  ],
  "rng": [
    3335452189,
    3926129716
  ],
  "shard_prediction_precision": 0.20212893187999725,
  "shard_prediction_recall": 0.21204166114330292
}