{
  "accs_after_deletion": [
    0.4068000316619873,
    0.39240002632141113,
    0.3864000141620636,
    0.40400001406669617,
    0.40080001950263977,
    0.4058000147342682
  ],
  "accs_before_deletion": [
    0.4252000153064728,
    0.4180000126361847,
    0.41620001196861267,
    0.41260001063346863,
    0.4228000342845917,
    0.4256000220775604
  ],
  "delta": 5.0886316442113006e-05,
  "ensemble_acc_after_deletion": 0.45000001788139343,
  "ensemble_acc_before_deletion": 0.4816000163555145,
  "epsilon": "\u221e",
  "indicator": 1,
  "lengths_after_deletion": [
    3408,
    3346,
    3408,
    3765,
    3818,
    3753
  ],
  "rng": [
    3397632104,
    2663218021
  ],
  "shard_prediction_precision": 0.20341859757900238,
  "shard_prediction_recall": 0.22462499141693115
}