{
  "accs_after_deletion": [
    0.3628000319004059,
    0.35120001435279846,
    0.36080002784729004,
    0.36180001497268677,
    0.3680000305175781,
    0.381600022315979
  ],
  "accs_before_deletion": [
    0.40940001606941223,
    0.4238000214099884,
    0.41220003366470337,
    0.40880000591278076,
    0.41760000586509705,
    0.42760002613067627
  ],
  "delta": 5.0886316442113006e-05,
  "ensemble_acc_after_deletion": 0.4222000241279602,
  "ensemble_acc_before_deletion": 0.48340001702308655,
  "epsilon": "\u221e",
  "indicator": 1,
  "lengths_after_deletion": [
    3045,
    3112,
    3085,
    3413,
    3481,
    3428
  ],
  "rng": [
    3400337085,
    2030711259
  ],
  "shard_prediction_precision": 0.20414263010025024,
  "shard_prediction_recall": 0.24187499284744263
}