{
  "accs_after_deletion": [
    0.38520002365112305,
    0.40220001339912415,
    0.38540002703666687,
    0.398000031709671,
    0.40800002217292786,
    0.3928000330924988
  ],
  "accs_before_deletion": [
    0.41700002551078796,
    0.4196000099182129,
    0.42420002818107605,
    0.42640000581741333,
    0.430400013923645,
    0.4296000301837921
  ],
  "delta": 5.0886316442113006e-05,
  "ensemble_acc_after_deletion": 0.4626000225543976,
  "ensemble_acc_before_deletion": 0.4958000183105469,
  "epsilon": "\u221e",
  "indicator": 1,
  "lengths_after_deletion": [
    3299,
    3362,
    3399,
    3715,
    3669,
    3784
  ],
  "rng": [
    3413346086,
    987031526
  ],
  "shard_prediction_precision": 0.20274914801120758,
  "shard_prediction_recall": 0.22616666555404663
}