{
  "accs_after_deletion": [
    0.40560001134872437,
    0.39980003237724304,
    0.40780001878738403,
    0.4124000072479248,
    0.4018000066280365,
    0.3898000121116638
  ],
  "accs_before_deletion": [
    0.4302000105381012,
    0.4280000329017639,
    0.42900002002716064,
    0.4124000072479248,
    0.42920002341270447,
    0.4296000301837921
  ],
  "delta": 5.0886316442113006e-05,
  "ensemble_acc_after_deletion": 0.45820000767707825,
  "ensemble_acc_before_deletion": 0.48360002040863037,
  "epsilon": "\u221e",
  "indicator": 0,
  "lengths_after_deletion": [
    4114,
    3991,
    4075,
    4397,
    4473,
    4469
  ],
  "rng": [
    3435340519,
    1516850444
  ],
  "shard_prediction_precision": 0.2050175666809082,
  "shard_prediction_recall": 0.19204166531562805
}