{
  "accs_after_deletion": [
    0.40560001134872437,
    0.4020000100135803,
    0.40420001745224,
    0.4082000255584717,
    0.4018000066280365,
    0.4010000228881836
  ],
  "accs_before_deletion": [
    0.40800002217292786,
    0.415800005197525,
    0.42100003361701965,
    0.41860002279281616,
    0.42000001668930054,
    0.4288000166416168
  ],
  "delta": 5.0886316442113006e-05,
  "ensemble_acc_after_deletion": 0.46400001645088196,
  "ensemble_acc_before_deletion": 0.4792000353336334,
  "epsilon": "\u221e",
  "indicator": 0,
  "lengths_after_deletion": [
    4213,
    4237,
    4203,
    4567,
    4617,
    4582
  ],
  "rng": [
    3448212250,
    2314762803
  ],
  "shard_prediction_precision": 0.2031879872083664,
  "shard_prediction_recall": 0.18270833790302277
}