{
  "accs_after_deletion": [
    0.4272000193595886,
    0.4204000234603882,
    0.4222000241279602,
    0.41540002822875977,
    0.4084000289440155,
    0.4220000207424164
  ],
  "accs_before_deletion": [
    0.42100003361701965,
    0.4244000315666199,
    0.41920003294944763,
    0.43560001254081726,
    0.4300000071525574,
    0.42240002751350403
  ],
  "delta": 5.0886316442113006e-05,
  "ensemble_acc_after_deletion": 0.4772000312805176,
  "ensemble_acc_before_deletion": 0.48680001497268677,
  "epsilon": "\u221e",
  "indicator": 0,
  "lengths_after_deletion": [
    4026,
    3968,
    3957,
    4391,
    4309,
    4347
  ],
  "rng": [
    3489565872,
    2489182129
  ],
  "shard_prediction_precision": 0.20546038448810577,
  "shard_prediction_recall": 0.19691666960716248
}