{
  "accs_after_deletion": [
    0.39260002970695496,
    0.4020000100135803,
    0.4026000201702118,
    0.4134000241756439,
    0.40700000524520874,
    0.40780001878738403
  ],
  "accs_before_deletion": [
    0.420600026845932,
    0.4142000079154968,
    0.4228000342845917,
    0.4272000193595886,
    0.4124000072479248,
    0.42100003361701965
  ],
  "delta": 5.0886316442113006e-05,
  "ensemble_acc_after_deletion": 0.45840001106262207,
  "ensemble_acc_before_deletion": 0.48680001497268677,
  "epsilon": "\u221e",
  "indicator": 1,
  "lengths_after_deletion": [
    4142,
    3995,
    4070,
    4513,
    4494,
    4524
  ],
  "rng": [
    3499002576,
    2388452609
  ],
  "shard_prediction_precision": 0.2059563398361206,
  "shard_prediction_recall": 0.19104166328907013
}