{
  "accs_after_deletion": [
    0.38380002975463867,
    0.41280001401901245,
    0.3846000134944916,
    0.39640000462532043,
    0.4010000228881836,
    0.4108000099658966
  ],
  "accs_before_deletion": [
    0.4244000315666199,
    0.41940000653266907,
    0.41380003094673157,
    0.4240000247955322,
    0.4270000159740448,
    0.41120001673698425
  ],
  "delta": 5.0886316442113006e-05,
  "ensemble_acc_after_deletion": 0.45320001244544983,
  "ensemble_acc_before_deletion": 0.4820000231266022,
  "epsilon": "\u221e",
  "indicator": 1,
  "lengths_after_deletion": [
    3911,
    3993,
    4014,
    4243,
    4297,
    4178
  ],
  "rng": [
    3507046261,
    2635616415
  ],
  "shard_prediction_precision": 0.20206299424171448,
  "shard_prediction_recall": 0.1967083364725113
}