{
  "accs_after_deletion": [
    0.4132000207901001,
    0.4150000214576721,
    0.4156000316143036,
    0.42480000853538513,
    0.41380003094673157,
    0.4108000099658966
  ],
  "accs_before_deletion": [
    0.4280000329017639,
    0.42000001668930054,
    0.4100000262260437,
    0.4098000228404999,
    0.42000001668930054,
    0.4270000159740448
  ],
  "delta": 5.0886316442113006e-05,
  "ensemble_acc_after_deletion": 0.4702000319957733,
  "ensemble_acc_before_deletion": 0.47140002250671387,
  "epsilon": "\u221e",
  "indicator": 1,
  "lengths_after_deletion": [
    4128,
    4153,
    4206,
    4576,
    4561,
    4560
  ],
  "rng": [
    3519348076,
    1600824196
  ],
  "shard_prediction_precision": 0.20342868566513062,
  "shard_prediction_recall": 0.1849166601896286
}