{
  "accs_after_deletion": [
    0.41200003027915955,
    0.4098000228404999,
    0.42340001463890076,
    0.40640002489089966,
    0.40940001606941223,
    0.4010000228881836
  ],
  "accs_before_deletion": [
    0.4246000349521637,
    0.426800012588501,
    0.4134000241756439,
    0.4280000329017639,
    0.4100000262260437,
    0.4302000105381012
  ],
  "delta": 5.0886316442113006e-05,
  "ensemble_acc_after_deletion": 0.46980002522468567,
  "ensemble_acc_before_deletion": 0.47540003061294556,
  "epsilon": "\u221e",
  "indicator": 0,
  "lengths_after_deletion": [
    4282,
    4226,
    4292,
    4627,
    4613,
    4645
  ],
  "rng": [
    3528349984,
    2960872887
  ],
  "shard_prediction_precision": 0.20525451004505157,
  "shard_prediction_recall": 0.1822916716337204
}