{
  "accs_after_deletion": [
    0.3906000256538391,
    0.3930000066757202,
    0.38200002908706665,
    0.3954000174999237,
    0.37320002913475037,
    0.37940001487731934
  ],
  "accs_before_deletion": [
    0.42600002884864807,
    0.4302000105381012,
    0.4278000295162201,
    0.42600002884864807,
    0.4294000267982483,
    0.42500001192092896
  ],
  "delta": 5.0886316442113006e-05,
  "ensemble_acc_after_deletion": 0.4426000118255615,
  "ensemble_acc_before_deletion": 0.49900001287460327,
  "epsilon": "\u221e",
  "indicator": 0,
  "lengths_after_deletion": [
    3573,
    3478,
    3430,
    3843,
    3859,
    3965
  ],
  "rng": [
    3540227237,
    2419581976
  ],
  "shard_prediction_precision": 0.20288565754890442,
  "shard_prediction_recall": 0.21854166686534882
}