{
  "accs_after_deletion": [
    0.3928000330924988,
    0.3928000330924988,
    0.39180001616477966,
    0.39480000734329224,
    0.3890000283718109,
    0.3928000330924988
  ],
  "accs_before_deletion": [
    0.4240000247955322,
    0.426800012588501,
    0.4174000322818756,
    0.4166000187397003,
    0.42320001125335693,
    0.40880000591278076
  ],
  "delta": 5.0886316442113006e-05,
  "ensemble_acc_after_deletion": 0.44700002670288086,
  "ensemble_acc_before_deletion": 0.4790000319480896,
  "epsilon": "\u221e",
  "indicator": 0,
  "lengths_after_deletion": [
    3740,
    3805,
    3787,
    4211,
    4008,
    4208
  ],
  "rng": [
    3699007404,
    4149225439
  ],
  "shard_prediction_precision": 0.2073759287595749,
  "shard_prediction_recall": 0.2094583362340927
}