{
  "accs_after_deletion": [
    0.3928000330924988,
    0.3994000256061554,
    0.383400022983551,
    0.38120001554489136,
    0.3904000222682953,
    0.38920003175735474
  ],
  "accs_before_deletion": [
    0.4312000274658203,
    0.4278000295162201,
    0.4252000153064728,
    0.43720000982284546,
    0.4228000342845917,
    0.4102000296115875
  ],
  "delta": 5.0886316442113006e-05,
  "ensemble_acc_after_deletion": 0.4458000063896179,
  "ensemble_acc_before_deletion": 0.4808000326156616,
  "epsilon": "\u221e",
  "indicator": 0,
  "lengths_after_deletion": [
    3694,
    3632,
    3687,
    4085,
    4115,
    3986
  ],
  "rng": [
    3702309890,
    1122822740
  ],
  "shard_prediction_precision": 0.20499174296855927,
  "shard_prediction_recall": 0.21183332800865173
}