{
  "accs_after_deletion": [
    0.3920000195503235,
    0.39560002088546753,
    0.3938000202178955,
    0.39580002427101135,
    0.41360002756118774,
    0.3930000066757202
  ],
  "accs_before_deletion": [
    0.42820000648498535,
    0.44680002331733704,
    0.4406000077724457,
    0.41760000586509705,
    0.4214000105857849,
    0.4246000349521637
  ],
  "delta": 5.0886316442113006e-05,
  "ensemble_acc_after_deletion": 0.4520000219345093,
  "ensemble_acc_before_deletion": 0.484000027179718,
  "epsilon": "\u221e",
  "indicator": 1,
  "lengths_after_deletion": [
    3757,
    3714,
    3759,
    4170,
    4001,
    4117
  ],
  "rng": [
    3717615704,
    4171227454
  ],
  "shard_prediction_precision": 0.2070092409849167,
  "shard_prediction_recall": 0.21116666495800018
}