{
  "accs_after_deletion": [
    0.3874000310897827,
    0.3684000074863434,
    0.3628000319004059,
    0.3784000277519226,
    0.3644000291824341,
    0.3818000257015228
  ],
  "accs_before_deletion": [
    0.42080003023147583,
    0.4230000078678131,
    0.41700002551078796,
    0.43080002069473267,
    0.41040003299713135,
    0.41380003094673157
  ],
  "delta": 5.0886316442113006e-05,
  "ensemble_acc_after_deletion": 0.4328000247478485,
  "ensemble_acc_before_deletion": 0.4766000211238861,
  "epsilon": "\u221e",
  "indicator": 1,
  "lengths_after_deletion": [
    3428,
    3384,
    3449,
    3860,
    3817,
    3802
  ],
  "rng": [
    3726102580,
    2129291484
  ],
  "shard_prediction_precision": 0.20338919758796692,
  "shard_prediction_recall": 0.2225416600704193
}