{
  "accs_after_deletion": [
    0.38540002703666687,
    0.3686000108718872,
    0.37880000472068787,
    0.4020000100135803,
    0.39240002632141113,
    0.38380002975463867
  ],
  "accs_before_deletion": [
    0.4240000247955322,
    0.4204000234603882,
    0.4288000166416168,
    0.43340003490448,
    0.43320003151893616,
    0.41280001401901245
  ],
  "delta": 5.0886316442113006e-05,
  "ensemble_acc_after_deletion": 0.4392000138759613,
  "ensemble_acc_before_deletion": 0.49540001153945923,
  "epsilon": "\u221e",
  "indicator": 1,
  "lengths_after_deletion": [
    3437,
    3380,
    3440,
    3789,
    3782,
    3862
  ],
  "rng": [
    3752316751,
    2474809049
  ],
  "shard_prediction_precision": 0.20653744041919708,
  "shard_prediction_recall": 0.2264166623353958
}