{
  "accs_after_deletion": [
    0.3874000310897827,
    0.39500001072883606,
    0.4058000147342682,
    0.3976000249385834,
    0.37300002574920654,
    0.396200031042099
  ],
  "accs_before_deletion": [
    0.4228000342845917,
    0.4284000098705292,
    0.42340001463890076,
    0.42180001735687256,
    0.4130000174045563,
    0.41360002756118774
  ],
  "delta": 5.0886316442113006e-05,
  "ensemble_acc_after_deletion": 0.4458000063896179,
  "ensemble_acc_before_deletion": 0.48100003600120544,
  "epsilon": "\u221e",
  "indicator": 0,
  "lengths_after_deletion": [
    3682,
    3677,
    3696,
    4050,
    4022,
    4088
  ],
  "rng": [
    3771427688,
    4165559990
  ],
  "shard_prediction_precision": 0.2020980566740036,
  "shard_prediction_recall": 0.20870833098888397
}