{
  "accs_after_deletion": [
    0.4082000255584717,
    0.40160003304481506,
    0.3906000256538391,
    0.39320001006126404,
    0.39500001072883606,
    0.3888000249862671
  ],
  "accs_before_deletion": [
    0.4228000342845917,
    0.43400001525878906,
    0.4204000234603882,
    0.42660000920295715,
    0.40220001339912415,
    0.41780000925064087
  ],
  "delta": 5.0886316442113006e-05,
  "ensemble_acc_after_deletion": 0.4474000334739685,
  "ensemble_acc_before_deletion": 0.4766000211238861,
  "epsilon": "\u221e",
  "indicator": 0,
  "lengths_after_deletion": [
    3649,
    3595,
    3718,
    4007,
    4047,
    4060
  ],
  "rng": [
    3799266928,
    1788572544
  ],
  "shard_prediction_precision": 0.20538435876369476,
  "shard_prediction_recall": 0.21329165995121002
}