{
  "accs_after_deletion": [
    0.4092000126838684,
    0.41940000653266907,
    0.4034000337123871,
    0.40720000863075256,
    0.42160001397132874,
    0.40300002694129944
  ],
  "accs_before_deletion": [
    0.4244000315666199,
    0.4198000133037567,
    0.41600000858306885,
    0.41380003094673157,
    0.42500001192092896,
    0.41920003294944763
  ],
  "delta": 5.0886316442113006e-05,
  "ensemble_acc_after_deletion": 0.4732000231742859,
  "ensemble_acc_before_deletion": 0.46880000829696655,
  "epsilon": "\u221e",
  "indicator": 0,
  "lengths_after_deletion": [
    4195,
    4192,
    4087,
    4536,
    4573,
    4409
  ],
  "rng": [
    3805806530,
    330166824
  ],
  "shard_prediction_precision": 0.20310795307159424,
  "shard_prediction_recall": 0.1862500011920929
}