{
  "accs_after_deletion": [
    0.38360002636909485,
    0.37960001826286316,
    0.3758000135421753,
    0.40320003032684326,
    0.3976000249385834,
    0.40720000863075256
  ],
  "accs_before_deletion": [
    0.4164000153541565,
    0.4310000240802765,
    0.4196000099182129,
    0.415800005197525,
    0.41360002756118774,
    0.4382000267505646
  ],
  "delta": 5.0886316442113006e-05,
  "ensemble_acc_after_deletion": 0.44680002331733704,
  "ensemble_acc_before_deletion": 0.4878000319004059,
  "epsilon": "\u221e",
  "indicator": 1,
  "lengths_after_deletion": [
    3659,
    3694,
    3583,
    3953,
    4111,
    4015
  ],
  "rng": [
    3871876311,
    3716043365
  ],
  "shard_prediction_precision": 0.20620371401309967,
  "shard_prediction_recall": 0.21466666460037231
}