{
  "accs_after_deletion": [
    0.3930000066757202,
    0.36900001764297485,
    0.3696000277996063,
    0.37480002641677856,
    0.37720000743865967,
    0.39080002903938293
  ],
  "accs_before_deletion": [
    0.43160003423690796,
    0.41220003366470337,
    0.420600026845932,
    0.4214000105857849,
    0.4166000187397003,
    0.42240002751350403
  ],
  "delta": 5.0886316442113006e-05,
  "ensemble_acc_after_deletion": 0.4280000329017639,
  "ensemble_acc_before_deletion": 0.4798000156879425,
  "epsilon": "\u221e",
  "indicator": 1,
  "lengths_after_deletion": [
    3507,
    3538,
    3580,
    3858,
    3864,
    3884
  ],
  "rng": [
    3911637089,
    4203801792
  ],
  "shard_prediction_precision": 0.20051223039627075,
  "shard_prediction_recall": 0.21529166400432587
}