{
  "accs_after_deletion": [
    0.394400030374527,
    0.38840001821517944,
    0.37800002098083496,
    0.39240002632141113,
    0.3850000202655792,
    0.40160003304481506
  ],
  "accs_before_deletion": [
    0.41380003094673157,
    0.43140003085136414,
    0.4222000241279602,
    0.4220000207424164,
    0.40400001406669617,
    0.4326000213623047
  ],
  "delta": 5.0886316442113006e-05,
  "ensemble_acc_after_deletion": 0.4482000172138214,
  "ensemble_acc_before_deletion": 0.47140002250671387,
  "epsilon": "\u221e",
  "indicator": 1,
  "lengths_after_deletion": [
    3311,
    3267,
    3194,
    3728,
    3508,
    3661
  ],
  "rng": [
    3931493989,
    3653633824
  ],
  "shard_prediction_precision": 0.20493212342262268,
  "shard_prediction_recall": 0.23337499797344208
}