{
  "accs_after_deletion": [
    0.40800002217292786,
    0.4036000072956085,
    0.4108000099658966,
    0.40940001606941223,
    0.4052000045776367,
    0.41040003299713135
  ],
  "accs_before_deletion": [
    0.426800012588501,
    0.42180001735687256,
    0.4238000214099884,
    0.4198000133037567,
    0.4230000078678131,
    0.4100000262260437
  ],
  "delta": 5.0886316442113006e-05,
  "ensemble_acc_after_deletion": 0.46060001850128174,
  "ensemble_acc_before_deletion": 0.48340001702308655,
  "epsilon": "\u221e",
  "indicator": 1,
  "lengths_after_deletion": [
    4271,
    4196,
    4327,
    4567,
    4589,
    4590
  ],
  "rng": [
    3975970920,
    2936027856
  ],
  "shard_prediction_precision": 0.20862068235874176,
  "shard_prediction_recall": 0.18654166162014008
}