{
  "accs_after_deletion": [
    0.4124000072479248,
    0.39820000529289246,
    0.41840001940727234,
    0.41880002617836,
    0.4118000268936157,
    0.41280001401901245
  ],
  "accs_before_deletion": [
    0.4238000214099884,
    0.43060001730918884,
    0.41920003294944763,
    0.4174000322818756,
    0.4256000220775604,
    0.43240001797676086
  ],
  "delta": 5.0886316442113006e-05,
  "ensemble_acc_after_deletion": 0.467600017786026,
  "ensemble_acc_before_deletion": 0.48520001769065857,
  "epsilon": "\u221e",
  "indicator": 1,
  "lengths_after_deletion": [
    4143,
    4135,
    4036,
    4481,
    4459,
    4486
  ],
  "rng": [
    400478310,
    3761843684
  ],
  "shard_prediction_precision": 0.20489667356014252,
  "shard_prediction_recall": 0.1900416612625122
}