{
  "accs_after_deletion": [
    0.40700000524520874,
    0.40480002760887146,
    0.40420001745224,
    0.4148000180721283,
    0.42000001668930054,
    0.4036000072956085
  ],
  "accs_before_deletion": [
    0.4196000099182129,
    0.4002000093460083,
    0.4228000342845917,
    0.4278000295162201,
    0.4278000295162201,
    0.41540002822875977
  ],
  "delta": 5.0886316442113006e-05,
  "ensemble_acc_after_deletion": 0.4612000286579132,
  "ensemble_acc_before_deletion": 0.4748000204563141,
  "epsilon": "\u221e",
  "indicator": 1,
  "lengths_after_deletion": [
    3760,
    3840,
    3786,
    4145,
    4166,
    4156
  ],
  "rng": [
    4049439568,
    1259622003
  ],
  "shard_prediction_precision": 0.20524288713932037,
  "shard_prediction_recall": 0.20649999380111694
}