{
  "accs_after_deletion": [
    0.3930000066757202,
    0.40960001945495605,
    0.4076000154018402,
    0.3970000147819519,
    0.39340001344680786,
    0.40800002217292786
  ],
  "accs_before_deletion": [
    0.42000001668930054,
    0.4214000105857849,
    0.43560001254081726,
    0.42240002751350403,
    0.4300000071525574,
    0.43060001730918884
  ],
  "delta": 5.0886316442113006e-05,
  "ensemble_acc_after_deletion": 0.4514000117778778,
  "ensemble_acc_before_deletion": 0.4886000156402588,
  "epsilon": "\u221e",
  "indicator": 0,
  "lengths_after_deletion": [
    3701,
    3646,
    3735,
    4034,
    4074,
    4022
  ],
  "rng": [
    4050028025,
    2163464901
  ],
  "shard_prediction_precision": 0.20578505098819733,
  "shard_prediction_recall": 0.21254166960716248
}