{
  "accs_after_deletion": [
    0.36560001969337463,
    0.37220001220703125,
    0.36400002241134644,
    0.37960001826286316,
    0.3700000047683716,
    0.37560001015663147
  ],
  "accs_before_deletion": [
    0.43220001459121704,
    0.4272000193595886,
    0.41680002212524414,
    0.4254000186920166,
    0.41260001063346863,
    0.42420002818107605
  ],
  "delta": 5.0886316442113006e-05,
  "ensemble_acc_after_deletion": 0.4228000342845917,
  "ensemble_acc_before_deletion": 0.48440003395080566,
  "epsilon": "\u221e",
  "indicator": 1,
  "lengths_after_deletion": [
    3324,
    3318,
    3292,
    3740,
    3710,
    3627
  ],
  "rng": [
    4056205078,
    712539719
  ],
  "shard_prediction_precision": 0.20137834548950195,
  "shard_prediction_recall": 0.2264583259820938
}