{
  "accs_after_deletion": [
    0.3468000292778015,
    0.36420002579689026,
    0.3538000285625458,
    0.38420000672340393,
    0.3562000095844269,
    0.3720000088214874
  ],
  "accs_before_deletion": [
    0.4398000240325928,
    0.41940000653266907,
    0.4220000207424164,
    0.43220001459121704,
    0.41920003294944763,
    0.41760000586509705
  ],
  "delta": 5.0886316442113006e-05,
  "ensemble_acc_after_deletion": 0.4262000322341919,
  "ensemble_acc_before_deletion": 0.4886000156402588,
  "epsilon": "\u221e",
  "indicator": 1,
  "lengths_after_deletion": [
    3096,
    3139,
    3158,
    3487,
    3577,
    3428
  ],
  "rng": [
    4065284889,
    1477134859
  ],
  "shard_prediction_precision": 0.2081095576286316,
  "shard_prediction_recall": 0.24379166960716248
}