{
  "accs_after_deletion": [
    0.4102000296115875,
    0.4074000120162964,
    0.4236000180244446,
    0.3906000256538391,
    0.4130000174045563,
    0.3994000256061554
  ],
  "accs_before_deletion": [
    0.41280001401901245,
    0.4238000214099884,
    0.4196000099182129,
    0.443200021982193,
    0.42900002002716064,
    0.4246000349521637
  ],
  "delta": 5.0886316442113006e-05,
  "ensemble_acc_after_deletion": 0.46800002455711365,
  "ensemble_acc_before_deletion": 0.4864000082015991,
  "epsilon": "\u221e",
  "indicator": 0,
  "lengths_after_deletion": [
    4355,
    4301,
    4291,
    4740,
    4594,
    4603
  ],
  "rng": [
    4066288236,
    1290837768
  ],
  "shard_prediction_precision": 0.20349498093128204,
  "shard_prediction_recall": 0.17904166877269745
}