{
  "accs_after_deletion": [
    0.3968000113964081,
    0.3880000114440918,
    0.39500001072883606,
    0.39320001006126404,
    0.39560002088546753,
    0.37480002641677856
  ],
  "accs_before_deletion": [
    0.41920003294944763,
    0.4262000322341919,
    0.4270000159740448,
    0.42180001735687256,
    0.44220003485679626,
    0.4204000234603882
  ],
  "delta": 5.0886316442113006e-05,
  "ensemble_acc_after_deletion": 0.4524000287055969,
  "ensemble_acc_before_deletion": 0.4888000190258026,
  "epsilon": "\u221e",
  "indicator": 0,
  "lengths_after_deletion": [
    3244,
    3333,
    3245,
    3617,
    3656,
    3649
  ],
  "rng": [
    4082523471,
    1843821994
  ],
  "shard_prediction_precision": 0.20975197851657867,
  "shard_prediction_recall": 0.2382083237171173
}