{
  "accs_after_deletion": [
    0.4134000241756439,
    0.40800002217292786,
    0.394400030374527,
    0.39820000529289246,
    0.39240002632141113,
    0.3880000114440918
  ],
  "accs_before_deletion": [
    0.4360000193119049,
    0.435200035572052,
    0.42920002341270447,
    0.4320000112056732,
    0.4252000153064728,
    0.40940001606941223
  ],
  "delta": 5.0886316442113006e-05,
  "ensemble_acc_after_deletion": 0.44860002398490906,
  "ensemble_acc_before_deletion": 0.49060001969337463,
  "epsilon": "\u221e",
  "indicator": 0,
  "lengths_after_deletion": [
    3766,
    3669,
    3715,
    4038,
    4144,
    4074
  ],
  "rng": [
    40856751,
    1234299081
  ],
  "shard_prediction_precision": 0.2017565369606018,
  "shard_prediction_recall": 0.20674999058246613
}