{
  "accs_after_deletion": [
    0.3814000189304352,
    0.39640000462532043,
    0.3684000074863434,
    0.3814000189304352,
    0.3898000121116638,
    0.391400009393692
  ],
  "accs_before_deletion": [
    0.41280001401901245,
    0.42180001735687256,
    0.43160003423690796,
    0.41040003299713135,
    0.41620001196861267,
    0.41840001940727234
  ],
  "delta": 5.0886316442113006e-05,
  "ensemble_acc_after_deletion": 0.435200035572052,
  "ensemble_acc_before_deletion": 0.4824000298976898,
  "epsilon": "\u221e",
  "indicator": 1,
  "lengths_after_deletion": [
    3457,
    3312,
    3302,
    3646,
    3753,
    3671
  ],
  "rng": [
    410804042,
    2621687781
  ],
  "shard_prediction_precision": 0.20142224431037903,
  "shard_prediction_recall": 0.2254166603088379
}