{
  "accs_after_deletion": [
    0.4010000228881836,
    0.4036000072956085,
    0.4198000133037567,
    0.39640000462532043,
    0.4166000187397003,
    0.41200003027915955
  ],
  "accs_before_deletion": [
    0.40720000863075256,
    0.44300001859664917,
    0.42480000853538513,
    0.4092000126838684,
    0.4342000186443329,
    0.42260003089904785
  ],
  "delta": 5.0886316442113006e-05,
  "ensemble_acc_after_deletion": 0.45500001311302185,
  "ensemble_acc_before_deletion": 0.48900002241134644,
  "epsilon": "\u221e",
  "indicator": 1,
  "lengths_after_deletion": [
    3956,
    4037,
    3981,
    4185,
    4447,
    4391
  ],
  "rng": [
    4111070294,
    1605519316
  ],
  "shard_prediction_precision": 0.20779898762702942,
  "shard_prediction_recall": 0.1991666704416275
}