{
  "accs_after_deletion": [
    0.40940001606941223,
    0.415800005197525,
    0.4134000241756439,
    0.41940000653266907,
    0.41380003094673157,
    0.4068000316619873
  ],
  "accs_before_deletion": [
    0.43160003423690796,
    0.42760002613067627,
    0.4114000201225281,
    0.42180001735687256,
    0.430400013923645,
    0.4146000146865845
  ],
  "delta": 5.0886316442113006e-05,
  "ensemble_acc_after_deletion": 0.4700000286102295,
  "ensemble_acc_before_deletion": 0.4870000183582306,
  "epsilon": "\u221e",
  "indicator": 1,
  "lengths_after_deletion": [
    4118,
    4016,
    4121,
    4469,
    4431,
    4442
  ],
  "rng": [
    415602492,
    1745584365
  ],
  "shard_prediction_precision": 0.20622238516807556,
  "shard_prediction_recall": 0.19249999523162842
}