{
  "accs_after_deletion": [
    0.3978000283241272,
    0.4068000316619873,
    0.41220003366470337,
    0.4002000093460083,
    0.4130000174045563,
    0.4052000045776367
  ],
  "accs_before_deletion": [
    0.42240002751350403,
    0.43340003490448,
    0.43400001525878906,
    0.41840001940727234,
    0.4222000241279602,
    0.428600013256073
  ],
  "delta": 5.0886316442113006e-05,
  "ensemble_acc_after_deletion": 0.4610000252723694,
  "ensemble_acc_before_deletion": 0.48760002851486206,
  "epsilon": "\u221e",
  "indicator": 1,
  "lengths_after_deletion": [
    3804,
    3831,
    3963,
    4191,
    4218,
    4205
  ],
  "rng": [
    4169396385,
    863649085
  ],
  "shard_prediction_precision": 0.20480914413928986,
  "shard_prediction_recall": 0.2029999941587448
}