{
  "accs_after_deletion": [
    0.367000013589859,
    0.3696000277996063,
    0.3856000304222107,
    0.3604000210762024,
    0.37620002031326294,
    0.36720001697540283
  ],
  "accs_before_deletion": [
    0.43160003423690796,
    0.42160001397132874,
    0.4204000234603882,
    0.41620001196861267,
    0.4390000104904175,
    0.4296000301837921
  ],
  "delta": 5.0886316442113006e-05,
  "ensemble_acc_after_deletion": 0.4220000207424164,
  "ensemble_acc_before_deletion": 0.4756000339984894,
  "epsilon": "\u221e",
  "indicator": 0,
  "lengths_after_deletion": [
    3403,
    3344,
    3319,
    3669,
    3763,
    3648
  ],
  "rng": [
    4186232703,
    1588029579
  ],
  "shard_prediction_precision": 0.20309823751449585,
  "shard_prediction_recall": 0.22724999487400055
}