{
  "accs_after_deletion": [
    0.3928000330924988,
    0.40480002760887146,
    0.40160003304481506,
    0.39640000462532043,
    0.38600000739097595,
    0.379800021648407
  ],
  "accs_before_deletion": [
    0.42160001397132874,
    0.43560001254081726,
    0.39820000529289246,
    0.42600002884864807,
    0.4182000160217285,
    0.4172000288963318
  ],
  "delta": 5.0886316442113006e-05,
  "ensemble_acc_after_deletion": 0.4514000117778778,
  "ensemble_acc_before_deletion": 0.4780000150203705,
  "epsilon": "\u221e",
  "indicator": 0,
  "lengths_after_deletion": [
    3774,
    3765,
    3848,
    4248,
    4054,
    4250
  ],
  "rng": [
    4199445988,
    3177856020
  ],
  "shard_prediction_precision": 0.20718175172805786,
  "shard_prediction_recall": 0.20770832896232605
}