{
  "accs_after_deletion": [
    0.40480002760887146,
    0.4066000282764435,
    0.4180000126361847,
    0.39100003242492676,
    0.4000000059604645,
    0.39740002155303955
  ],
  "accs_before_deletion": [
    0.42020002007484436,
    0.4302000105381012,
    0.42080003023147583,
    0.4390000104904175,
    0.42640000581741333,
    0.42480000853538513
  ],
  "delta": 5.0886316442113006e-05,
  "ensemble_acc_after_deletion": 0.4572000205516815,
  "ensemble_acc_before_deletion": 0.48680001497268677,
  "epsilon": "\u221e",
  "indicator": 0,
  "lengths_after_deletion": [
    3996,
    4088,
    4031,
    4301,
    4384,
    4411
  ],
  "rng": [
    4224221047,
    3048212219
  ],
  "shard_prediction_precision": 0.20606432855129242,
  "shard_prediction_recall": 0.19566667079925537
}