{
  "accs_after_deletion": [
    0.40300002694129944,
    0.39180001616477966,
    0.3972000181674957,
    0.4052000045776367,
    0.42640000581741333,
    0.40880000591278076
  ],
  "accs_before_deletion": [
    0.43560001254081726,
    0.4294000267982483,
    0.4238000214099884,
    0.4098000228404999,
    0.4508000314235687,
    0.42900002002716064
  ],
  "delta": 5.0886316442113006e-05,
  "ensemble_acc_after_deletion": 0.4588000178337097,
  "ensemble_acc_before_deletion": 0.48520001769065857,
  "epsilon": "\u221e",
  "indicator": 1,
  "lengths_after_deletion": [
    4042,
    3999,
    3921,
    4304,
    4379,
    4465
  ],
  "rng": [
    423738519,
    1885629222
  ],
  "shard_prediction_precision": 0.20965486764907837,
  "shard_prediction_recall": 0.19995832443237305
}