{
  "accs_after_deletion": [
    0.40540000796318054,
    0.396200031042099,
    0.40400001406669617,
    0.3866000175476074,
    0.3856000304222107,
    0.3938000202178955
  ],
  "accs_before_deletion": [
    0.44040003418922424,
    0.4146000146865845,
    0.4294000267982483,
    0.4342000186443329,
    0.4238000214099884,
    0.4280000329017639
  ],
  "delta": 5.0886316442113006e-05,
  "ensemble_acc_after_deletion": 0.4580000340938568,
  "ensemble_acc_before_deletion": 0.48760002851486206,
  "epsilon": "\u221e",
  "indicator": 0,
  "lengths_after_deletion": [
    3763,
    3666,
    3689,
    4157,
    4175,
    4100
  ],
  "rng": [
    4249800000,
    3442446573
  ],
  "shard_prediction_precision": 0.21374233067035675,
  "shard_prediction_recall": 0.21774999797344208
}