{
  "accs_after_deletion": [
    0.3846000134944916,
    0.391400009393692,
    0.3866000175476074,
    0.3792000114917755,
    0.3920000195503235,
    0.4052000045776367
  ],
  "accs_before_deletion": [
    0.4236000180244446,
    0.435200035572052,
    0.4288000166416168,
    0.42980003356933594,
    0.428600013256073,
    0.42340001463890076
  ],
  "delta": 5.0886316442113006e-05,
  "ensemble_acc_after_deletion": 0.4490000307559967,
  "ensemble_acc_before_deletion": 0.4910000264644623,
  "epsilon": "\u221e",
  "indicator": 1,
  "lengths_after_deletion": [
    3809,
    3714,
    3790,
    4195,
    4085,
    4094
  ],
  "rng": [
    4265310003,
    2196391852
  ],
  "shard_prediction_precision": 0.20474644005298615,
  "shard_prediction_recall": 0.20741666853427887
}