{
  "accs_after_deletion": [
    0.41200003027915955,
    0.4002000093460083,
    0.40160003304481506,
    0.3946000039577484,
    0.4102000296115875,
    0.4036000072956085
  ],
  "accs_before_deletion": [
    0.4212000072002411,
    0.4246000349521637,
    0.42240002751350403,
    0.40720000863075256,
    0.4114000201225281,
    0.43160003423690796
  ],
  "delta": 5.0886316442113006e-05,
  "ensemble_acc_after_deletion": 0.46480002999305725,
  "ensemble_acc_before_deletion": 0.47940000891685486,
  "epsilon": "\u221e",
  "indicator": 0,
  "lengths_after_deletion": [
    3980,
    3826,
    3952,
    4279,
    4361,
    4314
  ],
  "rng": [
    4290261682,
    165607808
  ],
  "shard_prediction_precision": 0.20542769134044647,
  "shard_prediction_recall": 0.1993333250284195
}