{
  "accs_after_deletion": [
    0.4118000268936157,
    0.39560002088546753,
    0.3994000256061554,
    0.39900001883506775,
    0.40940001606941223,
    0.4002000093460083
  ],
  "accs_before_deletion": [
    0.4230000078678131,
    0.42240002751350403,
    0.42420002818107605,
    0.42240002751350403,
    0.41700002551078796,
    0.42980003356933594
  ],
  "delta": 5.0886316442113006e-05,
  "ensemble_acc_after_deletion": 0.45260003209114075,
  "ensemble_acc_before_deletion": 0.4750000238418579,
  "epsilon": "\u221e",
  "indicator": 1,
  "lengths_after_deletion": [
    3990,
    3929,
    3955,
    4416,
    4485,
    4294
  ],
  "rng": [
    4325566,
    1370807773
  ],
  "shard_prediction_precision": 0.20661985874176025,
  "shard_prediction_recall": 0.19741666316986084
}