{
  "accs_after_deletion": [
    0.40320003032684326,
    0.4098000228404999,
    0.40940001606941223,
    0.4076000154018402,
    0.4102000296115875,
    0.41120001673698425
  ],
  "accs_before_deletion": [
    0.43220001459121704,
    0.4326000213623047,
    0.4328000247478485,
    0.435200035572052,
    0.41840001940727234,
    0.4106000065803528
  ],
  "delta": 5.0886316442113006e-05,
  "ensemble_acc_after_deletion": 0.46980002522468567,
  "ensemble_acc_before_deletion": 0.49660003185272217,
  "epsilon": "\u221e",
  "indicator": 1,
  "lengths_after_deletion": [
    4093,
    3945,
    4208,
    4416,
    4439,
    4426
  ],
  "rng": [
    47467230,
    3131870170
  ],
  "shard_prediction_precision": 0.205001562833786,
  "shard_prediction_recall": 0.19195833802223206
}