{
  "accs_after_deletion": [
    0.41100001335144043,
    0.41380003094673157,
    0.4084000289440155,
    0.3986000120639801,
    0.4050000309944153,
    0.39160001277923584
  ],
  "accs_before_deletion": [
    0.4312000274658203,
    0.40700000524520874,
    0.42420002818107605,
    0.4244000315666199,
    0.4164000153541565,
    0.42180001735687256
  ],
  "delta": 5.0886316442113006e-05,
  "ensemble_acc_after_deletion": 0.45580002665519714,
  "ensemble_acc_before_deletion": 0.4764000177383423,
  "epsilon": "\u221e",
  "indicator": 0,
  "lengths_after_deletion": [
    3820,
    3596,
    3593,
    4089,
    3978,
    4076
  ],
  "rng": [
    541533159,
    3187119728
  ],
  "shard_prediction_precision": 0.20556987822055817,
  "shard_prediction_recall": 0.21283333003520966
}