{
  "accs_after_deletion": [
    0.39260002970695496,
    0.39420002698898315,
    0.38760000467300415,
    0.3984000086784363,
    0.3952000141143799,
    0.3906000256538391
  ],
  "accs_before_deletion": [
    0.43080002069473267,
    0.41920003294944763,
    0.4246000349521637,
    0.4312000274658203,
    0.40800002217292786,
    0.4284000098705292
  ],
  "delta": 5.0886316442113006e-05,
  "ensemble_acc_after_deletion": 0.44460001587867737,
  "ensemble_acc_before_deletion": 0.48980003595352173,
  "epsilon": "\u221e",
  "indicator": 1,
  "lengths_after_deletion": [
    3986,
    4046,
    4003,
    4449,
    4355,
    4438
  ],
  "rng": [
    610947577,
    83885885
  ],
  "shard_prediction_precision": 0.20529858767986298,
  "shard_prediction_recall": 0.19437499344348907
}