{
  "accs_after_deletion": [
    0.3882000148296356,
    0.37460002303123474,
    0.38540002703666687,
    0.41360002756118774,
    0.39320001006126404,
    0.383400022983551
  ],
  "accs_before_deletion": [
    0.42180001735687256,
    0.41680002212524414,
    0.4262000322341919,
    0.4196000099182129,
    0.40960001945495605,
    0.42980003356933594
  ],
  "delta": 5.0886316442113006e-05,
  "ensemble_acc_after_deletion": 0.44780001044273376,
  "ensemble_acc_before_deletion": 0.48420003056526184,
  "epsilon": "\u221e",
  "indicator": 1,
  "lengths_after_deletion": [
    3426,
    3463,
    3434,
    3731,
    3750,
    3746
  ],
  "rng": [
    632386454,
    2238259118
  ],
  "shard_prediction_precision": 0.20370511710643768,
  "shard_prediction_recall": 0.22450000047683716
}