{
  "accs_after_deletion": [
    0.41860002279281616,
    0.39260002970695496,
    0.40460002422332764,
    0.38940000534057617,
    0.4068000316619873,
    0.40940001606941223
  ],
  "accs_before_deletion": [
    0.4204000234603882,
    0.4240000247955322,
    0.4180000126361847,
    0.4082000255584717,
    0.41700002551078796,
    0.43560001254081726
  ],
  "delta": 5.0886316442113006e-05,
  "ensemble_acc_after_deletion": 0.46220001578330994,
  "ensemble_acc_before_deletion": 0.4830000102519989,
  "epsilon": "\u221e",
  "indicator": 0,
  "lengths_after_deletion": [
    3780,
    3665,
    3703,
    4157,
    4205,
    4052
  ],
  "rng": [
    641036611,
    1858612631
  ],
  "shard_prediction_precision": 0.20963254570960999,
  "shard_prediction_recall": 0.2134583294391632
}