{
  "accs_after_deletion": [
    0.4018000066280365,
    0.4010000228881836,
    0.4074000120162964,
    0.4036000072956085,
    0.40480002760887146,
    0.4044000208377838
  ],
  "accs_before_deletion": [
    0.42820000648498535,
    0.42760002613067627,
    0.4278000295162201,
    0.4190000295639038,
    0.426800012588501,
    0.4190000295639038
  ],
  "delta": 5.0886316442113006e-05,
  "ensemble_acc_after_deletion": 0.4602000117301941,
  "ensemble_acc_before_deletion": 0.4780000150203705,
  "epsilon": "\u221e",
  "indicator": 1,
  "lengths_after_deletion": [
    3999,
    4063,
    4147,
    4581,
    4444,
    4481
  ],
  "rng": [
    641298470,
    20075730
  ],
  "shard_prediction_precision": 0.2042180895805359,
  "shard_prediction_recall": 0.18962499499320984
}