{
  "accs_after_deletion": [
    0.41100001335144043,
    0.40240001678466797,
    0.3968000113964081,
    0.4044000208377838,
    0.4044000208377838,
    0.39900001883506775
  ],
  "accs_before_deletion": [
    0.41920003294944763,
    0.4142000079154968,
    0.428600013256073,
    0.4142000079154968,
    0.43400001525878906,
    0.42080003023147583
  ],
  "delta": 5.0886316442113006e-05,
  "ensemble_acc_after_deletion": 0.46480002999305725,
  "ensemble_acc_before_deletion": 0.47780001163482666,
  "epsilon": "\u221e",
  "indicator": 0,
  "lengths_after_deletion": [
    3789,
    3761,
    3688,
    4073,
    4030,
    4154
  ],
  "rng": [
    651359089,
    952530046
  ],
  "shard_prediction_precision": 0.20261171460151672,
  "shard_prediction_recall": 0.2068749964237213
}