{
  "accs_after_deletion": [
    0.3814000189304352,
    0.39000001549720764,
    0.3850000202655792,
    0.3880000114440918,
    0.37940001487731934,
    0.391400009393692
  ],
  "accs_before_deletion": [
    0.4102000296115875,
    0.41540002822875977,
    0.4296000301837921,
    0.42820000648498535,
    0.4148000180721283,
    0.4238000214099884
  ],
  "delta": 5.0886316442113006e-05,
  "ensemble_acc_after_deletion": 0.43060001730918884,
  "ensemble_acc_before_deletion": 0.4880000352859497,
  "epsilon": "\u221e",
  "indicator": 1,
  "lengths_after_deletion": [
    3558,
    3490,
    3485,
    3914,
    3943,
    3840
  ],
  "rng": [
    660700234,
    1582606180
  ],
  "shard_prediction_precision": 0.2060147374868393,
  "shard_prediction_recall": 0.2212083339691162
}