{
  "accs_after_deletion": [
    0.37860003113746643,
    0.39260002970695496,
    0.38280001282691956,
    0.3784000277519226,
    0.3768000304698944,
    0.3830000162124634
  ],
  "accs_before_deletion": [
    0.4336000084877014,
    0.43220001459121704,
    0.42980003356933594,
    0.42740002274513245,
    0.40880000591278076,
    0.41380003094673157
  ],
  "delta": 5.0886316442113006e-05,
  "ensemble_acc_after_deletion": 0.43800002336502075,
  "ensemble_acc_before_deletion": 0.48660001158714294,
  "epsilon": "\u221e",
  "indicator": 0,
  "lengths_after_deletion": [
    3361,
    3372,
    3348,
    3727,
    3777,
    3779
  ],
  "rng": [
    676281231,
    1973567722
  ],
  "shard_prediction_precision": 0.20573659241199493,
  "shard_prediction_recall": 0.22833332419395447
}