{
  "accs_after_deletion": [
    0.3954000174999237,
    0.39020001888275146,
    0.38540002703666687,
    0.40240001678466797,
    0.39340001344680786,
    0.38940000534057617
  ],
  "accs_before_deletion": [
    0.4284000098705292,
    0.4312000274658203,
    0.43560001254081726,
    0.43220001459121704,
    0.40880000591278076,
    0.4320000112056732
  ],
  "delta": 5.0886316442113006e-05,
  "ensemble_acc_after_deletion": 0.4520000219345093,
  "ensemble_acc_before_deletion": 0.4944000244140625,
  "epsilon": "\u221e",
  "indicator": 1,
  "lengths_after_deletion": [
    3676,
    3605,
    3530,
    4019,
    3911,
    3975
  ],
  "rng": [
    710930684,
    3918134684
  ],
  "shard_prediction_precision": 0.20605917274951935,
  "shard_prediction_recall": 0.21708333492279053
}