{
  "accs_after_deletion": [
    0.39420002698898315,
    0.4074000120162964,
    0.3988000154495239,
    0.4182000160217285,
    0.40940001606941223,
    0.39500001072883606
  ],
  "accs_before_deletion": [
    0.4240000247955322,
    0.41880002617836,
    0.4180000126361847,
    0.4244000315666199,
    0.43140003085136414,
    0.42420002818107605
  ],
  "delta": 5.0886316442113006e-05,
  "ensemble_acc_after_deletion": 0.46320003271102905,
  "ensemble_acc_before_deletion": 0.48520001769065857,
  "epsilon": "\u221e",
  "indicator": 1,
  "lengths_after_deletion": [
    3854,
    3956,
    4000,
    4289,
    4304,
    4365
  ],
  "rng": [
    728549870,
    4087857309
  ],
  "shard_prediction_precision": 0.20626722276210785,
  "shard_prediction_recall": 0.19966666400432587
}