{
  "accs_after_deletion": [
    0.40480002760887146,
    0.4000000059604645,
    0.398000031709671,
    0.3986000120639801,
    0.4148000180721283,
    0.4066000282764435
  ],
  "accs_before_deletion": [
    0.43400001525878906,
    0.41380003094673157,
    0.41380003094673157,
    0.42000001668930054,
    0.4190000295639038,
    0.4376000165939331
  ],
  "delta": 5.0886316442113006e-05,
  "ensemble_acc_after_deletion": 0.459600031375885,
  "ensemble_acc_before_deletion": 0.4880000352859497,
  "epsilon": "\u221e",
  "indicator": 1,
  "lengths_after_deletion": [
    3879,
    3850,
    3795,
    4263,
    4206,
    4289
  ],
  "rng": [
    791237059,
    450300287
  ],
  "shard_prediction_precision": 0.2108525186777115,
  "shard_prediction_recall": 0.2083749920129776
}