{
  "accs_after_deletion": [
    0.39320001006126404,
    0.4140000343322754,
    0.3880000114440918,
    0.39340001344680786,
    0.3850000202655792,
    0.3938000202178955
  ],
  "accs_before_deletion": [
    0.43060001730918884,
    0.4220000207424164,
    0.4166000187397003,
    0.42160001397132874,
    0.4252000153064728,
    0.42000001668930054
  ],
  "delta": 5.0886316442113006e-05,
  "ensemble_acc_after_deletion": 0.44440001249313354,
  "ensemble_acc_before_deletion": 0.4914000332355499,
  "epsilon": "\u221e",
  "indicator": 0,
  "lengths_after_deletion": [
    3426,
    3474,
    3482,
    3828,
    3828,
    3746
  ],
  "rng": [
    793256396,
    71808171
  ],
  "shard_prediction_precision": 0.20811718702316284,
  "shard_prediction_recall": 0.22733333706855774
}