{
  "accs_after_deletion": [
    0.4092000126838684,
    0.4254000186920166,
    0.39740002155303955,
    0.3782000243663788,
    0.4026000201702118,
    0.40320003032684326
  ],
  "accs_before_deletion": [
    0.41520002484321594,
    0.43300002813339233,
    0.4302000105381012,
    0.42600002884864807,
    0.4196000099182129,
    0.42000001668930054
  ],
  "delta": 5.0886316442113006e-05,
  "ensemble_acc_after_deletion": 0.4652000367641449,
  "ensemble_acc_before_deletion": 0.4864000082015991,
  "epsilon": "\u221e",
  "indicator": 0,
  "lengths_after_deletion": [
    3850,
    3805,
    3848,
    4216,
    4107,
    4224
  ],
  "rng": [
    798456501,
    958189208
  ],
  "shard_prediction_precision": 0.2032567858695984,
  "shard_prediction_recall": 0.20283332467079163
}