{
  "accs_after_deletion": [
    0.40160003304481506,
    0.4118000268936157,
    0.3992000222206116,
    0.4012000262737274,
    0.40080001950263977,
    0.3968000113964081
  ],
  "accs_before_deletion": [
    0.4146000146865845,
    0.4212000072002411,
    0.4166000187397003,
    0.41280001401901245,
    0.4222000241279602,
    0.4172000288963318
  ],
  "delta": 5.0886316442113006e-05,
  "ensemble_acc_after_deletion": 0.459600031375885,
  "ensemble_acc_before_deletion": 0.4772000312805176,
  "epsilon": "\u221e",
  "indicator": 0,
  "lengths_after_deletion": [
    3762,
    3581,
    3743,
    4082,
    4113,
    4021
  ],
  "rng": [
    807112494,
    2429975557
  ],
  "shard_prediction_precision": 0.20374120771884918,
  "shard_prediction_recall": 0.2096666693687439
}