{
  "accs_after_deletion": [
    0.3922000229358673,
    0.39000001549720764,
    0.38600000739097595,
    0.37940001487731934,
    0.3952000141143799,
    0.38440001010894775
  ],
  "accs_before_deletion": [
    0.4212000072002411,
    0.4368000328540802,
    0.4124000072479248,
    0.3928000330924988,
    0.41680002212524414,
    0.4320000112056732
  ],
  "delta": 5.0886316442113006e-05,
  "ensemble_acc_after_deletion": 0.4482000172138214,
  "ensemble_acc_before_deletion": 0.4788000285625458,
  "epsilon": "\u221e",
  "indicator": 0,
  "lengths_after_deletion": [
    3308,
    3398,
    3354,
    3657,
    3651,
    3744
  ],
  "rng": [
    824571430,
    693744791
  ],
  "shard_prediction_precision": 0.20696964859962463,
  "shard_prediction_recall": 0.2318750023841858
}