{
  "accs_after_deletion": [
    0.4044000208377838,
    0.39260002970695496,
    0.39580002427101135,
    0.3996000289916992,
    0.3978000283241272,
    0.40620002150535583
  ],
  "accs_before_deletion": [
    0.3972000181674957,
    0.43240001797676086,
    0.4212000072002411,
    0.4302000105381012,
    0.41520002484321594,
    0.4254000186920166
  ],
  "delta": 5.0886316442113006e-05,
  "ensemble_acc_after_deletion": 0.45760002732276917,
  "ensemble_acc_before_deletion": 0.4814000129699707,
  "epsilon": "\u221e",
  "indicator": 1,
  "lengths_after_deletion": [
    3859,
    3727,
    3701,
    4088,
    4176,
    4142
  ],
  "rng": [
    826961198,
    4126358999
  ],
  "shard_prediction_precision": 0.20734767615795135,
  "shard_prediction_recall": 0.20999999344348907
}