{
  "accs_after_deletion": [
    0.8530000448226929,
    0.8486000299453735,
    0.8336000442504883,
    0.8716000318527222,
    0.8460000157356262,
    0.8682000637054443
  ],
  "accs_before_deletion": [
    0.8790000677108765,
    0.8766000270843506,
    0.8810000419616699,
    0.8760000467300415,
    0.8680000305175781,
    0.884600043296814
  ],
  "delta": 6.982864657330156e-05,
  "ensemble_acc_after_deletion": 0.9084000587463379,
  "ensemble_acc_before_deletion": 0.9208000302314758,
  "epsilon": 2.902065339308719,
  "indicator": 1,
  "lengths_after_deletion": [
    3161,
    3092,
    3154,
    3219,
    3148,
    3167
  ],
  "rng": [
    0,
    166113841
  ],
  "shard_prediction_precision": 0.17615334689617157,
  "shard_prediction_recall": 0.1669444441795349
}