{
  "accs_after_deletion": [
    0.8728000521659851,
    0.8762000203132629,
    0.8764000535011292,
    0.8684000372886658,
    0.8616000413894653,
    0.8964000344276428
  ],
  "accs_before_deletion": [
    0.8910000324249268,
    0.883400022983551,
    0.8752000331878662,
    0.8898000717163086,
    0.8878000378608704,
    0.8716000318527222
  ],
  "delta": 6.982864657330156e-05,
  "ensemble_acc_after_deletion": 0.9146000146865845,
  "ensemble_acc_before_deletion": 0.9186000227928162,
  "epsilon": 2.902065339308719,
  "indicator": 1,
  "lengths_after_deletion": [
    3059,
    3069,
    3029,
    3110,
    3102,
    3133
  ],
  "rng": [
    1105198110,
    2985548554
  ],
  "shard_prediction_precision": 0.1762487143278122,
  "shard_prediction_recall": 0.17133332788944244
}