{
  "accs_after_deletion": [
    0.8850000500679016,
    0.8586000204086304,
    0.8806000351905823,
    0.8520000576972961,
    0.8794000148773193,
    0.8556000590324402
  ],
  "accs_before_deletion": [
    0.8842000365257263,
    0.8818000555038452,
    0.8722000122070312,
    0.8734000325202942,
    0.8844000697135925,
    0.885200023651123
  ],
  "delta": 6.982864657330156e-05,
  "ensemble_acc_after_deletion": 0.9134000539779663,
  "ensemble_acc_before_deletion": 0.9232000708580017,
  "epsilon": 2.902065339308719,
  "indicator": 0,
  "lengths_after_deletion": [
    3157,
    3235,
    3154,
    3288,
    3238,
    3296
  ],
  "rng": [
    1116713617,
    3509641234
  ],
  "shard_prediction_precision": 0.17712843418121338,
  "shard_prediction_recall": 0.16366666555404663
}