{
  "accs_after_deletion": [
    0.8750000596046448,
    0.8380000591278076,
    0.8588000535964966,
    0.8560000658035278,
    0.8712000250816345,
    0.8854000568389893
  ],
  "accs_before_deletion": [
    0.8684000372886658,
    0.8722000122070312,
    0.8732000589370728,
    0.8962000608444214,
    0.870400071144104,
    0.8790000677108765
  ],
  "delta": 6.982864657330156e-05,
  "ensemble_acc_after_deletion": 0.9062000513076782,
  "ensemble_acc_before_deletion": 0.9170000553131104,
  "epsilon": 2.902065339308719,
  "indicator": 1,
  "lengths_after_deletion": [
    3138,
    3109,
    3164,
    3211,
    3201,
    3175
  ],
  "rng": [
    1149121201,
    935524526
  ],
  "shard_prediction_precision": 0.1765674650669098,
  "shard_prediction_recall": 0.16677777469158173
}