{
  "accs_after_deletion": [
    0.8670000433921814,
    0.8750000596046448,
    0.8736000657081604,
    0.8724000453948975,
    0.8748000264167786,
    0.8824000358581543
  ],
  "accs_before_deletion": [
    0.8698000311851501,
    0.8820000290870667,
    0.8898000717163086,
    0.8838000297546387,
    0.8768000602722168,
    0.883400022983551
  ],
  "delta": 6.982864657330156e-05,
  "ensemble_acc_after_deletion": 0.9148000478744507,
  "ensemble_acc_before_deletion": 0.9178000688552856,
  "epsilon": 2.902065339308719,
  "indicator": 1,
  "lengths_after_deletion": [
    3682,
    3645,
    3620,
    3679,
    3658,
    3659
  ],
  "rng": [
    1176078524,
    511933327
  ],
  "shard_prediction_precision": 0.17336559295654297,
  "shard_prediction_recall": 0.13538889586925507
}