{
  "accs_after_deletion": [
    0.8110000491142273,
    0.83160001039505,
    0.8312000632286072,
    0.8460000157356262,
    0.8144000172615051,
    0.8558000326156616
  ],
  "accs_before_deletion": [
    0.8720000386238098,
    0.8904000520706177,
    0.8868000507354736,
    0.8784000277519226,
    0.86680006980896,
    0.8910000324249268
  ],
  "delta": 6.982864657330156e-05,
  "ensemble_acc_after_deletion": 0.9062000513076782,
  "ensemble_acc_before_deletion": 0.9202000498771667,
  "epsilon": 2.902065339308719,
  "indicator": 1,
  "lengths_after_deletion": [
    1694,
    1711,
    1757,
    1709,
    1763,
    1742
  ],
  "rng": [
    1232086994,
    18420474
  ],
  "shard_prediction_precision": 0.17624104022979736,
  "shard_prediction_recall": 0.2508888840675354
}