{
  "accs_after_deletion": [
    0.8692000508308411,
    0.8746000528335571,
    0.8528000116348267,
    0.8660000562667847,
    0.86680006980896,
    0.8688000440597534
  ],
  "accs_before_deletion": [
    0.8906000256538391,
    0.8832000494003296,
    0.8786000609397888,
    0.8956000208854675,
    0.8748000264167786,
    0.8936000466346741
  ],
  "delta": 6.982864657330156e-05,
  "ensemble_acc_after_deletion": 0.9196000695228577,
  "ensemble_acc_before_deletion": 0.9252000451087952,
  "epsilon": 2.902065339308719,
  "indicator": 1,
  "lengths_after_deletion": [
    2044,
    2048,
    2091,
    2197,
    2199,
    2099
  ],
  "rng": [
    1356544943,
    3142304638
  ],
  "shard_prediction_precision": 0.17151188850402832,
  "shard_prediction_recall": 0.2222222238779068
}