{
  "accs_after_deletion": [
    0.8810000419616699,
    0.8840000629425049,
    0.878000020980835,
    0.8728000521659851,
    0.8756000399589539,
    0.8724000453948975
  ],
  "accs_before_deletion": [
    0.8888000249862671,
    0.885200023651123,
    0.8982000350952148,
    0.891200065612793,
    0.8970000147819519,
    0.8740000128746033
  ],
  "delta": 6.982864657330156e-05,
  "ensemble_acc_after_deletion": 0.9162000417709351,
  "ensemble_acc_before_deletion": 0.9268000721931458,
  "epsilon": 2.902065339308719,
  "indicator": 0,
  "lengths_after_deletion": [
    3017,
    3095,
    3033,
    3125,
    3135,
    3068
  ],
  "rng": [
    1522735856,
    2831101023
  ],
  "shard_prediction_precision": 0.17681291699409485,
  "shard_prediction_recall": 0.17216667532920837
}