{
  "accs_after_deletion": [
    0.8828000426292419,
    0.8876000642776489,
    0.8738000392913818,
    0.8848000168800354,
    0.8860000371932983,
    0.8944000601768494
  ],
  "accs_before_deletion": [
    0.8896000385284424,
    0.8714000582695007,
    0.8870000243186951,
    0.8842000365257263,
    0.883400022983551,
    0.8792000412940979
  ],
  "delta": 6.982864657330156e-05,
  "ensemble_acc_after_deletion": 0.9190000295639038,
  "ensemble_acc_before_deletion": 0.9214000701904297,
  "epsilon": 2.902065339308719,
  "indicator": 1,
  "lengths_after_deletion": [
    3218,
    3324,
    3239,
    3376,
    3247,
    3301
  ],
  "rng": [
    1621123053,
    3204832717
  ],
  "shard_prediction_precision": 0.1790119707584381,
  "shard_prediction_recall": 0.16205555200576782
}