{
  "accs_after_deletion": [
    0.8672000169754028,
    0.8768000602722168,
    0.8548000454902649,
    0.8836000561714172,
    0.8530000448226929,
    0.8578000664710999
  ],
  "accs_before_deletion": [
    0.8818000555038452,
    0.8914000391960144,
    0.8874000310897827,
    0.8892000317573547,
    0.8874000310897827,
    0.8718000650405884
  ],
  "delta": 6.982864657330156e-05,
  "ensemble_acc_after_deletion": 0.9066000580787659,
  "ensemble_acc_before_deletion": 0.9254000186920166,
  "epsilon": 2.902065339308719,
  "indicator": 0,
  "lengths_after_deletion": [
    2119,
    2160,
    2176,
    2216,
    2203,
    2174
  ],
  "rng": [
    1642726936,
    403684799
  ],
  "shard_prediction_precision": 0.17580166459083557,
  "shard_prediction_recall": 0.22416667640209198
}