{
  "accs_after_deletion": [
    0.8822000622749329,
    0.8826000690460205,
    0.883400022983551,
    0.863800048828125,
    0.8802000284194946,
    0.891800045967102
  ],
  "accs_before_deletion": [
    0.8804000616073608,
    0.884600043296814,
    0.8786000609397888,
    0.8762000203132629,
    0.8856000304222107,
    0.8926000595092773
  ],
  "delta": 6.982864657330156e-05,
  "ensemble_acc_after_deletion": 0.9206000566482544,
  "ensemble_acc_before_deletion": 0.9234000444412231,
  "epsilon": 2.902065339308719,
  "indicator": 0,
  "lengths_after_deletion": [
    4253,
    4261,
    4312,
    4317,
    4356,
    4326
  ],
  "rng": [
    1646962000,
    512856013
  ],
  "shard_prediction_precision": 0.1823095828294754,
  "shard_prediction_recall": 0.10305555909872055
}