{
  "accs_after_deletion": [
    0.8670000433921814,
    0.853600025177002,
    0.831000030040741,
    0.8712000250816345,
    0.8566000461578369,
    0.8648000359535217
  ],
  "accs_before_deletion": [
    0.891800045967102,
    0.8650000691413879,
    0.8722000122070312,
    0.8868000507354736,
    0.883400022983551,
    0.8820000290870667
  ],
  "delta": 6.982864657330156e-05,
  "ensemble_acc_after_deletion": 0.9110000729560852,
  "ensemble_acc_before_deletion": 0.9228000640869141,
  "epsilon": 2.902065339308719,
  "indicator": 1,
  "lengths_after_deletion": [
    1796,
    1756,
    1762,
    1876,
    1852,
    1877
  ],
  "rng": [
    1655834514,
    2487389933
  ],
  "shard_prediction_precision": 0.17898009717464447,
  "shard_prediction_recall": 0.2493888884782791
}