{
  "accs_after_deletion": [
    0.8774000406265259,
    0.8742000460624695,
    0.8806000351905823,
    0.862000048160553,
    0.8560000658035278,
    0.8570000529289246
  ],
  "accs_before_deletion": [
    0.8788000345230103,
    0.8954000473022461,
    0.889400064945221,
    0.8848000168800354,
    0.878000020980835,
    0.8808000683784485
  ],
  "delta": 6.982864657330156e-05,
  "ensemble_acc_after_deletion": 0.9094000458717346,
  "ensemble_acc_before_deletion": 0.9232000708580017,
  "epsilon": 2.902065339308719,
  "indicator": 0,
  "lengths_after_deletion": [
    3027,
    2997,
    2952,
    3031,
    3096,
    3037
  ],
  "rng": [
    1661477589,
    2035788047
  ],
  "shard_prediction_precision": 0.17609182000160217,
  "shard_prediction_recall": 0.17472222447395325
}