{
  "accs_after_deletion": [
    0.8696000576019287,
    0.8822000622749329,
    0.8870000243186951,
    0.8728000521659851,
    0.8584000468254089,
    0.8618000149726868
  ],
  "accs_before_deletion": [
    0.8806000351905823,
    0.870400071144104,
    0.8934000134468079,
    0.8716000318527222,
    0.8928000330924988,
    0.8872000575065613
  ],
  "delta": 6.982864657330156e-05,
  "ensemble_acc_after_deletion": 0.9170000553131104,
  "ensemble_acc_before_deletion": 0.9248000383377075,
  "epsilon": 2.902065339308719,
  "indicator": 0,
  "lengths_after_deletion": [
    3347,
    3291,
    3374,
    3420,
    3428,
    3406
  ],
  "rng": [
    1671261558,
    2790517420
  ],
  "shard_prediction_precision": 0.18031015992164612,
  "shard_prediction_recall": 0.15761111676692963
}