{
  "accs_after_deletion": [
    0.8684000372886658,
    0.8474000692367554,
    0.863800048828125,
    0.8588000535964966,
    0.8652000427246094,
    0.8684000372886658
  ],
  "accs_before_deletion": [
    0.8820000290870667,
    0.8878000378608704,
    0.8752000331878662,
    0.8812000155448914,
    0.8786000609397888,
    0.8892000317573547
  ],
  "delta": 6.982864657330156e-05,
  "ensemble_acc_after_deletion": 0.9080000519752502,
  "ensemble_acc_before_deletion": 0.9240000247955322,
  "epsilon": 2.902065339308719,
  "indicator": 1,
  "lengths_after_deletion": [
    3160,
    3071,
    3128,
    3260,
    3254,
    3280
  ],
  "rng": [
    1694829596,
    3316383079
  ],
  "shard_prediction_precision": 0.1827625185251236,
  "shard_prediction_recall": 0.17105555534362793
}