{
  "accs_after_deletion": [
    0.8692000508308411,
    0.8764000535011292,
    0.8688000440597534,
    0.8782000541687012,
    0.8636000156402588,
    0.8694000244140625
  ],
  "accs_before_deletion": [
    0.8786000609397888,
    0.8886000514030457,
    0.8614000678062439,
    0.8764000535011292,
    0.8950000405311584,
    0.8842000365257263
  ],
  "delta": 6.982864657330156e-05,
  "ensemble_acc_after_deletion": 0.917400062084198,
  "ensemble_acc_before_deletion": 0.9252000451087952,
  "epsilon": 2.902065339308719,
  "indicator": 0,
  "lengths_after_deletion": [
    4284,
    4198,
    4365,
    4337,
    4340,
    4344
  ],
  "rng": [
    169401418,
    2729009901
  ],
  "shard_prediction_precision": 0.17953020334243774,
  "shard_prediction_recall": 0.1010555550456047
}