{
  "accs_after_deletion": [
    0.8786000609397888,
    0.8614000678062439,
    0.8712000250816345,
    0.8760000467300415,
    0.8694000244140625,
    0.8556000590324402
  ],
  "accs_before_deletion": [
    0.9052000641822815,
    0.863800048828125,
    0.8850000500679016,
    0.8924000263214111,
    0.89000004529953,
    0.8770000338554382
  ],
  "delta": 6.982864657330156e-05,
  "ensemble_acc_after_deletion": 0.9112000465393066,
  "ensemble_acc_before_deletion": 0.9232000708580017,
  "epsilon": 2.902065339308719,
  "indicator": 0,
  "lengths_after_deletion": [
    4042,
    4086,
    4093,
    4186,
    4128,
    4047
  ],
  "rng": [
    1717331701,
    1550446174
  ],
  "shard_prediction_precision": 0.17761430144309998,
  "shard_prediction_recall": 0.11266666650772095
}