{
  "accs_after_deletion": [
    0.8736000657081604,
    0.855400025844574,
    0.8596000671386719,
    0.8856000304222107,
    0.8970000147819519,
    0.8812000155448914
  ],
  "accs_before_deletion": [
    0.8822000622749329,
    0.8666000366210938,
    0.8618000149726868,
    0.885200023651123,
    0.8892000317573547,
    0.886400043964386
  ],
  "delta": 6.982864657330156e-05,
  "ensemble_acc_after_deletion": 0.9224000573158264,
  "ensemble_acc_before_deletion": 0.9180000424385071,
  "epsilon": 2.902065339308719,
  "indicator": 1,
  "lengths_after_deletion": [
    3311,
    3221,
    3283,
    3369,
    3392,
    3293
  ],
  "rng": [
    1741038016,
    3513945378
  ],
  "shard_prediction_precision": 0.17475669085979462,
  "shard_prediction_recall": 0.1566111147403717
}