{
  "accs_after_deletion": [
    0.8648000359535217,
    0.8584000468254089,
    0.8648000359535217,
    0.8648000359535217,
    0.8766000270843506,
    0.8698000311851501
  ],
  "accs_before_deletion": [
    0.885200023651123,
    0.8730000257492065,
    0.8860000371932983,
    0.8746000528335571,
    0.8836000561714172,
    0.8910000324249268
  ],
  "delta": 6.982864657330156e-05,
  "ensemble_acc_after_deletion": 0.9114000201225281,
  "ensemble_acc_before_deletion": 0.9180000424385071,
  "epsilon": 2.902065339308719,
  "indicator": 1,
  "lengths_after_deletion": [
    3624,
    3656,
    3587,
    3718,
    3702,
    3647
  ],
  "rng": [
    1760634283,
    1579099740
  ],
  "shard_prediction_precision": 0.17439214885234833,
  "shard_prediction_recall": 0.13627777993679047
}