{
  "accs_after_deletion": [
    0.8684000372886658,
    0.8606000542640686,
    0.8772000670433044,
    0.8744000196456909,
    0.8790000677108765,
    0.8874000310897827
  ],
  "accs_before_deletion": [
    0.8758000135421753,
    0.8848000168800354,
    0.886400043964386,
    0.8796000480651855,
    0.8790000677108765,
    0.8790000677108765
  ],
  "delta": 6.982864657330156e-05,
  "ensemble_acc_after_deletion": 0.9158000349998474,
  "ensemble_acc_before_deletion": 0.9166000485420227,
  "epsilon": 2.902065339308719,
  "indicator": 1,
  "lengths_after_deletion": [
    2428,
    2493,
    2547,
    2538,
    2509,
    2514
  ],
  "rng": [
    1781122456,
    457046423
  ],
  "shard_prediction_precision": 0.17199942469596863,
  "shard_prediction_recall": 0.20038889348506927
}