{
  "accs_after_deletion": [
    0.8770000338554382,
    0.8728000521659851,
    0.8676000237464905,
    0.8604000210762024,
    0.8616000413894653,
    0.8734000325202942
  ],
  "accs_before_deletion": [
    0.8824000358581543,
    0.8730000257492065,
    0.8788000345230103,
    0.8850000500679016,
    0.8838000297546387,
    0.8800000548362732
  ],
  "delta": 6.982864657330156e-05,
  "ensemble_acc_after_deletion": 0.9120000600814819,
  "ensemble_acc_before_deletion": 0.9234000444412231,
  "epsilon": 2.902065339308719,
  "indicator": 0,
  "lengths_after_deletion": [
    3256,
    3210,
    3245,
    3236,
    3300,
    3262
  ],
  "rng": [
    1803373415,
    3026827701
  ],
  "shard_prediction_precision": 0.17591413855552673,
  "shard_prediction_recall": 0.16116666793823242
}