{
  "accs_after_deletion": [
    0.8830000162124634,
    0.8782000541687012,
    0.8766000270843506,
    0.878000020980835,
    0.8666000366210938,
    0.8710000514984131
  ],
  "accs_before_deletion": [
    0.8880000710487366,
    0.8892000317573547,
    0.8786000609397888,
    0.89000004529953,
    0.8814000487327576,
    0.8938000202178955
  ],
  "delta": 6.982864657330156e-05,
  "ensemble_acc_after_deletion": 0.9220000505447388,
  "ensemble_acc_before_deletion": 0.9250000715255737,
  "epsilon": 2.902065339308719,
  "indicator": 0,
  "lengths_after_deletion": [
    2721,
    2616,
    2666,
    2751,
    2705,
    2756
  ],
  "rng": [
    1846625047,
    3676735545
  ],
  "shard_prediction_precision": 0.17346474528312683,
  "shard_prediction_recall": 0.19066667556762695
}