{
  "accs_after_deletion": [
    0.8510000109672546,
    0.8592000603675842,
    0.8626000285148621,
    0.8670000433921814,
    0.8720000386238098,
    0.868600070476532
  ],
  "accs_before_deletion": [
    0.8844000697135925,
    0.8862000703811646,
    0.8866000175476074,
    0.8870000243186951,
    0.8782000541687012,
    0.8850000500679016
  ],
  "delta": 6.982864657330156e-05,
  "ensemble_acc_after_deletion": 0.9016000628471375,
  "ensemble_acc_before_deletion": 0.9268000721931458,
  "epsilon": 2.902065339308719,
  "indicator": 1,
  "lengths_after_deletion": [
    3994,
    4049,
    4069,
    4076,
    4113,
    4154
  ],
  "rng": [
    1868078595,
    3288361762
  ],
  "shard_prediction_precision": 0.1773061901330948,
  "shard_prediction_recall": 0.11372222006320953
}