{
  "accs_after_deletion": [
    0.863800048828125,
    0.8606000542640686,
    0.8782000541687012,
    0.8576000332832336,
    0.8796000480651855,
    0.865600049495697
  ],
  "accs_before_deletion": [
    0.8790000677108765,
    0.8794000148773193,
    0.8932000398635864,
    0.8744000196456909,
    0.8856000304222107,
    0.8676000237464905
  ],
  "delta": 6.982864657330156e-05,
  "ensemble_acc_after_deletion": 0.9162000417709351,
  "ensemble_acc_before_deletion": 0.9270000457763672,
  "epsilon": 2.902065339308719,
  "indicator": 1,
  "lengths_after_deletion": [
    3506,
    3506,
    3518,
    3556,
    3570,
    3528
  ],
  "rng": [
    1899872167,
    1295143381
  ],
  "shard_prediction_precision": 0.1775107979774475,
  "shard_prediction_recall": 0.1461111158132553
}