{
  "accs_after_deletion": [
    0.8664000630378723,
    0.83760005235672,
    0.8446000218391418,
    0.8444000482559204,
    0.8488000631332397,
    0.8618000149726868
  ],
  "accs_before_deletion": [
    0.8928000330924988,
    0.8774000406265259,
    0.8824000358581543,
    0.8808000683784485,
    0.8870000243186951,
    0.9016000628471375
  ],
  "delta": 6.982864657330156e-05,
  "ensemble_acc_after_deletion": 0.9134000539779663,
  "ensemble_acc_before_deletion": 0.921000063419342,
  "epsilon": 2.902065339308719,
  "indicator": 1,
  "lengths_after_deletion": [
    1363,
    1426,
    1374,
    1472,
    1445,
    1511
  ],
  "rng": [
    1905577839,
    1821925958
  ],
  "shard_prediction_precision": 0.17494253814220428,
  "shard_prediction_recall": 0.2663888931274414
}