{
  "accs_after_deletion": [
    0.8562000393867493,
    0.8540000319480896,
    0.8756000399589539,
    0.8494000434875488,
    0.8766000270843506,
    0.8666000366210938
  ],
  "accs_before_deletion": [
    0.8628000617027283,
    0.8956000208854675,
    0.8770000338554382,
    0.8842000365257263,
    0.8722000122070312,
    0.8950000405311584
  ],
  "delta": 6.982864657330156e-05,
  "ensemble_acc_after_deletion": 0.912600040435791,
  "ensemble_acc_before_deletion": 0.9214000701904297,
  "epsilon": 2.902065339308719,
  "indicator": 1,
  "lengths_after_deletion": [
    3585,
    3626,
    3576,
    3710,
    3705,
    3650
  ],
  "rng": [
    193129045,
    15494650
  ],
  "shard_prediction_precision": 0.17656205594539642,
  "shard_prediction_recall": 0.13877777755260468
}