{
  "accs_after_deletion": [
    0.8318000435829163,
    0.862000048160553,
    0.8542000651359558,
    0.8480000495910645,
    0.8682000637054443,
    0.86080002784729
  ],
  "accs_before_deletion": [
    0.8654000163078308,
    0.8844000697135925,
    0.8892000317573547,
    0.8646000623703003,
    0.8702000379562378,
    0.8746000528335571
  ],
  "delta": 6.982864657330156e-05,
  "ensemble_acc_after_deletion": 0.9058000445365906,
  "ensemble_acc_before_deletion": 0.9234000444412231,
  "epsilon": 2.902065339308719,
  "indicator": 1,
  "lengths_after_deletion": [
    3002,
    2969,
    2903,
    3051,
    2963,
    3055
  ],
  "rng": [
    1949885304,
    662869742
  ],
  "shard_prediction_precision": 0.1716785877943039,
  "shard_prediction_recall": 0.17222222685813904
}