{
  "accs_after_deletion": [
    0.8690000176429749,
    0.8618000149726868,
    0.8764000535011292,
    0.8404000401496887,
    0.8712000250816345,
    0.8708000183105469
  ],
  "accs_before_deletion": [
    0.8892000317573547,
    0.8860000371932983,
    0.8904000520706177,
    0.8892000317573547,
    0.8754000663757324,
    0.8806000351905823
  ],
  "delta": 6.982864657330156e-05,
  "ensemble_acc_after_deletion": 0.9166000485420227,
  "ensemble_acc_before_deletion": 0.9246000647544861,
  "epsilon": 2.902065339308719,
  "indicator": 0,
  "lengths_after_deletion": [
    3427,
    3346,
    3377,
    3478,
    3498,
    3448
  ],
  "rng": [
    2065831034,
    2784709271
  ],
  "shard_prediction_precision": 0.17671462893486023,
  "shard_prediction_recall": 0.1514444500207901
}