{
  "accs_after_deletion": [
    0.8520000576972961,
    0.8410000205039978,
    0.8312000632286072,
    0.8518000245094299,
    0.8402000665664673,
    0.8644000291824341
  ],
  "accs_before_deletion": [
    0.89000004529953,
    0.879800021648407,
    0.8836000561714172,
    0.8936000466346741,
    0.8666000366210938,
    0.8916000127792358
  ],
  "delta": 6.982864657330156e-05,
  "ensemble_acc_after_deletion": 0.8990000486373901,
  "ensemble_acc_before_deletion": 0.9204000234603882,
  "epsilon": 2.902065339308719,
  "indicator": 1,
  "lengths_after_deletion": [
    2480,
    2404,
    2454,
    2569,
    2458,
    2562
  ],
  "rng": [
    2121400839,
    3114830958
  ],
  "shard_prediction_precision": 0.1792340874671936,
  "shard_prediction_recall": 0.20983333885669708
}