{
  "accs_after_deletion": [
    0.8238000273704529,
    0.8560000658035278,
    0.863800048828125,
    0.8182000517845154,
    0.8278000354766846,
    0.836400032043457
  ],
  "accs_before_deletion": [
    0.8684000372886658,
    0.8672000169754028,
    0.8810000419616699,
    0.8924000263214111,
    0.8764000535011292,
    0.8810000419616699
  ],
  "delta": 6.982864657330156e-05,
  "ensemble_acc_after_deletion": 0.8958000540733337,
  "ensemble_acc_before_deletion": 0.9240000247955322,
  "epsilon": 2.902065339308719,
  "indicator": 0,
  "lengths_after_deletion": [
    1944,
    1900,
    1990,
    1956,
    1978,
    1944
  ],
  "rng": [
    2143653865,
    187202004
  ],
  "shard_prediction_precision": 0.17638340592384338,
  "shard_prediction_recall": 0.23800000548362732
}