{
  "accs_after_deletion": [
    0.8456000685691833,
    0.8630000352859497,
    0.8544000387191772,
    0.8544000387191772,
    0.8438000679016113,
    0.8460000157356262
  ],
  "accs_before_deletion": [
    0.8612000346183777,
    0.8784000277519226,
    0.8818000555038452,
    0.8824000358581543,
    0.8732000589370728,
    0.8804000616073608
  ],
  "delta": 6.982864657330156e-05,
  "ensemble_acc_after_deletion": 0.9146000146865845,
  "ensemble_acc_before_deletion": 0.9154000282287598,
  "epsilon": 2.902065339308719,
  "indicator": 0,
  "lengths_after_deletion": [
    2526,
    2508,
    2544,
    2618,
    2642,
    2599
  ],
  "rng": [
    2260602963,
    3564881339
  ],
  "shard_prediction_precision": 0.17575256526470184,
  "shard_prediction_recall": 0.2007777839899063
}