{
  "accs_after_deletion": [
    0.8774000406265259,
    0.8546000123023987,
    0.8776000142097473,
    0.8640000224113464,
    0.8776000142097473,
    0.8760000467300415
  ],
  "accs_before_deletion": [
    0.8836000561714172,
    0.8806000351905823,
    0.8898000717163086,
    0.8850000500679016,
    0.8884000182151794,
    0.891200065612793
  ],
  "delta": 6.982864657330156e-05,
  "ensemble_acc_after_deletion": 0.9122000336647034,
  "ensemble_acc_before_deletion": 0.9274000525474548,
  "epsilon": 2.902065339308719,
  "indicator": 1,
  "lengths_after_deletion": [
    2614,
    2619,
    2544,
    2613,
    2639,
    2576
  ],
  "rng": [
    2279573259,
    243516259
  ],
  "shard_prediction_precision": 0.1792106032371521,
  "shard_prediction_recall": 0.20305556058883667
}