{
  "accs_after_deletion": [
    0.884600043296814,
    0.8812000155448914,
    0.8738000392913818,
    0.8766000270843506,
    0.8510000109672546,
    0.8696000576019287
  ],
  "accs_before_deletion": [
    0.8776000142097473,
    0.8838000297546387,
    0.8782000541687012,
    0.8856000304222107,
    0.8826000690460205,
    0.8916000127792358
  ],
  "delta": 6.982864657330156e-05,
  "ensemble_acc_after_deletion": 0.9118000268936157,
  "ensemble_acc_before_deletion": 0.9244000315666199,
  "epsilon": 2.902065339308719,
  "indicator": 0,
  "lengths_after_deletion": [
    3672,
    3608,
    3609,
    3702,
    3673,
    3732
  ],
  "rng": [
    2341718277,
    3128006427
  ],
  "shard_prediction_precision": 0.17644958198070526,
  "shard_prediction_recall": 0.1372777819633484
}