{
  "accs_after_deletion": [
    0.8786000609397888,
    0.8676000237464905,
    0.8784000277519226,
    0.8842000365257263,
    0.884600043296814,
    0.870400071144104
  ],
  "accs_before_deletion": [
    0.8762000203132629,
    0.8820000290870667,
    0.878000020980835,
    0.8932000398635864,
    0.8808000683784485,
    0.8828000426292419
  ],
  "delta": 6.982864657330156e-05,
  "ensemble_acc_after_deletion": 0.9168000221252441,
  "ensemble_acc_before_deletion": 0.9212000370025635,
  "epsilon": 2.902065339308719,
  "indicator": 1,
  "lengths_after_deletion": [
    3409,
    3472,
    3421,
    3407,
    3487,
    3521
  ],
  "rng": [
    2356006116,
    1822921896
  ],
  "shard_prediction_precision": 0.1747693419456482,
  "shard_prediction_recall": 0.14838889241218567
}