{
  "accs_after_deletion": [
    0.8654000163078308,
    0.8772000670433044,
    0.8640000224113464,
    0.8494000434875488,
    0.8610000610351562,
    0.8706000447273254
  ],
  "accs_before_deletion": [
    0.8746000528335571,
    0.8920000195503235,
    0.8922000527381897,
    0.8886000514030457,
    0.8806000351905823,
    0.8796000480651855
  ],
  "delta": 6.982864657330156e-05,
  "ensemble_acc_after_deletion": 0.910800039768219,
  "ensemble_acc_before_deletion": 0.9280000329017639,
  "epsilon": 2.902065339308719,
  "indicator": 0,
  "lengths_after_deletion": [
    3332,
    3308,
    3345,
    3385,
    3440,
    3405
  ],
  "rng": [
    2401982382,
    2196217888
  ],
  "shard_prediction_precision": 0.17801710963249207,
  "shard_prediction_recall": 0.15611110627651215
}