{
  "accs_after_deletion": [
    0.8868000507354736,
    0.8810000419616699,
    0.8936000466346741,
    0.8604000210762024,
    0.8684000372886658,
    0.8856000304222107
  ],
  "accs_before_deletion": [
    0.8876000642776489,
    0.8784000277519226,
    0.8866000175476074,
    0.8926000595092773,
    0.8772000670433044,
    0.8954000473022461
  ],
  "delta": 6.982864657330156e-05,
  "ensemble_acc_after_deletion": 0.9176000356674194,
  "ensemble_acc_before_deletion": 0.9234000444412231,
  "epsilon": 2.902065339308719,
  "indicator": 0,
  "lengths_after_deletion": [
    3852,
    3848,
    3893,
    3875,
    3894,
    3905
  ],
  "rng": [
    2435785663,
    120580755
  ],
  "shard_prediction_precision": 0.1764705926179886,
  "shard_prediction_recall": 0.12483333796262741
}