{
  "accs_after_deletion": [
    0.8990000486373901,
    0.8778000473976135,
    0.8774000406265259,
    0.8670000433921814,
    0.8734000325202942,
    0.8976000547409058
  ],
  "accs_before_deletion": [
    0.8954000473022461,
    0.8750000596046448,
    0.881600022315979,
    0.8926000595092773,
    0.8672000169754028,
    0.8850000500679016
  ],
  "delta": 6.982864657330156e-05,
  "ensemble_acc_after_deletion": 0.91920006275177,
  "ensemble_acc_before_deletion": 0.9230000376701355,
  "epsilon": 2.902065339308719,
  "indicator": 0,
  "lengths_after_deletion": [
    4254,
    4242,
    4213,
    4349,
    4290,
    4261
  ],
  "rng": [
    2447291159,
    1643739902
  ],
  "shard_prediction_precision": 0.17996342480182648,
  "shard_prediction_recall": 0.10388889163732529
}