{
  "accs_after_deletion": [
    0.829200029373169,
    0.855400025844574,
    0.8560000658035278,
    0.8466000556945801,
    0.8654000163078308,
    0.8640000224113464
  ],
  "accs_before_deletion": [
    0.8856000304222107,
    0.8856000304222107,
    0.8856000304222107,
    0.884600043296814,
    0.8610000610351562,
    0.8926000595092773
  ],
  "delta": 6.982864657330156e-05,
  "ensemble_acc_after_deletion": 0.9030000567436218,
  "ensemble_acc_before_deletion": 0.9200000166893005,
  "epsilon": 2.902065339308719,
  "indicator": 1,
  "lengths_after_deletion": [
    2338,
    2435,
    2356,
    2458,
    2481,
    2452
  ],
  "rng": [
    2501813714,
    1821285264
  ],
  "shard_prediction_precision": 0.17788641154766083,
  "shard_prediction_recall": 0.21227778494358063
}