{
  "accs_after_deletion": [
    0.8826000690460205,
    0.883400022983551,
    0.8776000142097473,
    0.870400071144104,
    0.8902000188827515,
    0.8782000541687012
  ],
  "accs_before_deletion": [
    0.8848000168800354,
    0.8800000548362732,
    0.8870000243186951,
    0.8758000135421753,
    0.8942000269889832,
    0.8986000418663025
  ],
  "delta": 6.982864657330156e-05,
  "ensemble_acc_after_deletion": 0.9152000546455383,
  "ensemble_acc_before_deletion": 0.9232000708580017,
  "epsilon": 2.902065339308719,
  "indicator": 0,
  "lengths_after_deletion": [
    4243,
    4169,
    4278,
    4356,
    4236,
    4297
  ],
  "rng": [
    2538367759,
    321409278
  ],
  "shard_prediction_precision": 0.17320793867111206,
  "shard_prediction_recall": 0.10027778148651123
}