{
  "accs_after_deletion": [
    0.8648000359535217,
    0.8594000339508057,
    0.8698000311851501,
    0.8634000420570374,
    0.8748000264167786,
    0.8756000399589539
  ],
  "accs_before_deletion": [
    0.8722000122070312,
    0.89000004529953,
    0.883400022983551,
    0.881600022315979,
    0.8854000568389893,
    0.8812000155448914
  ],
  "delta": 6.982864657330156e-05,
  "ensemble_acc_after_deletion": 0.9200000166893005,
  "ensemble_acc_before_deletion": 0.9220000505447388,
  "epsilon": 2.902065339308719,
  "indicator": 1,
  "lengths_after_deletion": [
    2638,
    2591,
    2657,
    2698,
    2632,
    2564
  ],
  "rng": [
    2556160125,
    3581596802
  ],
  "shard_prediction_precision": 0.17220574617385864,
  "shard_prediction_recall": 0.19344444572925568
}