{
  "accs_after_deletion": [
    0.8640000224113464,
    0.8518000245094299,
    0.853600025177002,
    0.8458000421524048,
    0.8518000245094299,
    0.8568000197410583
  ],
  "accs_before_deletion": [
    0.8790000677108765,
    0.8870000243186951,
    0.8776000142097473,
    0.8786000609397888,
    0.8872000575065613,
    0.8878000378608704
  ],
  "delta": 6.982864657330156e-05,
  "ensemble_acc_after_deletion": 0.9068000316619873,
  "ensemble_acc_before_deletion": 0.9220000505447388,
  "epsilon": 2.902065339308719,
  "indicator": 0,
  "lengths_after_deletion": [
    3177,
    3167,
    3235,
    3288,
    3198,
    3238
  ],
  "rng": [
    2576337144,
    1841733349
  ],
  "shard_prediction_precision": 0.17721746861934662,
  "shard_prediction_recall": 0.16438889503479004
}