{
  "accs_after_deletion": [
    0.8486000299453735,
    0.8796000480651855,
    0.8614000678062439,
    0.8510000109672546,
    0.8682000637054443,
    0.8854000568389893
  ],
  "accs_before_deletion": [
    0.8792000412940979,
    0.879800021648407,
    0.8588000535964966,
    0.8660000562667847,
    0.8928000330924988,
    0.8812000155448914
  ],
  "delta": 6.982864657330156e-05,
  "ensemble_acc_after_deletion": 0.9098000526428223,
  "ensemble_acc_before_deletion": 0.9206000566482544,
  "epsilon": 2.902065339308719,
  "indicator": 1,
  "lengths_after_deletion": [
    3236,
    3279,
    3291,
    3265,
    3303,
    3288
  ],
  "rng": [
    2592703272,
    4051025395
  ],
  "shard_prediction_precision": 0.17707185447216034,
  "shard_prediction_recall": 0.16072222590446472
}