{
  "accs_after_deletion": [
    0.8694000244140625,
    0.8562000393867493,
    0.8654000163078308,
    0.8648000359535217,
    0.8720000386238098,
    0.8904000520706177
  ],
  "accs_before_deletion": [
    0.8774000406265259,
    0.8850000500679016,
    0.8830000162124634,
    0.8848000168800354,
    0.9016000628471375,
    0.8706000447273254
  ],
  "delta": 6.982864657330156e-05,
  "ensemble_acc_after_deletion": 0.9114000201225281,
  "ensemble_acc_before_deletion": 0.921000063419342,
  "epsilon": 2.902065339308719,
  "indicator": 1,
  "lengths_after_deletion": [
    3976,
    3942,
    3947,
    4005,
    4100,
    4041
  ],
  "rng": [
    2596081154,
    1011332277
  ],
  "shard_prediction_precision": 0.17782968282699585,
  "shard_prediction_recall": 0.11844444274902344
}