{
  "accs_after_deletion": [
    0.8696000576019287,
    0.8738000392913818,
    0.8964000344276428,
    0.8924000263214111,
    0.8710000514984131,
    0.8928000330924988
  ],
  "accs_before_deletion": [
    0.8714000582695007,
    0.8842000365257263,
    0.8872000575065613,
    0.8884000182151794,
    0.8794000148773193,
    0.8902000188827515
  ],
  "delta": 6.982864657330156e-05,
  "ensemble_acc_after_deletion": 0.9204000234603882,
  "ensemble_acc_before_deletion": 0.921000063419342,
  "epsilon": 2.902065339308719,
  "indicator": 1,
  "lengths_after_deletion": [
    3154,
    3098,
    3067,
    3178,
    3183,
    3212
  ],
  "rng": [
    2623244729,
    2131442000
  ],
  "shard_prediction_precision": 0.17623335123062134,
  "shard_prediction_recall": 0.16750000417232513
}