{
  "accs_after_deletion": [
    0.8752000331878662,
    0.8682000637054443,
    0.8332000374794006,
    0.8624000549316406,
    0.8998000621795654,
    0.8762000203132629
  ],
  "accs_before_deletion": [
    0.8804000616073608,
    0.8650000691413879,
    0.8806000351905823,
    0.8920000195503235,
    0.8830000162124634,
    0.8696000576019287
  ],
  "delta": 6.982864657330156e-05,
  "ensemble_acc_after_deletion": 0.9244000315666199,
  "ensemble_acc_before_deletion": 0.9242000579833984,
  "epsilon": 2.902065339308719,
  "indicator": 1,
  "lengths_after_deletion": [
    2092,
    2021,
    2117,
    2199,
    2181,
    2219
  ],
  "rng": [
    2661365515,
    355575001
  ],
  "shard_prediction_precision": 0.1799231767654419,
  "shard_prediction_recall": 0.23161111772060394
}