{
  "accs_after_deletion": [
    0.8946000337600708,
    0.8748000264167786,
    0.8628000617027283,
    0.8840000629425049,
    0.8776000142097473,
    0.885200023651123
  ],
  "accs_before_deletion": [
    0.870400071144104,
    0.8750000596046448,
    0.8814000487327576,
    0.8878000378608704,
    0.881600022315979,
    0.8848000168800354
  ],
  "delta": 6.982864657330156e-05,
  "ensemble_acc_after_deletion": 0.9212000370025635,
  "ensemble_acc_before_deletion": 0.9216000437736511,
  "epsilon": 2.902065339308719,
  "indicator": 1,
  "lengths_after_deletion": [
    3399,
    3462,
    3392,
    3508,
    3511,
    3531
  ],
  "rng": [
    2704093034,
    3442803082
  ],
  "shard_prediction_precision": 0.17911431193351746,
  "shard_prediction_recall": 0.15122222900390625
}