{
  "accs_after_deletion": [
    0.8754000663757324,
    0.83760005235672,
    0.8498000502586365,
    0.8438000679016113,
    0.8862000703811646,
    0.8446000218391418
  ],
  "accs_before_deletion": [
    0.8792000412940979,
    0.8726000189781189,
    0.8870000243186951,
    0.8658000230789185,
    0.8928000330924988,
    0.8652000427246094
  ],
  "delta": 6.982864657330156e-05,
  "ensemble_acc_after_deletion": 0.9122000336647034,
  "ensemble_acc_before_deletion": 0.9202000498771667,
  "epsilon": 2.902065339308719,
  "indicator": 1,
  "lengths_after_deletion": [
    2523,
    2547,
    2586,
    2584,
    2647,
    2582
  ],
  "rng": [
    2717090041,
    1847717321
  ],
  "shard_prediction_precision": 0.17690323293209076,
  "shard_prediction_recall": 0.20177778601646423
}