{
  "accs_after_deletion": [
    0.8580000400543213,
    0.863800048828125,
    0.8690000176429749,
    0.8462000489234924,
    0.8410000205039978,
    0.8700000643730164
  ],
  "accs_before_deletion": [
    0.8822000622749329,
    0.8794000148773193,
    0.8880000710487366,
    0.8910000324249268,
    0.8672000169754028,
    0.8872000575065613
  ],
  "delta": 6.982864657330156e-05,
  "ensemble_acc_after_deletion": 0.9028000235557556,
  "ensemble_acc_before_deletion": 0.9204000234603882,
  "epsilon": 2.902065339308719,
  "indicator": 0,
  "lengths_after_deletion": [
    2293,
    2311,
    2387,
    2388,
    2418,
    2281
  ],
  "rng": [
    2840052130,
    2815318121
  ],
  "shard_prediction_precision": 0.17270322144031525,
  "shard_prediction_recall": 0.21033333241939545
}