{
  "accs_after_deletion": [
    0.8684000372886658,
    0.8446000218391418,
    0.859000027179718,
    0.8762000203132629,
    0.8618000149726868,
    0.8708000183105469
  ],
  "accs_before_deletion": [
    0.8876000642776489,
    0.8820000290870667,
    0.8932000398635864,
    0.8872000575065613,
    0.879800021648407,
    0.8720000386238098
  ],
  "delta": 6.982864657330156e-05,
  "ensemble_acc_after_deletion": 0.9142000675201416,
  "ensemble_acc_before_deletion": 0.9168000221252441,
  "epsilon": 2.902065339308719,
  "indicator": 1,
  "lengths_after_deletion": [
    2845,
    2897,
    2855,
    2875,
    2934,
    2891
  ],
  "rng": [
    2850399167,
    638533853
  ],
  "shard_prediction_precision": 0.17665615677833557,
  "shard_prediction_recall": 0.18355555832386017
}