{
  "accs_after_deletion": [
    0.8876000642776489,
    0.8820000290870667,
    0.8698000311851501,
    0.8932000398635864,
    0.8714000582695007,
    0.8712000250816345
  ],
  "accs_before_deletion": [
    0.8920000195503235,
    0.8974000215530396,
    0.893000066280365,
    0.8908000588417053,
    0.8842000365257263,
    0.8808000683784485
  ],
  "delta": 6.982864657330156e-05,
  "ensemble_acc_after_deletion": 0.9240000247955322,
  "ensemble_acc_before_deletion": 0.9260000586509705,
  "epsilon": 2.902065339308719,
  "indicator": 0,
  "lengths_after_deletion": [
    2978,
    2984,
    3007,
    2971,
    3085,
    3046
  ],
  "rng": [
    286770228,
    2574183336
  ],
  "shard_prediction_precision": 0.1771431714296341,
  "shard_prediction_recall": 0.17644444108009338
}