{
  "accs_after_deletion": [
    0.8622000217437744,
    0.8658000230789185,
    0.8556000590324402,
    0.8850000500679016,
    0.8678000569343567,
    0.8806000351905823
  ],
  "accs_before_deletion": [
    0.8802000284194946,
    0.8862000703811646,
    0.8814000487327576,
    0.8762000203132629,
    0.8790000677108765,
    0.868600070476532
  ],
  "delta": 6.982864657330156e-05,
  "ensemble_acc_after_deletion": 0.9128000140190125,
  "ensemble_acc_before_deletion": 0.9154000282287598,
  "epsilon": 2.902065339308719,
  "indicator": 1,
  "lengths_after_deletion": [
    4863,
    4908,
    4881,
    4922,
    4936,
    4925
  ],
  "rng": [
    2867524924,
    2874452122
  ],
  "shard_prediction_precision": 0.18278750777244568,
  "shard_prediction_recall": 0.06666667014360428
}