{
  "accs_after_deletion": [
    0.8822000622749329,
    0.8504000306129456,
    0.8696000576019287,
    0.8512000441551208,
    0.865600049495697,
    0.8588000535964966
  ],
  "accs_before_deletion": [
    0.8872000575065613,
    0.8750000596046448,
    0.883400022983551,
    0.8792000412940979,
    0.8848000168800354,
    0.883400022983551
  ],
  "delta": 6.982864657330156e-05,
  "ensemble_acc_after_deletion": 0.9112000465393066,
  "ensemble_acc_before_deletion": 0.9188000559806824,
  "epsilon": 2.902065339308719,
  "indicator": 0,
  "lengths_after_deletion": [
    2680,
    2660,
    2731,
    2805,
    2810,
    2820
  ],
  "rng": [
    2949988984,
    2166641918
  ],
  "shard_prediction_precision": 0.17687493562698364,
  "shard_prediction_recall": 0.19155555963516235
}