{
  "accs_after_deletion": [
    0.8766000270843506,
    0.8492000699043274,
    0.8648000359535217,
    0.8820000290870667,
    0.8558000326156616,
    0.8700000643730164
  ],
  "accs_before_deletion": [
    0.894800066947937,
    0.8880000710487366,
    0.8738000392913818,
    0.8708000183105469,
    0.8840000629425049,
    0.8676000237464905
  ],
  "delta": 6.982864657330156e-05,
  "ensemble_acc_after_deletion": 0.9148000478744507,
  "ensemble_acc_before_deletion": 0.9200000166893005,
  "epsilon": 2.902065339308719,
  "indicator": 1,
  "lengths_after_deletion": [
    2345,
    2399,
    2326,
    2497,
    2420,
    2421
  ],
  "rng": [
    2992493672,
    1827185167
  ],
  "shard_prediction_precision": 0.17691737413406372,
  "shard_prediction_recall": 0.21222221851348877
}