{
  "accs_after_deletion": [
    0.878000020980835,
    0.8818000555038452,
    0.8758000135421753,
    0.8884000182151794,
    0.8994000554084778,
    0.8824000358581543
  ],
  "accs_before_deletion": [
    0.8770000338554382,
    0.8676000237464905,
    0.8844000697135925,
    0.9020000696182251,
    0.8666000366210938,
    0.9020000696182251
  ],
  "delta": 6.982864657330156e-05,
  "ensemble_acc_after_deletion": 0.9206000566482544,
  "ensemble_acc_before_deletion": 0.9272000193595886,
  "epsilon": 2.902065339308719,
  "indicator": 1,
  "lengths_after_deletion": [
    4112,
    4087,
    4062,
    4099,
    4122,
    4169
  ],
  "rng": [
    3025839321,
    982202897
  ],
  "shard_prediction_precision": 0.17296677827835083,
  "shard_prediction_recall": 0.10905555635690689
}