{
  "accs_after_deletion": [
    0.8804000616073608,
    0.8688000440597534,
    0.8802000284194946,
    0.8952000141143799,
    0.8768000602722168,
    0.8632000684738159
  ],
  "accs_before_deletion": [
    0.885200023651123,
    0.8774000406265259,
    0.8916000127792358,
    0.8866000175476074,
    0.8760000467300415,
    0.8742000460624695
  ],
  "delta": 6.982864657330156e-05,
  "ensemble_acc_after_deletion": 0.9252000451087952,
  "ensemble_acc_before_deletion": 0.9220000505447388,
  "epsilon": 2.902065339308719,
  "indicator": 1,
  "lengths_after_deletion": [
    2470,
    2427,
    2493,
    2518,
    2462,
    2506
  ],
  "rng": [
    3063472802,
    1824645294
  ],
  "shard_prediction_precision": 0.17913274466991425,
  "shard_prediction_recall": 0.21022222936153412
}