{
  "accs_after_deletion": [
    0.8684000372886658,
    0.8818000555038452,
    0.8968000411987305,
    0.8832000494003296,
    0.8810000419616699,
    0.8830000162124634
  ],
  "accs_before_deletion": [
    0.8576000332832336,
    0.8770000338554382,
    0.8840000629425049,
    0.8702000379562378,
    0.8922000527381897,
    0.881600022315979
  ],
  "delta": 6.982864657330156e-05,
  "ensemble_acc_after_deletion": 0.9170000553131104,
  "ensemble_acc_before_deletion": 0.9200000166893005,
  "epsilon": 2.902065339308719,
  "indicator": 1,
  "lengths_after_deletion": [
    3424,
    3475,
    3530,
    3503,
    3519,
    3551
  ],
  "rng": [
    3084852881,
    3676647394
  ],
  "shard_prediction_precision": 0.17455661296844482,
  "shard_prediction_recall": 0.14544445276260376
}