{
  "accs_after_deletion": [
    0.8432000279426575,
    0.8580000400543213,
    0.8172000646591187,
    0.8130000233650208,
    0.807200014591217,
    0.8444000482559204
  ],
  "accs_before_deletion": [
    0.8822000622749329,
    0.8694000244140625,
    0.8730000257492065,
    0.8774000406265259,
    0.8718000650405884,
    0.8678000569343567
  ],
  "delta": 6.982864657330156e-05,
  "ensemble_acc_after_deletion": 0.888200044631958,
  "ensemble_acc_before_deletion": 0.9172000288963318,
  "epsilon": 2.902065339308719,
  "indicator": 0,
  "lengths_after_deletion": [
    1504,
    1525,
    1485,
    1576,
    1535,
    1564
  ],
  "rng": [
    3128819695,
    2810934678
  ],
  "shard_prediction_precision": 0.17612174153327942,
  "shard_prediction_recall": 0.26233333349227905
}