{
  "accs_after_deletion": [
    0.86680006980896,
    0.8934000134468079,
    0.8856000304222107,
    0.8586000204086304,
    0.8696000576019287,
    0.8820000290870667
  ],
  "accs_before_deletion": [
    0.8862000703811646,
    0.8666000366210938,
    0.8924000263214111,
    0.8910000324249268,
    0.8684000372886658,
    0.891800045967102
  ],
  "delta": 6.982864657330156e-05,
  "ensemble_acc_after_deletion": 0.9264000654220581,
  "ensemble_acc_before_deletion": 0.9216000437736511,
  "epsilon": 2.902065339308719,
  "indicator": 0,
  "lengths_after_deletion": [
    1837,
    1832,
    1880,
    1962,
    1969,
    1923
  ],
  "rng": [
    3176227802,
    2704776674
  ],
  "shard_prediction_precision": 0.1768914759159088,
  "shard_prediction_recall": 0.2417222261428833
}