{
  "accs_after_deletion": [
    0.878000020980835,
    0.8634000420570374,
    0.8630000352859497,
    0.8742000460624695,
    0.883400022983551,
    0.8888000249862671
  ],
  "accs_before_deletion": [
    0.8782000541687012,
    0.8650000691413879,
    0.8694000244140625,
    0.8812000155448914,
    0.8768000602722168,
    0.868600070476532
  ],
  "delta": 6.982864657330156e-05,
  "ensemble_acc_after_deletion": 0.912600040435791,
  "ensemble_acc_before_deletion": 0.909000039100647,
  "epsilon": 2.902065339308719,
  "indicator": 1,
  "lengths_after_deletion": [
    2843,
    2853,
    2854,
    2851,
    3010,
    2852
  ],
  "rng": [
    3192553484,
    1176282291
  ],
  "shard_prediction_precision": 0.17660245299339294,
  "shard_prediction_recall": 0.18383333086967468
}