{
  "accs_after_deletion": [
    0.8464000225067139,
    0.8280000686645508,
    0.8592000603675842,
    0.8502000570297241,
    0.8302000164985657,
    0.8794000148773193
  ],
  "accs_before_deletion": [
    0.8820000290870667,
    0.8854000568389893,
    0.8886000514030457,
    0.8774000406265259,
    0.8890000581741333,
    0.8804000616073608
  ],
  "delta": 6.982864657330156e-05,
  "ensemble_acc_after_deletion": 0.907200038433075,
  "ensemble_acc_before_deletion": 0.9188000559806824,
  "epsilon": 2.902065339308719,
  "indicator": 1,
  "lengths_after_deletion": [
    2619,
    2503,
    2633,
    2659,
    2666,
    2657
  ],
  "rng": [
    3207607308,
    2727061545
  ],
  "shard_prediction_precision": 0.1752948760986328,
  "shard_prediction_recall": 0.19733333587646484
}