{
  "accs_after_deletion": [
    0.8500000238418579,
    0.8694000244140625,
    0.8742000460624695,
    0.8736000657081604,
    0.8466000556945801,
    0.8902000188827515
  ],
  "accs_before_deletion": [
    0.8880000710487366,
    0.8868000507354736,
    0.8744000196456909,
    0.8832000494003296,
    0.8636000156402588,
    0.8880000710487366
  ],
  "delta": 6.982864657330156e-05,
  "ensemble_acc_after_deletion": 0.9046000242233276,
  "ensemble_acc_before_deletion": 0.9202000498771667,
  "epsilon": 2.902065339308719,
  "indicator": 1,
  "lengths_after_deletion": [
    3773,
    3722,
    3816,
    3789,
    3842,
    3823
  ],
  "rng": [
    3209614216,
    2126163021
  ],
  "shard_prediction_precision": 0.177635058760643,
  "shard_prediction_recall": 0.1306111067533493
}