{
  "accs_after_deletion": [
    0.8670000433921814,
    0.8348000645637512,
    0.8610000610351562,
    0.8570000529289246,
    0.8670000433921814,
    0.8500000238418579
  ],
  "accs_before_deletion": [
    0.8888000249862671,
    0.891200065612793,
    0.8952000141143799,
    0.863800048828125,
    0.8906000256538391,
    0.8892000317573547
  ],
  "delta": 6.982864657330156e-05,
  "ensemble_acc_after_deletion": 0.9080000519752502,
  "ensemble_acc_before_deletion": 0.9284000396728516,
  "epsilon": 2.902065339308719,
  "indicator": 1,
  "lengths_after_deletion": [
    2862,
    2869,
    2907,
    2883,
    2921,
    2900
  ],
  "rng": [
    3219939330,
    2020121011
  ],
  "shard_prediction_precision": 0.17434880137443542,
  "shard_prediction_recall": 0.1807222217321396
}