{
  "accs_after_deletion": [
    0.8604000210762024,
    0.8720000386238098,
    0.8698000311851501,
    0.8634000420570374,
    0.8574000597000122,
    0.8642000555992126
  ],
  "accs_before_deletion": [
    0.8818000555038452,
    0.8866000175476074,
    0.8844000697135925,
    0.8744000196456909,
    0.8710000514984131,
    0.8890000581741333
  ],
  "delta": 6.982864657330156e-05,
  "ensemble_acc_after_deletion": 0.9088000655174255,
  "ensemble_acc_before_deletion": 0.9250000715255737,
  "epsilon": 2.902065339308719,
  "indicator": 0,
  "lengths_after_deletion": [
    3714,
    3729,
    3792,
    3777,
    3820,
    3762
  ],
  "rng": [
    3252210264,
    2809496931
  ],
  "shard_prediction_precision": 0.17962107062339783,
  "shard_prediction_recall": 0.13377778232097626
}