{
  "accs_after_deletion": [
    0.8782000541687012,
    0.8728000521659851,
    0.868600070476532,
    0.8782000541687012,
    0.8732000589370728,
    0.863800048828125
  ],
  "accs_before_deletion": [
    0.8986000418663025,
    0.865600049495697,
    0.8892000317573547,
    0.8822000622749329,
    0.8924000263214111,
    0.889400064945221
  ],
  "delta": 6.982864657330156e-05,
  "ensemble_acc_after_deletion": 0.9146000146865845,
  "ensemble_acc_before_deletion": 0.9284000396728516,
  "epsilon": 2.902065339308719,
  "indicator": 0,
  "lengths_after_deletion": [
    2455,
    2439,
    2434,
    2578,
    2527,
    2514
  ],
  "rng": [
    3275538699,
    3793705163
  ],
  "shard_prediction_precision": 0.17588941752910614,
  "shard_prediction_recall": 0.20572222769260406
}