{
  "accs_after_deletion": [
    0.8778000473976135,
    0.8716000318527222,
    0.8730000257492065,
    0.8724000453948975,
    0.883400022983551,
    0.8724000453948975
  ],
  "accs_before_deletion": [
    0.8690000176429749,
    0.8642000555992126,
    0.891800045967102,
    0.8866000175476074,
    0.8808000683784485,
    0.8866000175476074
  ],
  "delta": 6.982864657330156e-05,
  "ensemble_acc_after_deletion": 0.9196000695228577,
  "ensemble_acc_before_deletion": 0.9188000559806824,
  "epsilon": 2.902065339308719,
  "indicator": 1,
  "lengths_after_deletion": [
    2405,
    2330,
    2335,
    2427,
    2466,
    2448
  ],
  "rng": [
    3326034229,
    1236801598
  ],
  "shard_prediction_precision": 0.18064755201339722,
  "shard_prediction_recall": 0.21666666865348816
}