{
  "accs_after_deletion": [
    0.8634000420570374,
    0.8660000562667847,
    0.8610000610351562,
    0.8824000358581543,
    0.8708000183105469,
    0.8792000412940979
  ],
  "accs_before_deletion": [
    0.8754000663757324,
    0.8878000378608704,
    0.8716000318527222,
    0.8862000703811646,
    0.8878000378608704,
    0.8832000494003296
  ],
  "delta": 6.982864657330156e-05,
  "ensemble_acc_after_deletion": 0.9176000356674194,
  "ensemble_acc_before_deletion": 0.9218000173568726,
  "epsilon": 2.902065339308719,
  "indicator": 1,
  "lengths_after_deletion": [
    2424,
    2515,
    2541,
    2504,
    2478,
    2575
  ],
  "rng": [
    3327705509,
    4162005129
  ],
  "shard_prediction_precision": 0.1740208864212036,
  "shard_prediction_recall": 0.20266667008399963
}