{
  "accs_after_deletion": [
    0.8284000158309937,
    0.8468000292778015,
    0.8002000451087952,
    0.8246000409126282,
    0.8420000672340393,
    0.8256000280380249
  ],
  "accs_before_deletion": [
    0.8818000555038452,
    0.8764000535011292,
    0.8824000358581543,
    0.86680006980896,
    0.8954000473022461,
    0.8986000418663025
  ],
  "delta": 6.982864657330156e-05,
  "ensemble_acc_after_deletion": 0.8836000561714172,
  "ensemble_acc_before_deletion": 0.9226000308990479,
  "epsilon": 2.902065339308719,
  "indicator": 1,
  "lengths_after_deletion": [
    2038,
    2010,
    1974,
    2096,
    2114,
    2074
  ],
  "rng": [
    3447491888,
    2639556217
  ],
  "shard_prediction_precision": 0.1741369068622589,
  "shard_prediction_recall": 0.22922222316265106
}