{
  "accs_after_deletion": [
    0.8766000270843506,
    0.8826000690460205,
    0.8746000528335571,
    0.8666000366210938,
    0.8784000277519226,
    0.8762000203132629
  ],
  "accs_before_deletion": [
    0.8708000183105469,
    0.8858000636100769,
    0.8654000163078308,
    0.8892000317573547,
    0.8722000122070312,
    0.8950000405311584
  ],
  "delta": 6.982864657330156e-05,
  "ensemble_acc_after_deletion": 0.9284000396728516,
  "ensemble_acc_before_deletion": 0.9218000173568726,
  "epsilon": 2.902065339308719,
  "indicator": 0,
  "lengths_after_deletion": [
    2361,
    2396,
    2342,
    2471,
    2410,
    2472
  ],
  "rng": [
    3462494563,
    1803471964
  ],
  "shard_prediction_precision": 0.17212733626365662,
  "shard_prediction_recall": 0.20605555176734924
}