{
  "accs_after_deletion": [
    0.8484000563621521,
    0.86680006980896,
    0.862000048160553,
    0.8772000670433044,
    0.8680000305175781,
    0.8546000123023987
  ],
  "accs_before_deletion": [
    0.8764000535011292,
    0.8824000358581543,
    0.8898000717163086,
    0.8808000683784485,
    0.8952000141143799,
    0.8808000683784485
  ],
  "delta": 6.982864657330156e-05,
  "ensemble_acc_after_deletion": 0.9130000472068787,
  "ensemble_acc_before_deletion": 0.9222000241279602,
  "epsilon": 2.902065339308719,
  "indicator": 1,
  "lengths_after_deletion": [
    2917,
    2947,
    2902,
    3009,
    2976,
    3012
  ],
  "rng": [
    3466327833,
    3073656699
  ],
  "shard_prediction_precision": 0.17217744886875153,
  "shard_prediction_recall": 0.17444445192813873
}