{
  "accs_after_deletion": [
    0.86680006980896,
    0.8754000663757324,
    0.8654000163078308,
    0.8822000622749329,
    0.8824000358581543,
    0.8850000500679016
  ],
  "accs_before_deletion": [
    0.878000020980835,
    0.8724000453948975,
    0.8808000683784485,
    0.8826000690460205,
    0.8790000677108765,
    0.8958000540733337
  ],
  "delta": 6.982864657330156e-05,
  "ensemble_acc_after_deletion": 0.9230000376701355,
  "ensemble_acc_before_deletion": 0.9196000695228577,
  "epsilon": 2.902065339308719,
  "indicator": 1,
  "lengths_after_deletion": [
    3047,
    3003,
    2908,
    3107,
    3054,
    3087
  ],
  "rng": [
    3530183661,
    915177468
  ],
  "shard_prediction_precision": 0.17432841658592224,
  "shard_prediction_recall": 0.17233332991600037
}