{
  "accs_after_deletion": [
    0.8794000148773193,
    0.8946000337600708,
    0.8812000155448914,
    0.8766000270843506,
    0.8544000387191772,
    0.8878000378608704
  ],
  "accs_before_deletion": [
    0.8678000569343567,
    0.8992000222206116,
    0.879800021648407,
    0.888200044631958,
    0.8800000548362732,
    0.8854000568389893
  ],
  "delta": 6.982864657330156e-05,
  "ensemble_acc_after_deletion": 0.9186000227928162,
  "ensemble_acc_before_deletion": 0.9232000708580017,
  "epsilon": 2.902065339308719,
  "indicator": 0,
  "lengths_after_deletion": [
    2362,
    2311,
    2342,
    2443,
    2429,
    2433
  ],
  "rng": [
    353266547,
    2003869324
  ],
  "shard_prediction_precision": 0.1768450140953064,
  "shard_prediction_recall": 0.21299999952316284
}