{
  "accs_after_deletion": [
    0.8676000237464905,
    0.8868000507354736,
    0.8722000122070312,
    0.857200026512146,
    0.8300000429153442,
    0.8774000406265259
  ],
  "accs_before_deletion": [
    0.889400064945221,
    0.884600043296814,
    0.8928000330924988,
    0.8840000629425049,
    0.8744000196456909,
    0.8870000243186951
  ],
  "delta": 6.982864657330156e-05,
  "ensemble_acc_after_deletion": 0.9118000268936157,
  "ensemble_acc_before_deletion": 0.9224000573158264,
  "epsilon": 2.902065339308719,
  "indicator": 0,
  "lengths_after_deletion": [
    2763,
    2727,
    2714,
    2738,
    2809,
    2799
  ],
  "rng": [
    3547952381,
    1023813797
  ],
  "shard_prediction_precision": 0.17732647061347961,
  "shard_prediction_recall": 0.19161111116409302
}