{
  "accs_after_deletion": [
    0.8794000148773193,
    0.8844000697135925,
    0.8664000630378723,
    0.8772000670433044,
    0.863800048828125,
    0.8844000697135925
  ],
  "accs_before_deletion": [
    0.8872000575065613,
    0.8644000291824341,
    0.8858000636100769,
    0.8682000637054443,
    0.8720000386238098,
    0.8794000148773193
  ],
  "delta": 6.982864657330156e-05,
  "ensemble_acc_after_deletion": 0.9182000160217285,
  "ensemble_acc_before_deletion": 0.9288000464439392,
  "epsilon": 2.902065339308719,
  "indicator": 0,
  "lengths_after_deletion": [
    3495,
    3494,
    3596,
    3615,
    3693,
    3615
  ],
  "rng": [
    3548252866,
    3800448180
  ],
  "shard_prediction_precision": 0.17526911199092865,
  "shard_prediction_recall": 0.1411111056804657
}