{
  "accs_after_deletion": [
    0.8858000636100769,
    0.8728000521659851,
    0.8750000596046448,
    0.8624000549316406,
    0.8736000657081604,
    0.8776000142097473
  ],
  "accs_before_deletion": [
    0.8796000480651855,
    0.8706000447273254,
    0.8944000601768494,
    0.8794000148773193,
    0.8700000643730164,
    0.8764000535011292
  ],
  "delta": 6.982864657330156e-05,
  "ensemble_acc_after_deletion": 0.9164000153541565,
  "ensemble_acc_before_deletion": 0.9218000173568726,
  "epsilon": 2.902065339308719,
  "indicator": 0,
  "lengths_after_deletion": [
    3470,
    3447,
    3523,
    3561,
    3618,
    3571
  ],
  "rng": [
    358155130,
    75637284
  ],
  "shard_prediction_precision": 0.1787305772304535,
  "shard_prediction_recall": 0.14705555140972137
}