{
  "accs_after_deletion": [
    0.857200026512146,
    0.8504000306129456,
    0.8782000541687012,
    0.8720000386238098,
    0.8576000332832336,
    0.8542000651359558
  ],
  "accs_before_deletion": [
    0.8926000595092773,
    0.8828000426292419,
    0.8806000351905823,
    0.8746000528335571,
    0.8830000162124634,
    0.8898000717163086
  ],
  "delta": 6.982864657330156e-05,
  "ensemble_acc_after_deletion": 0.9084000587463379,
  "ensemble_acc_before_deletion": 0.9228000640869141,
  "epsilon": 2.902065339308719,
  "indicator": 0,
  "lengths_after_deletion": [
    2588,
    2521,
    2547,
    2573,
    2585,
    2636
  ],
  "rng": [
    3592749324,
    2101810559
  ],
  "shard_prediction_precision": 0.1733819991350174,
  "shard_prediction_recall": 0.19794444739818573
}