{
  "accs_after_deletion": [
    0.8902000188827515,
    0.868600070476532,
    0.8760000467300415,
    0.8850000500679016,
    0.8886000514030457,
    0.8868000507354736
  ],
  "accs_before_deletion": [
    0.8760000467300415,
    0.8880000710487366,
    0.8840000629425049,
    0.8860000371932983,
    0.8752000331878662,
    0.8804000616073608
  ],
  "delta": 6.982864657330156e-05,
  "ensemble_acc_after_deletion": 0.9234000444412231,
  "ensemble_acc_before_deletion": 0.9244000315666199,
  "epsilon": 2.902065339308719,
  "indicator": 1,
  "lengths_after_deletion": [
    2699,
    2597,
    2611,
    2638,
    2679,
    2584
  ],
  "rng": [
    3600321362,
    235398947
  ],
  "shard_prediction_precision": 0.1696711629629135,
  "shard_prediction_recall": 0.19033333659172058
}