{
  "accs_after_deletion": [
    0.8720000386238098,
    0.8648000359535217,
    0.870400071144104,
    0.8548000454902649,
    0.8752000331878662,
    0.8742000460624695
  ],
  "accs_before_deletion": [
    0.8688000440597534,
    0.8938000202178955,
    0.8962000608444214,
    0.8960000276565552,
    0.8736000657081604,
    0.8736000657081604
  ],
  "delta": 6.982864657330156e-05,
  "ensemble_acc_after_deletion": 0.907200038433075,
  "ensemble_acc_before_deletion": 0.9226000308990479,
  "epsilon": 2.902065339308719,
  "indicator": 0,
  "lengths_after_deletion": [
    3949,
    4038,
    4002,
    4120,
    4018,
    4059
  ],
  "rng": [
    3623031326,
    4093864989
  ],
  "shard_prediction_precision": 0.1715760976076126,
  "shard_prediction_recall": 0.11261111497879028
}