{
  "accs_after_deletion": [
    0.8574000597000122,
    0.8586000204086304,
    0.860200047492981,
    0.86080002784729,
    0.8744000196456909,
    0.8630000352859497
  ],
  "accs_before_deletion": [
    0.8936000466346741,
    0.8734000325202942,
    0.8878000378608704,
    0.8794000148773193,
    0.8756000399589539,
    0.8782000541687012
  ],
  "delta": 6.982864657330156e-05,
  "ensemble_acc_after_deletion": 0.9058000445365906,
  "ensemble_acc_before_deletion": 0.9204000234603882,
  "epsilon": 2.902065339308719,
  "indicator": 1,
  "lengths_after_deletion": [
    3036,
    3063,
    3029,
    3081,
    3065,
    3069
  ],
  "rng": [
    362690320,
    812721785
  ],
  "shard_prediction_precision": 0.17494478821754456,
  "shard_prediction_recall": 0.17161111533641815
}