{
  "accs_after_deletion": [
    0.881600022315979,
    0.832800030708313,
    0.8372000455856323,
    0.8490000367164612,
    0.8538000583648682,
    0.8574000597000122
  ],
  "accs_before_deletion": [
    0.8976000547409058,
    0.8806000351905823,
    0.855400025844574,
    0.8870000243186951,
    0.8790000677108765,
    0.8896000385284424
  ],
  "delta": 6.982864657330156e-05,
  "ensemble_acc_after_deletion": 0.9094000458717346,
  "ensemble_acc_before_deletion": 0.9168000221252441,
  "epsilon": 2.902065339308719,
  "indicator": 1,
  "lengths_after_deletion": [
    1978,
    1979,
    1882,
    2124,
    1982,
    2017
  ],
  "rng": [
    3677121248,
    1026646851
  ],
  "shard_prediction_precision": 0.17547215521335602,
  "shard_prediction_recall": 0.234333336353302
}