{
  "accs_after_deletion": [
    0.8604000210762024,
    0.8706000447273254,
    0.8714000582695007,
    0.8778000473976135,
    0.862000048160553,
    0.8844000697135925
  ],
  "accs_before_deletion": [
    0.8886000514030457,
    0.881600022315979,
    0.8630000352859497,
    0.8890000581741333,
    0.867400050163269,
    0.891200065612793
  ],
  "delta": 6.982864657330156e-05,
  "ensemble_acc_after_deletion": 0.9098000526428223,
  "ensemble_acc_before_deletion": 0.9198000431060791,
  "epsilon": 2.902065339308719,
  "indicator": 1,
  "lengths_after_deletion": [
    2283,
    2246,
    2246,
    2342,
    2293,
    2308
  ],
  "rng": [
    3726895440,
    3405049533
  ],
  "shard_prediction_precision": 0.17363791167736053,
  "shard_prediction_recall": 0.21494445204734802
}