{
  "accs_after_deletion": [
    0.8752000331878662,
    0.8716000318527222,
    0.8664000630378723,
    0.8688000440597534,
    0.8748000264167786,
    0.8770000338554382
  ],
  "accs_before_deletion": [
    0.8756000399589539,
    0.8692000508308411,
    0.8790000677108765,
    0.8762000203132629,
    0.883400022983551,
    0.8976000547409058
  ],
  "delta": 6.982864657330156e-05,
  "ensemble_acc_after_deletion": 0.9110000729560852,
  "ensemble_acc_before_deletion": 0.9196000695228577,
  "epsilon": 2.902065339308719,
  "indicator": 1,
  "lengths_after_deletion": [
    2043,
    1949,
    2040,
    2034,
    2037,
    2051
  ],
  "rng": [
    3786996333,
    2897562003
  ],
  "shard_prediction_precision": 0.17290112376213074,
  "shard_prediction_recall": 0.22905555367469788
}