{
  "accs_after_deletion": [
    0.8830000162124634,
    0.8738000392913818,
    0.8670000433921814,
    0.8492000699043274,
    0.8494000434875488,
    0.8758000135421753
  ],
  "accs_before_deletion": [
    0.8844000697135925,
    0.8658000230789185,
    0.8890000581741333,
    0.8826000690460205,
    0.8754000663757324,
    0.8870000243186951
  ],
  "delta": 6.982864657330156e-05,
  "ensemble_acc_after_deletion": 0.914400041103363,
  "ensemble_acc_before_deletion": 0.9224000573158264,
  "epsilon": 2.902065339308719,
  "indicator": 0,
  "lengths_after_deletion": [
    2704,
    2720,
    2656,
    2736,
    2816,
    2785
  ],
  "rng": [
    3795898634,
    4054431512
  ],
  "shard_prediction_precision": 0.179952010512352,
  "shard_prediction_recall": 0.1957777738571167
}