{
  "accs_after_deletion": [
    0.8732000589370728,
    0.8654000163078308,
    0.8564000129699707,
    0.8762000203132629,
    0.8432000279426575,
    0.8598000407218933
  ],
  "accs_before_deletion": [
    0.89000004529953,
    0.8868000507354736,
    0.8830000162124634,
    0.8806000351905823,
    0.8836000561714172,
    0.8824000358581543
  ],
  "delta": 6.982864657330156e-05,
  "ensemble_acc_after_deletion": 0.9030000567436218,
  "ensemble_acc_before_deletion": 0.9234000444412231,
  "epsilon": 2.902065339308719,
  "indicator": 0,
  "lengths_after_deletion": [
    3157,
    3197,
    3105,
    3116,
    3160,
    3140
  ],
  "rng": [
    384523067,
    4219013650
  ],
  "shard_prediction_precision": 0.17296351492404938,
  "shard_prediction_recall": 0.16455556452274323
}