{
  "accs_after_deletion": [
    0.8722000122070312,
    0.8932000398635864,
    0.8676000237464905,
    0.8776000142097473,
    0.883400022983551,
    0.8422000408172607
  ],
  "accs_before_deletion": [
    0.8920000195503235,
    0.8842000365257263,
    0.884600043296814,
    0.8898000717163086,
    0.878000020980835,
    0.8700000643730164
  ],
  "delta": 6.982864657330156e-05,
  "ensemble_acc_after_deletion": 0.9238000512123108,
  "ensemble_acc_before_deletion": 0.9198000431060791,
  "epsilon": 2.902065339308719,
  "indicator": 0,
  "lengths_after_deletion": [
    3000,
    2966,
    3086,
    3090,
    2995,
    3037
  ],
  "rng": [
    388587202,
    4063634972
  ],
  "shard_prediction_precision": 0.1769886612892151,
  "shard_prediction_recall": 0.17527778446674347
}