{
  "accs_after_deletion": [
    0.8678000569343567,
    0.8746000528335571,
    0.8696000576019287,
    0.8542000651359558,
    0.8520000576972961,
    0.8778000473976135
  ],
  "accs_before_deletion": [
    0.8914000391960144,
    0.8974000215530396,
    0.885200023651123,
    0.8860000371932983,
    0.8886000514030457,
    0.8744000196456909
  ],
  "delta": 6.982864657330156e-05,
  "ensemble_acc_after_deletion": 0.9080000519752502,
  "ensemble_acc_before_deletion": 0.9220000505447388,
  "epsilon": 2.902065339308719,
  "indicator": 0,
  "lengths_after_deletion": [
    2631,
    2688,
    2646,
    2774,
    2737,
    2645
  ],
  "rng": [
    3887729272,
    1378053846
  ],
  "shard_prediction_precision": 0.17752401530742645,
  "shard_prediction_recall": 0.1960555613040924
}