{
  "accs_after_deletion": [
    0.8876000642776489,
    0.8898000717163086,
    0.883400022983551,
    0.8920000195503235,
    0.8782000541687012,
    0.8820000290870667
  ],
  "accs_before_deletion": [
    0.8926000595092773,
    0.8928000330924988,
    0.8752000331878662,
    0.8800000548362732,
    0.8700000643730164,
    0.8792000412940979
  ],
  "delta": 6.982864657330156e-05,
  "ensemble_acc_after_deletion": 0.9194000363349915,
  "ensemble_acc_before_deletion": 0.9240000247955322,
  "epsilon": 2.902065339308719,
  "indicator": 0,
  "lengths_after_deletion": [
    3757,
    3760,
    3764,
    3852,
    3804,
    3808
  ],
  "rng": [
    3906447120,
    2645989835
  ],
  "shard_prediction_precision": 0.17661258578300476,
  "shard_prediction_recall": 0.13005556166172028
}