{
  "accs_after_deletion": [
    0.8658000230789185,
    0.8682000637054443,
    0.8700000643730164,
    0.8804000616073608,
    0.8768000602722168,
    0.8764000535011292
  ],
  "accs_before_deletion": [
    0.8748000264167786,
    0.8794000148773193,
    0.8838000297546387,
    0.8842000365257263,
    0.8762000203132629,
    0.8724000453948975
  ],
  "delta": 6.982864657330156e-05,
  "ensemble_acc_after_deletion": 0.913800060749054,
  "ensemble_acc_before_deletion": 0.9154000282287598,
  "epsilon": 2.902065339308719,
  "indicator": 1,
  "lengths_after_deletion": [
    3774,
    3700,
    3737,
    3744,
    3745,
    3776
  ],
  "rng": [
    3918047891,
    814650797
  ],
  "shard_prediction_precision": 0.17561373114585876,
  "shard_prediction_recall": 0.1319444477558136
}