{
  "accs_after_deletion": [
    0.8680000305175781,
    0.8722000122070312,
    0.8738000392913818,
    0.8814000487327576,
    0.8744000196456909,
    0.8712000250816345
  ],
  "accs_before_deletion": [
    0.8972000479698181,
    0.8750000596046448,
    0.8792000412940979,
    0.8924000263214111,
    0.8842000365257263,
    0.8920000195503235
  ],
  "delta": 6.982864657330156e-05,
  "ensemble_acc_after_deletion": 0.9160000681877136,
  "ensemble_acc_before_deletion": 0.9250000715255737,
  "epsilon": 2.902065339308719,
  "indicator": 1,
  "lengths_after_deletion": [
    2713,
    2746,
    2723,
    2801,
    2782,
    2816
  ],
  "rng": [
    3979246684,
    771741259
  ],
  "shard_prediction_precision": 0.17735207080841064,
  "shard_prediction_recall": 0.1913333386182785
}