{
  "accs_after_deletion": [
    0.8386000394821167,
    0.8810000419616699,
    0.8596000671386719,
    0.8556000590324402,
    0.8344000577926636,
    0.8672000169754028
  ],
  "accs_before_deletion": [
    0.8782000541687012,
    0.9028000235557556,
    0.9058000445365906,
    0.8990000486373901,
    0.8684000372886658,
    0.8818000555038452
  ],
  "delta": 6.982864657330156e-05,
  "ensemble_acc_after_deletion": 0.9016000628471375,
  "ensemble_acc_before_deletion": 0.9272000193595886,
  "epsilon": 2.902065339308719,
  "indicator": 0,
  "lengths_after_deletion": [
    2926,
    2935,
    2890,
    2965,
    3015,
    2910
  ],
  "rng": [
    4068932699,
    2058544307
  ],
  "shard_prediction_precision": 0.17615339159965515,
  "shard_prediction_recall": 0.179666668176651
}