{
  "accs_after_deletion": [
    0.8448000550270081,
    0.8710000514984131,
    0.8750000596046448,
    0.8702000379562378,
    0.8658000230789185,
    0.8544000387191772
  ],
  "accs_before_deletion": [
    0.8726000189781189,
    0.8820000290870667,
    0.8892000317573547,
    0.8592000603675842,
    0.8802000284194946,
    0.8790000677108765
  ],
  "delta": 6.982864657330156e-05,
  "ensemble_acc_after_deletion": 0.9118000268936157,
  "ensemble_acc_before_deletion": 0.9220000505447388,
  "epsilon": 2.902065339308719,
  "indicator": 0,
  "lengths_after_deletion": [
    2210,
    2212,
    2213,
    2316,
    2349,
    2319
  ],
  "rng": [
    411661585,
    661460924
  ],
  "shard_prediction_precision": 0.17362941801548004,
  "shard_prediction_recall": 0.2158888876438141
}