{
  "accs_after_deletion": [
    0.8680000305175781,
    0.8832000494003296,
    0.8776000142097473,
    0.8710000514984131,
    0.8840000629425049,
    0.8886000514030457
  ],
  "accs_before_deletion": [
    0.8974000215530396,
    0.8848000168800354,
    0.8804000616073608,
    0.8844000697135925,
    0.888200044631958,
    0.8842000365257263
  ],
  "delta": 6.982864657330156e-05,
  "ensemble_acc_after_deletion": 0.9146000146865845,
  "ensemble_acc_before_deletion": 0.9182000160217285,
  "epsilon": 2.902065339308719,
  "indicator": 1,
  "lengths_after_deletion": [
    2716,
    2616,
    2721,
    2724,
    2844,
    2761
  ],
  "rng": [
    4120939923,
    2731452333
  ],
  "shard_prediction_precision": 0.17494139075279236,
  "shard_prediction_recall": 0.19066667556762695
}