{
  "accs_after_deletion": [
    0.8642000555992126,
    0.8688000440597534,
    0.8786000609397888,
    0.8688000440597534,
    0.8690000176429749,
    0.8778000473976135
  ],
  "accs_before_deletion": [
    0.9008000493049622,
    0.8968000411987305,
    0.8802000284194946,
    0.883400022983551,
    0.8872000575065613,
    0.8934000134468079
  ],
  "delta": 6.982864657330156e-05,
  "ensemble_acc_after_deletion": 0.9086000323295593,
  "ensemble_acc_before_deletion": 0.9270000457763672,
  "epsilon": 2.902065339308719,
  "indicator": 1,
  "lengths_after_deletion": [
    3672,
    3778,
    3739,
    3727,
    3795,
    3820
  ],
  "rng": [
    4137541123,
    3607002172
  ],
  "shard_prediction_precision": 0.17937485873699188,
  "shard_prediction_recall": 0.13422222435474396
}