{
  "accs_after_deletion": [
    0.865600049495697,
    0.8664000630378723,
    0.8658000230789185,
    0.8822000622749329,
    0.8868000507354736,
    0.8810000419616699
  ],
  "accs_before_deletion": [
    0.8818000555038452,
    0.8884000182151794,
    0.8872000575065613,
    0.8916000127792358,
    0.896600067615509,
    0.8698000311851501
  ],
  "delta": 6.982864657330156e-05,
  "ensemble_acc_after_deletion": 0.9168000221252441,
  "ensemble_acc_before_deletion": 0.9230000376701355,
  "epsilon": 2.902065339308719,
  "indicator": 1,
  "lengths_after_deletion": [
    2589,
    2721,
    2649,
    2718,
    2757,
    2696
  ],
  "rng": [
    4255109032,
    617947358
  ],
  "shard_prediction_precision": 0.1750880777835846,
  "shard_prediction_recall": 0.1932777762413025
}