{
  "accs_after_deletion": [
    0.8614000678062439,
    0.8472000360488892,
    0.8600000143051147,
    0.8546000123023987,
    0.8648000359535217,
    0.8508000373840332
  ],
  "accs_before_deletion": [
    0.8826000690460205,
    0.8850000500679016,
    0.889400064945221,
    0.8842000365257263,
    0.8660000562667847,
    0.8876000642776489
  ],
  "delta": 6.982864657330156e-05,
  "ensemble_acc_after_deletion": 0.9026000499725342,
  "ensemble_acc_before_deletion": 0.9208000302314758,
  "epsilon": 2.902065339308719,
  "indicator": 1,
  "lengths_after_deletion": [
    3582,
    3479,
    3497,
    3533,
    3622,
    3619
  ],
  "rng": [
    4278296276,
    3412583288
  ],
  "shard_prediction_precision": 0.17712026834487915,
  "shard_prediction_recall": 0.14433333277702332
}