{
  "accs_after_deletion": [
    0.8858000636100769,
    0.8916000127792358,
    0.8920000195503235,
    0.8790000677108765,
    0.8980000615119934,
    0.9022000432014465
  ],
  "accs_before_deletion": [
    0.8788000345230103,
    0.8692000508308411,
    0.8840000629425049,
    0.8904000520706177,
    0.891200065612793,
    0.8942000269889832
  ],
  "delta": 6.982864657330156e-05,
  "ensemble_acc_after_deletion": 0.9310000538825989,
  "ensemble_acc_before_deletion": 0.9240000247955322,
  "epsilon": 2.902065339308719,
  "indicator": 1,
  "lengths_after_deletion": [
    2884,
    2814,
    2858,
    2896,
    2819,
    2850
  ],
  "rng": [
    4294612439,
    2918459953
  ],
  "shard_prediction_precision": 0.17003020644187927,
  "shard_prediction_recall": 0.1783333420753479
}