{
  "accs_after_deletion": [
    0.8586000204086304,
    0.8632000684738159,
    0.8708000183105469,
    0.8658000230789185,
    0.86680006980896,
    0.8808000683784485
  ],
  "accs_before_deletion": [
    0.8788000345230103,
    0.8776000142097473,
    0.8746000528335571,
    0.8742000460624695,
    0.8970000147819519,
    0.8748000264167786
  ],
  "delta": 6.982864657330156e-05,
  "ensemble_acc_after_deletion": 0.9116000533103943,
  "ensemble_acc_before_deletion": 0.9220000505447388,
  "epsilon": 2.902065339308719,
  "indicator": 1,
  "lengths_after_deletion": [
    3980,
    4080,
    3974,
    4089,
    4032,
    4090
  ],
  "rng": [
    448661734,
    4162954432
  ],
  "shard_prediction_precision": 0.17830710113048553,
  "shard_prediction_recall": 0.11644444614648819
}