{
  "accs_after_deletion": [
    0.8824000358581543,
    0.888200044631958,
    0.8662000298500061,
    0.8732000589370728,
    0.8548000454902649,
    0.8698000311851501
  ],
  "accs_before_deletion": [
    0.8822000622749329,
    0.8790000677108765,
    0.8792000412940979,
    0.8760000467300415,
    0.8730000257492065,
    0.8902000188827515
  ],
  "delta": 6.982864657330156e-05,
  "ensemble_acc_after_deletion": 0.9184000492095947,
  "ensemble_acc_before_deletion": 0.9208000302314758,
  "epsilon": 2.902065339308719,
  "indicator": 0,
  "lengths_after_deletion": [
    3515,
    3410,
    3592,
    3573,
    3569,
    3499
  ],
  "rng": [
    493781278,
    91299658
  ],
  "shard_prediction_precision": 0.1761218160390854,
  "shard_prediction_recall": 0.14522221684455872
}