{
  "accs_after_deletion": [
    0.8814000487327576,
    0.8606000542640686,
    0.8884000182151794,
    0.883400022983551,
    0.8792000412940979,
    0.8938000202178955
  ],
  "accs_before_deletion": [
    0.8860000371932983,
    0.8730000257492065,
    0.8706000447273254,
    0.8872000575065613,
    0.8800000548362732,
    0.8806000351905823
  ],
  "delta": 6.982864657330156e-05,
  "ensemble_acc_after_deletion": 0.9198000431060791,
  "ensemble_acc_before_deletion": 0.9208000302314758,
  "epsilon": 2.902065339308719,
  "indicator": 1,
  "lengths_after_deletion": [
    3304,
    3320,
    3296,
    3393,
    3331,
    3413
  ],
  "rng": [
    49524775,
    3350821829
  ],
  "shard_prediction_precision": 0.17531205713748932,
  "shard_prediction_recall": 0.1552777737379074
}