{
  "accs_after_deletion": [
    0.8836000561714172,
    0.8836000561714172,
    0.8766000270843506,
    0.8616000413894653,
    0.8854000568389893,
    0.8914000391960144
  ],
  "accs_before_deletion": [
    0.8698000311851501,
    0.8850000500679016,
    0.8722000122070312,
    0.8922000527381897,
    0.8942000269889832,
    0.8814000487327576
  ],
  "delta": 6.982864657330156e-05,
  "ensemble_acc_after_deletion": 0.9176000356674194,
  "ensemble_acc_before_deletion": 0.9222000241279602,
  "epsilon": 2.902065339308719,
  "indicator": 0,
  "lengths_after_deletion": [
    3437,
    3326,
    3358,
    3422,
    3508,
    3413
  ],
  "rng": [
    55036614,
    3747542967
  ],
  "shard_prediction_precision": 0.17951855063438416,
  "shard_prediction_recall": 0.15494444966316223
}