{
  "accs_after_deletion": [
    0.8726000189781189,
    0.8726000189781189,
    0.862000048160553,
    0.8776000142097473,
    0.8794000148773193,
    0.8786000609397888
  ],
  "accs_before_deletion": [
    0.8826000690460205,
    0.885200023651123,
    0.8726000189781189,
    0.8986000418663025,
    0.8684000372886658,
    0.9028000235557556
  ],
  "delta": 6.982864657330156e-05,
  "ensemble_acc_after_deletion": 0.9186000227928162,
  "ensemble_acc_before_deletion": 0.9270000457763672,
  "epsilon": 2.902065339308719,
  "indicator": 1,
  "lengths_after_deletion": [
    3405,
    3434,
    3449,
    3487,
    3476,
    3486
  ],
  "rng": [
    618385038,
    2545482183
  ],
  "shard_prediction_precision": 0.17237764596939087,
  "shard_prediction_recall": 0.14616666734218597
}