{
  "accs_after_deletion": [
    0.8762000203132629,
    0.8742000460624695,
    0.8628000617027283,
    0.8790000677108765,
    0.8642000555992126,
    0.886400043964386
  ],
  "accs_before_deletion": [
    0.8848000168800354,
    0.8664000630378723,
    0.8748000264167786,
    0.8904000520706177,
    0.8714000582695007,
    0.8982000350952148
  ],
  "delta": 6.982864657330156e-05,
  "ensemble_acc_after_deletion": 0.91920006275177,
  "ensemble_acc_before_deletion": 0.9230000376701355,
  "epsilon": 2.902065339308719,
  "indicator": 1,
  "lengths_after_deletion": [
    2238,
    2267,
    2176,
    2320,
    2333,
    2350
  ],
  "rng": [
    624120521,
    838296930
  ],
  "shard_prediction_precision": 0.17606201767921448,
  "shard_prediction_recall": 0.21827778220176697
}