{
  "accs_after_deletion": [
    0.8494000434875488,
    0.83160001039505,
    0.8510000109672546,
    0.8434000611305237,
    0.8366000652313232,
    0.8326000571250916
  ],
  "accs_before_deletion": [
    0.8810000419616699,
    0.8832000494003296,
    0.893000066280365,
    0.8876000642776489,
    0.8782000541687012,
    0.8706000447273254
  ],
  "delta": 6.982864657330156e-05,
  "ensemble_acc_after_deletion": 0.8824000358581543,
  "ensemble_acc_before_deletion": 0.9262000322341919,
  "epsilon": 2.902065339308719,
  "indicator": 0,
  "lengths_after_deletion": [
    2885,
    2889,
    2894,
    2940,
    3004,
    2917
  ],
  "rng": [
    685593138,
    2140137370
  ],
  "shard_prediction_precision": 0.17573493719100952,
  "shard_prediction_recall": 0.18033333122730255
}