{
  "accs_after_deletion": [
    0.8478000164031982,
    0.8490000367164612,
    0.8630000352859497,
    0.8642000555992126,
    0.8392000198364258,
    0.8534000515937805
  ],
  "accs_before_deletion": [
    0.891200065612793,
    0.886400043964386,
    0.8888000249862671,
    0.8676000237464905,
    0.8810000419616699,
    0.8944000601768494
  ],
  "delta": 6.982864657330156e-05,
  "ensemble_acc_after_deletion": 0.9008000493049622,
  "ensemble_acc_before_deletion": 0.9220000505447388,
  "epsilon": 2.902065339308719,
  "indicator": 0,
  "lengths_after_deletion": [
    3060,
    3094,
    3107,
    3117,
    3150,
    3149
  ],
  "rng": [
    70189766,
    2514883155
  ],
  "shard_prediction_precision": 0.17381516098976135,
  "shard_prediction_recall": 0.16727778315544128
}