{
  "accs_after_deletion": [
    0.8478000164031982,
    0.8048000335693359,
    0.8322000503540039,
    0.8248000144958496,
    0.8208000659942627,
    0.8452000617980957
  ],
  "accs_before_deletion": [
    0.8926000595092773,
    0.8824000358581543,
    0.886400043964386,
    0.8796000480651855,
    0.8840000629425049,
    0.8898000717163086
  ],
  "delta": 6.982864657330156e-05,
  "ensemble_acc_after_deletion": 0.8840000629425049,
  "ensemble_acc_before_deletion": 0.9214000701904297,
  "epsilon": 2.902065339308719,
  "indicator": 1,
  "lengths_after_deletion": [
    1664,
    1662,
    1690,
    1815,
    1689,
    1690
  ],
  "rng": [
    758223179,
    3236542108
  ],
  "shard_prediction_precision": 0.17502908408641815,
  "shard_prediction_recall": 0.2507777810096741
}