{
  "accs_after_deletion": [
    0.8278000354766846,
    0.8530000448226929,
    0.8792000412940979,
    0.8538000583648682,
    0.8542000651359558,
    0.8418000340461731
  ],
  "accs_before_deletion": [
    0.8722000122070312,
    0.8954000473022461,
    0.8824000358581543,
    0.8808000683784485,
    0.8786000609397888,
    0.8904000520706177
  ],
  "delta": 6.982864657330156e-05,
  "ensemble_acc_after_deletion": 0.9040000438690186,
  "ensemble_acc_before_deletion": 0.9270000457763672,
  "epsilon": 2.902065339308719,
  "indicator": 0,
  "lengths_after_deletion": [
    1963,
    1967,
    1937,
    1935,
    1996,
    1927
  ],
  "rng": [
    759277900,
    1923091323
  ],
  "shard_prediction_precision": 0.17202883958816528,
  "shard_prediction_recall": 0.23200000822544098
}