{
  "accs_after_deletion": [
    0.8148000240325928,
    0.8246000409126282,
    0.8474000692367554,
    0.8212000131607056,
    0.8486000299453735,
    0.8490000367164612
  ],
  "accs_before_deletion": [
    0.8788000345230103,
    0.8804000616073608,
    0.8706000447273254,
    0.8792000412940979,
    0.8892000317573547,
    0.8960000276565552
  ],
  "delta": 6.982864657330156e-05,
  "ensemble_acc_after_deletion": 0.9038000702857971,
  "ensemble_acc_before_deletion": 0.9220000505447388,
  "epsilon": 2.902065339308719,
  "indicator": 1,
  "lengths_after_deletion": [
    2234,
    2200,
    2181,
    2243,
    2248,
    2252
  ],
  "rng": [
    879810044,
    3198564783
  ],
  "shard_prediction_precision": 0.1722462773323059,
  "shard_prediction_recall": 0.21666666865348816
}