{
  "accs_after_deletion": [
    0.8516000509262085,
    0.8612000346183777,
    0.865600049495697,
    0.8640000224113464,
    0.8526000380516052,
    0.863800048828125
  ],
  "accs_before_deletion": [
    0.8848000168800354,
    0.8794000148773193,
    0.8964000344276428,
    0.8862000703811646,
    0.8826000690460205,
    0.8896000385284424
  ],
  "delta": 6.982864657330156e-05,
  "ensemble_acc_after_deletion": 0.9070000648498535,
  "ensemble_acc_before_deletion": 0.9260000586509705,
  "epsilon": 2.902065339308719,
  "indicator": 1,
  "lengths_after_deletion": [
    3462,
    3355,
    3398,
    3432,
    3512,
    3562
  ],
  "rng": [
    887172161,
    1146729182
  ],
  "shard_prediction_precision": 0.17638589441776276,
  "shard_prediction_recall": 0.14972221851348877
}