{
  "accs_after_deletion": [
    0.8468000292778015,
    0.8560000658035278,
    0.8502000570297241,
    0.8402000665664673,
    0.8494000434875488,
    0.8502000570297241
  ],
  "accs_before_deletion": [
    0.8922000527381897,
    0.891800045967102,
    0.8832000494003296,
    0.8858000636100769,
    0.8840000629425049,
    0.8958000540733337
  ],
  "delta": 6.982864657330156e-05,
  "ensemble_acc_after_deletion": 0.8972000479698181,
  "ensemble_acc_before_deletion": 0.9250000715255737,
  "epsilon": 2.902065339308719,
  "indicator": 0,
  "lengths_after_deletion": [
    3341,
    3301,
    3307,
    3430,
    3396,
    3400
  ],
  "rng": [
    895701705,
    2742846569
  ],
  "shard_prediction_precision": 0.17371247708797455,
  "shard_prediction_recall": 0.15272222459316254
}