{
  "accs_after_deletion": [
    0.8772000670433044,
    0.8688000440597534,
    0.8952000141143799,
    0.8888000249862671,
    0.8800000548362732,
    0.8750000596046448
  ],
  "accs_before_deletion": [
    0.8690000176429749,
    0.865600049495697,
    0.8940000534057617,
    0.8886000514030457,
    0.893000066280365,
    0.8876000642776489
  ],
  "delta": 6.982864657330156e-05,
  "ensemble_acc_after_deletion": 0.9242000579833984,
  "ensemble_acc_before_deletion": 0.9260000586509705,
  "epsilon": 2.902065339308719,
  "indicator": 1,
  "lengths_after_deletion": [
    2676,
    2707,
    2763,
    2741,
    2755,
    2767
  ],
  "rng": [
    911980342,
    3771136109
  ],
  "shard_prediction_precision": 0.17875555157661438,
  "shard_prediction_recall": 0.19455555081367493
}