{
  "accs_after_deletion": [
    0.8822000622749329,
    0.8880000710487366,
    0.8850000500679016,
    0.885200023651123,
    0.8814000487327576,
    0.8922000527381897
  ],
  "accs_before_deletion": [
    0.870400071144104,
    0.8826000690460205,
    0.8690000176429749,
    0.8866000175476074,
    0.8906000256538391,
    0.8738000392913818
  ],
  "delta": 6.982864657330156e-05,
  "ensemble_acc_after_deletion": 0.9194000363349915,
  "ensemble_acc_before_deletion": 0.9160000681877136,
  "epsilon": 2.902065339308719,
  "indicator": 1,
  "lengths_after_deletion": [
    3232,
    3158,
    3203,
    3319,
    3251,
    3288
  ],
  "rng": [
    950939528,
    771857265
  ],
  "shard_prediction_precision": 0.17620401084423065,
  "shard_prediction_recall": 0.16200000047683716
}