{
  "accs_after_deletion": [
    0.8844000697135925,
    0.889400064945221,
    0.8658000230789185,
    0.8808000683784485,
    0.8742000460624695,
    0.8754000663757324
  ],
  "accs_before_deletion": [
    0.8792000412940979,
    0.8692000508308411,
    0.89000004529953,
    0.8878000378608704,
    0.8902000188827515,
    0.8924000263214111
  ],
  "delta": 6.982864657330156e-05,
  "ensemble_acc_after_deletion": 0.9112000465393066,
  "ensemble_acc_before_deletion": 0.9216000437736511,
  "epsilon": 2.902065339308719,
  "indicator": 0,
  "lengths_after_deletion": [
    2944,
    2958,
    2977,
    3059,
    2955,
    3072
  ],
  "rng": [
    989639572,
    1291760368
  ],
  "shard_prediction_precision": 0.17416135966777802,
  "shard_prediction_recall": 0.1745000034570694
}