{
  "accs_after_deletion": [
    0.9502000212669373,
    0.9612000584602356
  ],
  "accs_before_deletion": [
    0.9590000510215759,
    0.9646000266075134
  ],
  "delta": 6.982864657330156e-05,
  "ensemble_acc_after_deletion": 0.9580000638961792,
  "ensemble_acc_before_deletion": 0.96260005235672,
  "epsilon": 9.91328229088864,
  "indicator": 1,
  "lengths_after_deletion": [
    3144,
    3495
  ],
  "rng": [
    1058553089,
    1016822806
  ],
  "shard_prediction_precision": 0.5327364802360535,
  "shard_prediction_recall": 0.47599998116493225
}