{
  "accs_after_deletion": [
    0.9534000158309937,
    0.9500000476837158
  ],
  "accs_before_deletion": [
    0.96260005235672,
    0.9606000185012817
  ],
  "delta": 6.982864657330156e-05,
  "ensemble_acc_after_deletion": 0.9550000429153442,
  "ensemble_acc_before_deletion": 0.9624000191688538,
  "epsilon": 9.91328229088864,
  "indicator": 0,
  "lengths_after_deletion": [
    2486,
    2874
  ],
  "rng": [
    1107877948,
    1546788176
  ],
  "shard_prediction_precision": 0.5292168855667114,
  "shard_prediction_recall": 0.5856666564941406
}