{
  "accs_after_deletion": [
    0.9492000341415405,
    0.9486000537872314
  ],
  "accs_before_deletion": [
    0.9600000381469727,
    0.960800051689148
  ],
  "delta": 6.982864657330156e-05,
  "ensemble_acc_after_deletion": 0.9496000409126282,
  "ensemble_acc_before_deletion": 0.9624000191688538,
  "epsilon": 9.91328229088864,
  "indicator": 0,
  "lengths_after_deletion": [
    2427,
    2736
  ],
  "rng": [
    111927511,
    13293518
  ],
  "shard_prediction_precision": 0.52259761095047,
  "shard_prediction_recall": 0.5954999923706055
}