{
  "accs_after_deletion": [
    0.9536000490188599,
    0.9524000287055969
  ],
  "accs_before_deletion": [
    0.9654000401496887,
    0.9610000252723694
  ],
  "delta": 6.982864657330156e-05,
  "ensemble_acc_after_deletion": 0.9536000490188599,
  "ensemble_acc_before_deletion": 0.9638000726699829,
  "epsilon": 9.91328229088864,
  "indicator": 0,
  "lengths_after_deletion": [
    2754,
    3149
  ],
  "rng": [
    1125770922,
    651314863
  ],
  "shard_prediction_precision": 0.5323929786682129,
  "shard_prediction_recall": 0.5410000085830688
}