{
  "accs_after_deletion": [
    0.9536000490188599,
    0.9604000449180603
  ],
  "accs_before_deletion": [
    0.9620000720024109,
    0.9640000462532043
  ],
  "delta": 6.982864657330156e-05,
  "ensemble_acc_after_deletion": 0.9582000374794006,
  "ensemble_acc_before_deletion": 0.9652000665664673,
  "epsilon": 9.91328229088864,
  "indicator": 1,
  "lengths_after_deletion": [
    2977,
    3410
  ],
  "rng": [
    1220740526,
    2849667627
  ],
  "shard_prediction_precision": 0.5385711789131165,
  "shard_prediction_recall": 0.5038333535194397
}