{
  "accs_after_deletion": [
    0.9558000564575195,
    0.9514000415802002
  ],
  "accs_before_deletion": [
    0.9652000665664673,
    0.963200032711029
  ],
  "delta": 6.982864657330156e-05,
  "ensemble_acc_after_deletion": 0.9562000632286072,
  "ensemble_acc_before_deletion": 0.9656000733375549,
  "epsilon": 9.91328229088864,
  "indicator": 0,
  "lengths_after_deletion": [
    1990,
    2361
  ],
  "rng": [
    1319701301,
    2145173316
  ],
  "shard_prediction_precision": 0.5242515802383423,
  "shard_prediction_recall": 0.6683333516120911
}