{
  "accs_after_deletion": [
    0.9548000693321228,
    0.9540000557899475
  ],
  "accs_before_deletion": [
    0.9638000726699829,
    0.9630000591278076
  ],
  "delta": 6.982864657330156e-05,
  "ensemble_acc_after_deletion": 0.9546000361442566,
  "ensemble_acc_before_deletion": 0.9630000591278076,
  "epsilon": 9.91328229088864,
  "indicator": 0,
  "lengths_after_deletion": [
    2425,
    2755
  ],
  "rng": [
    147671915,
    698486211
  ],
  "shard_prediction_precision": 0.5241935849189758,
  "shard_prediction_recall": 0.5958333015441895
}