{
  "accs_after_deletion": [
    0.9518000483512878,
    0.9572000503540039
  ],
  "accs_before_deletion": [
    0.9628000259399414,
    0.9636000394821167
  ],
  "delta": 6.982864657330156e-05,
  "ensemble_acc_after_deletion": 0.9534000158309937,
  "ensemble_acc_before_deletion": 0.9636000394821167,
  "epsilon": 9.91328229088864,
  "indicator": 1,
  "lengths_after_deletion": [
    2799,
    3142
  ],
  "rng": [
    1478477133,
    520015286
  ],
  "shard_prediction_precision": 0.5283049941062927,
  "shard_prediction_recall": 0.5335000157356262
}