{
  "accs_after_deletion": [
    0.9544000625610352,
    0.9538000226020813
  ],
  "accs_before_deletion": [
    0.9600000381469727,
    0.9624000191688538
  ],
  "delta": 6.982864657330156e-05,
  "ensemble_acc_after_deletion": 0.9532000422477722,
  "ensemble_acc_before_deletion": 0.961400032043457,
  "epsilon": 9.91328229088864,
  "indicator": 0,
  "lengths_after_deletion": [
    3223,
    3596
  ],
  "rng": [
    1537549761,
    2172024447
  ],
  "shard_prediction_precision": 0.5359969139099121,
  "shard_prediction_recall": 0.46283331513404846
}