{
  "accs_after_deletion": [
    0.9534000158309937,
    0.9584000706672668
  ],
  "accs_before_deletion": [
    0.9636000394821167,
    0.9628000259399414
  ],
  "delta": 6.982864657330156e-05,
  "ensemble_acc_after_deletion": 0.9582000374794006,
  "ensemble_acc_before_deletion": 0.9634000658988953,
  "epsilon": 9.91328229088864,
  "indicator": 1,
  "lengths_after_deletion": [
    2554,
    2973
  ],
  "rng": [
    1545774005,
    1506524962
  ],
  "shard_prediction_precision": 0.5323652029037476,
  "shard_prediction_recall": 0.5743333101272583
}