{
  "accs_after_deletion": [
    0.9504000544548035,
    0.9492000341415405
  ],
  "accs_before_deletion": [
    0.9592000246047974,
    0.9564000368118286
  ],
  "delta": 6.982864657330156e-05,
  "ensemble_acc_after_deletion": 0.9510000348091125,
  "ensemble_acc_before_deletion": 0.9572000503540039,
  "epsilon": 9.91328229088864,
  "indicator": 0,
  "lengths_after_deletion": [
    3012,
    3324
  ],
  "rng": [
    15966670,
    3824599977
  ],
  "shard_prediction_precision": 0.5275423526763916,
  "shard_prediction_recall": 0.49799999594688416
}