{
  "accs_after_deletion": [
    0.9492000341415405,
    0.9486000537872314
  ],
  "accs_before_deletion": [
    0.957800030708313,
    0.9600000381469727
  ],
  "delta": 6.982864657330156e-05,
  "ensemble_acc_after_deletion": 0.9510000348091125,
  "ensemble_acc_before_deletion": 0.960800051689148,
  "epsilon": 9.91328229088864,
  "indicator": 0,
  "lengths_after_deletion": [
    2680,
    3150
  ],
  "rng": [
    1673214257,
    3030638770
  ],
  "shard_prediction_precision": 0.5380875468254089,
  "shard_prediction_recall": 0.5533333420753479
}