{
  "accs_after_deletion": [
    0.9536000490188599,
    0.9502000212669373
  ],
  "accs_before_deletion": [
    0.960800051689148,
    0.9590000510215759
  ],
  "delta": 6.982864657330156e-05,
  "ensemble_acc_after_deletion": 0.9518000483512878,
  "ensemble_acc_before_deletion": 0.9612000584602356,
  "epsilon": 9.91328229088864,
  "indicator": 0,
  "lengths_after_deletion": [
    2124,
    2504
  ],
  "rng": [
    1692077507,
    1127423261
  ],
  "shard_prediction_precision": 0.5257731676101685,
  "shard_prediction_recall": 0.6459999680519104
}