{
  "accs_after_deletion": [
    0.9528000354766846,
    0.9530000686645508
  ],
  "accs_before_deletion": [
    0.9622000455856323,
    0.96260005235672
  ],
  "delta": 6.982864657330156e-05,
  "ensemble_acc_after_deletion": 0.9532000422477722,
  "ensemble_acc_before_deletion": 0.9616000652313232,
  "epsilon": 9.91328229088864,
  "indicator": 1,
  "lengths_after_deletion": [
    2784,
    3115
  ],
  "rng": [
    1765264052,
    1275958423
  ],
  "shard_prediction_precision": 0.5271267294883728,
  "shard_prediction_recall": 0.5360000133514404
}