{
  "accs_after_deletion": [
    0.959600031375885,
    0.9550000429153442
  ],
  "accs_before_deletion": [
    0.9616000652313232,
    0.9668000340461731
  ],
  "delta": 6.982864657330156e-05,
  "ensemble_acc_after_deletion": 0.9592000246047974,
  "ensemble_acc_before_deletion": 0.9648000597953796,
  "epsilon": 9.91328229088864,
  "indicator": 0,
  "lengths_after_deletion": [
    2627,
    2960
  ],
  "rng": [
    1819163254,
    3999813501
  ],
  "shard_prediction_precision": 0.5259628891944885,
  "shard_prediction_recall": 0.5621666312217712
}