{
  "accs_after_deletion": [
    0.9502000212669373,
    0.9490000605583191
  ],
  "accs_before_deletion": [
    0.9618000388145447,
    0.9604000449180603
  ],
  "delta": 6.982864657330156e-05,
  "ensemble_acc_after_deletion": 0.9526000618934631,
  "ensemble_acc_before_deletion": 0.959600031375885,
  "epsilon": 9.91328229088864,
  "indicator": 0,
  "lengths_after_deletion": [
    2933,
    3313
  ],
  "rng": [
    1852570698,
    3133394679
  ],
  "shard_prediction_precision": 0.5330204963684082,
  "shard_prediction_recall": 0.5111666321754456
}