{
  "accs_after_deletion": [
    0.9474000334739685,
    0.9478000402450562
  ],
  "accs_before_deletion": [
    0.9636000394821167,
    0.9628000259399414
  ],
  "delta": 6.982864657330156e-05,
  "ensemble_acc_after_deletion": 0.9486000537872314,
  "ensemble_acc_before_deletion": 0.9624000191688538,
  "epsilon": 9.91328229088864,
  "indicator": 1,
  "lengths_after_deletion": [
    2723,
    3021
  ],
  "rng": [
    1926820644,
    4241349426
  ],
  "shard_prediction_precision": 0.5238171219825745,
  "shard_prediction_recall": 0.5461666584014893
}