{
  "accs_after_deletion": [
    0.9522000551223755,
    0.9510000348091125
  ],
  "accs_before_deletion": [
    0.9588000178337097,
    0.9606000185012817
  ],
  "delta": 6.982864657330156e-05,
  "ensemble_acc_after_deletion": 0.9540000557899475,
  "ensemble_acc_before_deletion": 0.9622000455856323,
  "epsilon": 9.91328229088864,
  "indicator": 0,
  "lengths_after_deletion": [
    2390,
    2681
  ],
  "rng": [
    2042021244,
    2422153900
  ],
  "shard_prediction_precision": 0.5209987163543701,
  "shard_prediction_recall": 0.6016666889190674
}