{
  "accs_after_deletion": [
    0.9460000395774841,
    0.9470000267028809
  ],
  "accs_before_deletion": [
    0.9600000381469727,
    0.956000030040741
  ],
  "delta": 6.982864657330156e-05,
  "ensemble_acc_after_deletion": 0.9446000456809998,
  "ensemble_acc_before_deletion": 0.9588000178337097,
  "epsilon": 9.91328229088864,
  "indicator": 1,
  "lengths_after_deletion": [
    2179,
    2539
  ],
  "rng": [
    2045347640,
    3404382944
  ],
  "shard_prediction_precision": 0.5247184634208679,
  "shard_prediction_recall": 0.6368333101272583
}