{
  "accs_after_deletion": [
    0.9528000354766846,
    0.9490000605583191
  ],
  "accs_before_deletion": [
    0.9630000591278076,
    0.9590000510215759
  ],
  "delta": 6.982864657330156e-05,
  "ensemble_acc_after_deletion": 0.9536000490188599,
  "ensemble_acc_before_deletion": 0.9618000388145447,
  "epsilon": 9.91328229088864,
  "indicator": 0,
  "lengths_after_deletion": [
    2176,
    2511
  ],
  "rng": [
    2072750437,
    2049997655
  ],
  "shard_prediction_precision": 0.5229044556617737,
  "shard_prediction_recall": 0.637333333492279
}