{
  "accs_after_deletion": [
    0.9602000713348389,
    0.9546000361442566
  ],
  "accs_before_deletion": [
    0.9604000449180603,
    0.9606000185012817
  ],
  "delta": 6.982864657330156e-05,
  "ensemble_acc_after_deletion": 0.957800030708313,
  "ensemble_acc_before_deletion": 0.9598000645637512,
  "epsilon": 9.91328229088864,
  "indicator": 0,
  "lengths_after_deletion": [
    2900,
    3306
  ],
  "rng": [
    2080437480,
    3206733116
  ],
  "shard_prediction_precision": 0.5350362658500671,
  "shard_prediction_recall": 0.5166666507720947
}