{
  "accs_after_deletion": [
    0.9514000415802002,
    0.9550000429153442
  ],
  "accs_before_deletion": [
    0.960800051689148,
    0.9638000726699829
  ],
  "delta": 6.982864657330156e-05,
  "ensemble_acc_after_deletion": 0.9554000496864319,
  "ensemble_acc_before_deletion": 0.9638000726699829,
  "epsilon": 9.91328229088864,
  "indicator": 1,
  "lengths_after_deletion": [
    2904,
    3193
  ],
  "rng": [
    2083820235,
    1704328536
  ],
  "shard_prediction_precision": 0.52447909116745,
  "shard_prediction_recall": 0.515999972820282
}