{
  "accs_after_deletion": [
    0.9492000341415405,
    0.9590000510215759
  ],
  "accs_before_deletion": [
    0.959600031375885,
    0.9620000720024109
  ],
  "delta": 6.982864657330156e-05,
  "ensemble_acc_after_deletion": 0.9526000618934631,
  "ensemble_acc_before_deletion": 0.9618000388145447,
  "epsilon": 9.91328229088864,
  "indicator": 1,
  "lengths_after_deletion": [
    2168,
    2613
  ],
  "rng": [
    2145179577,
    601078688
  ],
  "shard_prediction_precision": 0.5308214426040649,
  "shard_prediction_recall": 0.6386666893959045
}