{
  "accs_after_deletion": [
    0.9536000490188599,
    0.9534000158309937
  ],
  "accs_before_deletion": [
    0.9612000584602356,
    0.9610000252723694
  ],
  "delta": 6.982864657330156e-05,
  "ensemble_acc_after_deletion": 0.9538000226020813,
  "ensemble_acc_before_deletion": 0.9612000584602356,
  "epsilon": 9.91328229088864,
  "indicator": 0,
  "lengths_after_deletion": [
    2805,
    3184
  ],
  "rng": [
    2231042356,
    1679406628
  ],
  "shard_prediction_precision": 0.5315255522727966,
  "shard_prediction_recall": 0.5324999690055847
}