{
  "accs_after_deletion": [
    0.9442000389099121,
    0.9544000625610352
  ],
  "accs_before_deletion": [
    0.9624000191688538,
    0.9606000185012817
  ],
  "delta": 6.982864657330156e-05,
  "ensemble_acc_after_deletion": 0.9484000205993652,
  "ensemble_acc_before_deletion": 0.9618000388145447,
  "epsilon": 9.91328229088864,
  "indicator": 1,
  "lengths_after_deletion": [
    2394,
    2709
  ],
  "rng": [
    2239175074,
    3363114433
  ],
  "shard_prediction_precision": 0.5228360295295715,
  "shard_prediction_recall": 0.6010000109672546
}