{
  "accs_after_deletion": [
    0.9550000429153442,
    0.9564000368118286
  ],
  "accs_before_deletion": [
    0.9646000266075134,
    0.9616000652313232
  ],
  "delta": 6.982864657330156e-05,
  "ensemble_acc_after_deletion": 0.9552000164985657,
  "ensemble_acc_before_deletion": 0.9630000591278076,
  "epsilon": 9.91328229088864,
  "indicator": 1,
  "lengths_after_deletion": [
    2455,
    2828
  ],
  "rng": [
    2258446847,
    2506761703
  ],
  "shard_prediction_precision": 0.5277653932571411,
  "shard_prediction_recall": 0.590833306312561
}