{
  "accs_after_deletion": [
    0.9538000226020813,
    0.9548000693321228
  ],
  "accs_before_deletion": [
    0.9636000394821167,
    0.9646000266075134
  ],
  "delta": 6.982864657330156e-05,
  "ensemble_acc_after_deletion": 0.9534000158309937,
  "ensemble_acc_before_deletion": 0.9642000198364258,
  "epsilon": 9.91328229088864,
  "indicator": 1,
  "lengths_after_deletion": [
    3026,
    3398
  ],
  "rng": [
    2276718222,
    1791609357
  ],
  "shard_prediction_precision": 0.5333572626113892,
  "shard_prediction_recall": 0.49566665291786194
}