{
  "accs_after_deletion": [
    0.954200029373169,
    0.9564000368118286
  ],
  "accs_before_deletion": [
    0.9598000645637512,
    0.9636000394821167
  ],
  "delta": 6.982864657330156e-05,
  "ensemble_acc_after_deletion": 0.9546000361442566,
  "ensemble_acc_before_deletion": 0.9618000388145447,
  "epsilon": 9.91328229088864,
  "indicator": 1,
  "lengths_after_deletion": [
    3085,
    3351
  ],
  "rng": [
    2298345506,
    630186263
  ],
  "shard_prediction_precision": 0.5239036679267883,
  "shard_prediction_recall": 0.4858333170413971
}