{
  "accs_after_deletion": [
    0.9530000686645508,
    0.9586000442504883
  ],
  "accs_before_deletion": [
    0.9624000191688538,
    0.9628000259399414
  ],
  "delta": 6.982864657330156e-05,
  "ensemble_acc_after_deletion": 0.9576000571250916,
  "ensemble_acc_before_deletion": 0.963200032711029,
  "epsilon": 9.91328229088864,
  "indicator": 1,
  "lengths_after_deletion": [
    2583,
    2939
  ],
  "rng": [
    2367534348,
    965878708
  ],
  "shard_prediction_precision": 0.5274776220321655,
  "shard_prediction_recall": 0.5694999694824219
}