{
  "accs_after_deletion": [
    0.9466000199317932,
    0.9498000741004944
  ],
  "accs_before_deletion": [
    0.960800051689148,
    0.9588000178337097
  ],
  "delta": 6.982864657330156e-05,
  "ensemble_acc_after_deletion": 0.9450000524520874,
  "ensemble_acc_before_deletion": 0.960800051689148,
  "epsilon": 9.91328229088864,
  "indicator": 1,
  "lengths_after_deletion": [
    2442,
    2831
  ],
  "rng": [
    2418701411,
    2459168606
  ],
  "shard_prediction_precision": 0.5289133787155151,
  "shard_prediction_recall": 0.5929999947547913
}