{
  "accs_after_deletion": [
    0.9512000679969788,
    0.956000030040741
  ],
  "accs_before_deletion": [
    0.9646000266075134,
    0.9658000469207764
  ],
  "delta": 6.982864657330156e-05,
  "ensemble_acc_after_deletion": 0.9532000422477722,
  "ensemble_acc_before_deletion": 0.9654000401496887,
  "epsilon": 9.91328229088864,
  "indicator": 1,
  "lengths_after_deletion": [
    2411,
    2792
  ],
  "rng": [
    2421004992,
    3826340238
  ],
  "shard_prediction_precision": 0.5280270576477051,
  "shard_prediction_recall": 0.5981666445732117
}