{
  "accs_after_deletion": [
    0.9492000341415405,
    0.9540000557899475
  ],
  "accs_before_deletion": [
    0.9594000577926636,
    0.9582000374794006
  ],
  "delta": 6.982864657330156e-05,
  "ensemble_acc_after_deletion": 0.9502000212669373,
  "ensemble_acc_before_deletion": 0.9584000706672668,
  "epsilon": 9.91328229088864,
  "indicator": 1,
  "lengths_after_deletion": [
    3006,
    3448
  ],
  "rng": [
    2444584434,
    944552436
  ],
  "shard_prediction_precision": 0.5398485660552979,
  "shard_prediction_recall": 0.4989999830722809
}