{
  "accs_after_deletion": [
    0.9482000470161438,
    0.9568000435829163
  ],
  "accs_before_deletion": [
    0.9590000510215759,
    0.9664000272750854
  ],
  "delta": 6.982864657330156e-05,
  "ensemble_acc_after_deletion": 0.9548000693321228,
  "ensemble_acc_before_deletion": 0.9646000266075134,
  "epsilon": 9.91328229088864,
  "indicator": 1,
  "lengths_after_deletion": [
    2757,
    3155
  ],
  "rng": [
    2487873791,
    4215284083
  ],
  "shard_prediction_precision": 0.5326873064041138,
  "shard_prediction_recall": 0.5404999852180481
}