{
  "accs_after_deletion": [
    0.9530000686645508,
    0.9504000544548035
  ],
  "accs_before_deletion": [
    0.9586000442504883,
    0.9646000266075134
  ],
  "delta": 6.982864657330156e-05,
  "ensemble_acc_after_deletion": 0.9516000747680664,
  "ensemble_acc_before_deletion": 0.9620000720024109,
  "epsilon": 9.91328229088864,
  "indicator": 0,
  "lengths_after_deletion": [
    2960,
    3369
  ],
  "rng": [
    2580642749,
    157756580
  ],
  "shard_prediction_precision": 0.536060631275177,
  "shard_prediction_recall": 0.5066666603088379
}