{
  "accs_after_deletion": [
    0.941800057888031,
    0.9496000409126282
  ],
  "accs_before_deletion": [
    0.9624000191688538,
    0.9584000706672668
  ],
  "delta": 6.982864657330156e-05,
  "ensemble_acc_after_deletion": 0.9460000395774841,
  "ensemble_acc_before_deletion": 0.9598000645637512,
  "epsilon": 9.91328229088864,
  "indicator": 1,
  "lengths_after_deletion": [
    2013,
    2398
  ],
  "rng": [
    2672763930,
    4183052142
  ],
  "shard_prediction_precision": 0.5253657102584839,
  "shard_prediction_recall": 0.6644999980926514
}