{
  "accs_after_deletion": [
    0.9502000212669373,
    0.9464000463485718
  ],
  "accs_before_deletion": [
    0.9622000455856323,
    0.96260005235672
  ],
  "delta": 6.982864657330156e-05,
  "ensemble_acc_after_deletion": 0.9524000287055969,
  "ensemble_acc_before_deletion": 0.9656000733375549,
  "epsilon": 9.91328229088864,
  "indicator": 0,
  "lengths_after_deletion": [
    2778,
    3109
  ],
  "rng": [
    2680646295,
    3661751203
  ],
  "shard_prediction_precision": 0.5270734429359436,
  "shard_prediction_recall": 0.5370000004768372
}