{
  "accs_after_deletion": [
    0.9496000409126282,
    0.9478000402450562
  ],
  "accs_before_deletion": [
    0.96260005235672,
    0.9582000374794006
  ],
  "delta": 6.982864657330156e-05,
  "ensemble_acc_after_deletion": 0.9516000747680664,
  "ensemble_acc_before_deletion": 0.960800051689148,
  "epsilon": 9.91328229088864,
  "indicator": 0,
  "lengths_after_deletion": [
    2815,
    3280
  ],
  "rng": [
    2712599595,
    1622241819
  ],
  "shard_prediction_precision": 0.5393734574317932,
  "shard_prediction_recall": 0.5308333039283752
}