{
  "accs_after_deletion": [
    0.9462000727653503,
    0.9416000247001648
  ],
  "accs_before_deletion": [
    0.9660000205039978,
    0.9584000706672668
  ],
  "delta": 6.982864657330156e-05,
  "ensemble_acc_after_deletion": 0.9460000395774841,
  "ensemble_acc_before_deletion": 0.9620000720024109,
  "epsilon": 9.91328229088864,
  "indicator": 0,
  "lengths_after_deletion": [
    2950,
    3342
  ],
  "rng": [
    3033931939,
    1199135547
  ],
  "shard_prediction_precision": 0.5343378186225891,
  "shard_prediction_recall": 0.5083333253860474
}