{
  "accs_after_deletion": [
    0.9494000673294067,
    0.9504000544548035
  ],
  "accs_before_deletion": [
    0.9622000455856323,
    0.961400032043457
  ],
  "delta": 6.982864657330156e-05,
  "ensemble_acc_after_deletion": 0.9502000212669373,
  "ensemble_acc_before_deletion": 0.9624000191688538,
  "epsilon": 9.91328229088864,
  "indicator": 1,
  "lengths_after_deletion": [
    3449,
    3758
  ],
  "rng": [
    3035854951,
    3952074162
  ],
  "shard_prediction_precision": 0.5322344899177551,
  "shard_prediction_recall": 0.42516666650772095
}