{
  "accs_after_deletion": [
    0.9512000679969788,
    0.9530000686645508
  ],
  "accs_before_deletion": [
    0.9594000577926636,
    0.9602000713348389
  ],
  "delta": 6.982864657330156e-05,
  "ensemble_acc_after_deletion": 0.9512000679969788,
  "ensemble_acc_before_deletion": 0.9620000720024109,
  "epsilon": 9.91328229088864,
  "indicator": 1,
  "lengths_after_deletion": [
    2395,
    2847
  ],
  "rng": [
    3087400976,
    4138373606
  ],
  "shard_prediction_precision": 0.5334418416023254,
  "shard_prediction_recall": 0.6008333563804626
}