{
  "accs_after_deletion": [
    0.9538000226020813,
    0.9548000693321228
  ],
  "accs_before_deletion": [
    0.9586000442504883,
    0.9602000713348389
  ],
  "delta": 6.982864657330156e-05,
  "ensemble_acc_after_deletion": 0.954200029373169,
  "ensemble_acc_before_deletion": 0.9598000645637512,
  "epsilon": 9.91328229088864,
  "indicator": 1,
  "lengths_after_deletion": [
    3062,
    3492
  ],
  "rng": [
    3093491169,
    400205675
  ],
  "shard_prediction_precision": 0.5394785404205322,
  "shard_prediction_recall": 0.4896666705608368
}