{
  "accs_after_deletion": [
    0.9528000354766846,
    0.9602000713348389
  ],
  "accs_before_deletion": [
    0.9590000510215759,
    0.9658000469207764
  ],
  "delta": 6.982864657330156e-05,
  "ensemble_acc_after_deletion": 0.9556000232696533,
  "ensemble_acc_before_deletion": 0.9612000584602356,
  "epsilon": 9.91328229088864,
  "indicator": 1,
  "lengths_after_deletion": [
    2443,
    2740
  ],
  "rng": [
    313366852,
    1931852749
  ],
  "shard_prediction_precision": 0.5217837691307068,
  "shard_prediction_recall": 0.5928333401679993
}