{
  "accs_after_deletion": [
    0.9494000673294067,
    0.9548000693321228
  ],
  "accs_before_deletion": [
    0.9592000246047974,
    0.9600000381469727
  ],
  "delta": 6.982864657330156e-05,
  "ensemble_acc_after_deletion": 0.954200029373169,
  "ensemble_acc_before_deletion": 0.9594000577926636,
  "epsilon": 9.91328229088864,
  "indicator": 1,
  "lengths_after_deletion": [
    2924,
    3198
  ],
  "rng": [
    3143996452,
    2013464785
  ],
  "shard_prediction_precision": 0.523307204246521,
  "shard_prediction_recall": 0.512666642665863
}