{
  "accs_after_deletion": [
    0.9554000496864319,
    0.9574000239372253
  ],
  "accs_before_deletion": [
    0.963200032711029,
    0.9640000462532043
  ],
  "delta": 6.982864657330156e-05,
  "ensemble_acc_after_deletion": 0.9576000571250916,
  "ensemble_acc_before_deletion": 0.9636000394821167,
  "epsilon": 9.91328229088864,
  "indicator": 1,
  "lengths_after_deletion": [
    3830,
    4137
  ],
  "rng": [
    3158670143,
    2495909624
  ],
  "shard_prediction_precision": 0.5380610227584839,
  "shard_prediction_recall": 0.36166664958000183
}