{
  "accs_after_deletion": [
    0.9580000638961792,
    0.9592000246047974
  ],
  "accs_before_deletion": [
    0.9582000374794006,
    0.9640000462532043
  ],
  "delta": 6.982864657330156e-05,
  "ensemble_acc_after_deletion": 0.963200032711029,
  "ensemble_acc_before_deletion": 0.9610000252723694,
  "epsilon": 9.91328229088864,
  "indicator": 1,
  "lengths_after_deletion": [
    3219,
    3628
  ],
  "rng": [
    3187281345,
    1650549825
  ],
  "shard_prediction_precision": 0.5396856069564819,
  "shard_prediction_recall": 0.4634999930858612
}