{
  "accs_after_deletion": [
    0.9466000199317932,
    0.9510000348091125
  ],
  "accs_before_deletion": [
    0.9636000394821167,
    0.9628000259399414
  ],
  "delta": 6.982864657330156e-05,
  "ensemble_acc_after_deletion": 0.9492000341415405,
  "ensemble_acc_before_deletion": 0.9636000394821167,
  "epsilon": 9.91328229088864,
  "indicator": 1,
  "lengths_after_deletion": [
    2511,
    2785
  ],
  "rng": [
    3223676517,
    3165114200
  ],
  "shard_prediction_precision": 0.5204355716705322,
  "shard_prediction_recall": 0.5814999938011169
}