{
  "accs_after_deletion": [
    0.943600058555603,
    0.9504000544548035
  ],
  "accs_before_deletion": [
    0.964400053024292,
    0.9554000496864319
  ],
  "delta": 6.982864657330156e-05,
  "ensemble_acc_after_deletion": 0.9496000409126282,
  "ensemble_acc_before_deletion": 0.9620000720024109,
  "epsilon": 9.91328229088864,
  "indicator": 1,
  "lengths_after_deletion": [
    2674,
    2901
  ],
  "rng": [
    3262075600,
    4051088938
  ],
  "shard_prediction_precision": 0.5176653265953064,
  "shard_prediction_recall": 0.5543333292007446
}