{
  "accs_after_deletion": [
    0.9526000618934631,
    0.9558000564575195
  ],
  "accs_before_deletion": [
    0.9638000726699829,
    0.9646000266075134
  ],
  "delta": 6.982864657330156e-05,
  "ensemble_acc_after_deletion": 0.956000030040741,
  "ensemble_acc_before_deletion": 0.964400053024292,
  "epsilon": 9.91328229088864,
  "indicator": 1,
  "lengths_after_deletion": [
    3079,
    3547
  ],
  "rng": [
    3289708437,
    3787442264
  ],
  "shard_prediction_precision": 0.5435429811477661,
  "shard_prediction_recall": 0.4868333339691162
}