{
  "accs_after_deletion": [
    0.9496000409126282,
    0.9532000422477722
  ],
  "accs_before_deletion": [
    0.9652000665664673,
    0.9634000658988953
  ],
  "delta": 6.982864657330156e-05,
  "ensemble_acc_after_deletion": 0.9536000490188599,
  "ensemble_acc_before_deletion": 0.9636000394821167,
  "epsilon": 9.91328229088864,
  "indicator": 1,
  "lengths_after_deletion": [
    2256,
    2629
  ],
  "rng": [
    3409888299,
    2858299613
  ],
  "shard_prediction_precision": 0.526212215423584,
  "shard_prediction_recall": 0.6240000128746033
}