{
  "accs_after_deletion": [
    0.9548000693321228,
    0.9506000280380249
  ],
  "accs_before_deletion": [
    0.9598000645637512,
    0.9600000381469727
  ],
  "delta": 6.982864657330156e-05,
  "ensemble_acc_after_deletion": 0.9492000341415405,
  "ensemble_acc_before_deletion": 0.9624000191688538,
  "epsilon": 9.91328229088864,
  "indicator": 0,
  "lengths_after_deletion": [
    4156,
    4551
  ],
  "rng": [
    3420518423,
    770435155
  ],
  "shard_prediction_precision": 0.5599756836891174,
  "shard_prediction_recall": 0.3073333203792572
}