{
  "accs_after_deletion": [
    0.9546000361442566,
    0.9588000178337097
  ],
  "accs_before_deletion": [
    0.9602000713348389,
    0.9624000191688538
  ],
  "delta": 6.982864657330156e-05,
  "ensemble_acc_after_deletion": 0.9562000632286072,
  "ensemble_acc_before_deletion": 0.9640000462532043,
  "epsilon": 9.91328229088864,
  "indicator": 1,
  "lengths_after_deletion": [
    2963,
    3246
  ],
  "rng": [
    3438572297,
    2509627501
  ],
  "shard_prediction_precision": 0.524434506893158,
  "shard_prediction_recall": 0.5061666369438171
}