{
  "accs_after_deletion": [
    0.9554000496864319,
    0.9502000212669373
  ],
  "accs_before_deletion": [
    0.9652000665664673,
    0.9616000652313232
  ],
  "delta": 6.982864657330156e-05,
  "ensemble_acc_after_deletion": 0.9562000632286072,
  "ensemble_acc_before_deletion": 0.9640000462532043,
  "epsilon": 9.91328229088864,
  "indicator": 0,
  "lengths_after_deletion": [
    2265,
    2634
  ],
  "rng": [
    3441705169,
    1591463223
  ],
  "shard_prediction_precision": 0.5259822010993958,
  "shard_prediction_recall": 0.6225000023841858
}