{
  "accs_after_deletion": [
    0.957800030708313,
    0.956000030040741
  ],
  "accs_before_deletion": [
    0.9612000584602356,
    0.9636000394821167
  ],
  "delta": 6.982864657330156e-05,
  "ensemble_acc_after_deletion": 0.9604000449180603,
  "ensemble_acc_before_deletion": 0.9634000658988953,
  "epsilon": 9.91328229088864,
  "indicator": 0,
  "lengths_after_deletion": [
    2644,
    2970
  ],
  "rng": [
    3459640148,
    2247940164
  ],
  "shard_prediction_precision": 0.5255246162414551,
  "shard_prediction_recall": 0.559333324432373
}