{
  "accs_after_deletion": [
    0.9474000334739685,
    0.9490000605583191
  ],
  "accs_before_deletion": [
    0.9636000394821167,
    0.9590000510215759
  ],
  "delta": 6.982864657330156e-05,
  "ensemble_acc_after_deletion": 0.9474000334739685,
  "ensemble_acc_before_deletion": 0.9628000259399414,
  "epsilon": 9.91328229088864,
  "indicator": 1,
  "lengths_after_deletion": [
    2435,
    2786
  ],
  "rng": [
    3468505924,
    2895433961
  ],
  "shard_prediction_precision": 0.5258887410163879,
  "shard_prediction_recall": 0.59416663646698
}