{
  "accs_after_deletion": [
    0.9508000612258911,
    0.9564000368118286
  ],
  "accs_before_deletion": [
    0.9622000455856323,
    0.9624000191688538
  ],
  "delta": 6.982864657330156e-05,
  "ensemble_acc_after_deletion": 0.9538000226020813,
  "ensemble_acc_before_deletion": 0.9628000259399414,
  "epsilon": 9.91328229088864,
  "indicator": 1,
  "lengths_after_deletion": [
    3182,
    3547
  ],
  "rng": [
    351616677,
    2522563061
  ],
  "shard_prediction_precision": 0.534623384475708,
  "shard_prediction_recall": 0.46966665983200073
}