{
  "accs_after_deletion": [
    0.9500000476837158,
    0.9586000442504883
  ],
  "accs_before_deletion": [
    0.9648000597953796,
    0.9624000191688538
  ],
  "delta": 6.982864657330156e-05,
  "ensemble_acc_after_deletion": 0.9540000557899475,
  "ensemble_acc_before_deletion": 0.9640000462532043,
  "epsilon": 9.91328229088864,
  "indicator": 1,
  "lengths_after_deletion": [
    2300,
    2623
  ],
  "rng": [
    3534458354,
    3348245536
  ],
  "shard_prediction_precision": 0.5228204131126404,
  "shard_prediction_recall": 0.6166666746139526
}