{
  "accs_after_deletion": [
    0.9522000551223755,
    0.9574000239372253
  ],
  "accs_before_deletion": [
    0.9598000645637512,
    0.9630000591278076
  ],
  "delta": 6.982864657330156e-05,
  "ensemble_acc_after_deletion": 0.9554000496864319,
  "ensemble_acc_before_deletion": 0.9630000591278076,
  "epsilon": 9.91328229088864,
  "indicator": 1,
  "lengths_after_deletion": [
    3060,
    3364
  ],
  "rng": [
    357767125,
    2188305673
  ],
  "shard_prediction_precision": 0.5272597074508667,
  "shard_prediction_recall": 0.49000000953674316
}