{
  "accs_after_deletion": [
    0.9516000747680664,
    0.9532000422477722
  ],
  "accs_before_deletion": [
    0.9602000713348389,
    0.959600031375885
  ],
  "delta": 6.982864657330156e-05,
  "ensemble_acc_after_deletion": 0.9536000490188599,
  "ensemble_acc_before_deletion": 0.9598000645637512,
  "epsilon": 9.91328229088864,
  "indicator": 1,
  "lengths_after_deletion": [
    3413,
    3781
  ],
  "rng": [
    3583242732,
    710582048
  ],
  "shard_prediction_precision": 0.538285493850708,
  "shard_prediction_recall": 0.4311666488647461
}