{
  "accs_after_deletion": [
    0.9562000632286072,
    0.9540000557899475
  ],
  "accs_before_deletion": [
    0.9568000435829163,
    0.9616000652313232
  ],
  "delta": 6.982864657330156e-05,
  "ensemble_acc_after_deletion": 0.9566000699996948,
  "ensemble_acc_before_deletion": 0.9602000713348389,
  "epsilon": 9.91328229088864,
  "indicator": 0,
  "lengths_after_deletion": [
    2904,
    3320
  ],
  "rng": [
    3598512794,
    855759964
  ],
  "shard_prediction_precision": 0.5360110402107239,
  "shard_prediction_recall": 0.515999972820282
}