{
  "accs_after_deletion": [
    0.9512000679969788,
    0.9480000734329224
  ],
  "accs_before_deletion": [
    0.9588000178337097,
    0.9588000178337097
  ],
  "delta": 6.982864657330156e-05,
  "ensemble_acc_after_deletion": 0.9494000673294067,
  "ensemble_acc_before_deletion": 0.9616000652313232,
  "epsilon": 9.91328229088864,
  "indicator": 0,
  "lengths_after_deletion": [
    2412,
    2699
  ],
  "rng": [
    3615279568,
    1171324676
  ],
  "shard_prediction_precision": 0.5208303332328796,
  "shard_prediction_recall": 0.5979999899864197
}