{
  "accs_after_deletion": [
    0.9488000273704529,
    0.9526000618934631
  ],
  "accs_before_deletion": [
    0.963200032711029,
    0.9628000259399414
  ],
  "delta": 6.982864657330156e-05,
  "ensemble_acc_after_deletion": 0.9544000625610352,
  "ensemble_acc_before_deletion": 0.9640000462532043,
  "epsilon": 9.91328229088864,
  "indicator": 1,
  "lengths_after_deletion": [
    2136,
    2460
  ],
  "rng": [
    3652539729,
    1822734798
  ],
  "shard_prediction_precision": 0.5218800902366638,
  "shard_prediction_recall": 0.6439999938011169
}