{
  "accs_after_deletion": [
    0.9544000625610352,
    0.9568000435829163
  ],
  "accs_before_deletion": [
    0.963200032711029,
    0.9618000388145447
  ],
  "delta": 6.982864657330156e-05,
  "ensemble_acc_after_deletion": 0.9562000632286072,
  "ensemble_acc_before_deletion": 0.9628000259399414,
  "epsilon": 9.91328229088864,
  "indicator": 1,
  "lengths_after_deletion": [
    2941,
    3403
  ],
  "rng": [
    3663277359,
    4100232647
  ],
  "shard_prediction_precision": 0.5408415794372559,
  "shard_prediction_recall": 0.5098333358764648
}