{
  "accs_after_deletion": [
    0.9480000734329224,
    0.9588000178337097
  ],
  "accs_before_deletion": [
    0.964400053024292,
    0.9624000191688538
  ],
  "delta": 6.982864657330156e-05,
  "ensemble_acc_after_deletion": 0.9568000435829163,
  "ensemble_acc_before_deletion": 0.9654000401496887,
  "epsilon": 9.91328229088864,
  "indicator": 1,
  "lengths_after_deletion": [
    3102,
    3498
  ],
  "rng": [
    3701968950,
    1363374153
  ],
  "shard_prediction_precision": 0.5366666913032532,
  "shard_prediction_recall": 0.4829999804496765
}