{
  "accs_after_deletion": [
    0.9508000612258911,
    0.9518000483512878
  ],
  "accs_before_deletion": [
    0.9604000449180603,
    0.9588000178337097
  ],
  "delta": 6.982864657330156e-05,
  "ensemble_acc_after_deletion": 0.9492000341415405,
  "ensemble_acc_before_deletion": 0.9598000645637512,
  "epsilon": 9.91328229088864,
  "indicator": 1,
  "lengths_after_deletion": [
    2394,
    2877
  ],
  "rng": [
    3750705942,
    1645801450
  ],
  "shard_prediction_precision": 0.5358894467353821,
  "shard_prediction_recall": 0.6010000109672546
}