{
  "accs_after_deletion": [
    0.9530000686645508,
    0.9554000496864319
  ],
  "accs_before_deletion": [
    0.9598000645637512,
    0.957800030708313
  ],
  "delta": 6.982864657330156e-05,
  "ensemble_acc_after_deletion": 0.9546000361442566,
  "ensemble_acc_before_deletion": 0.9576000571250916,
  "epsilon": 9.91328229088864,
  "indicator": 1,
  "lengths_after_deletion": [
    2665,
    3008
  ],
  "rng": [
    3784297038,
    4034447264
  ],
  "shard_prediction_precision": 0.5271060466766357,
  "shard_prediction_recall": 0.5558333396911621
}