{
  "accs_after_deletion": [
    0.9492000341415405,
    0.9582000374794006
  ],
  "accs_before_deletion": [
    0.9660000205039978,
    0.9622000455856323
  ],
  "delta": 6.982864657330156e-05,
  "ensemble_acc_after_deletion": 0.9544000625610352,
  "ensemble_acc_before_deletion": 0.9638000726699829,
  "epsilon": 9.91328229088864,
  "indicator": 1,
  "lengths_after_deletion": [
    2760,
    3222
  ],
  "rng": [
    3789561534,
    3113608986
  ],
  "shard_prediction_precision": 0.5383848547935486,
  "shard_prediction_recall": 0.5400000214576721
}