{
  "accs_after_deletion": [
    0.9484000205993652,
    0.9490000605583191
  ],
  "accs_before_deletion": [
    0.966200053691864,
    0.9620000720024109
  ],
  "delta": 6.982864657330156e-05,
  "ensemble_acc_after_deletion": 0.9482000470161438,
  "ensemble_acc_before_deletion": 0.9642000198364258,
  "epsilon": 9.91328229088864,
  "indicator": 1,
  "lengths_after_deletion": [
    3008,
    3283
  ],
  "rng": [
    3830708199,
    1022633179
  ],
  "shard_prediction_precision": 0.5240848064422607,
  "shard_prediction_recall": 0.4986666738986969
}