{
  "accs_after_deletion": [
    0.9458000659942627,
    0.9466000199317932
  ],
  "accs_before_deletion": [
    0.9640000462532043,
    0.9604000449180603
  ],
  "delta": 6.982864657330156e-05,
  "ensemble_acc_after_deletion": 0.945400059223175,
  "ensemble_acc_before_deletion": 0.9634000658988953,
  "epsilon": 9.91328229088864,
  "indicator": 1,
  "lengths_after_deletion": [
    2510,
    2883
  ],
  "rng": [
    3843311441,
    3276958647
  ],
  "shard_prediction_precision": 0.528227686882019,
  "shard_prediction_recall": 0.5816666483879089
}