{
  "accs_after_deletion": [
    0.9546000361442566,
    0.9532000422477722
  ],
  "accs_before_deletion": [
    0.9600000381469727,
    0.9600000381469727
  ],
  "delta": 6.982864657330156e-05,
  "ensemble_acc_after_deletion": 0.954200029373169,
  "ensemble_acc_before_deletion": 0.9592000246047974,
  "epsilon": 9.91328229088864,
  "indicator": 0,
  "lengths_after_deletion": [
    2748,
    3096
  ],
  "rng": [
    3968729883,
    1599422570
  ],
  "shard_prediction_precision": 0.528265118598938,
  "shard_prediction_recall": 0.5419999957084656
}