{
  "accs_after_deletion": [
    0.9520000219345093,
    0.9540000557899475
  ],
  "accs_before_deletion": [
    0.9604000449180603,
    0.9584000706672668
  ],
  "delta": 6.982864657330156e-05,
  "ensemble_acc_after_deletion": 0.9544000625610352,
  "ensemble_acc_before_deletion": 0.9584000706672668,
  "epsilon": 9.91328229088864,
  "indicator": 1,
  "lengths_after_deletion": [
    2670,
    3013
  ],
  "rng": [
    3968729674,
    92772737
  ],
  "shard_prediction_precision": 0.527148962020874,
  "shard_prediction_recall": 0.5550000071525574
}