{
  "accs_after_deletion": [
    0.9540000557899475,
    0.9522000551223755
  ],
  "accs_before_deletion": [
    0.959600031375885,
    0.9620000720024109
  ],
  "delta": 6.982864657330156e-05,
  "ensemble_acc_after_deletion": 0.9552000164985657,
  "ensemble_acc_before_deletion": 0.9616000652313232,
  "epsilon": 9.91328229088864,
  "indicator": 0,
  "lengths_after_deletion": [
    2298,
    2734
  ],
  "rng": [
    4057534805,
    2499470780
  ],
  "shard_prediction_precision": 0.5312858819961548,
  "shard_prediction_recall": 0.6169999837875366
}