{
  "accs_after_deletion": [
    0.9458000659942627,
    0.9538000226020813
  ],
  "accs_before_deletion": [
    0.957800030708313,
    0.9610000252723694
  ],
  "delta": 6.982864657330156e-05,
  "ensemble_acc_after_deletion": 0.9528000354766846,
  "ensemble_acc_before_deletion": 0.9592000246047974,
  "epsilon": 9.91328229088864,
  "indicator": 1,
  "lengths_after_deletion": [
    2359,
    2800
  ],
  "rng": [
    4077774462,
    92374408
  ],
  "shard_prediction_precision": 0.5322321653366089,
  "shard_prediction_recall": 0.6068333387374878
}