{
  "accs_after_deletion": [
    0.9444000720977783,
    0.9434000253677368
  ],
  "accs_before_deletion": [
    0.960800051689148,
    0.9564000368118286
  ],
  "delta": 6.982864657330156e-05,
  "ensemble_acc_after_deletion": 0.9452000260353088,
  "ensemble_acc_before_deletion": 0.9588000178337097,
  "epsilon": 9.91328229088864,
  "indicator": 0,
  "lengths_after_deletion": [
    2589,
    2978
  ],
  "rng": [
    4105773926,
    4041666405
  ],
  "shard_prediction_precision": 0.5302347540855408,
  "shard_prediction_recall": 0.5684999823570251
}