{
  "accs_after_deletion": [
    0.9498000741004944,
    0.9526000618934631
  ],
  "accs_before_deletion": [
    0.960800051689148,
    0.961400032043457
  ],
  "delta": 6.982864657330156e-05,
  "ensemble_acc_after_deletion": 0.9518000483512878,
  "ensemble_acc_before_deletion": 0.9636000394821167,
  "epsilon": 9.91328229088864,
  "indicator": 1,
  "lengths_after_deletion": [
    2338,
    2717
  ],
  "rng": [
    4155993023,
    1282979494
  ],
  "shard_prediction_precision": 0.5272858142852783,
  "shard_prediction_recall": 0.6103333234786987
}