{
  "accs_after_deletion": [
    0.9486000537872314,
    0.9478000402450562
  ],
  "accs_before_deletion": [
    0.96260005235672,
    0.9604000449180603
  ],
  "delta": 6.982864657330156e-05,
  "ensemble_acc_after_deletion": 0.9506000280380249,
  "ensemble_acc_before_deletion": 0.964400053024292,
  "epsilon": 9.91328229088864,
  "indicator": 0,
  "lengths_after_deletion": [
    2666,
    2915
  ],
  "rng": [
    4242747086,
    4117107447
  ],
  "shard_prediction_precision": 0.5193955302238464,
  "shard_prediction_recall": 0.5556666851043701
}