{
  "accs_after_deletion": [
    0.9594000577926636,
    0.9512000679969788
  ],
  "accs_before_deletion": [
    0.9622000455856323,
    0.9600000381469727
  ],
  "delta": 6.982864657330156e-05,
  "ensemble_acc_after_deletion": 0.9552000164985657,
  "ensemble_acc_before_deletion": 0.961400032043457,
  "epsilon": 9.91328229088864,
  "indicator": 0,
  "lengths_after_deletion": [
    3112,
    3457
  ],
  "rng": [
    4267464721,
    3161865081
  ],
  "shard_prediction_precision": 0.5317620635032654,
  "shard_prediction_recall": 0.48133331537246704
}