{
  "accs_after_deletion": [
    0.9592000246047974,
    0.9568000435829163
  ],
  "accs_before_deletion": [
    0.9586000442504883,
    0.960800051689148
  ],
  "delta": 6.982864657330156e-05,
  "ensemble_acc_after_deletion": 0.9598000645637512,
  "ensemble_acc_before_deletion": 0.9586000442504883,
  "epsilon": 9.91328229088864,
  "indicator": 0,
  "lengths_after_deletion": [
    3444,
    3796
  ],
  "rng": [
    44583015,
    2980111846
  ],
  "shard_prediction_precision": 0.5369747877120972,
  "shard_prediction_recall": 0.4259999990463257
}