{
  "accs_after_deletion": [
    0.9538000226020813,
    0.9538000226020813
  ],
  "accs_before_deletion": [
    0.9628000259399414,
    0.9634000658988953
  ],
  "delta": 6.982864657330156e-05,
  "ensemble_acc_after_deletion": 0.9548000693321228,
  "ensemble_acc_before_deletion": 0.9620000720024109,
  "epsilon": 9.91328229088864,
  "indicator": 0,
  "lengths_after_deletion": [
    3411,
    3751
  ],
  "rng": [
    510307625,
    800233916
  ],
  "shard_prediction_precision": 0.5351384878158569,
  "shard_prediction_recall": 0.43149998784065247
}