{
  "accs_after_deletion": [
    0.9496000409126282,
    0.9522000551223755
  ],
  "accs_before_deletion": [
    0.963200032711029,
    0.9568000435829163
  ],
  "delta": 6.982864657330156e-05,
  "ensemble_acc_after_deletion": 0.9508000612258911,
  "ensemble_acc_before_deletion": 0.9600000381469727,
  "epsilon": 9.91328229088864,
  "indicator": 1,
  "lengths_after_deletion": [
    3134,
    3468
  ],
  "rng": [
    537199167,
    590675956
  ],
  "shard_prediction_precision": 0.5309373736381531,
  "shard_prediction_recall": 0.4776666760444641
}