{
  "accs_after_deletion": [
    0.9386000633239746,
    0.9458000659942627
  ],
  "accs_before_deletion": [
    0.9640000462532043,
    0.9600000381469727
  ],
  "delta": 6.982864657330156e-05,
  "ensemble_acc_after_deletion": 0.9450000524520874,
  "ensemble_acc_before_deletion": 0.9618000388145447,
  "epsilon": 9.91328229088864,
  "indicator": 1,
  "lengths_after_deletion": [
    2980,
    3340
  ],
  "rng": [
    558336029,
    278912896
  ],
  "shard_prediction_precision": 0.5316901803016663,
  "shard_prediction_recall": 0.503333330154419
}