{
  "accs_after_deletion": [
    0.9526000618934631,
    0.9506000280380249
  ],
  "accs_before_deletion": [
    0.9594000577926636,
    0.9586000442504883
  ],
  "delta": 6.982864657330156e-05,
  "ensemble_acc_after_deletion": 0.9530000686645508,
  "ensemble_acc_before_deletion": 0.9594000577926636,
  "epsilon": 9.91328229088864,
  "indicator": 0,
  "lengths_after_deletion": [
    2669,
    3094
  ],
  "rng": [
    604484363,
    645237491
  ],
  "shard_prediction_precision": 0.5340708494186401,
  "shard_prediction_recall": 0.5551666617393494
}