{
  "accs_after_deletion": [
    0.9466000199317932,
    0.9540000557899475
  ],
  "accs_before_deletion": [
    0.9638000726699829,
    0.9618000388145447
  ],
  "delta": 6.982864657330156e-05,
  "ensemble_acc_after_deletion": 0.9514000415802002,
  "ensemble_acc_before_deletion": 0.9634000658988953,
  "epsilon": 9.91328229088864,
  "indicator": 1,
  "lengths_after_deletion": [
    2487,
    2804
  ],
  "rng": [
    611785163,
    1226540243
  ],
  "shard_prediction_precision": 0.5236249566078186,
  "shard_prediction_recall": 0.5855000019073486
}