{
  "accs_after_deletion": [
    0.9476000666618347,
    0.9554000496864319
  ],
  "accs_before_deletion": [
    0.9668000340461731,
    0.9620000720024109
  ],
  "delta": 6.982864657330156e-05,
  "ensemble_acc_after_deletion": 0.9506000280380249,
  "ensemble_acc_before_deletion": 0.9650000333786011,
  "epsilon": 9.91328229088864,
  "indicator": 1,
  "lengths_after_deletion": [
    2818,
    3205
  ],
  "rng": [
    625662641,
    2435001866
  ],
  "shard_prediction_precision": 0.5323740839958191,
  "shard_prediction_recall": 0.5303333401679993
}