{
  "accs_after_deletion": [
    0.9522000551223755,
    0.956000030040741
  ],
  "accs_before_deletion": [
    0.9624000191688538,
    0.960800051689148
  ],
  "delta": 6.982864657330156e-05,
  "ensemble_acc_after_deletion": 0.9566000699996948,
  "ensemble_acc_before_deletion": 0.9622000455856323,
  "epsilon": 9.91328229088864,
  "indicator": 1,
  "lengths_after_deletion": [
    2193,
    2569
  ],
  "rng": [
    634060981,
    4220143871
  ],
  "shard_prediction_precision": 0.5259740948677063,
  "shard_prediction_recall": 0.6344999670982361
}