{
  "accs_after_deletion": [
    0.9556000232696533,
    0.9580000638961792
  ],
  "accs_before_deletion": [
    0.9658000469207764,
    0.964400053024292
  ],
  "delta": 6.982864657330156e-05,
  "ensemble_acc_after_deletion": 0.9562000632286072,
  "ensemble_acc_before_deletion": 0.9654000401496887,
  "epsilon": 9.91328229088864,
  "indicator": 1,
  "lengths_after_deletion": [
    2432,
    2828
  ],
  "rng": [
    724823212,
    693577085
  ],
  "shard_prediction_precision": 0.5293768644332886,
  "shard_prediction_recall": 0.5946666598320007
}