{
  "accs_after_deletion": [
    0.9520000219345093,
    0.9468000531196594
  ],
  "accs_before_deletion": [
    0.9628000259399414,
    0.9592000246047974
  ],
  "delta": 6.982864657330156e-05,
  "ensemble_acc_after_deletion": 0.9518000483512878,
  "ensemble_acc_before_deletion": 0.961400032043457,
  "epsilon": 9.91328229088864,
  "indicator": 0,
  "lengths_after_deletion": [
    2304,
    2619
  ],
  "rng": [
    768499642,
    2237812669
  ],
  "shard_prediction_precision": 0.5222551822662354,
  "shard_prediction_recall": 0.6159999966621399
}