{
  "accs_after_deletion": [
    0.9534000158309937,
    0.9582000374794006
  ],
  "accs_before_deletion": [
    0.9610000252723694,
    0.9656000733375549
  ],
  "delta": 6.982864657330156e-05,
  "ensemble_acc_after_deletion": 0.9562000632286072,
  "ensemble_acc_before_deletion": 0.9648000597953796,
  "epsilon": 9.91328229088864,
  "indicator": 1,
  "lengths_after_deletion": [
    2975,
    3307
  ],
  "rng": [
    826175622,
    858638707
  ],
  "shard_prediction_precision": 0.5290311574935913,
  "shard_prediction_recall": 0.5041666626930237
}