{
  "accs_after_deletion": [
    0.9516000747680664,
    0.9464000463485718
  ],
  "accs_before_deletion": [
    0.9672000408172607,
    0.9598000645637512
  ],
  "delta": 6.982864657330156e-05,
  "ensemble_acc_after_deletion": 0.9492000341415405,
  "ensemble_acc_before_deletion": 0.9638000726699829,
  "epsilon": 9.91328229088864,
  "indicator": 0,
  "lengths_after_deletion": [
    2959,
    3283
  ],
  "rng": [
    89780738,
    1075054474
  ],
  "shard_prediction_precision": 0.5281347632408142,
  "shard_prediction_recall": 0.5068333148956299
}