{
  "accs_after_deletion": [
    0.9530000686645508,
    0.9540000557899475
  ],
  "accs_before_deletion": [
    0.9584000706672668,
    0.96260005235672
  ],
  "delta": 6.982864657330156e-05,
  "ensemble_acc_after_deletion": 0.9550000429153442,
  "ensemble_acc_before_deletion": 0.9610000252723694,
  "epsilon": 9.91328229088864,
  "indicator": 1,
  "lengths_after_deletion": [
    3056,
    3434
  ],
  "rng": [
    89943008,
    2333359837
  ],
  "shard_prediction_precision": 0.5343012809753418,
  "shard_prediction_recall": 0.4906666576862335
}