{
  "accs_after_deletion": [
    0.9500000476837158,
    0.954200029373169
  ],
  "accs_before_deletion": [
    0.9666000604629517,
    0.96260005235672
  ],
  "delta": 6.982864657330156e-05,
  "ensemble_acc_after_deletion": 0.9532000422477722,
  "ensemble_acc_before_deletion": 0.9642000198364258,
  "epsilon": 9.91328229088864,
  "indicator": 1,
  "lengths_after_deletion": [
    2755,
    3059
  ],
  "rng": [
    916719787,
    4019933080
  ],
  "shard_prediction_precision": 0.5245715975761414,
  "shard_prediction_recall": 0.5408333539962769
}