{
  "accs_after_deletion": [
    0.9510000348091125,
    0.9470000267028809
  ],
  "accs_before_deletion": [
    0.9682000279426575,
    0.9568000435829163
  ],
  "delta": 6.982864657330156e-05,
  "ensemble_acc_after_deletion": 0.9474000334739685,
  "ensemble_acc_before_deletion": 0.9660000205039978,
  "epsilon": 9.91328229088864,
  "indicator": 0,
  "lengths_after_deletion": [
    2835,
    3101
  ],
  "rng": [
    94903343,
    2167940027
  ],
  "shard_prediction_precision": 0.5219327211380005,
  "shard_prediction_recall": 0.5274999737739563
}