{
  "accs_after_deletion": [
    0.9564000368118286,
    0.9534000158309937
  ],
  "accs_before_deletion": [
    0.9598000645637512,
    0.959600031375885
  ],
  "delta": 6.982864657330156e-05,
  "ensemble_acc_after_deletion": 0.9562000632286072,
  "ensemble_acc_before_deletion": 0.9592000246047974,
  "epsilon": 9.91328229088864,
  "indicator": 0,
  "lengths_after_deletion": [
    3164,
    3466
  ],
  "rng": [
    967009455,
    1870600057
  ],
  "shard_prediction_precision": 0.5281192064285278,
  "shard_prediction_recall": 0.4726666510105133
}