{
  "accs_after_deletion": [
    0.9504000544548035,
    0.9526000618934631
  ],
  "accs_before_deletion": [
    0.9638000726699829,
    0.9598000645637512
  ],
  "delta": 6.982864657330156e-05,
  "ensemble_acc_after_deletion": 0.9514000415802002,
  "ensemble_acc_before_deletion": 0.9638000726699829,
  "epsilon": 9.91328229088864,
  "indicator": 1,
  "lengths_after_deletion": [
    2778,
    3186
  ],
  "rng": [
    967746916,
    945158842
  ],
  "shard_prediction_precision": 0.5337972640991211,
  "shard_prediction_recall": 0.5370000004768372
}