{
  "accs_after_deletion": [
    0.9480000734329224,
    0.9538000226020813
  ],
  "accs_before_deletion": [
    0.9616000652313232,
    0.9600000381469727
  ],
  "delta": 6.982864657330156e-05,
  "ensemble_acc_after_deletion": 0.9524000287055969,
  "ensemble_acc_before_deletion": 0.9638000726699829,
  "epsilon": 9.91328229088864,
  "indicator": 1,
  "lengths_after_deletion": [
    2501,
    2893
  ],
  "rng": [
    968821388,
    3292788404
  ],
  "shard_prediction_precision": 0.529670000076294,
  "shard_prediction_recall": 0.5831666588783264
}