{
  "accs_after_deletion": [
    0.9550000429153442,
    0.9518000483512878
  ],
  "accs_before_deletion": [
    0.96260005235672,
    0.960800051689148
  ],
  "delta": 6.982864657330156e-05,
  "ensemble_acc_after_deletion": 0.9514000415802002,
  "ensemble_acc_before_deletion": 0.9622000455856323,
  "epsilon": 9.91328229088864,
  "indicator": 0,
  "lengths_after_deletion": [
    2647,
    2956
  ],
  "rng": [
    977598057,
    222443081
  ],
  "shard_prediction_precision": 0.5241519808769226,
  "shard_prediction_recall": 0.5588333010673523
}