{
  "accs_after_deletion": [
    0.8236000537872314,
    0.8214000463485718,
    0.8184000253677368,
    0.8256000280380249,
    0.8226000666618347,
    0.8226000666618347
  ],
  "accs_before_deletion": [
    0.838200032711029,
    0.8404000401496887,
    0.8354000449180603,
    0.835800051689148,
    0.8330000638961792,
    0.8378000259399414
  ],
  "delta": 6.982864657330156e-05,
  "ensemble_acc_after_deletion": 0.8418000340461731,
  "ensemble_acc_before_deletion": 0.8544000387191772,
  "epsilon": "\u221e",
  "indicator": 1,
  "lengths_after_deletion": [
    3079,
    3102,
    3100,
    3504,
    3405,
    3486
  ],
  "rng": [
    0,
    910586869
  ],
  "shard_prediction_precision": 0.22243322432041168,
  "shard_prediction_recall": 0.20172221958637238
}