{
  "accs_after_deletion": [
    0.8130000233650208,
    0.8206000328063965,
    0.8228000402450562,
    0.8180000185966492,
    0.8158000111579895,
    0.8078000545501709
  ],
  "accs_before_deletion": [
    0.8424000144004822,
    0.8444000482559204,
    0.8396000266075134,
    0.83760005235672,
    0.8324000239372253,
    0.8320000171661377
  ],
  "delta": 6.982864657330156e-05,
  "ensemble_acc_after_deletion": 0.8362000584602356,
  "ensemble_acc_before_deletion": 0.8562000393867493,
  "epsilon": "\u221e",
  "indicator": 0,
  "lengths_after_deletion": [
    3038,
    3015,
    3143,
    3483,
    3373,
    3403
  ],
  "rng": [
    1091233166,
    3735362645
  ],
  "shard_prediction_precision": 0.22230282425880432,
  "shard_prediction_recall": 0.2043333351612091
}