{
  "accs_after_deletion": [
    0.831000030040741,
    0.8266000151634216,
    0.8282000422477722,
    0.8212000131607056,
    0.8392000198364258,
    0.8330000638961792
  ],
  "accs_before_deletion": [
    0.8390000462532043,
    0.8338000178337097,
    0.8390000462532043,
    0.8396000266075134,
    0.8390000462532043,
    0.8300000429153442
  ],
  "delta": 6.982864657330156e-05,
  "ensemble_acc_after_deletion": 0.8474000692367554,
  "ensemble_acc_before_deletion": 0.8566000461578369,
  "epsilon": "\u221e",
  "indicator": 1,
  "lengths_after_deletion": [
    3716,
    3677,
    3620,
    4047,
    4046,
    4013
  ],
  "rng": [
    1183691005,
    2316980310
  ],
  "shard_prediction_precision": 0.2231193333864212,
  "shard_prediction_recall": 0.15966667234897614
}