{
  "accs_after_deletion": [
    0.8172000646591187,
    0.8258000612258911,
    0.8254000544548035,
    0.8256000280380249,
    0.8200000524520874,
    0.8276000618934631
  ],
  "accs_before_deletion": [
    0.8340000510215759,
    0.8398000597953796,
    0.8350000381469727,
    0.83760005235672,
    0.8284000158309937,
    0.8362000584602356
  ],
  "delta": 6.982864657330156e-05,
  "ensemble_acc_after_deletion": 0.8420000672340393,
  "ensemble_acc_before_deletion": 0.8518000245094299,
  "epsilon": "\u221e",
  "indicator": 1,
  "lengths_after_deletion": [
    3212,
    3197,
    3314,
    3597,
    3686,
    3583
  ],
  "rng": [
    1214659211,
    2538336918
  ],
  "shard_prediction_precision": 0.21848030388355255,
  "shard_prediction_recall": 0.1870555579662323
}