{
  "accs_after_deletion": [
    0.8116000294685364,
    0.8134000301361084,
    0.8156000375747681,
    0.8124000430107117,
    0.8202000260353088,
    0.815000057220459
  ],
  "accs_before_deletion": [
    0.8388000130653381,
    0.8370000123977661,
    0.8332000374794006,
    0.8334000110626221,
    0.8320000171661377,
    0.8360000252723694
  ],
  "delta": 6.982864657330156e-05,
  "ensemble_acc_after_deletion": 0.8340000510215759,
  "ensemble_acc_before_deletion": 0.8564000129699707,
  "epsilon": "\u221e",
  "indicator": 1,
  "lengths_after_deletion": [
    2747,
    2720,
    2833,
    3167,
    3170,
    3055
  ],
  "rng": [
    1220421438,
    3133823172
  ],
  "shard_prediction_precision": 0.21520645916461945,
  "shard_prediction_recall": 0.21888889372348785
}