{
  "accs_after_deletion": [
    0.8194000124931335,
    0.8108000159263611,
    0.8220000267028809,
    0.8236000537872314,
    0.8252000212669373,
    0.8220000267028809
  ],
  "accs_before_deletion": [
    0.8348000645637512,
    0.8372000455856323,
    0.8404000401496887,
    0.8420000672340393,
    0.8392000198364258,
    0.8288000226020813
  ],
  "delta": 6.982864657330156e-05,
  "ensemble_acc_after_deletion": 0.8416000604629517,
  "ensemble_acc_before_deletion": 0.855400025844574,
  "epsilon": "\u221e",
  "indicator": 1,
  "lengths_after_deletion": [
    3056,
    3122,
    3156,
    3489,
    3487,
    3469
  ],
  "rng": [
    1225510636,
    4202027851
  ],
  "shard_prediction_precision": 0.2269897162914276,
  "shard_prediction_recall": 0.20455555617809296
}