{
  "accs_after_deletion": [
    0.8184000253677368,
    0.8198000192642212,
    0.8188000321388245,
    0.8222000598907471,
    0.8228000402450562,
    0.8236000537872314
  ],
  "accs_before_deletion": [
    0.831000030040741,
    0.8362000584602356,
    0.8404000401496887,
    0.83160001039505,
    0.8378000259399414,
    0.8416000604629517
  ],
  "delta": 6.982864657330156e-05,
  "ensemble_acc_after_deletion": 0.8402000665664673,
  "ensemble_acc_before_deletion": 0.8518000245094299,
  "epsilon": "\u221e",
  "indicator": 1,
  "lengths_after_deletion": [
    3291,
    3244,
    3363,
    3562,
    3622,
    3655
  ],
  "rng": [
    1261053165,
    2134566627
  ],
  "shard_prediction_precision": 0.22072985768318176,
  "shard_prediction_recall": 0.18716667592525482
}