{
  "accs_after_deletion": [
    0.8200000524520874,
    0.8196000456809998,
    0.8096000552177429,
    0.8224000334739685,
    0.8172000646591187,
    0.8110000491142273
  ],
  "accs_before_deletion": [
    0.8350000381469727,
    0.8378000259399414,
    0.8344000577926636,
    0.8402000665664673,
    0.841200053691864,
    0.8360000252723694
  ],
  "delta": 6.982864657330156e-05,
  "ensemble_acc_after_deletion": 0.8342000246047974,
  "ensemble_acc_before_deletion": 0.8574000597000122,
  "epsilon": "\u221e",
  "indicator": 1,
  "lengths_after_deletion": [
    2120,
    2091,
    2016,
    2541,
    2430,
    2468
  ],
  "rng": [
    1308197719,
    876718035
  ],
  "shard_prediction_precision": 0.20802365243434906,
  "shard_prediction_recall": 0.2581111192703247
}