{
  "accs_after_deletion": [
    0.8180000185966492,
    0.8218000531196594,
    0.8222000598907471,
    0.8206000328063965,
    0.8162000179290771,
    0.8158000111579895
  ],
  "accs_before_deletion": [
    0.8280000686645508,
    0.8422000408172607,
    0.8386000394821167,
    0.834600031375885,
    0.8314000368118286,
    0.8396000266075134
  ],
  "delta": 6.982864657330156e-05,
  "ensemble_acc_after_deletion": 0.8340000510215759,
  "ensemble_acc_before_deletion": 0.8532000184059143,
  "epsilon": "\u221e",
  "indicator": 0,
  "lengths_after_deletion": [
    3332,
    3232,
    3272,
    3701,
    3709,
    3658
  ],
  "rng": [
    1357713344,
    3134271611
  ],
  "shard_prediction_precision": 0.22582140564918518,
  "shard_prediction_recall": 0.18938888609409332
}