{
  "accs_after_deletion": [
    0.8156000375747681,
    0.8100000619888306,
    0.8136000633239746,
    0.813200056552887,
    0.8166000247001648,
    0.8162000179290771
  ],
  "accs_before_deletion": [
    0.8396000266075134,
    0.838200032711029,
    0.838200032711029,
    0.8320000171661377,
    0.8326000571250916,
    0.83760005235672
  ],
  "delta": 6.982864657330156e-05,
  "ensemble_acc_after_deletion": 0.8360000252723694,
  "ensemble_acc_before_deletion": 0.857200026512146,
  "epsilon": "\u221e",
  "indicator": 1,
  "lengths_after_deletion": [
    2670,
    2592,
    2649,
    3082,
    2936,
    3055
  ],
  "rng": [
    1506128055,
    1200753010
  ],
  "shard_prediction_precision": 0.21860536932945251,
  "shard_prediction_recall": 0.2309444397687912
}