{
  "accs_after_deletion": [
    0.8234000205993652,
    0.8136000633239746,
    0.8212000131607056,
    0.8146000504493713,
    0.8254000544548035,
    0.8236000537872314
  ],
  "accs_before_deletion": [
    0.8350000381469727,
    0.8332000374794006,
    0.838200032711029,
    0.832800030708313,
    0.832800030708313,
    0.8340000510215759
  ],
  "delta": 6.982864657330156e-05,
  "ensemble_acc_after_deletion": 0.838200032711029,
  "ensemble_acc_before_deletion": 0.8530000448226929,
  "epsilon": "\u221e",
  "indicator": 1,
  "lengths_after_deletion": [
    2888,
    2802,
    2870,
    3263,
    3254,
    3256
  ],
  "rng": [
    1506009198,
    2475854493
  ],
  "shard_prediction_precision": 0.21786381304264069,
  "shard_prediction_recall": 0.21383333206176758
}