{
  "accs_after_deletion": [
    0.8148000240325928,
    0.8174000382423401,
    0.8240000605583191,
    0.8214000463485718,
    0.8262000679969788,
    0.8156000375747681
  ],
  "accs_before_deletion": [
    0.835800051689148,
    0.8352000117301941,
    0.834600031375885,
    0.8344000577926636,
    0.8384000658988953,
    0.8336000442504883
  ],
  "delta": 6.982864657330156e-05,
  "ensemble_acc_after_deletion": 0.8418000340461731,
  "ensemble_acc_before_deletion": 0.8544000387191772,
  "epsilon": "\u221e",
  "indicator": 1,
  "lengths_after_deletion": [
    2761,
    2761,
    2920,
    3173,
    3152,
    3188
  ],
  "rng": [
    1510774441,
    1187983783
  ],
  "shard_prediction_precision": 0.21618176996707916,
  "shard_prediction_recall": 0.21672222018241882
}