{
  "accs_after_deletion": [
    0.8178000450134277,
    0.8050000667572021,
    0.812000036239624,
    0.8070000410079956,
    0.8192000389099121,
    0.813800036907196
  ],
  "accs_before_deletion": [
    0.838200032711029,
    0.8398000597953796,
    0.8360000252723694,
    0.8290000557899475,
    0.8414000272750854,
    0.8340000510215759
  ],
  "delta": 6.982864657330156e-05,
  "ensemble_acc_after_deletion": 0.8330000638961792,
  "ensemble_acc_before_deletion": 0.8556000590324402,
  "epsilon": "\u221e",
  "indicator": 1,
  "lengths_after_deletion": [
    2287,
    2279,
    2232,
    2596,
    2604,
    2655
  ],
  "rng": [
    1529813161,
    888056996
  ],
  "shard_prediction_precision": 0.20977187156677246,
  "shard_prediction_recall": 0.24877777695655823
}