{
  "accs_after_deletion": [
    0.8228000402450562,
    0.8136000633239746,
    0.8326000571250916,
    0.8176000118255615,
    0.8176000118255615,
    0.8158000111579895
  ],
  "accs_before_deletion": [
    0.8324000239372253,
    0.834600031375885,
    0.8380000591278076,
    0.8402000665664673,
    0.831000030040741,
    0.843000054359436
  ],
  "delta": 6.982864657330156e-05,
  "ensemble_acc_after_deletion": 0.843000054359436,
  "ensemble_acc_before_deletion": 0.8530000448226929,
  "epsilon": "\u221e",
  "indicator": 0,
  "lengths_after_deletion": [
    2688,
    2689,
    2636,
    3036,
    3023,
    3063
  ],
  "rng": [
    1612979505,
    1188524797
  ],
  "shard_prediction_precision": 0.21998409926891327,
  "shard_prediction_recall": 0.23055556416511536
}