{
  "accs_after_deletion": [
    0.8110000491142273,
    0.8196000456809998,
    0.8180000185966492,
    0.8080000281333923,
    0.8166000247001648,
    0.8116000294685364
  ],
  "accs_before_deletion": [
    0.8384000658988953,
    0.839400053024292,
    0.8368000388145447,
    0.834600031375885,
    0.836400032043457,
    0.8324000239372253
  ],
  "delta": 6.982864657330156e-05,
  "ensemble_acc_after_deletion": 0.8326000571250916,
  "ensemble_acc_before_deletion": 0.8562000393867493,
  "epsilon": "\u221e",
  "indicator": 0,
  "lengths_after_deletion": [
    3018,
    3086,
    3093,
    3438,
    3380,
    3530
  ],
  "rng": [
    1659668754,
    3961084055
  ],
  "shard_prediction_precision": 0.2240656167268753,
  "shard_prediction_recall": 0.20483332872390747
}