{
  "accs_after_deletion": [
    0.8266000151634216,
    0.8264000415802002,
    0.8304000496864319,
    0.8182000517845154,
    0.8326000571250916,
    0.8228000402450562
  ],
  "accs_before_deletion": [
    0.8408000469207764,
    0.8340000510215759,
    0.8368000388145447,
    0.831000030040741,
    0.8424000144004822,
    0.8348000645637512
  ],
  "delta": 6.982864657330156e-05,
  "ensemble_acc_after_deletion": 0.8468000292778015,
  "ensemble_acc_before_deletion": 0.8518000245094299,
  "epsilon": "\u221e",
  "indicator": 0,
  "lengths_after_deletion": [
    3413,
    3480,
    3504,
    3823,
    3845,
    3771
  ],
  "rng": [
    1711188511,
    32635557
  ],
  "shard_prediction_precision": 0.22663089632987976,
  "shard_prediction_recall": 0.1783333420753479
}