{
  "accs_after_deletion": [
    0.8214000463485718,
    0.8220000267028809,
    0.8264000415802002,
    0.8210000395774841,
    0.8196000456809998,
    0.8230000138282776
  ],
  "accs_before_deletion": [
    0.8324000239372253,
    0.8354000449180603,
    0.839400053024292,
    0.8348000645637512,
    0.8272000551223755,
    0.8362000584602356
  ],
  "delta": 6.982864657330156e-05,
  "ensemble_acc_after_deletion": 0.8414000272750854,
  "ensemble_acc_before_deletion": 0.8500000238418579,
  "epsilon": "\u221e",
  "indicator": 0,
  "lengths_after_deletion": [
    3553,
    3537,
    3418,
    3877,
    3841,
    3842
  ],
  "rng": [
    1721408147,
    4096214624
  ],
  "shard_prediction_precision": 0.2197818011045456,
  "shard_prediction_recall": 0.17011111974716187
}