{
  "accs_after_deletion": [
    0.8178000450134277,
    0.8252000212669373,
    0.8158000111579895,
    0.8240000605583191,
    0.8240000605583191,
    0.8246000409126282
  ],
  "accs_before_deletion": [
    0.8388000130653381,
    0.8344000577926636,
    0.834600031375885,
    0.83760005235672,
    0.8390000462532043,
    0.8368000388145447
  ],
  "delta": 6.982864657330156e-05,
  "ensemble_acc_after_deletion": 0.8388000130653381,
  "ensemble_acc_before_deletion": 0.8526000380516052,
  "epsilon": "\u221e",
  "indicator": 1,
  "lengths_after_deletion": [
    3251,
    3336,
    3331,
    3680,
    3627,
    3668
  ],
  "rng": [
    1733335443,
    882052196
  ],
  "shard_prediction_precision": 0.21738266944885254,
  "shard_prediction_recall": 0.18244445323944092
}