{
  "accs_after_deletion": [
    0.8112000226974487,
    0.8278000354766846,
    0.8128000497817993,
    0.8192000389099121,
    0.8194000124931335,
    0.8218000531196594
  ],
  "accs_before_deletion": [
    0.8362000584602356,
    0.835800051689148,
    0.8374000191688538,
    0.8426000475883484,
    0.8366000652313232,
    0.8362000584602356
  ],
  "delta": 6.982864657330156e-05,
  "ensemble_acc_after_deletion": 0.8368000388145447,
  "ensemble_acc_before_deletion": 0.8538000583648682,
  "epsilon": "\u221e",
  "indicator": 1,
  "lengths_after_deletion": [
    2889,
    2961,
    2896,
    3302,
    3245,
    3255
  ],
  "rng": [
    1746833691,
    2574176969
  ],
  "shard_prediction_precision": 0.21796928346157074,
  "shard_prediction_recall": 0.21133333444595337
}