{
  "accs_after_deletion": [
    0.8208000659942627,
    0.8210000395774841,
    0.8280000686645508,
    0.8240000605583191,
    0.8222000598907471,
    0.8266000151634216
  ],
  "accs_before_deletion": [
    0.831000030040741,
    0.8404000401496887,
    0.8360000252723694,
    0.8286000490188599,
    0.8372000455856323,
    0.8304000496864319
  ],
  "delta": 6.982864657330156e-05,
  "ensemble_acc_after_deletion": 0.8438000679016113,
  "ensemble_acc_before_deletion": 0.8532000184059143,
  "epsilon": "\u221e",
  "indicator": 1,
  "lengths_after_deletion": [
    2766,
    2698,
    2767,
    3072,
    3219,
    3132
  ],
  "rng": [
    1775779117,
    1467919443
  ],
  "shard_prediction_precision": 0.21699553728103638,
  "shard_prediction_recall": 0.2211666703224182
}