{
  "accs_after_deletion": [
    0.8260000348091125,
    0.8142000436782837,
    0.8234000205993652,
    0.8128000497817993,
    0.8236000537872314,
    0.818600058555603
  ],
  "accs_before_deletion": [
    0.8354000449180603,
    0.8282000422477722,
    0.8342000246047974,
    0.8342000246047974,
    0.8366000652313232,
    0.8396000266075134
  ],
  "delta": 6.982864657330156e-05,
  "ensemble_acc_after_deletion": 0.8384000658988953,
  "ensemble_acc_before_deletion": 0.8526000380516052,
  "epsilon": "\u221e",
  "indicator": 0,
  "lengths_after_deletion": [
    2599,
    2718,
    2752,
    3014,
    2984,
    3056
  ],
  "rng": [
    1788456248,
    3633162279
  ],
  "shard_prediction_precision": 0.2104147970676422,
  "shard_prediction_recall": 0.22066666185855865
}