{
  "accs_after_deletion": [
    0.813800036907196,
    0.8196000456809998,
    0.8164000511169434,
    0.8240000605583191,
    0.8208000659942627,
    0.8172000646591187
  ],
  "accs_before_deletion": [
    0.8342000246047974,
    0.8356000185012817,
    0.8356000185012817,
    0.8344000577926636,
    0.8348000645637512,
    0.8330000638961792
  ],
  "delta": 6.982864657330156e-05,
  "ensemble_acc_after_deletion": 0.8402000665664673,
  "ensemble_acc_before_deletion": 0.8508000373840332,
  "epsilon": "\u221e",
  "indicator": 1,
  "lengths_after_deletion": [
    2506,
    2604,
    2515,
    2882,
    2868,
    2952
  ],
  "rng": [
    1795682626,
    778543639
  ],
  "shard_prediction_precision": 0.20871244370937347,
  "shard_prediction_recall": 0.2281111180782318
}