{
  "accs_after_deletion": [
    0.8152000308036804,
    0.8196000456809998,
    0.8208000659942627,
    0.8308000564575195,
    0.8246000409126282,
    0.8230000138282776
  ],
  "accs_before_deletion": [
    0.8352000117301941,
    0.8336000442504883,
    0.8338000178337097,
    0.8320000171661377,
    0.841200053691864,
    0.8400000333786011
  ],
  "delta": 6.982864657330156e-05,
  "ensemble_acc_after_deletion": 0.8398000597953796,
  "ensemble_acc_before_deletion": 0.8546000123023987,
  "epsilon": "\u221e",
  "indicator": 1,
  "lengths_after_deletion": [
    2689,
    2808,
    2819,
    3086,
    3063,
    3102
  ],
  "rng": [
    1799702663,
    2613573732
  ],
  "shard_prediction_precision": 0.21976889669895172,
  "shard_prediction_recall": 0.22505556046962738
}