{
  "accs_after_deletion": [
    0.8192000389099121,
    0.8194000124931335,
    0.8236000537872314,
    0.8274000287055969,
    0.832800030708313,
    0.8228000402450562
  ],
  "accs_before_deletion": [
    0.8344000577926636,
    0.8404000401496887,
    0.835800051689148,
    0.832800030708313,
    0.8336000442504883,
    0.83160001039505
  ],
  "delta": 6.982864657330156e-05,
  "ensemble_acc_after_deletion": 0.8466000556945801,
  "ensemble_acc_before_deletion": 0.8548000454902649,
  "epsilon": "\u221e",
  "indicator": 1,
  "lengths_after_deletion": [
    2628,
    2547,
    2520,
    2963,
    2845,
    2938
  ],
  "rng": [
    1830983524,
    2070234057
  ],
  "shard_prediction_precision": 0.21141162514686584,
  "shard_prediction_recall": 0.22972223162651062
}