{
  "accs_after_deletion": [
    0.80840003490448,
    0.8048000335693359,
    0.8034000396728516,
    0.8114000558853149,
    0.8040000200271606,
    0.8044000267982483
  ],
  "accs_before_deletion": [
    0.835800051689148,
    0.8350000381469727,
    0.838200032711029,
    0.8320000171661377,
    0.8318000435829163,
    0.8322000503540039
  ],
  "delta": 6.982864657330156e-05,
  "ensemble_acc_after_deletion": 0.8288000226020813,
  "ensemble_acc_before_deletion": 0.8508000373840332,
  "epsilon": "\u221e",
  "indicator": 1,
  "lengths_after_deletion": [
    1882,
    1911,
    1844,
    2174,
    2292,
    2212
  ],
  "rng": [
    1884239590,
    1147978602
  ],
  "shard_prediction_precision": 0.20895083248615265,
  "shard_prediction_recall": 0.2749444544315338
}