{
  "accs_after_deletion": [
    0.812000036239624,
    0.8090000152587891,
    0.8090000152587891,
    0.806600034236908,
    0.805400013923645,
    0.8126000165939331
  ],
  "accs_before_deletion": [
    0.8390000462532043,
    0.8402000665664673,
    0.8468000292778015,
    0.8386000394821167,
    0.8392000198364258,
    0.835800051689148
  ],
  "delta": 6.982864657330156e-05,
  "ensemble_acc_after_deletion": 0.8336000442504883,
  "ensemble_acc_before_deletion": 0.8560000658035278,
  "epsilon": "\u221e",
  "indicator": 0,
  "lengths_after_deletion": [
    2151,
    2114,
    2019,
    2385,
    2391,
    2471
  ],
  "rng": [
    1908044553,
    638659938
  ],
  "shard_prediction_precision": 0.212025448679924,
  "shard_prediction_recall": 0.26466667652130127
}