{
  "accs_after_deletion": [
    0.820400059223175,
    0.8262000679969788,
    0.8148000240325928,
    0.8154000639915466,
    0.8260000348091125,
    0.8210000395774841
  ],
  "accs_before_deletion": [
    0.8378000259399414,
    0.8356000185012817,
    0.8348000645637512,
    0.8374000191688538,
    0.8340000510215759,
    0.8404000401496887
  ],
  "delta": 6.982864657330156e-05,
  "ensemble_acc_after_deletion": 0.843000054359436,
  "ensemble_acc_before_deletion": 0.8540000319480896,
  "epsilon": "\u221e",
  "indicator": 1,
  "lengths_after_deletion": [
    2394,
    2364,
    2360,
    2711,
    2662,
    2902
  ],
  "rng": [
    1927744785,
    2669070661
  ],
  "shard_prediction_precision": 0.21099627017974854,
  "shard_prediction_recall": 0.24155555665493011
}