{
  "accs_after_deletion": [
    0.8140000104904175,
    0.8160000443458557,
    0.8182000517845154,
    0.8198000192642212,
    0.8178000450134277,
    0.8210000395774841
  ],
  "accs_before_deletion": [
    0.8326000571250916,
    0.8340000510215759,
    0.83760005235672,
    0.836400032043457,
    0.8306000232696533,
    0.8398000597953796
  ],
  "delta": 6.982864657330156e-05,
  "ensemble_acc_after_deletion": 0.8392000198364258,
  "ensemble_acc_before_deletion": 0.8538000583648682,
  "epsilon": "\u221e",
  "indicator": 1,
  "lengths_after_deletion": [
    2638,
    2635,
    2728,
    3057,
    2979,
    3080
  ],
  "rng": [
    1939553097,
    4119239902
  ],
  "shard_prediction_precision": 0.2150082141160965,
  "shard_prediction_recall": 0.22555555403232574
}