{
  "accs_after_deletion": [
    0.8156000375747681,
    0.8172000646591187,
    0.8210000395774841,
    0.8154000639915466,
    0.8262000679969788,
    0.8208000659942627
  ],
  "accs_before_deletion": [
    0.8340000510215759,
    0.8366000652313232,
    0.8374000191688538,
    0.8352000117301941,
    0.8300000429153442,
    0.835800051689148
  ],
  "delta": 6.982864657330156e-05,
  "ensemble_acc_after_deletion": 0.8368000388145447,
  "ensemble_acc_before_deletion": 0.8504000306129456,
  "epsilon": "\u221e",
  "indicator": 1,
  "lengths_after_deletion": [
    2542,
    2485,
    2549,
    2843,
    2861,
    2869
  ],
  "rng": [
    1956341670,
    241097506
  ],
  "shard_prediction_precision": 0.216462641954422,
  "shard_prediction_recall": 0.23872222006320953
}