{
  "accs_after_deletion": [
    0.8158000111579895,
    0.8044000267982483,
    0.8110000491142273,
    0.8118000626564026,
    0.8118000626564026,
    0.7988000512123108
  ],
  "accs_before_deletion": [
    0.829200029373169,
    0.8448000550270081,
    0.8386000394821167,
    0.8320000171661377,
    0.8354000449180603,
    0.8326000571250916
  ],
  "delta": 6.982864657330156e-05,
  "ensemble_acc_after_deletion": 0.8374000191688538,
  "ensemble_acc_before_deletion": 0.8522000312805176,
  "epsilon": "\u221e",
  "indicator": 0,
  "lengths_after_deletion": [
    2189,
    2236,
    2256,
    2605,
    2570,
    2583
  ],
  "rng": [
    1960791286,
    4276431777
  ],
  "shard_prediction_precision": 0.21288438141345978,
  "shard_prediction_recall": 0.2549999952316284
}