{
  "accs_after_deletion": [
    0.80840003490448,
    0.8118000626564026,
    0.8158000111579895,
    0.8206000328063965,
    0.805400013923645,
    0.8134000301361084
  ],
  "accs_before_deletion": [
    0.834600031375885,
    0.8354000449180603,
    0.8414000272750854,
    0.8354000449180603,
    0.8318000435829163,
    0.8390000462532043
  ],
  "delta": 6.982864657330156e-05,
  "ensemble_acc_after_deletion": 0.8320000171661377,
  "ensemble_acc_before_deletion": 0.8542000651359558,
  "epsilon": "\u221e",
  "indicator": 1,
  "lengths_after_deletion": [
    2371,
    2388,
    2329,
    2708,
    2628,
    2709
  ],
  "rng": [
    1968418644,
    4241877875
  ],
  "shard_prediction_precision": 0.21033209562301636,
  "shard_prediction_recall": 0.24383333325386047
}