{
  "accs_after_deletion": [
    0.806600034236908,
    0.7972000241279602,
    0.8080000281333923,
    0.7970000505447388,
    0.7962000370025635,
    0.8090000152587891
  ],
  "accs_before_deletion": [
    0.8366000652313232,
    0.8352000117301941,
    0.8340000510215759,
    0.831000030040741,
    0.8374000191688538,
    0.8388000130653381
  ],
  "delta": 6.982864657330156e-05,
  "ensemble_acc_after_deletion": 0.8306000232696533,
  "ensemble_acc_before_deletion": 0.8530000448226929,
  "epsilon": "\u221e",
  "indicator": 0,
  "lengths_after_deletion": [
    1563,
    1595,
    1600,
    1921,
    1778,
    1924
  ],
  "rng": [
    1976969066,
    459126655
  ],
  "shard_prediction_precision": 0.21082009375095367,
  "shard_prediction_recall": 0.3000555634498596
}