{
  "accs_after_deletion": [
    0.8160000443458557,
    0.8170000314712524,
    0.8262000679969788,
    0.8230000138282776,
    0.8206000328063965,
    0.8222000598907471
  ],
  "accs_before_deletion": [
    0.8432000279426575,
    0.836400032043457,
    0.8388000130653381,
    0.8392000198364258,
    0.8406000137329102,
    0.8348000645637512
  ],
  "delta": 6.982864657330156e-05,
  "ensemble_acc_after_deletion": 0.8464000225067139,
  "ensemble_acc_before_deletion": 0.8592000603675842,
  "epsilon": "\u221e",
  "indicator": 1,
  "lengths_after_deletion": [
    2452,
    2474,
    2575,
    2899,
    2841,
    2852
  ],
  "rng": [
    1988098177,
    3811890538
  ],
  "shard_prediction_precision": 0.21439693868160248,
  "shard_prediction_recall": 0.23711110651493073
}