{
  "accs_after_deletion": [
    0.8250000476837158,
    0.8268000483512878,
    0.8226000666618347,
    0.820400059223175,
    0.8234000205993652,
    0.8192000389099121
  ],
  "accs_before_deletion": [
    0.829800009727478,
    0.8350000381469727,
    0.8432000279426575,
    0.8416000604629517,
    0.8368000388145447,
    0.8324000239372253
  ],
  "delta": 6.982864657330156e-05,
  "ensemble_acc_after_deletion": 0.8380000591278076,
  "ensemble_acc_before_deletion": 0.8534000515937805,
  "epsilon": "\u221e",
  "indicator": 0,
  "lengths_after_deletion": [
    3697,
    3757,
    3755,
    4166,
    4097,
    3992
  ],
  "rng": [
    1998305658,
    2218852159
  ],
  "shard_prediction_precision": 0.22686663269996643,
  "shard_prediction_recall": 0.15800000727176666
}