{
  "accs_after_deletion": [
    0.818600058555603,
    0.8146000504493713,
    0.8124000430107117,
    0.8164000511169434,
    0.8194000124931335,
    0.8196000456809998
  ],
  "accs_before_deletion": [
    0.8362000584602356,
    0.8370000123977661,
    0.8410000205039978,
    0.8354000449180603,
    0.8350000381469727,
    0.8296000361442566
  ],
  "delta": 6.982864657330156e-05,
  "ensemble_acc_after_deletion": 0.8350000381469727,
  "ensemble_acc_before_deletion": 0.8552000522613525,
  "epsilon": "\u221e",
  "indicator": 1,
  "lengths_after_deletion": [
    2790,
    2773,
    2749,
    3137,
    3113,
    3150
  ],
  "rng": [
    2044143123,
    3185752266
  ],
  "shard_prediction_precision": 0.21358267962932587,
  "shard_prediction_recall": 0.21700000762939453
}