{
  "accs_after_deletion": [
    0.8116000294685364,
    0.8188000321388245,
    0.8184000253677368,
    0.8106000423431396,
    0.8274000287055969,
    0.8080000281333923
  ],
  "accs_before_deletion": [
    0.8300000429153442,
    0.831000030040741,
    0.839400053024292,
    0.8312000632286072,
    0.8378000259399414,
    0.8392000198364258
  ],
  "delta": 6.982864657330156e-05,
  "ensemble_acc_after_deletion": 0.8356000185012817,
  "ensemble_acc_before_deletion": 0.8514000177383423,
  "epsilon": "\u221e",
  "indicator": 0,
  "lengths_after_deletion": [
    2133,
    2031,
    2079,
    2371,
    2423,
    2451
  ],
  "rng": [
    20761484,
    3340579648
  ],
  "shard_prediction_precision": 0.2053571492433548,
  "shard_prediction_recall": 0.25683334469795227
}