{
  "accs_after_deletion": [
    0.8164000511169434,
    0.8206000328063965,
    0.8156000375747681,
    0.8220000267028809,
    0.8190000653266907,
    0.8212000131607056
  ],
  "accs_before_deletion": [
    0.8404000401496887,
    0.8256000280380249,
    0.8366000652313232,
    0.8344000577926636,
    0.8392000198364258,
    0.8338000178337097
  ],
  "delta": 6.982864657330156e-05,
  "ensemble_acc_after_deletion": 0.8416000604629517,
  "ensemble_acc_before_deletion": 0.853600025177002,
  "epsilon": "\u221e",
  "indicator": 1,
  "lengths_after_deletion": [
    2441,
    2430,
    2521,
    2854,
    2828,
    2833
  ],
  "rng": [
    2095489088,
    3576762421
  ],
  "shard_prediction_precision": 0.21505001187324524,
  "shard_prediction_recall": 0.24005556106567383
}