{
  "accs_after_deletion": [
    0.8184000253677368,
    0.8224000334739685,
    0.8286000490188599,
    0.8232000470161438,
    0.8230000138282776,
    0.8228000402450562
  ],
  "accs_before_deletion": [
    0.8384000658988953,
    0.8390000462532043,
    0.839400053024292,
    0.8384000658988953,
    0.838200032711029,
    0.8420000672340393
  ],
  "delta": 6.982864657330156e-05,
  "ensemble_acc_after_deletion": 0.8414000272750854,
  "ensemble_acc_before_deletion": 0.8600000143051147,
  "epsilon": "\u221e",
  "indicator": 0,
  "lengths_after_deletion": [
    3137,
    3057,
    3066,
    3435,
    3552,
    3571
  ],
  "rng": [
    2096368616,
    3830997669
  ],
  "shard_prediction_precision": 0.2218514382839203,
  "shard_prediction_recall": 0.19944444298744202
}