{
  "accs_after_deletion": [
    0.8124000430107117,
    0.8160000443458557,
    0.8178000450134277,
    0.8166000247001648,
    0.8202000260353088,
    0.8136000633239746
  ],
  "accs_before_deletion": [
    0.8296000361442566,
    0.8408000469207764,
    0.8406000137329102,
    0.83160001039505,
    0.8338000178337097,
    0.8350000381469727
  ],
  "delta": 6.982864657330156e-05,
  "ensemble_acc_after_deletion": 0.836400032043457,
  "ensemble_acc_before_deletion": 0.8564000129699707,
  "epsilon": "\u221e",
  "indicator": 1,
  "lengths_after_deletion": [
    2592,
    2698,
    2567,
    2923,
    2922,
    2950
  ],
  "rng": [
    2148140535,
    1928638557
  ],
  "shard_prediction_precision": 0.21247674524784088,
  "shard_prediction_recall": 0.22838889062404633
}