{
  "accs_after_deletion": [
    0.8262000679969788,
    0.8170000314712524,
    0.816800057888031,
    0.8196000456809998,
    0.8274000287055969,
    0.8188000321388245
  ],
  "accs_before_deletion": [
    0.8380000591278076,
    0.83760005235672,
    0.8318000435829163,
    0.8338000178337097,
    0.8332000374794006,
    0.8302000164985657
  ],
  "delta": 6.982864657330156e-05,
  "ensemble_acc_after_deletion": 0.8408000469207764,
  "ensemble_acc_before_deletion": 0.8504000306129456,
  "epsilon": "\u221e",
  "indicator": 1,
  "lengths_after_deletion": [
    2209,
    2202,
    2269,
    2596,
    2579,
    2588
  ],
  "rng": [
    2193619717,
    1411134554
  ],
  "shard_prediction_precision": 0.212274432182312,
  "shard_prediction_recall": 0.25422221422195435
}