{
  "accs_after_deletion": [
    0.8140000104904175,
    0.8184000253677368,
    0.8076000213623047,
    0.8214000463485718,
    0.8166000247001648,
    0.8152000308036804
  ],
  "accs_before_deletion": [
    0.8350000381469727,
    0.8370000123977661,
    0.8388000130653381,
    0.829200029373169,
    0.8380000591278076,
    0.83160001039505
  ],
  "delta": 6.982864657330156e-05,
  "ensemble_acc_after_deletion": 0.8414000272750854,
  "ensemble_acc_before_deletion": 0.8532000184059143,
  "epsilon": "\u221e",
  "indicator": 1,
  "lengths_after_deletion": [
    2468,
    2461,
    2424,
    2805,
    2854,
    2801
  ],
  "rng": [
    230899286,
    152345205
  ],
  "shard_prediction_precision": 0.20939217507839203,
  "shard_prediction_recall": 0.23483332991600037
}