{
  "accs_after_deletion": [
    0.8206000328063965,
    0.8112000226974487,
    0.8226000666618347,
    0.8192000389099121,
    0.8290000557899475,
    0.8116000294685364
  ],
  "accs_before_deletion": [
    0.8380000591278076,
    0.8352000117301941,
    0.8336000442504883,
    0.8322000503540039,
    0.8374000191688538,
    0.8300000429153442
  ],
  "delta": 6.982864657330156e-05,
  "ensemble_acc_after_deletion": 0.8384000658988953,
  "ensemble_acc_before_deletion": 0.8526000380516052,
  "epsilon": "\u221e",
  "indicator": 1,
  "lengths_after_deletion": [
    2753,
    2781,
    2699,
    3148,
    3090,
    2996
  ],
  "rng": [
    2420752646,
    2603910563
  ],
  "shard_prediction_precision": 0.21734203398227692,
  "shard_prediction_recall": 0.22377778589725494
}