{
  "accs_after_deletion": [
    0.8178000450134277,
    0.8198000192642212,
    0.816800057888031,
    0.8192000389099121,
    0.8226000666618347,
    0.8262000679969788
  ],
  "accs_before_deletion": [
    0.8420000672340393,
    0.838200032711029,
    0.835800051689148,
    0.834600031375885,
    0.8372000455856323,
    0.8374000191688538
  ],
  "delta": 6.982864657330156e-05,
  "ensemble_acc_after_deletion": 0.8424000144004822,
  "ensemble_acc_before_deletion": 0.8532000184059143,
  "epsilon": "\u221e",
  "indicator": 1,
  "lengths_after_deletion": [
    2666,
    2674,
    2682,
    3058,
    3015,
    3035
  ],
  "rng": [
    2472418998,
    1333793551
  ],
  "shard_prediction_precision": 0.21287758648395538,
  "shard_prediction_recall": 0.22316667437553406
}