{
  "accs_after_deletion": [
    0.8094000220298767,
    0.8198000192642212,
    0.8188000321388245,
    0.8124000430107117,
    0.8222000598907471,
    0.8262000679969788
  ],
  "accs_before_deletion": [
    0.8396000266075134,
    0.8340000510215759,
    0.839400053024292,
    0.8300000429153442,
    0.8330000638961792,
    0.8350000381469727
  ],
  "delta": 6.982864657330156e-05,
  "ensemble_acc_after_deletion": 0.8418000340461731,
  "ensemble_acc_before_deletion": 0.8524000644683838,
  "epsilon": "\u221e",
  "indicator": 1,
  "lengths_after_deletion": [
    2665,
    2646,
    2647,
    2962,
    3023,
    3111
  ],
  "rng": [
    2474126368,
    3404231075
  ],
  "shard_prediction_precision": 0.21814630925655365,
  "shard_prediction_recall": 0.2296111136674881
}