{
  "accs_after_deletion": [
    0.8256000280380249,
    0.8350000381469727,
    0.815000057220459,
    0.8218000531196594,
    0.8212000131607056,
    0.8244000673294067
  ],
  "accs_before_deletion": [
    0.834600031375885,
    0.8300000429153442,
    0.8348000645637512,
    0.8356000185012817,
    0.832800030708313,
    0.8314000368118286
  ],
  "delta": 6.982864657330156e-05,
  "ensemble_acc_after_deletion": 0.8444000482559204,
  "ensemble_acc_before_deletion": 0.8516000509262085,
  "epsilon": "\u221e",
  "indicator": 0,
  "lengths_after_deletion": [
    2895,
    2977,
    2878,
    3238,
    3149,
    3255
  ],
  "rng": [
    2492074109,
    1826578503
  ],
  "shard_prediction_precision": 0.21830986440181732,
  "shard_prediction_recall": 0.21355555951595306
}