{
  "accs_after_deletion": [
    0.812000036239624,
    0.8116000294685364,
    0.8142000436782837,
    0.820400059223175,
    0.8094000220298767,
    0.813200056552887
  ],
  "accs_before_deletion": [
    0.8354000449180603,
    0.8404000401496887,
    0.8338000178337097,
    0.836400032043457,
    0.8288000226020813,
    0.83760005235672
  ],
  "delta": 6.982864657330156e-05,
  "ensemble_acc_after_deletion": 0.839400053024292,
  "ensemble_acc_before_deletion": 0.8550000190734863,
  "epsilon": "\u221e",
  "indicator": 1,
  "lengths_after_deletion": [
    2195,
    2142,
    2203,
    2591,
    2462,
    2545
  ],
  "rng": [
    2512448184,
    3964352956
  ],
  "shard_prediction_precision": 0.20830664038658142,
  "shard_prediction_recall": 0.2529999911785126
}