{
  "accs_after_deletion": [
    0.8130000233650208,
    0.8038000464439392,
    0.8182000517845154,
    0.8240000605583191,
    0.8176000118255615,
    0.8174000382423401
  ],
  "accs_before_deletion": [
    0.829800009727478,
    0.8318000435829163,
    0.8396000266075134,
    0.8380000591278076,
    0.8354000449180603,
    0.8296000361442566
  ],
  "delta": 6.982864657330156e-05,
  "ensemble_acc_after_deletion": 0.8336000442504883,
  "ensemble_acc_before_deletion": 0.8510000109672546,
  "epsilon": "\u221e",
  "indicator": 1,
  "lengths_after_deletion": [
    2461,
    2402,
    2537,
    2919,
    2778,
    2825
  ],
  "rng": [
    2538427564,
    3253183998
  ],
  "shard_prediction_precision": 0.21745193004608154,
  "shard_prediction_recall": 0.24255555868148804
}