{
  "accs_after_deletion": [
    0.8192000389099121,
    0.8200000524520874,
    0.8220000267028809,
    0.8248000144958496,
    0.8340000510215759,
    0.8290000557899475
  ],
  "accs_before_deletion": [
    0.8336000442504883,
    0.8404000401496887,
    0.8398000597953796,
    0.8370000123977661,
    0.8390000462532043,
    0.8388000130653381
  ],
  "delta": 6.982864657330156e-05,
  "ensemble_acc_after_deletion": 0.8444000482559204,
  "ensemble_acc_before_deletion": 0.8528000116348267,
  "epsilon": "\u221e",
  "indicator": 1,
  "lengths_after_deletion": [
    3059,
    2950,
    3022,
    3388,
    3446,
    3398
  ],
  "rng": [
    2565757921,
    3364411886
  ],
  "shard_prediction_precision": 0.2206488698720932,
  "shard_prediction_recall": 0.20516666769981384
}