{
  "accs_after_deletion": [
    0.8042000532150269,
    0.8160000443458557,
    0.8096000552177429,
    0.8196000456809998,
    0.8164000511169434,
    0.813800036907196
  ],
  "accs_before_deletion": [
    0.8338000178337097,
    0.8302000164985657,
    0.8332000374794006,
    0.8336000442504883,
    0.835800051689148,
    0.8406000137329102
  ],
  "delta": 6.982864657330156e-05,
  "ensemble_acc_after_deletion": 0.83160001039505,
  "ensemble_acc_before_deletion": 0.8508000373840332,
  "epsilon": "\u221e",
  "indicator": 1,
  "lengths_after_deletion": [
    2243,
    2311,
    2336,
    2636,
    2659,
    2736
  ],
  "rng": [
    2678376168,
    2492978740
  ],
  "shard_prediction_precision": 0.2080269306898117,
  "shard_prediction_recall": 0.24361111223697662
}