{
  "accs_after_deletion": [
    0.7980000376701355,
    0.7974000573158264,
    0.7926000356674194,
    0.8024000525474548,
    0.8048000335693359,
    0.8012000322341919
  ],
  "accs_before_deletion": [
    0.8356000185012817,
    0.8448000550270081,
    0.8438000679016113,
    0.83160001039505,
    0.8312000632286072,
    0.8302000164985657
  ],
  "delta": 6.982864657330156e-05,
  "ensemble_acc_after_deletion": 0.8218000531196594,
  "ensemble_acc_before_deletion": 0.8538000583648682,
  "epsilon": "\u221e",
  "indicator": 1,
  "lengths_after_deletion": [
    2246,
    2253,
    2350,
    2650,
    2623,
    2642
  ],
  "rng": [
    2679086682,
    3620030499
  ],
  "shard_prediction_precision": 0.21143342554569244,
  "shard_prediction_recall": 0.24944444000720978
}