{
  "accs_after_deletion": [
    0.8116000294685364,
    0.8108000159263611,
    0.8080000281333923,
    0.8082000613212585,
    0.812000036239624,
    0.810200035572052
  ],
  "accs_before_deletion": [
    0.8418000340461731,
    0.8390000462532043,
    0.836400032043457,
    0.841200053691864,
    0.8276000618934631,
    0.8334000110626221
  ],
  "delta": 6.982864657330156e-05,
  "ensemble_acc_after_deletion": 0.8344000577926636,
  "ensemble_acc_before_deletion": 0.8574000597000122,
  "epsilon": "\u221e",
  "indicator": 1,
  "lengths_after_deletion": [
    2159,
    2166,
    2140,
    2568,
    2444,
    2528
  ],
  "rng": [
    2681296774,
    1149205699
  ],
  "shard_prediction_precision": 0.2123209685087204,
  "shard_prediction_recall": 0.2594444453716278
}