{
  "accs_after_deletion": [
    0.813800036907196,
    0.8180000185966492,
    0.815000057220459,
    0.8152000308036804,
    0.8190000653266907,
    0.80840003490448
  ],
  "accs_before_deletion": [
    0.8272000551223755,
    0.8354000449180603,
    0.841200053691864,
    0.8362000584602356,
    0.8312000632286072,
    0.8374000191688538
  ],
  "delta": 6.982864657330156e-05,
  "ensemble_acc_after_deletion": 0.8306000232696533,
  "ensemble_acc_before_deletion": 0.8518000245094299,
  "epsilon": "\u221e",
  "indicator": 0,
  "lengths_after_deletion": [
    2484,
    2545,
    2532,
    2848,
    2858,
    2896
  ],
  "rng": [
    2690607575,
    1853588998
  ],
  "shard_prediction_precision": 0.21540555357933044,
  "shard_prediction_recall": 0.23738889396190643
}