{
  "accs_after_deletion": [
    0.8338000178337097,
    0.8278000354766846,
    0.8182000517845154,
    0.8250000476837158,
    0.8182000517845154,
    0.8234000205993652
  ],
  "accs_before_deletion": [
    0.8352000117301941,
    0.8402000665664673,
    0.8378000259399414,
    0.8410000205039978,
    0.836400032043457,
    0.8352000117301941
  ],
  "delta": 6.982864657330156e-05,
  "ensemble_acc_after_deletion": 0.8408000469207764,
  "ensemble_acc_before_deletion": 0.8516000509262085,
  "epsilon": "\u221e",
  "indicator": 0,
  "lengths_after_deletion": [
    3680,
    3718,
    3704,
    4043,
    4061,
    4054
  ],
  "rng": [
    2700376486,
    974603266
  ],
  "shard_prediction_precision": 0.22998429834842682,
  "shard_prediction_recall": 0.16277778148651123
}