{
  "accs_after_deletion": [
    0.8230000138282776,
    0.8238000273704529,
    0.8228000402450562,
    0.8248000144958496,
    0.8230000138282776,
    0.8286000490188599
  ],
  "accs_before_deletion": [
    0.8312000632286072,
    0.8410000205039978,
    0.8374000191688538,
    0.8294000625610352,
    0.8294000625610352,
    0.8418000340461731
  ],
  "delta": 6.982864657330156e-05,
  "ensemble_acc_after_deletion": 0.8414000272750854,
  "ensemble_acc_before_deletion": 0.8510000109672546,
  "epsilon": "\u221e",
  "indicator": 1,
  "lengths_after_deletion": [
    2857,
    2882,
    2796,
    3074,
    3036,
    3190
  ],
  "rng": [
    2708114589,
    1465335962
  ],
  "shard_prediction_precision": 0.21260665357112885,
  "shard_prediction_recall": 0.214555561542511
}