{
  "accs_after_deletion": [
    0.8222000598907471,
    0.8216000199317932,
    0.8290000557899475,
    0.8302000164985657,
    0.8252000212669373,
    0.8294000625610352
  ],
  "accs_before_deletion": [
    0.8336000442504883,
    0.834600031375885,
    0.8380000591278076,
    0.8406000137329102,
    0.839400053024292,
    0.8392000198364258
  ],
  "delta": 6.982864657330156e-05,
  "ensemble_acc_after_deletion": 0.8432000279426575,
  "ensemble_acc_before_deletion": 0.8576000332832336,
  "epsilon": "\u221e",
  "indicator": 1,
  "lengths_after_deletion": [
    3225,
    3358,
    3313,
    3646,
    3716,
    3618
  ],
  "rng": [
    2721664348,
    496962087
  ],
  "shard_prediction_precision": 0.22123777866363525,
  "shard_prediction_recall": 0.1858888864517212
}