{
  "accs_after_deletion": [
    0.8166000247001648,
    0.8202000260353088,
    0.8202000260353088,
    0.8262000679969788,
    0.8164000511169434,
    0.8268000483512878
  ],
  "accs_before_deletion": [
    0.8326000571250916,
    0.83760005235672,
    0.83760005235672,
    0.8320000171661377,
    0.8362000584602356,
    0.8398000597953796
  ],
  "delta": 6.982864657330156e-05,
  "ensemble_acc_after_deletion": 0.8428000211715698,
  "ensemble_acc_before_deletion": 0.8532000184059143,
  "epsilon": "\u221e",
  "indicator": 1,
  "lengths_after_deletion": [
    2289,
    2161,
    2206,
    2655,
    2558,
    2564
  ],
  "rng": [
    2762880360,
    3738978533
  ],
  "shard_prediction_precision": 0.20837390422821045,
  "shard_prediction_recall": 0.24966667592525482
}