{
  "accs_after_deletion": [
    0.8136000633239746,
    0.8212000131607056,
    0.8170000314712524,
    0.8124000430107117,
    0.8224000334739685,
    0.816800057888031
  ],
  "accs_before_deletion": [
    0.8280000686645508,
    0.8344000577926636,
    0.8406000137329102,
    0.8332000374794006,
    0.8386000394821167,
    0.834600031375885
  ],
  "delta": 6.982864657330156e-05,
  "ensemble_acc_after_deletion": 0.839400053024292,
  "ensemble_acc_before_deletion": 0.8522000312805176,
  "epsilon": "\u221e",
  "indicator": 0,
  "lengths_after_deletion": [
    2407,
    2272,
    2233,
    2600,
    2646,
    2657
  ],
  "rng": [
    2788827997,
    2838730876
  ],
  "shard_prediction_precision": 0.21147039532661438,
  "shard_prediction_recall": 0.24888889491558075
}