{
  "accs_after_deletion": [
    0.8228000402450562,
    0.8230000138282776,
    0.8152000308036804,
    0.820400059223175,
    0.8196000456809998,
    0.8212000131607056
  ],
  "accs_before_deletion": [
    0.8304000496864319,
    0.832800030708313,
    0.835800051689148,
    0.836400032043457,
    0.8456000685691833,
    0.8318000435829163
  ],
  "delta": 6.982864657330156e-05,
  "ensemble_acc_after_deletion": 0.8408000469207764,
  "ensemble_acc_before_deletion": 0.8530000448226929,
  "epsilon": "\u221e",
  "indicator": 1,
  "lengths_after_deletion": [
    2316,
    2329,
    2247,
    2653,
    2630,
    2726
  ],
  "rng": [
    2819153465,
    2310207972
  ],
  "shard_prediction_precision": 0.21209535002708435,
  "shard_prediction_recall": 0.24861110746860504
}