{
  "accs_after_deletion": [
    0.8200000524520874,
    0.8182000517845154,
    0.8164000511169434,
    0.8194000124931335,
    0.8268000483512878,
    0.8108000159263611
  ],
  "accs_before_deletion": [
    0.8306000232696533,
    0.8354000449180603,
    0.8348000645637512,
    0.8326000571250916,
    0.8326000571250916,
    0.835800051689148
  ],
  "delta": 6.982864657330156e-05,
  "ensemble_acc_after_deletion": 0.8398000597953796,
  "ensemble_acc_before_deletion": 0.8498000502586365,
  "epsilon": "\u221e",
  "indicator": 1,
  "lengths_after_deletion": [
    2891,
    2926,
    2778,
    3212,
    3308,
    3210
  ],
  "rng": [
    2820871577,
    3519482528
  ],
  "shard_prediction_precision": 0.21521922945976257,
  "shard_prediction_recall": 0.21133333444595337
}