{
  "accs_after_deletion": [
    0.8214000463485718,
    0.8178000450134277,
    0.8254000544548035,
    0.8246000409126282,
    0.8188000321388245,
    0.8218000531196594
  ],
  "accs_before_deletion": [
    0.8326000571250916,
    0.829800009727478,
    0.8386000394821167,
    0.829200029373169,
    0.8340000510215759,
    0.8408000469207764
  ],
  "delta": 6.982864657330156e-05,
  "ensemble_acc_after_deletion": 0.8418000340461731,
  "ensemble_acc_before_deletion": 0.8518000245094299,
  "epsilon": "\u221e",
  "indicator": 1,
  "lengths_after_deletion": [
    2815,
    2827,
    2819,
    3196,
    3117,
    3089
  ],
  "rng": [
    2835237413,
    3283264273
  ],
  "shard_prediction_precision": 0.21287976205348969,
  "shard_prediction_recall": 0.21449999511241913
}