{
  "accs_after_deletion": [
    0.8206000328063965,
    0.8276000618934631,
    0.818600058555603,
    0.8244000673294067,
    0.8164000511169434,
    0.8240000605583191
  ],
  "accs_before_deletion": [
    0.8312000632286072,
    0.8312000632286072,
    0.8338000178337097,
    0.8406000137329102,
    0.8388000130653381,
    0.8414000272750854
  ],
  "delta": 6.982864657330156e-05,
  "ensemble_acc_after_deletion": 0.8466000556945801,
  "ensemble_acc_before_deletion": 0.8514000177383423,
  "epsilon": "\u221e",
  "indicator": 0,
  "lengths_after_deletion": [
    2727,
    2796,
    2653,
    3135,
    3103,
    3041
  ],
  "rng": [
    2851387909,
    1720641653
  ],
  "shard_prediction_precision": 0.21774062514305115,
  "shard_prediction_recall": 0.22433333098888397
}