{
  "accs_after_deletion": [
    0.8116000294685364,
    0.816800057888031,
    0.8178000450134277,
    0.8156000375747681,
    0.8216000199317932,
    0.8184000253677368
  ],
  "accs_before_deletion": [
    0.8290000557899475,
    0.8402000665664673,
    0.8390000462532043,
    0.832800030708313,
    0.8354000449180603,
    0.8318000435829163
  ],
  "delta": 6.982864657330156e-05,
  "ensemble_acc_after_deletion": 0.8388000130653381,
  "ensemble_acc_before_deletion": 0.8548000454902649,
  "epsilon": "\u221e",
  "indicator": 1,
  "lengths_after_deletion": [
    2377,
    2413,
    2295,
    2697,
    2680,
    2721
  ],
  "rng": [
    2859663026,
    3166528247
  ],
  "shard_prediction_precision": 0.21074122190475464,
  "shard_prediction_recall": 0.24372223019599915
}