{
  "accs_after_deletion": [
    0.8160000443458557,
    0.8140000104904175,
    0.8262000679969788,
    0.8164000511169434,
    0.8214000463485718,
    0.8212000131607056
  ],
  "accs_before_deletion": [
    0.8338000178337097,
    0.832800030708313,
    0.8436000347137451,
    0.8322000503540039,
    0.8386000394821167,
    0.8390000462532043
  ],
  "delta": 6.982864657330156e-05,
  "ensemble_acc_after_deletion": 0.8352000117301941,
  "ensemble_acc_before_deletion": 0.8578000664710999,
  "epsilon": "\u221e",
  "indicator": 1,
  "lengths_after_deletion": [
    2823,
    2718,
    2779,
    3141,
    3141,
    3191
  ],
  "rng": [
    2864771514,
    2753933081
  ],
  "shard_prediction_precision": 0.2172241508960724,
  "shard_prediction_recall": 0.2197222262620926
}