{
  "accs_after_deletion": [
    0.8164000511169434,
    0.8218000531196594,
    0.8184000253677368,
    0.8244000673294067,
    0.8190000653266907,
    0.8182000517845154
  ],
  "accs_before_deletion": [
    0.8324000239372253,
    0.834600031375885,
    0.8378000259399414,
    0.8392000198364258,
    0.8320000171661377,
    0.838200032711029
  ],
  "delta": 6.982864657330156e-05,
  "ensemble_acc_after_deletion": 0.8396000266075134,
  "ensemble_acc_before_deletion": 0.8566000461578369,
  "epsilon": "\u221e",
  "indicator": 1,
  "lengths_after_deletion": [
    2940,
    2875,
    2934,
    3372,
    3283,
    3330
  ],
  "rng": [
    2870170980,
    2426623019
  ],
  "shard_prediction_precision": 0.22176532447338104,
  "shard_prediction_recall": 0.21272222697734833
}