{
  "accs_after_deletion": [
    0.8058000206947327,
    0.8162000179290771,
    0.816800057888031,
    0.8096000552177429,
    0.8234000205993652,
    0.8112000226974487
  ],
  "accs_before_deletion": [
    0.8368000388145447,
    0.8314000368118286,
    0.8428000211715698,
    0.8388000130653381,
    0.8366000652313232,
    0.8406000137329102
  ],
  "delta": 6.982864657330156e-05,
  "ensemble_acc_after_deletion": 0.8306000232696533,
  "ensemble_acc_before_deletion": 0.8568000197410583,
  "epsilon": "\u221e",
  "indicator": 1,
  "lengths_after_deletion": [
    3084,
    3110,
    3004,
    3389,
    3422,
    3422
  ],
  "rng": [
    2966706864,
    1641849819
  ],
  "shard_prediction_precision": 0.21781639754772186,
  "shard_prediction_recall": 0.2004999965429306
}