{
  "accs_after_deletion": [
    0.8190000653266907,
    0.810200035572052,
    0.8200000524520874,
    0.8248000144958496,
    0.8280000686645508,
    0.8218000531196594
  ],
  "accs_before_deletion": [
    0.8362000584602356,
    0.8390000462532043,
    0.8326000571250916,
    0.8326000571250916,
    0.843000054359436,
    0.8300000429153442
  ],
  "delta": 6.982864657330156e-05,
  "ensemble_acc_after_deletion": 0.8406000137329102,
  "ensemble_acc_before_deletion": 0.8530000448226929,
  "epsilon": "\u221e",
  "indicator": 1,
  "lengths_after_deletion": [
    2359,
    2397,
    2385,
    2767,
    2695,
    2765
  ],
  "rng": [
    302056571,
    1193767407
  ],
  "shard_prediction_precision": 0.2128732055425644,
  "shard_prediction_recall": 0.24400000274181366
}