{
  "accs_after_deletion": [
    0.8162000179290771,
    0.8122000098228455,
    0.8172000646591187,
    0.8046000599861145,
    0.8176000118255615,
    0.8070000410079956
  ],
  "accs_before_deletion": [
    0.8354000449180603,
    0.8384000658988953,
    0.835800051689148,
    0.8290000557899475,
    0.8338000178337097,
    0.8318000435829163
  ],
  "delta": 6.982864657330156e-05,
  "ensemble_acc_after_deletion": 0.8302000164985657,
  "ensemble_acc_before_deletion": 0.8510000109672546,
  "epsilon": "\u221e",
  "indicator": 0,
  "lengths_after_deletion": [
    2011,
    2007,
    2076,
    2331,
    2265,
    2331
  ],
  "rng": [
    3097526971,
    426996153
  ],
  "shard_prediction_precision": 0.20418642461299896,
  "shard_prediction_recall": 0.2606666684150696
}