{
  "accs_after_deletion": [
    0.8200000524520874,
    0.8190000653266907,
    0.8158000111579895,
    0.8220000267028809,
    0.820400059223175,
    0.8180000185966492
  ],
  "accs_before_deletion": [
    0.8330000638961792,
    0.834600031375885,
    0.8410000205039978,
    0.8360000252723694,
    0.8336000442504883,
    0.8402000665664673
  ],
  "delta": 6.982864657330156e-05,
  "ensemble_acc_after_deletion": 0.8406000137329102,
  "ensemble_acc_before_deletion": 0.8560000658035278,
  "epsilon": "\u221e",
  "indicator": 1,
  "lengths_after_deletion": [
    2838,
    2793,
    2847,
    3143,
    3173,
    3249
  ],
  "rng": [
    3113981522,
    2835808832
  ],
  "shard_prediction_precision": 0.21629448235034943,
  "shard_prediction_recall": 0.21577778458595276
}