{
  "accs_after_deletion": [
    0.8210000395774841,
    0.8222000598907471,
    0.8264000415802002,
    0.8266000151634216,
    0.8170000314712524,
    0.8110000491142273
  ],
  "accs_before_deletion": [
    0.83160001039505,
    0.8370000123977661,
    0.8302000164985657,
    0.8326000571250916,
    0.8380000591278076,
    0.8360000252723694
  ],
  "delta": 6.982864657330156e-05,
  "ensemble_acc_after_deletion": 0.8472000360488892,
  "ensemble_acc_before_deletion": 0.8530000448226929,
  "epsilon": "\u221e",
  "indicator": 0,
  "lengths_after_deletion": [
    2494,
    2509,
    2474,
    2831,
    2827,
    2911
  ],
  "rng": [
    3120706703,
    3428845176
  ],
  "shard_prediction_precision": 0.21193745732307434,
  "shard_prediction_recall": 0.2349444478750229
}