{
  "accs_after_deletion": [
    0.8202000260353088,
    0.8188000321388245,
    0.8188000321388245,
    0.8198000192642212,
    0.8202000260353088,
    0.8282000422477722
  ],
  "accs_before_deletion": [
    0.8336000442504883,
    0.8354000449180603,
    0.8406000137329102,
    0.8356000185012817,
    0.829200029373169,
    0.8396000266075134
  ],
  "delta": 6.982864657330156e-05,
  "ensemble_acc_after_deletion": 0.8432000279426575,
  "ensemble_acc_before_deletion": 0.8504000306129456,
  "epsilon": "\u221e",
  "indicator": 1,
  "lengths_after_deletion": [
    2151,
    2162,
    2138,
    2520,
    2375,
    2537
  ],
  "rng": [
    3150990151,
    2167520162
  ],
  "shard_prediction_precision": 0.2105167955160141,
  "shard_prediction_recall": 0.25866666436195374
}