{
  "accs_after_deletion": [
    0.8202000260353088,
    0.8242000341415405,
    0.8152000308036804,
    0.813200056552887,
    0.8176000118255615,
    0.80840003490448
  ],
  "accs_before_deletion": [
    0.831000030040741,
    0.836400032043457,
    0.839400053024292,
    0.8352000117301941,
    0.8402000665664673,
    0.829800009727478
  ],
  "delta": 6.982864657330156e-05,
  "ensemble_acc_after_deletion": 0.8342000246047974,
  "ensemble_acc_before_deletion": 0.8522000312805176,
  "epsilon": "\u221e",
  "indicator": 0,
  "lengths_after_deletion": [
    2655,
    2707,
    2647,
    2983,
    3060,
    2965
  ],
  "rng": [
    316253545,
    3716888627
  ],
  "shard_prediction_precision": 0.21524521708488464,
  "shard_prediction_recall": 0.22699999809265137
}