{
  "accs_after_deletion": [
    0.8164000511169434,
    0.8202000260353088,
    0.8250000476837158,
    0.8254000544548035,
    0.8232000470161438,
    0.8170000314712524
  ],
  "accs_before_deletion": [
    0.8336000442504883,
    0.8334000110626221,
    0.8372000455856323,
    0.8370000123977661,
    0.8374000191688538,
    0.8392000198364258
  ],
  "delta": 6.982864657330156e-05,
  "ensemble_acc_after_deletion": 0.8380000591278076,
  "ensemble_acc_before_deletion": 0.8578000664710999,
  "epsilon": "\u221e",
  "indicator": 1,
  "lengths_after_deletion": [
    3082,
    3042,
    2939,
    3479,
    3450,
    3380
  ],
  "rng": [
    3175713035,
    814960957
  ],
  "shard_prediction_precision": 0.22299735248088837,
  "shard_prediction_recall": 0.20600000023841858
}