{
  "accs_after_deletion": [
    0.8152000308036804,
    0.810200035572052,
    0.8162000179290771,
    0.8192000389099121,
    0.8188000321388245,
    0.8096000552177429
  ],
  "accs_before_deletion": [
    0.831000030040741,
    0.8374000191688538,
    0.8396000266075134,
    0.8340000510215759,
    0.8344000577926636,
    0.829800009727478
  ],
  "delta": 6.982864657330156e-05,
  "ensemble_acc_after_deletion": 0.8418000340461731,
  "ensemble_acc_before_deletion": 0.8522000312805176,
  "epsilon": "\u221e",
  "indicator": 1,
  "lengths_after_deletion": [
    2376,
    2295,
    2394,
    2704,
    2711,
    2648
  ],
  "rng": [
    3237125508,
    1584250619
  ],
  "shard_prediction_precision": 0.20812572538852692,
  "shard_prediction_recall": 0.24133333563804626
}