{
  "accs_after_deletion": [
    0.8192000389099121,
    0.8176000118255615,
    0.8224000334739685,
    0.8244000673294067,
    0.8286000490188599,
    0.8288000226020813
  ],
  "accs_before_deletion": [
    0.8296000361442566,
    0.83760005235672,
    0.8378000259399414,
    0.8332000374794006,
    0.836400032043457,
    0.8348000645637512
  ],
  "delta": 6.982864657330156e-05,
  "ensemble_acc_after_deletion": 0.8380000591278076,
  "ensemble_acc_before_deletion": 0.8500000238418579,
  "epsilon": "\u221e",
  "indicator": 1,
  "lengths_after_deletion": [
    4000,
    3839,
    3893,
    4277,
    4203,
    4303
  ],
  "rng": [
    3243044270,
    759548455
  ],
  "shard_prediction_precision": 0.2402263730764389,
  "shard_prediction_recall": 0.15327778458595276
}