{
  "accs_after_deletion": [
    0.812000036239624,
    0.8246000409126282,
    0.8158000111579895,
    0.812000036239624,
    0.8140000104904175,
    0.8230000138282776
  ],
  "accs_before_deletion": [
    0.8340000510215759,
    0.8384000658988953,
    0.8322000503540039,
    0.829800009727478,
    0.8312000632286072,
    0.8356000185012817
  ],
  "delta": 6.982864657330156e-05,
  "ensemble_acc_after_deletion": 0.8330000638961792,
  "ensemble_acc_before_deletion": 0.8540000319480896,
  "epsilon": "\u221e",
  "indicator": 0,
  "lengths_after_deletion": [
    3094,
    3044,
    3196,
    3500,
    3505,
    3560
  ],
  "rng": [
    3253545102,
    3681348099
  ],
  "shard_prediction_precision": 0.22334016859531403,
  "shard_prediction_recall": 0.1997777819633484
}