{
  "accs_after_deletion": [
    0.8110000491142273,
    0.8134000301361084,
    0.8116000294685364,
    0.8238000273704529,
    0.818600058555603,
    0.8176000118255615
  ],
  "accs_before_deletion": [
    0.8378000259399414,
    0.8378000259399414,
    0.8436000347137451,
    0.835800051689148,
    0.8320000171661377,
    0.8378000259399414
  ],
  "delta": 6.982864657330156e-05,
  "ensemble_acc_after_deletion": 0.8400000333786011,
  "ensemble_acc_before_deletion": 0.8520000576972961,
  "epsilon": "\u221e",
  "indicator": 1,
  "lengths_after_deletion": [
    2282,
    2265,
    2450,
    2658,
    2610,
    2700
  ],
  "rng": [
    3263805461,
    2046442735
  ],
  "shard_prediction_precision": 0.21117186546325684,
  "shard_prediction_recall": 0.24677778780460358
}