{
  "accs_after_deletion": [
    0.8270000219345093,
    0.8200000524520874,
    0.8156000375747681,
    0.8220000267028809,
    0.8234000205993652,
    0.8338000178337097
  ],
  "accs_before_deletion": [
    0.8338000178337097,
    0.8462000489234924,
    0.8374000191688538,
    0.8348000645637512,
    0.8360000252723694,
    0.8428000211715698
  ],
  "delta": 6.982864657330156e-05,
  "ensemble_acc_after_deletion": 0.8468000292778015,
  "ensemble_acc_before_deletion": 0.8598000407218933,
  "epsilon": "\u221e",
  "indicator": 1,
  "lengths_after_deletion": [
    2794,
    2763,
    2733,
    3153,
    3162,
    3175
  ],
  "rng": [
    3278640933,
    96988099
  ],
  "shard_prediction_precision": 0.22063666582107544,
  "shard_prediction_recall": 0.22333332896232605
}