{
  "accs_after_deletion": [
    0.8080000281333923,
    0.8040000200271606,
    0.8058000206947327,
    0.8146000504493713,
    0.8146000504493713,
    0.8076000213623047
  ],
  "accs_before_deletion": [
    0.83760005235672,
    0.8462000489234924,
    0.8458000421524048,
    0.8386000394821167,
    0.832800030708313,
    0.8320000171661377
  ],
  "delta": 6.982864657330156e-05,
  "ensemble_acc_after_deletion": 0.8268000483512878,
  "ensemble_acc_before_deletion": 0.8552000522613525,
  "epsilon": "\u221e",
  "indicator": 1,
  "lengths_after_deletion": [
    2728,
    2716,
    2790,
    3099,
    3155,
    3004
  ],
  "rng": [
    3350284971,
    2638443700
  ],
  "shard_prediction_precision": 0.21687918901443481,
  "shard_prediction_recall": 0.22300000488758087
}