{
  "accs_after_deletion": [
    0.8254000544548035,
    0.8252000212669373,
    0.8282000422477722,
    0.8314000368118286,
    0.8244000673294067,
    0.8232000470161438
  ],
  "accs_before_deletion": [
    0.8334000110626221,
    0.832800030708313,
    0.8474000692367554,
    0.8330000638961792,
    0.8356000185012817,
    0.8418000340461731
  ],
  "delta": 6.982864657330156e-05,
  "ensemble_acc_after_deletion": 0.8446000218391418,
  "ensemble_acc_before_deletion": 0.8564000129699707,
  "epsilon": "\u221e",
  "indicator": 1,
  "lengths_after_deletion": [
    2722,
    2815,
    2830,
    3173,
    3159,
    3165
  ],
  "rng": [
    3351009436,
    1946648802
  ],
  "shard_prediction_precision": 0.2141045331954956,
  "shard_prediction_recall": 0.2157222181558609
}