{
  "accs_after_deletion": [
    0.8248000144958496,
    0.8180000185966492,
    0.815000057220459,
    0.8234000205993652,
    0.83160001039505,
    0.818600058555603
  ],
  "accs_before_deletion": [
    0.834600031375885,
    0.8342000246047974,
    0.836400032043457,
    0.836400032043457,
    0.8306000232696533,
    0.8266000151634216
  ],
  "delta": 6.982864657330156e-05,
  "ensemble_acc_after_deletion": 0.8428000211715698,
  "ensemble_acc_before_deletion": 0.8500000238418579,
  "epsilon": "\u221e",
  "indicator": 1,
  "lengths_after_deletion": [
    2885,
    2827,
    2819,
    3237,
    3224,
    3196
  ],
  "rng": [
    3355781382,
    228347347
  ],
  "shard_prediction_precision": 0.21754996478557587,
  "shard_prediction_recall": 0.2152777761220932
}