{
  "accs_after_deletion": [
    0.8188000321388245,
    0.816800057888031,
    0.8130000233650208,
    0.8214000463485718,
    0.8164000511169434,
    0.8160000443458557
  ],
  "accs_before_deletion": [
    0.8402000665664673,
    0.8408000469207764,
    0.838200032711029,
    0.836400032043457,
    0.8390000462532043,
    0.8392000198364258
  ],
  "delta": 6.982864657330156e-05,
  "ensemble_acc_after_deletion": 0.8370000123977661,
  "ensemble_acc_before_deletion": 0.855400025844574,
  "epsilon": "\u221e",
  "indicator": 1,
  "lengths_after_deletion": [
    2768,
    2662,
    2739,
    3031,
    2970,
    3007
  ],
  "rng": [
    3366017614,
    979825362
  ],
  "shard_prediction_precision": 0.2150029093027115,
  "shard_prediction_recall": 0.22483333945274353
}