{
  "accs_after_deletion": [
    0.8106000423431396,
    0.8164000511169434,
    0.8104000091552734,
    0.8158000111579895,
    0.8126000165939331,
    0.8174000382423401
  ],
  "accs_before_deletion": [
    0.8366000652313232,
    0.8354000449180603,
    0.8400000333786011,
    0.8344000577926636,
    0.8390000462532043,
    0.8416000604629517
  ],
  "delta": 6.982864657330156e-05,
  "ensemble_acc_after_deletion": 0.834600031375885,
  "ensemble_acc_before_deletion": 0.8562000393867493,
  "epsilon": "\u221e",
  "indicator": 1,
  "lengths_after_deletion": [
    2805,
    2900,
    2889,
    3283,
    3201,
    3333
  ],
  "rng": [
    3432868483,
    1307748607
  ],
  "shard_prediction_precision": 0.21621467173099518,
  "shard_prediction_recall": 0.2112777829170227
}