{
  "accs_after_deletion": [
    0.8246000409126282,
    0.8142000436782837,
    0.8196000456809998,
    0.8200000524520874,
    0.818600058555603,
    0.8202000260353088
  ],
  "accs_before_deletion": [
    0.8408000469207764,
    0.8400000333786011,
    0.8398000597953796,
    0.8348000645637512,
    0.8386000394821167,
    0.8314000368118286
  ],
  "delta": 6.982864657330156e-05,
  "ensemble_acc_after_deletion": 0.843000054359436,
  "ensemble_acc_before_deletion": 0.8518000245094299,
  "epsilon": "\u221e",
  "indicator": 1,
  "lengths_after_deletion": [
    2412,
    2410,
    2358,
    2743,
    2710,
    2857
  ],
  "rng": [
    3439363888,
    4286732116
  ],
  "shard_prediction_precision": 0.2115553468465805,
  "shard_prediction_recall": 0.24105556309223175
}