{
  "accs_after_deletion": [
    0.8268000483512878,
    0.8212000131607056,
    0.8322000503540039,
    0.8256000280380249,
    0.8196000456809998,
    0.831000030040741
  ],
  "accs_before_deletion": [
    0.8332000374794006,
    0.8388000130653381,
    0.8428000211715698,
    0.8370000123977661,
    0.829200029373169,
    0.834600031375885
  ],
  "delta": 6.982864657330156e-05,
  "ensemble_acc_after_deletion": 0.8506000638008118,
  "ensemble_acc_before_deletion": 0.853600025177002,
  "epsilon": "\u221e",
  "indicator": 0,
  "lengths_after_deletion": [
    2973,
    2888,
    2960,
    3221,
    3261,
    3379
  ],
  "rng": [
    3484763506,
    3665298782
  ],
  "shard_prediction_precision": 0.21844324469566345,
  "shard_prediction_recall": 0.21016666293144226
}