{
  "accs_after_deletion": [
    0.8164000511169434,
    0.8176000118255615,
    0.8134000301361084,
    0.8230000138282776,
    0.8174000382423401,
    0.8144000172615051
  ],
  "accs_before_deletion": [
    0.8264000415802002,
    0.8334000110626221,
    0.8428000211715698,
    0.8306000232696533,
    0.8368000388145447,
    0.8330000638961792
  ],
  "delta": 6.982864657330156e-05,
  "ensemble_acc_after_deletion": 0.836400032043457,
  "ensemble_acc_before_deletion": 0.8516000509262085,
  "epsilon": "\u221e",
  "indicator": 1,
  "lengths_after_deletion": [
    2674,
    2699,
    2692,
    3076,
    3039,
    3045
  ],
  "rng": [
    3485956816,
    1096906078
  ],
  "shard_prediction_precision": 0.21027962863445282,
  "shard_prediction_recall": 0.21933333575725555
}