{
  "accs_after_deletion": [
    0.8080000281333923,
    0.8136000633239746,
    0.807200014591217,
    0.8106000423431396,
    0.8240000605583191,
    0.8170000314712524
  ],
  "accs_before_deletion": [
    0.8418000340461731,
    0.8352000117301941,
    0.8386000394821167,
    0.8344000577926636,
    0.8372000455856323,
    0.8352000117301941
  ],
  "delta": 6.982864657330156e-05,
  "ensemble_acc_after_deletion": 0.8356000185012817,
  "ensemble_acc_before_deletion": 0.8518000245094299,
  "epsilon": "\u221e",
  "indicator": 1,
  "lengths_after_deletion": [
    2408,
    2380,
    2326,
    2717,
    2736,
    2817
  ],
  "rng": [
    3511211410,
    2160444420
  ],
  "shard_prediction_precision": 0.21323244273662567,
  "shard_prediction_recall": 0.2442222237586975
}