{
  "accs_after_deletion": [
    0.789400041103363,
    0.8016000390052795,
    0.7860000133514404,
    0.8022000193595886,
    0.800000011920929,
    0.7934000492095947
  ],
  "accs_before_deletion": [
    0.8336000442504883,
    0.8334000110626221,
    0.8434000611305237,
    0.8384000658988953,
    0.832800030708313,
    0.839400053024292
  ],
  "delta": 6.982864657330156e-05,
  "ensemble_acc_after_deletion": 0.8254000544548035,
  "ensemble_acc_before_deletion": 0.8510000109672546,
  "epsilon": "\u221e",
  "indicator": 1,
  "lengths_after_deletion": [
    1939,
    1910,
    1802,
    2195,
    2206,
    2242
  ],
  "rng": [
    3513533577,
    3211960600
  ],
  "shard_prediction_precision": 0.20750021934509277,
  "shard_prediction_recall": 0.27327778935432434
}