{
  "accs_after_deletion": [
    0.8134000301361084,
    0.8144000172615051,
    0.8104000091552734,
    0.8112000226974487,
    0.8104000091552734,
    0.8116000294685364
  ],
  "accs_before_deletion": [
    0.8406000137329102,
    0.8336000442504883,
    0.8416000604629517,
    0.8274000287055969,
    0.8368000388145447,
    0.8360000252723694
  ],
  "delta": 6.982864657330156e-05,
  "ensemble_acc_after_deletion": 0.8352000117301941,
  "ensemble_acc_before_deletion": 0.8514000177383423,
  "epsilon": "\u221e",
  "indicator": 0,
  "lengths_after_deletion": [
    2147,
    2132,
    2122,
    2359,
    2421,
    2518
  ],
  "rng": [
    3526202649,
    2846274077
  ],
  "shard_prediction_precision": 0.2075691670179367,
  "shard_prediction_recall": 0.25716668367385864
}