{
  "accs_after_deletion": [
    0.807200014591217,
    0.8074000477790833,
    0.8190000653266907,
    0.8182000517845154,
    0.816800057888031,
    0.816800057888031
  ],
  "accs_before_deletion": [
    0.8432000279426575,
    0.83160001039505,
    0.8340000510215759,
    0.8326000571250916,
    0.832800030708313,
    0.8414000272750854
  ],
  "delta": 6.982864657330156e-05,
  "ensemble_acc_after_deletion": 0.8348000645637512,
  "ensemble_acc_before_deletion": 0.8558000326156616,
  "epsilon": "\u221e",
  "indicator": 1,
  "lengths_after_deletion": [
    2634,
    2607,
    2593,
    2962,
    2945,
    3093
  ],
  "rng": [
    3539233767,
    809234901
  ],
  "shard_prediction_precision": 0.21908588707447052,
  "shard_prediction_recall": 0.23327778279781342
}