{
  "accs_after_deletion": [
    0.8142000436782837,
    0.8182000517845154,
    0.8136000633239746,
    0.8122000098228455,
    0.8250000476837158,
    0.8154000639915466
  ],
  "accs_before_deletion": [
    0.8374000191688538,
    0.8410000205039978,
    0.8324000239372253,
    0.836400032043457,
    0.8340000510215759,
    0.8340000510215759
  ],
  "delta": 6.982864657330156e-05,
  "ensemble_acc_after_deletion": 0.8400000333786011,
  "ensemble_acc_before_deletion": 0.8524000644683838,
  "epsilon": "\u221e",
  "indicator": 1,
  "lengths_after_deletion": [
    2527,
    2583,
    2544,
    2839,
    2898,
    2963
  ],
  "rng": [
    3550899554,
    1019590795
  ],
  "shard_prediction_precision": 0.20966100692749023,
  "shard_prediction_recall": 0.22883333265781403
}