{
  "accs_after_deletion": [
    0.8064000606536865,
    0.8206000328063965,
    0.8166000247001648,
    0.8134000301361084,
    0.815000057220459,
    0.8124000430107117
  ],
  "accs_before_deletion": [
    0.8404000401496887,
    0.8400000333786011,
    0.83760005235672,
    0.8370000123977661,
    0.8312000632286072,
    0.8360000252723694
  ],
  "delta": 6.982864657330156e-05,
  "ensemble_acc_after_deletion": 0.8318000435829163,
  "ensemble_acc_before_deletion": 0.8518000245094299,
  "epsilon": "\u221e",
  "indicator": 0,
  "lengths_after_deletion": [
    2679,
    2734,
    2651,
    3063,
    2985,
    3123
  ],
  "rng": [
    3600370656,
    2158428693
  ],
  "shard_prediction_precision": 0.21247002482414246,
  "shard_prediction_recall": 0.22150000929832458
}