{
  "accs_after_deletion": [
    0.8110000491142273,
    0.8176000118255615,
    0.8090000152587891,
    0.8166000247001648,
    0.818600058555603,
    0.8140000104904175
  ],
  "accs_before_deletion": [
    0.8396000266075134,
    0.8348000645637512,
    0.8400000333786011,
    0.8290000557899475,
    0.8340000510215759,
    0.8354000449180603
  ],
  "delta": 6.982864657330156e-05,
  "ensemble_acc_after_deletion": 0.843000054359436,
  "ensemble_acc_before_deletion": 0.8516000509262085,
  "epsilon": "\u221e",
  "indicator": 1,
  "lengths_after_deletion": [
    2741,
    2710,
    2739,
    3049,
    3077,
    3119
  ],
  "rng": [
    3630347385,
    350065375
  ],
  "shard_prediction_precision": 0.21648262441158295,
  "shard_prediction_recall": 0.22327777743339539
}