{
  "accs_after_deletion": [
    0.8182000517845154,
    0.810200035572052,
    0.8232000470161438,
    0.815000057220459,
    0.820400059223175,
    0.8194000124931335
  ],
  "accs_before_deletion": [
    0.8344000577926636,
    0.8340000510215759,
    0.839400053024292,
    0.8340000510215759,
    0.8344000577926636,
    0.8378000259399414
  ],
  "delta": 6.982864657330156e-05,
  "ensemble_acc_after_deletion": 0.8428000211715698,
  "ensemble_acc_before_deletion": 0.8516000509262085,
  "epsilon": "\u221e",
  "indicator": 1,
  "lengths_after_deletion": [
    2665,
    2767,
    2742,
    3031,
    3028,
    3077
  ],
  "rng": [
    3654683597,
    1629905356
  ],
  "shard_prediction_precision": 0.21123595535755157,
  "shard_prediction_recall": 0.21933333575725555
}