{
  "accs_after_deletion": [
    0.8170000314712524,
    0.8188000321388245,
    0.8178000450134277,
    0.8254000544548035,
    0.8162000179290771,
    0.8194000124931335
  ],
  "accs_before_deletion": [
    0.8352000117301941,
    0.8322000503540039,
    0.8414000272750854,
    0.8386000394821167,
    0.8402000665664673,
    0.8370000123977661
  ],
  "delta": 6.982864657330156e-05,
  "ensemble_acc_after_deletion": 0.8422000408172607,
  "ensemble_acc_before_deletion": 0.8560000658035278,
  "epsilon": "\u221e",
  "indicator": 1,
  "lengths_after_deletion": [
    2593,
    2572,
    2519,
    2911,
    2851,
    2940
  ],
  "rng": [
    3676452066,
    738504268
  ],
  "shard_prediction_precision": 0.21331702172756195,
  "shard_prediction_recall": 0.23244445025920868
}