{
  "accs_after_deletion": [
    0.8134000301361084,
    0.8148000240325928,
    0.8060000538825989,
    0.8160000443458557,
    0.8178000450134277,
    0.8154000639915466
  ],
  "accs_before_deletion": [
    0.8326000571250916,
    0.8398000597953796,
    0.8420000672340393,
    0.834600031375885,
    0.83760005235672,
    0.8330000638961792
  ],
  "delta": 6.982864657330156e-05,
  "ensemble_acc_after_deletion": 0.8306000232696533,
  "ensemble_acc_before_deletion": 0.8568000197410583,
  "epsilon": "\u221e",
  "indicator": 1,
  "lengths_after_deletion": [
    2131,
    2151,
    2119,
    2415,
    2452,
    2480
  ],
  "rng": [
    3703584751,
    1999926240
  ],
  "shard_prediction_precision": 0.21022829413414001,
  "shard_prediction_recall": 0.2598888874053955
}