{
  "accs_after_deletion": [
    0.8122000098228455,
    0.8156000375747681,
    0.8134000301361084,
    0.8098000288009644,
    0.8252000212669373,
    0.8236000537872314
  ],
  "accs_before_deletion": [
    0.8386000394821167,
    0.83760005235672,
    0.834600031375885,
    0.8410000205039978,
    0.8332000374794006,
    0.8360000252723694
  ],
  "delta": 6.982864657330156e-05,
  "ensemble_acc_after_deletion": 0.8320000171661377,
  "ensemble_acc_before_deletion": 0.8522000312805176,
  "epsilon": "\u221e",
  "indicator": 1,
  "lengths_after_deletion": [
    2452,
    2508,
    2425,
    2913,
    2772,
    2900
  ],
  "rng": [
    3778143697,
    3412982942
  ],
  "shard_prediction_precision": 0.21627558767795563,
  "shard_prediction_recall": 0.24066667258739471
}