{
  "accs_after_deletion": [
    0.8182000517845154,
    0.8220000267028809,
    0.8096000552177429,
    0.815000057220459,
    0.8196000456809998,
    0.8200000524520874
  ],
  "accs_before_deletion": [
    0.8320000171661377,
    0.8374000191688538,
    0.8374000191688538,
    0.8366000652313232,
    0.8396000266075134,
    0.8354000449180603
  ],
  "delta": 6.982864657330156e-05,
  "ensemble_acc_after_deletion": 0.8388000130653381,
  "ensemble_acc_before_deletion": 0.8556000590324402,
  "epsilon": "\u221e",
  "indicator": 1,
  "lengths_after_deletion": [
    2621,
    2589,
    2624,
    2880,
    2960,
    3020
  ],
  "rng": [
    3787399217,
    2745769772
  ],
  "shard_prediction_precision": 0.2142339050769806,
  "shard_prediction_recall": 0.22977778315544128
}