{
  "accs_after_deletion": [
    0.8232000470161438,
    0.8246000409126282,
    0.8244000673294067,
    0.8280000686645508,
    0.8200000524520874,
    0.8220000267028809
  ],
  "accs_before_deletion": [
    0.835800051689148,
    0.8368000388145447,
    0.8344000577926636,
    0.8370000123977661,
    0.8326000571250916,
    0.834600031375885
  ],
  "delta": 6.982864657330156e-05,
  "ensemble_acc_after_deletion": 0.8444000482559204,
  "ensemble_acc_before_deletion": 0.8526000380516052,
  "epsilon": "\u221e",
  "indicator": 0,
  "lengths_after_deletion": [
    2498,
    2496,
    2519,
    2860,
    2769,
    2887
  ],
  "rng": [
    3792928975,
    1266108995
  ],
  "shard_prediction_precision": 0.2113063931465149,
  "shard_prediction_recall": 0.23444445431232452
}