{
  "accs_after_deletion": [
    0.812000036239624,
    0.8076000213623047,
    0.8070000410079956,
    0.8242000341415405,
    0.8076000213623047,
    0.8122000098228455
  ],
  "accs_before_deletion": [
    0.8314000368118286,
    0.8378000259399414,
    0.8380000591278076,
    0.8268000483512878,
    0.8356000185012817,
    0.8372000455856323
  ],
  "delta": 6.982864657330156e-05,
  "ensemble_acc_after_deletion": 0.834600031375885,
  "ensemble_acc_before_deletion": 0.8520000576972961,
  "epsilon": "\u221e",
  "indicator": 1,
  "lengths_after_deletion": [
    1702,
    1746,
    1780,
    2156,
    2133,
    2087
  ],
  "rng": [
    3806385906,
    3891659208
  ],
  "shard_prediction_precision": 0.20884570479393005,
  "shard_prediction_recall": 0.28305554389953613
}