{
  "accs_after_deletion": [
    0.7958000302314758,
    0.806600034236908,
    0.8038000464439392,
    0.8096000552177429,
    0.8048000335693359,
    0.805400013923645
  ],
  "accs_before_deletion": [
    0.8356000185012817,
    0.8390000462532043,
    0.8392000198364258,
    0.8360000252723694,
    0.8354000449180603,
    0.8374000191688538
  ],
  "delta": 6.982864657330156e-05,
  "ensemble_acc_after_deletion": 0.8238000273704529,
  "ensemble_acc_before_deletion": 0.8534000515937805,
  "epsilon": "\u221e",
  "indicator": 1,
  "lengths_after_deletion": [
    2131,
    2172,
    2039,
    2383,
    2487,
    2494
  ],
  "rng": [
    385451209,
    1464212231
  ],
  "shard_prediction_precision": 0.21050506830215454,
  "shard_prediction_recall": 0.26072221994400024
}