{
  "accs_after_deletion": [
    0.8184000253677368,
    0.8158000111579895,
    0.818600058555603,
    0.829200029373169,
    0.8206000328063965,
    0.8246000409126282
  ],
  "accs_before_deletion": [
    0.8318000435829163,
    0.8396000266075134,
    0.8362000584602356,
    0.8374000191688538,
    0.8326000571250916,
    0.8378000259399414
  ],
  "delta": 6.982864657330156e-05,
  "ensemble_acc_after_deletion": 0.8396000266075134,
  "ensemble_acc_before_deletion": 0.8534000515937805,
  "epsilon": "\u221e",
  "indicator": 1,
  "lengths_after_deletion": [
    3161,
    3143,
    3324,
    3523,
    3510,
    3626
  ],
  "rng": [
    3911825605,
    2404517943
  ],
  "shard_prediction_precision": 0.21937249600887299,
  "shard_prediction_recall": 0.1915000081062317
}