{
  "accs_after_deletion": [
    0.8226000666618347,
    0.8244000673294067,
    0.8156000375747681,
    0.8234000205993652,
    0.8312000632286072,
    0.8256000280380249
  ],
  "accs_before_deletion": [
    0.8418000340461731,
    0.8322000503540039,
    0.8336000442504883,
    0.843000054359436,
    0.8390000462532043,
    0.8396000266075134
  ],
  "delta": 6.982864657330156e-05,
  "ensemble_acc_after_deletion": 0.8442000150680542,
  "ensemble_acc_before_deletion": 0.8570000529289246,
  "epsilon": "\u221e",
  "indicator": 1,
  "lengths_after_deletion": [
    2937,
    3076,
    2933,
    3378,
    3337,
    3346
  ],
  "rng": [
    3954236209,
    1368972690
  ],
  "shard_prediction_precision": 0.2203260064125061,
  "shard_prediction_recall": 0.20800000429153442
}