{
  "accs_after_deletion": [
    0.8222000598907471,
    0.8196000456809998,
    0.8162000179290771,
    0.8166000247001648,
    0.8200000524520874,
    0.8184000253677368
  ],
  "accs_before_deletion": [
    0.836400032043457,
    0.8360000252723694,
    0.8360000252723694,
    0.8284000158309937,
    0.8276000618934631,
    0.8312000632286072
  ],
  "delta": 6.982864657330156e-05,
  "ensemble_acc_after_deletion": 0.8406000137329102,
  "ensemble_acc_before_deletion": 0.8482000231742859,
  "epsilon": "\u221e",
  "indicator": 0,
  "lengths_after_deletion": [
    3329,
    3373,
    3403,
    3707,
    3744,
    3655
  ],
  "rng": [
    4009952264,
    3187758761
  ],
  "shard_prediction_precision": 0.22165122628211975,
  "shard_prediction_recall": 0.18211111426353455
}