{
  "accs_after_deletion": [
    0.8040000200271606,
    0.8178000450134277,
    0.8176000118255615,
    0.8182000517845154,
    0.8208000659942627,
    0.818600058555603
  ],
  "accs_before_deletion": [
    0.8356000185012817,
    0.8342000246047974,
    0.8400000333786011,
    0.8286000490188599,
    0.8390000462532043,
    0.8306000232696533
  ],
  "delta": 6.982864657330156e-05,
  "ensemble_acc_after_deletion": 0.8322000503540039,
  "ensemble_acc_before_deletion": 0.8518000245094299,
  "epsilon": "\u221e",
  "indicator": 1,
  "lengths_after_deletion": [
    2264,
    2411,
    2269,
    2637,
    2708,
    2668
  ],
  "rng": [
    4022987560,
    1882174690
  ],
  "shard_prediction_precision": 0.2105688452720642,
  "shard_prediction_recall": 0.2461666762828827
}