{
  "accs_after_deletion": [
    0.8218000531196594,
    0.8142000436782837,
    0.8184000253677368,
    0.8156000375747681,
    0.818600058555603,
    0.8214000463485718
  ],
  "accs_before_deletion": [
    0.8312000632286072,
    0.8354000449180603,
    0.8374000191688538,
    0.8304000496864319,
    0.836400032043457,
    0.839400053024292
  ],
  "delta": 6.982864657330156e-05,
  "ensemble_acc_after_deletion": 0.835800051689148,
  "ensemble_acc_before_deletion": 0.8552000522613525,
  "epsilon": "\u221e",
  "indicator": 1,
  "lengths_after_deletion": [
    2691,
    2685,
    2726,
    3005,
    3081,
    3093
  ],
  "rng": [
    4023060919,
    577962957
  ],
  "shard_prediction_precision": 0.21176345646381378,
  "shard_prediction_recall": 0.22022221982479095
}