{
  "accs_after_deletion": [
    0.8008000254631042,
    0.812000036239624,
    0.812000036239624,
    0.8024000525474548,
    0.8128000497817993,
    0.8194000124931335
  ],
  "accs_before_deletion": [
    0.8420000672340393,
    0.836400032043457,
    0.8388000130653381,
    0.8332000374794006,
    0.8332000374794006,
    0.8304000496864319
  ],
  "delta": 6.982864657330156e-05,
  "ensemble_acc_after_deletion": 0.8282000422477722,
  "ensemble_acc_before_deletion": 0.8510000109672546,
  "epsilon": "\u221e",
  "indicator": 1,
  "lengths_after_deletion": [
    2786,
    2828,
    2790,
    3215,
    3122,
    3212
  ],
  "rng": [
    4046617790,
    3332379935
  ],
  "shard_prediction_precision": 0.21743227541446686,
  "shard_prediction_recall": 0.21800000965595245
}