{
  "accs_after_deletion": [
    0.8180000185966492,
    0.8232000470161438,
    0.8188000321388245,
    0.818600058555603,
    0.8252000212669373,
    0.8218000531196594
  ],
  "accs_before_deletion": [
    0.8352000117301941,
    0.8332000374794006,
    0.841200053691864,
    0.8368000388145447,
    0.8352000117301941,
    0.834600031375885
  ],
  "delta": 6.982864657330156e-05,
  "ensemble_acc_after_deletion": 0.8418000340461731,
  "ensemble_acc_before_deletion": 0.8548000454902649,
  "epsilon": "\u221e",
  "indicator": 1,
  "lengths_after_deletion": [
    2860,
    2945,
    2873,
    3272,
    3276,
    3268
  ],
  "rng": [
    4065261551,
    2759216639
  ],
  "shard_prediction_precision": 0.21832513809204102,
  "shard_prediction_recall": 0.2123333364725113
}