{
  "accs_after_deletion": [
    0.8254000544548035,
    0.8172000646591187,
    0.8198000192642212,
    0.8202000260353088,
    0.8220000267028809,
    0.8210000395774841
  ],
  "accs_before_deletion": [
    0.8338000178337097,
    0.8400000333786011,
    0.8338000178337097,
    0.8352000117301941,
    0.8344000577926636,
    0.8336000442504883
  ],
  "delta": 6.982864657330156e-05,
  "ensemble_acc_after_deletion": 0.8368000388145447,
  "ensemble_acc_before_deletion": 0.8506000638008118,
  "epsilon": "\u221e",
  "indicator": 1,
  "lengths_after_deletion": [
    3220,
    3154,
    3250,
    3539,
    3506,
    3598
  ],
  "rng": [
    4066261564,
    1737753794
  ],
  "shard_prediction_precision": 0.21648764610290527,
  "shard_prediction_recall": 0.18922223150730133
}