{
  "accs_after_deletion": [
    0.8176000118255615,
    0.8246000409126282,
    0.8178000450134277,
    0.8164000511169434,
    0.8264000415802002,
    0.8194000124931335
  ],
  "accs_before_deletion": [
    0.8338000178337097,
    0.8402000665664673,
    0.8348000645637512,
    0.8372000455856323,
    0.8326000571250916,
    0.8352000117301941
  ],
  "delta": 6.982864657330156e-05,
  "ensemble_acc_after_deletion": 0.8400000333786011,
  "ensemble_acc_before_deletion": 0.8524000644683838,
  "epsilon": "\u221e",
  "indicator": 1,
  "lengths_after_deletion": [
    2170,
    2092,
    2111,
    2449,
    2344,
    2495
  ],
  "rng": [
    4188372100,
    423921580
  ],
  "shard_prediction_precision": 0.21012578904628754,
  "shard_prediction_recall": 0.2607777714729309
}