{
  "accs_after_deletion": [
    0.8280000686645508,
    0.8276000618934631,
    0.8322000503540039,
    0.8368000388145447,
    0.8374000191688538,
    0.8258000612258911
  ],
  "accs_before_deletion": [
    0.8284000158309937,
    0.8336000442504883,
    0.836400032043457,
    0.836400032043457,
    0.8414000272750854,
    0.83760005235672
  ],
  "delta": 6.982864657330156e-05,
  "ensemble_acc_after_deletion": 0.8504000306129456,
  "ensemble_acc_before_deletion": 0.860200047492981,
  "epsilon": "\u221e",
  "indicator": 1,
  "lengths_after_deletion": [
    3594,
    3604,
    3522,
    3925,
    3926,
    3975
  ],
  "rng": [
    4198653964,
    217809371
  ],
  "shard_prediction_precision": 0.22915118932724,
  "shard_prediction_recall": 0.17127777636051178
}