{
  "accs_after_deletion": [
    0.8190000653266907,
    0.8106000423431396,
    0.8190000653266907,
    0.8254000544548035,
    0.8252000212669373,
    0.8264000415802002
  ],
  "accs_before_deletion": [
    0.8348000645637512,
    0.8374000191688538,
    0.8400000333786011,
    0.8350000381469727,
    0.8372000455856323,
    0.8350000381469727
  ],
  "delta": 6.982864657330156e-05,
  "ensemble_acc_after_deletion": 0.8436000347137451,
  "ensemble_acc_before_deletion": 0.8576000332832336,
  "epsilon": "\u221e",
  "indicator": 1,
  "lengths_after_deletion": [
    2898,
    2791,
    2791,
    3239,
    3257,
    3192
  ],
  "rng": [
    4216480231,
    3601537486
  ],
  "shard_prediction_precision": 0.21921265125274658,
  "shard_prediction_recall": 0.21716666221618652
}