{
  "accs_after_deletion": [
    0.8154000639915466,
    0.8216000199317932,
    0.8248000144958496,
    0.8230000138282776,
    0.8222000598907471,
    0.8176000118255615
  ],
  "accs_before_deletion": [
    0.8370000123977661,
    0.8340000510215759,
    0.8356000185012817,
    0.8270000219345093,
    0.8400000333786011,
    0.838200032711029
  ],
  "delta": 6.982864657330156e-05,
  "ensemble_acc_after_deletion": 0.8380000591278076,
  "ensemble_acc_before_deletion": 0.8560000658035278,
  "epsilon": "\u221e",
  "indicator": 1,
  "lengths_after_deletion": [
    3216,
    3280,
    3268,
    3665,
    3634,
    3619
  ],
  "rng": [
    4217768275,
    3074854867
  ],
  "shard_prediction_precision": 0.21895810961723328,
  "shard_prediction_recall": 0.1863333284854889
}