{
  "accs_after_deletion": [
    0.800000011920929,
    0.80840003490448,
    0.805400013923645,
    0.8048000335693359,
    0.8214000463485718,
    0.8210000395774841
  ],
  "accs_before_deletion": [
    0.8342000246047974,
    0.8332000374794006,
    0.8372000455856323,
    0.8318000435829163,
    0.8352000117301941,
    0.8278000354766846
  ],
  "delta": 6.982864657330156e-05,
  "ensemble_acc_after_deletion": 0.8276000618934631,
  "ensemble_acc_before_deletion": 0.8510000109672546,
  "epsilon": "\u221e",
  "indicator": 1,
  "lengths_after_deletion": [
    1954,
    1977,
    1967,
    2218,
    2355,
    2300
  ],
  "rng": [
    4229434186,
    2241896290
  ],
  "shard_prediction_precision": 0.2092212289571762,
  "shard_prediction_recall": 0.27000001072883606
}