{
  "accs_after_deletion": [
    0.8080000281333923,
    0.8098000288009644,
    0.80840003490448,
    0.8058000206947327,
    0.8078000545501709,
    0.8106000423431396
  ],
  "accs_before_deletion": [
    0.8400000333786011,
    0.8386000394821167,
    0.8408000469207764,
    0.8362000584602356,
    0.8302000164985657,
    0.8340000510215759
  ],
  "delta": 6.982864657330156e-05,
  "ensemble_acc_after_deletion": 0.83160001039505,
  "ensemble_acc_before_deletion": 0.8522000312805176,
  "epsilon": "\u221e",
  "indicator": 0,
  "lengths_after_deletion": [
    1727,
    1684,
    1633,
    2056,
    2059,
    2070
  ],
  "rng": [
    4234806916,
    3129685763
  ],
  "shard_prediction_precision": 0.20681442320346832,
  "shard_prediction_recall": 0.2846111059188843
}