{
  "accs_after_deletion": [
    0.8244000673294067,
    0.8208000659942627,
    0.8248000144958496,
    0.8190000653266907,
    0.8214000463485718,
    0.8236000537872314
  ],
  "accs_before_deletion": [
    0.8318000435829163,
    0.839400053024292,
    0.8368000388145447,
    0.829800009727478,
    0.8414000272750854,
    0.8404000401496887
  ],
  "delta": 6.982864657330156e-05,
  "ensemble_acc_after_deletion": 0.8472000360488892,
  "ensemble_acc_before_deletion": 0.8538000583648682,
  "epsilon": "\u221e",
  "indicator": 0,
  "lengths_after_deletion": [
    2588,
    2609,
    2579,
    2916,
    2997,
    2998
  ],
  "rng": [
    539091615,
    2852518816
  ],
  "shard_prediction_precision": 0.2145187258720398,
  "shard_prediction_recall": 0.23016667366027832
}