{
  "accs_after_deletion": [
    0.8226000666618347,
    0.8270000219345093,
    0.8248000144958496,
    0.8232000470161438,
    0.8250000476837158,
    0.8230000138282776
  ],
  "accs_before_deletion": [
    0.8314000368118286,
    0.8352000117301941,
    0.8422000408172607,
    0.8380000591278076,
    0.841200053691864,
    0.8286000490188599
  ],
  "delta": 6.982864657330156e-05,
  "ensemble_acc_after_deletion": 0.8434000611305237,
  "ensemble_acc_before_deletion": 0.8544000387191772,
  "epsilon": "\u221e",
  "indicator": 0,
  "lengths_after_deletion": [
    2925,
    2957,
    2896,
    3323,
    3353,
    3341
  ],
  "rng": [
    551752023,
    2039179722
  ],
  "shard_prediction_precision": 0.22301657497882843,
  "shard_prediction_recall": 0.21316666901111603
}