{
  "accs_after_deletion": [
    0.813800036907196,
    0.810200035572052,
    0.8122000098228455,
    0.8232000470161438,
    0.8226000666618347,
    0.8174000382423401
  ],
  "accs_before_deletion": [
    0.8326000571250916,
    0.8392000198364258,
    0.8362000584602356,
    0.838200032711029,
    0.8340000510215759,
    0.829200029373169
  ],
  "delta": 6.982864657330156e-05,
  "ensemble_acc_after_deletion": 0.8380000591278076,
  "ensemble_acc_before_deletion": 0.8544000387191772,
  "epsilon": "\u221e",
  "indicator": 1,
  "lengths_after_deletion": [
    2858,
    2837,
    2874,
    3235,
    3089,
    3322
  ],
  "rng": [
    587463495,
    6834267
  ],
  "shard_prediction_precision": 0.21894854307174683,
  "shard_prediction_recall": 0.2163333296775818
}