{
  "accs_after_deletion": [
    0.8202000260353088,
    0.8184000253677368,
    0.8104000091552734,
    0.8180000185966492,
    0.8148000240325928,
    0.8224000334739685
  ],
  "accs_before_deletion": [
    0.8312000632286072,
    0.8378000259399414,
    0.8356000185012817,
    0.8338000178337097,
    0.8354000449180603,
    0.8354000449180603
  ],
  "delta": 6.982864657330156e-05,
  "ensemble_acc_after_deletion": 0.8354000449180603,
  "ensemble_acc_before_deletion": 0.8544000387191772,
  "epsilon": "\u221e",
  "indicator": 1,
  "lengths_after_deletion": [
    2184,
    2072,
    2118,
    2537,
    2529,
    2479
  ],
  "rng": [
    597438697,
    4216949654
  ],
  "shard_prediction_precision": 0.21199221909046173,
  "shard_prediction_recall": 0.2600555717945099
}