{
  "accs_after_deletion": [
    0.8136000633239746,
    0.8216000199317932,
    0.8074000477790833,
    0.8108000159263611,
    0.8082000613212585,
    0.8164000511169434
  ],
  "accs_before_deletion": [
    0.8368000388145447,
    0.8372000455856323,
    0.8428000211715698,
    0.835800051689148,
    0.8334000110626221,
    0.8344000577926636
  ],
  "delta": 6.982864657330156e-05,
  "ensemble_acc_after_deletion": 0.8332000374794006,
  "ensemble_acc_before_deletion": 0.8560000658035278,
  "epsilon": "\u221e",
  "indicator": 0,
  "lengths_after_deletion": [
    2324,
    2283,
    2284,
    2740,
    2655,
    2705
  ],
  "rng": [
    676958892,
    1968156672
  ],
  "shard_prediction_precision": 0.215003103017807,
  "shard_prediction_recall": 0.25094443559646606
}