{
  "accs_after_deletion": [
    0.813800036907196,
    0.8020000457763672,
    0.8012000322341919,
    0.8028000593185425,
    0.8108000159263611,
    0.8136000633239746
  ],
  "accs_before_deletion": [
    0.8370000123977661,
    0.8406000137329102,
    0.8408000469207764,
    0.835800051689148,
    0.8380000591278076,
    0.8272000551223755
  ],
  "delta": 6.982864657330156e-05,
  "ensemble_acc_after_deletion": 0.8288000226020813,
  "ensemble_acc_before_deletion": 0.8528000116348267,
  "epsilon": "\u221e",
  "indicator": 1,
  "lengths_after_deletion": [
    2003,
    1969,
    1908,
    2324,
    2296,
    2347
  ],
  "rng": [
    742238739,
    1755988952
  ],
  "shard_prediction_precision": 0.20977842807769775,
  "shard_prediction_recall": 0.2698333263397217
}