{
  "accs_after_deletion": [
    0.8228000402450562,
    0.8176000118255615,
    0.8218000531196594,
    0.8222000598907471,
    0.8296000361442566,
    0.8312000632286072
  ],
  "accs_before_deletion": [
    0.8398000597953796,
    0.834600031375885,
    0.834600031375885,
    0.8378000259399414,
    0.8396000266075134,
    0.8404000401496887
  ],
  "delta": 6.982864657330156e-05,
  "ensemble_acc_after_deletion": 0.8436000347137451,
  "ensemble_acc_before_deletion": 0.8532000184059143,
  "epsilon": "\u221e",
  "indicator": 1,
  "lengths_after_deletion": [
    3035,
    2988,
    3038,
    3304,
    3366,
    3416
  ],
  "rng": [
    746113246,
    1065643036
  ],
  "shard_prediction_precision": 0.21301844716072083,
  "shard_prediction_recall": 0.19944444298744202
}