{
  "accs_after_deletion": [
    0.8222000598907471,
    0.8308000564575195,
    0.8180000185966492,
    0.8184000253677368,
    0.8220000267028809,
    0.8246000409126282
  ],
  "accs_before_deletion": [
    0.834600031375885,
    0.8304000496864319,
    0.8398000597953796,
    0.83760005235672,
    0.8402000665664673,
    0.839400053024292
  ],
  "delta": 6.982864657330156e-05,
  "ensemble_acc_after_deletion": 0.8420000672340393,
  "ensemble_acc_before_deletion": 0.8550000190734863,
  "epsilon": "\u221e",
  "indicator": 0,
  "lengths_after_deletion": [
    2926,
    2784,
    2775,
    3197,
    3238,
    3217
  ],
  "rng": [
    795809657,
    761090276
  ],
  "shard_prediction_precision": 0.21748866140842438,
  "shard_prediction_recall": 0.21583333611488342
}