{
  "accs_after_deletion": [
    0.8104000091552734,
    0.8214000463485718,
    0.8134000301361084,
    0.8228000402450562,
    0.8178000450134277,
    0.8224000334739685
  ],
  "accs_before_deletion": [
    0.8410000205039978,
    0.8434000611305237,
    0.839400053024292,
    0.836400032043457,
    0.8398000597953796,
    0.83160001039505
  ],
  "delta": 6.982864657330156e-05,
  "ensemble_acc_after_deletion": 0.8386000394821167,
  "ensemble_acc_before_deletion": 0.8548000454902649,
  "epsilon": "\u221e",
  "indicator": 1,
  "lengths_after_deletion": [
    2611,
    2534,
    2527,
    3010,
    2957,
    2914
  ],
  "rng": [
    905339671,
    118559968
  ],
  "shard_prediction_precision": 0.21545739471912384,
  "shard_prediction_recall": 0.23277777433395386
}