{
  "accs_after_deletion": [
    0.8094000220298767,
    0.8192000389099121,
    0.8206000328063965,
    0.8192000389099121,
    0.8282000422477722,
    0.8112000226974487
  ],
  "accs_before_deletion": [
    0.8362000584602356,
    0.8406000137329102,
    0.8396000266075134,
    0.8366000652313232,
    0.8360000252723694,
    0.8372000455856323
  ],
  "delta": 6.982864657330156e-05,
  "ensemble_acc_after_deletion": 0.8314000368118286,
  "ensemble_acc_before_deletion": 0.8570000529289246,
  "epsilon": "\u221e",
  "indicator": 1,
  "lengths_after_deletion": [
    2952,
    2831,
    2758,
    3229,
    3251,
    3278
  ],
  "rng": [
    946282033,
    3467195549
  ],
  "shard_prediction_precision": 0.2216258943080902,
  "shard_prediction_recall": 0.2179444432258606
}