{
  "accs_after_deletion": [
    0.8240000605583191,
    0.8196000456809998,
    0.8272000551223755,
    0.8274000287055969,
    0.8238000273704529,
    0.831000030040741
  ],
  "accs_before_deletion": [
    0.8322000503540039,
    0.8374000191688538,
    0.8446000218391418,
    0.8332000374794006,
    0.8340000510215759,
    0.836400032043457
  ],
  "delta": 6.982864657330156e-05,
  "ensemble_acc_after_deletion": 0.8486000299453735,
  "ensemble_acc_before_deletion": 0.8512000441551208,
  "epsilon": "\u221e",
  "indicator": 1,
  "lengths_after_deletion": [
    3433,
    3409,
    3298,
    3686,
    3766,
    3785
  ],
  "rng": [
    948521878,
    510569648
  ],
  "shard_prediction_precision": 0.21794433891773224,
  "shard_prediction_recall": 0.17705555260181427
}