{
  "accs_after_deletion": [
    0.9624000191688538,
    0.9600000381469727
  ],
  "accs_before_deletion": [
    0.9670000672340393,
    0.9682000279426575
  ],
  "delta": 6.982864657330156e-05,
  "ensemble_acc_after_deletion": 0.9628000259399414,
  "ensemble_acc_before_deletion": 0.9668000340461731,
  "epsilon": 30.742156740960382,
  "indicator": 0,
  "lengths_after_deletion": [
    2922,
    3345
  ],
  "rng": [
    1005582859,
    118122734
  ],
  "shard_prediction_precision": 0.5368916988372803,
  "shard_prediction_recall": 0.5130000114440918
}