{
  "accs_after_deletion": [
    0.9572000503540039,
    0.9630000591278076
  ],
  "accs_before_deletion": [
    0.968000054359436,
    0.968000054359436
  ],
  "delta": 6.982864657330156e-05,
  "ensemble_acc_after_deletion": 0.961400032043457,
  "ensemble_acc_before_deletion": 0.968000054359436,
  "epsilon": 30.742156740960382,
  "indicator": 1,
  "lengths_after_deletion": [
    2828,
    3197
  ],
  "rng": [
    1103047805,
    2705264224
  ],
  "shard_prediction_precision": 0.5308786630630493,
  "shard_prediction_recall": 0.5286666750907898
}