{
  "accs_after_deletion": [
    0.9558000564575195,
    0.9586000442504883
  ],
  "accs_before_deletion": [
    0.9666000604629517,
    0.9660000205039978
  ],
  "delta": 6.982864657330156e-05,
  "ensemble_acc_after_deletion": 0.9600000381469727,
  "ensemble_acc_before_deletion": 0.9678000211715698,
  "epsilon": 30.742156740960382,
  "indicator": 1,
  "lengths_after_deletion": [
    2507,
    2867
  ],
  "rng": [
    1105356456,
    2264133584
  ],
  "shard_prediction_precision": 0.5271657109260559,
  "shard_prediction_recall": 0.5821666717529297
}