{
  "accs_after_deletion": [
    0.9572000503540039,
    0.9610000252723694
  ],
  "accs_before_deletion": [
    0.9688000679016113,
    0.967400074005127
  ],
  "delta": 6.982864657330156e-05,
  "ensemble_acc_after_deletion": 0.9612000584602356,
  "ensemble_acc_before_deletion": 0.968000054359436,
  "epsilon": 30.742156740960382,
  "indicator": 1,
  "lengths_after_deletion": [
    2746,
    3203
  ],
  "rng": [
    1293173718,
    3903470070
  ],
  "shard_prediction_precision": 0.5377623438835144,
  "shard_prediction_recall": 0.5423333048820496
}