{
  "accs_after_deletion": [
    0.956000030040741,
    0.9602000713348389
  ],
  "accs_before_deletion": [
    0.9640000462532043,
    0.9668000340461731
  ],
  "delta": 6.982864657330156e-05,
  "ensemble_acc_after_deletion": 0.9586000442504883,
  "ensemble_acc_before_deletion": 0.9654000401496887,
  "epsilon": 30.742156740960382,
  "indicator": 1,
  "lengths_after_deletion": [
    2966,
    3409
  ],
  "rng": [
    1448904172,
    1172265506
  ],
  "shard_prediction_precision": 0.5393778085708618,
  "shard_prediction_recall": 0.5056666731834412
}