{
  "accs_after_deletion": [
    0.9586000442504883,
    0.96260005235672
  ],
  "accs_before_deletion": [
    0.9690000414848328,
    0.9684000611305237
  ],
  "delta": 6.982864657330156e-05,
  "ensemble_acc_after_deletion": 0.9612000584602356,
  "ensemble_acc_before_deletion": 0.969200074672699,
  "epsilon": 30.742156740960382,
  "indicator": 1,
  "lengths_after_deletion": [
    2538,
    2974
  ],
  "rng": [
    1501833590,
    2525660333
  ],
  "shard_prediction_precision": 0.5336005091667175,
  "shard_prediction_recall": 0.5770000219345093
}