{
  "accs_after_deletion": [
    0.9580000638961792,
    0.9568000435829163
  ],
  "accs_before_deletion": [
    0.9650000333786011,
    0.9666000604629517
  ],
  "delta": 6.982864657330156e-05,
  "ensemble_acc_after_deletion": 0.9572000503540039,
  "ensemble_acc_before_deletion": 0.9670000672340393,
  "epsilon": 30.742156740960382,
  "indicator": 0,
  "lengths_after_deletion": [
    2321,
    2710
  ],
  "rng": [
    1589022555,
    3209400096
  ],
  "shard_prediction_precision": 0.5279092788696289,
  "shard_prediction_recall": 0.6131666898727417
}