{
  "accs_after_deletion": [
    0.9536000490188599,
    0.9600000381469727
  ],
  "accs_before_deletion": [
    0.9668000340461731,
    0.9664000272750854
  ],
  "delta": 6.982864657330156e-05,
  "ensemble_acc_after_deletion": 0.9556000232696533,
  "ensemble_acc_before_deletion": 0.9668000340461731,
  "epsilon": 30.742156740960382,
  "indicator": 1,
  "lengths_after_deletion": [
    2439,
    2879
  ],
  "rng": [
    1675377635,
    2476389800
  ],
  "shard_prediction_precision": 0.5329242944717407,
  "shard_prediction_recall": 0.593500018119812
}