{
  "accs_after_deletion": [
    0.9534000158309937,
    0.9594000577926636
  ],
  "accs_before_deletion": [
    0.9690000414848328,
    0.968000054359436
  ],
  "delta": 6.982864657330156e-05,
  "ensemble_acc_after_deletion": 0.9582000374794006,
  "ensemble_acc_before_deletion": 0.9684000611305237,
  "epsilon": 30.742156740960382,
  "indicator": 1,
  "lengths_after_deletion": [
    2691,
    3167
  ],
  "rng": [
    1693473816,
    213128823
  ],
  "shard_prediction_precision": 0.538749635219574,
  "shard_prediction_recall": 0.5515000224113464
}