{
  "accs_after_deletion": [
    0.954200029373169,
    0.9592000246047974
  ],
  "accs_before_deletion": [
    0.9686000347137451,
    0.9652000665664673
  ],
  "delta": 6.982864657330156e-05,
  "ensemble_acc_after_deletion": 0.9602000713348389,
  "ensemble_acc_before_deletion": 0.9666000604629517,
  "epsilon": 30.742156740960382,
  "indicator": 1,
  "lengths_after_deletion": [
    3209,
    3648
  ],
  "rng": [
    1721798623,
    2082187129
  ],
  "shard_prediction_precision": 0.5426793694496155,
  "shard_prediction_recall": 0.4651666581630707
}