{
  "accs_after_deletion": [
    0.9534000158309937,
    0.9652000665664673
  ],
  "accs_before_deletion": [
    0.9690000414848328,
    0.9696000218391418
  ],
  "delta": 6.982864657330156e-05,
  "ensemble_acc_after_deletion": 0.959600031375885,
  "ensemble_acc_before_deletion": 0.971000075340271,
  "epsilon": 30.742156740960382,
  "indicator": 1,
  "lengths_after_deletion": [
    2845,
    3216
  ],
  "rng": [
    1748591475,
    1682894129
  ],
  "shard_prediction_precision": 0.5312342047691345,
  "shard_prediction_recall": 0.5258333086967468
}