{
  "accs_after_deletion": [
    0.957800030708313,
    0.9576000571250916
  ],
  "accs_before_deletion": [
    0.9664000272750854,
    0.9676000475883484
  ],
  "delta": 6.982864657330156e-05,
  "ensemble_acc_after_deletion": 0.9564000368118286,
  "ensemble_acc_before_deletion": 0.9678000211715698,
  "epsilon": 30.742156740960382,
  "indicator": 0,
  "lengths_after_deletion": [
    2856,
    3281
  ],
  "rng": [
    1758786306,
    3014956204
  ],
  "shard_prediction_precision": 0.53624427318573,
  "shard_prediction_recall": 0.5239999890327454
}