{
  "accs_after_deletion": [
    0.9556000232696533,
    0.9568000435829163
  ],
  "accs_before_deletion": [
    0.9672000408172607,
    0.9650000333786011
  ],
  "delta": 6.982864657330156e-05,
  "ensemble_acc_after_deletion": 0.9580000638961792,
  "ensemble_acc_before_deletion": 0.9678000211715698,
  "epsilon": 30.742156740960382,
  "indicator": 1,
  "lengths_after_deletion": [
    2416,
    2909
  ],
  "rng": [
    176194085,
    1089278356
  ],
  "shard_prediction_precision": 0.5369288325309753,
  "shard_prediction_recall": 0.5973333120346069
}