{
  "accs_after_deletion": [
    0.957800030708313,
    0.959600031375885
  ],
  "accs_before_deletion": [
    0.9640000462532043,
    0.9654000401496887
  ],
  "delta": 6.982864657330156e-05,
  "ensemble_acc_after_deletion": 0.9618000388145447,
  "ensemble_acc_before_deletion": 0.9660000205039978,
  "epsilon": 30.742156740960382,
  "indicator": 1,
  "lengths_after_deletion": [
    2729,
    3214
  ],
  "rng": [
    1783504497,
    4182394497
  ],
  "shard_prediction_precision": 0.5400363206863403,
  "shard_prediction_recall": 0.5451666712760925
}