{
  "accs_after_deletion": [
    0.9592000246047974,
    0.9618000388145447
  ],
  "accs_before_deletion": [
    0.9684000611305237,
    0.9656000733375549
  ],
  "delta": 6.982864657330156e-05,
  "ensemble_acc_after_deletion": 0.9584000706672668,
  "ensemble_acc_before_deletion": 0.968000054359436,
  "epsilon": 30.742156740960382,
  "indicator": 1,
  "lengths_after_deletion": [
    2574,
    2987
  ],
  "rng": [
    1804685015,
    575719678
  ],
  "shard_prediction_precision": 0.5320701599121094,
  "shard_prediction_recall": 0.5709999799728394
}