{
  "accs_after_deletion": [
    0.9604000449180603,
    0.954200029373169
  ],
  "accs_before_deletion": [
    0.9688000679016113,
    0.9640000462532043
  ],
  "delta": 6.982864657330156e-05,
  "ensemble_acc_after_deletion": 0.9582000374794006,
  "ensemble_acc_before_deletion": 0.9676000475883484,
  "epsilon": 30.742156740960382,
  "indicator": 0,
  "lengths_after_deletion": [
    2389,
    2838
  ],
  "rng": [
    1840467215,
    1397575421
  ],
  "shard_prediction_precision": 0.533146321773529,
  "shard_prediction_recall": 0.6018333435058594
}