{
  "accs_after_deletion": [
    0.9482000470161438,
    0.9622000455856323
  ],
  "accs_before_deletion": [
    0.9660000205039978,
    0.9678000211715698
  ],
  "delta": 6.982864657330156e-05,
  "ensemble_acc_after_deletion": 0.9576000571250916,
  "ensemble_acc_before_deletion": 0.9702000617980957,
  "epsilon": 30.742156740960382,
  "indicator": 1,
  "lengths_after_deletion": [
    2743,
    3196
  ],
  "rng": [
    1878531222,
    570238263
  ],
  "shard_prediction_precision": 0.5373700857162476,
  "shard_prediction_recall": 0.5428333282470703
}