{
  "accs_after_deletion": [
    0.9504000544548035,
    0.9584000706672668
  ],
  "accs_before_deletion": [
    0.9668000340461731,
    0.9682000279426575
  ],
  "delta": 6.982864657330156e-05,
  "ensemble_acc_after_deletion": 0.9562000632286072,
  "ensemble_acc_before_deletion": 0.967400074005127,
  "epsilon": 30.742156740960382,
  "indicator": 1,
  "lengths_after_deletion": [
    2696,
    3140
  ],
  "rng": [
    1926249534,
    1512648016
  ],
  "shard_prediction_precision": 0.5360155701637268,
  "shard_prediction_recall": 0.5506666898727417
}