{
  "accs_after_deletion": [
    0.9576000571250916,
    0.9620000720024109
  ],
  "accs_before_deletion": [
    0.963200032711029,
    0.967400074005127
  ],
  "delta": 6.982864657330156e-05,
  "ensemble_acc_after_deletion": 0.9594000577926636,
  "ensemble_acc_before_deletion": 0.9668000340461731,
  "epsilon": 30.742156740960382,
  "indicator": 1,
  "lengths_after_deletion": [
    2666,
    3133
  ],
  "rng": [
    1939941100,
    3879133070
  ],
  "shard_prediction_precision": 0.537655234336853,
  "shard_prediction_recall": 0.5556666851043701
}