{
  "accs_after_deletion": [
    0.9552000164985657,
    0.9570000171661377
  ],
  "accs_before_deletion": [
    0.9670000672340393,
    0.9666000604629517
  ],
  "delta": 6.982864657330156e-05,
  "ensemble_acc_after_deletion": 0.9592000246047974,
  "ensemble_acc_before_deletion": 0.9686000347137451,
  "epsilon": 30.742156740960382,
  "indicator": 1,
  "lengths_after_deletion": [
    3129,
    3582
  ],
  "rng": [
    1962606913,
    769504798
  ],
  "shard_prediction_precision": 0.5428247451782227,
  "shard_prediction_recall": 0.47850000858306885
}