{
  "accs_after_deletion": [
    0.9464000463485718,
    0.9506000280380249
  ],
  "accs_before_deletion": [
    0.9730000495910645,
    0.9624000191688538
  ],
  "delta": 6.982864657330156e-05,
  "ensemble_acc_after_deletion": 0.9498000741004944,
  "ensemble_acc_before_deletion": 0.967400074005127,
  "epsilon": 30.742156740960382,
  "indicator": 1,
  "lengths_after_deletion": [
    2677,
    3124
  ],
  "rng": [
    1975300078,
    881349782
  ],
  "shard_prediction_precision": 0.5360541939735413,
  "shard_prediction_recall": 0.5538333058357239
}