{
  "accs_after_deletion": [
    0.9476000666618347,
    0.9554000496864319
  ],
  "accs_before_deletion": [
    0.9720000624656677,
    0.966200053691864
  ],
  "delta": 6.982864657330156e-05,
  "ensemble_acc_after_deletion": 0.9516000747680664,
  "ensemble_acc_before_deletion": 0.9696000218391418,
  "epsilon": 30.742156740960382,
  "indicator": 1,
  "lengths_after_deletion": [
    3090,
    3529
  ],
  "rng": [
    2022727050,
    4195759614
  ],
  "shard_prediction_precision": 0.5407916903495789,
  "shard_prediction_recall": 0.48499998450279236
}