{
  "accs_after_deletion": [
    0.9538000226020813,
    0.9568000435829163
  ],
  "accs_before_deletion": [
    0.967400074005127,
    0.9654000401496887
  ],
  "delta": 6.982864657330156e-05,
  "ensemble_acc_after_deletion": 0.9546000361442566,
  "ensemble_acc_before_deletion": 0.9660000205039978,
  "epsilon": 30.742156740960382,
  "indicator": 1,
  "lengths_after_deletion": [
    2887,
    3361
  ],
  "rng": [
    2039982897,
    2837585751
  ],
  "shard_prediction_precision": 0.5412030816078186,
  "shard_prediction_recall": 0.518833339214325
}