{
  "accs_after_deletion": [
    0.9562000632286072,
    0.9648000597953796
  ],
  "accs_before_deletion": [
    0.9708000421524048,
    0.969200074672699
  ],
  "delta": 6.982864657330156e-05,
  "ensemble_acc_after_deletion": 0.9634000658988953,
  "ensemble_acc_before_deletion": 0.9716000556945801,
  "epsilon": 30.742156740960382,
  "indicator": 1,
  "lengths_after_deletion": [
    2567,
    3059
  ],
  "rng": [
    2044233126,
    3654176604
  ],
  "shard_prediction_precision": 0.5385943055152893,
  "shard_prediction_recall": 0.5721666812896729
}