{
  "accs_after_deletion": [
    0.9546000361442566,
    0.9574000239372253
  ],
  "accs_before_deletion": [
    0.9676000475883484,
    0.9642000198364258
  ],
  "delta": 6.982864657330156e-05,
  "ensemble_acc_after_deletion": 0.9548000693321228,
  "ensemble_acc_before_deletion": 0.9664000272750854,
  "epsilon": 30.742156740960382,
  "indicator": 1,
  "lengths_after_deletion": [
    2444,
    2812
  ],
  "rng": [
    2130910840,
    2888502608
  ],
  "shard_prediction_precision": 0.5272835493087769,
  "shard_prediction_recall": 0.5926666855812073
}