{
  "accs_after_deletion": [
    0.9488000273704529,
    0.9468000531196594
  ],
  "accs_before_deletion": [
    0.9700000286102295,
    0.9624000191688538
  ],
  "delta": 6.982864657330156e-05,
  "ensemble_acc_after_deletion": 0.9470000267028809,
  "ensemble_acc_before_deletion": 0.967400074005127,
  "epsilon": 30.742156740960382,
  "indicator": 0,
  "lengths_after_deletion": [
    2376,
    2769
  ],
  "rng": [
    2136487994,
    1168174842
  ],
  "shard_prediction_precision": 0.5286651849746704,
  "shard_prediction_recall": 0.6039999723434448
}