{
  "accs_after_deletion": [
    0.9600000381469727,
    0.9672000408172607
  ],
  "accs_before_deletion": [
    0.9694000482559204,
    0.9708000421524048
  ],
  "delta": 6.982864657330156e-05,
  "ensemble_acc_after_deletion": 0.9636000394821167,
  "ensemble_acc_before_deletion": 0.9706000685691833,
  "epsilon": 30.742156740960382,
  "indicator": 1,
  "lengths_after_deletion": [
    2458,
    2860
  ],
  "rng": [
    220252851,
    2873551793
  ],
  "shard_prediction_precision": 0.5300808548927307,
  "shard_prediction_recall": 0.5903333425521851
}