{
  "accs_after_deletion": [
    0.9546000361442566,
    0.9552000164985657
  ],
  "accs_before_deletion": [
    0.9650000333786011,
    0.9664000272750854
  ],
  "delta": 6.982864657330156e-05,
  "ensemble_acc_after_deletion": 0.9572000503540039,
  "ensemble_acc_before_deletion": 0.9656000733375549,
  "epsilon": 30.742156740960382,
  "indicator": 1,
  "lengths_after_deletion": [
    2772,
    3140
  ],
  "rng": [
    2213740005,
    2501358845
  ],
  "shard_prediction_precision": 0.5302234292030334,
  "shard_prediction_recall": 0.5379999876022339
}