{
  "accs_after_deletion": [
    0.9582000374794006,
    0.9604000449180603
  ],
  "accs_before_deletion": [
    0.9634000658988953,
    0.9672000408172607
  ],
  "delta": 6.982864657330156e-05,
  "ensemble_acc_after_deletion": 0.9628000259399414,
  "ensemble_acc_before_deletion": 0.9660000205039978,
  "epsilon": 30.742156740960382,
  "indicator": 1,
  "lengths_after_deletion": [
    2847,
    3294
  ],
  "rng": [
    221830147,
    3599969679
  ],
  "shard_prediction_precision": 0.538146436214447,
  "shard_prediction_recall": 0.5254999995231628
}