{
  "accs_after_deletion": [
    0.956000030040741,
    0.9594000577926636
  ],
  "accs_before_deletion": [
    0.9660000205039978,
    0.9620000720024109
  ],
  "delta": 6.982864657330156e-05,
  "ensemble_acc_after_deletion": 0.957800030708313,
  "ensemble_acc_before_deletion": 0.9630000591278076,
  "epsilon": 30.742156740960382,
  "indicator": 1,
  "lengths_after_deletion": [
    2380,
    2869
  ],
  "rng": [
    2221721070,
    3438422366
  ],
  "shard_prediction_precision": 0.5362168550491333,
  "shard_prediction_recall": 0.6033333539962769
}