{
  "accs_after_deletion": [
    0.9564000368118286,
    0.954200029373169
  ],
  "accs_before_deletion": [
    0.9694000482559204,
    0.9660000205039978
  ],
  "delta": 6.982864657330156e-05,
  "ensemble_acc_after_deletion": 0.9588000178337097,
  "ensemble_acc_before_deletion": 0.9688000679016113,
  "epsilon": 30.742156740960382,
  "indicator": 0,
  "lengths_after_deletion": [
    3185,
    3631
  ],
  "rng": [
    2266497611,
    4167202739
  ],
  "shard_prediction_precision": 0.5430169701576233,
  "shard_prediction_recall": 0.46916666626930237
}