{
  "accs_after_deletion": [
    0.9548000693321228,
    0.9594000577926636
  ],
  "accs_before_deletion": [
    0.9708000421524048,
    0.9640000462532043
  ],
  "delta": 6.982864657330156e-05,
  "ensemble_acc_after_deletion": 0.9610000252723694,
  "ensemble_acc_before_deletion": 0.9682000279426575,
  "epsilon": 30.742156740960382,
  "indicator": 1,
  "lengths_after_deletion": [
    2692,
    3089
  ],
  "rng": [
    2272475459,
    1137714146
  ],
  "shard_prediction_precision": 0.5319183468818665,
  "shard_prediction_recall": 0.5513333082199097
}