{
  "accs_after_deletion": [
    0.9566000699996948,
    0.9572000503540039
  ],
  "accs_before_deletion": [
    0.9656000733375549,
    0.966200053691864
  ],
  "delta": 6.982864657330156e-05,
  "ensemble_acc_after_deletion": 0.9572000503540039,
  "ensemble_acc_before_deletion": 0.9682000279426575,
  "epsilon": 30.742156740960382,
  "indicator": 1,
  "lengths_after_deletion": [
    2414,
    2866
  ],
  "rng": [
    2285128973,
    975742293
  ],
  "shard_prediction_precision": 0.5336309671401978,
  "shard_prediction_recall": 0.5976666808128357
}