{
  "accs_after_deletion": [
    0.9594000577926636,
    0.9612000584602356
  ],
  "accs_before_deletion": [
    0.9670000672340393,
    0.9686000347137451
  ],
  "delta": 6.982864657330156e-05,
  "ensemble_acc_after_deletion": 0.9602000713348389,
  "ensemble_acc_before_deletion": 0.9684000611305237,
  "epsilon": 30.742156740960382,
  "indicator": 1,
  "lengths_after_deletion": [
    2473,
    2924
  ],
  "rng": [
    2331992911,
    1272794166
  ],
  "shard_prediction_precision": 0.5341511964797974,
  "shard_prediction_recall": 0.5878333449363708
}