{
  "accs_after_deletion": [
    0.9590000510215759,
    0.9606000185012817
  ],
  "accs_before_deletion": [
    0.9636000394821167,
    0.968000054359436
  ],
  "delta": 6.982864657330156e-05,
  "ensemble_acc_after_deletion": 0.9592000246047974,
  "ensemble_acc_before_deletion": 0.9654000401496887,
  "epsilon": 30.742156740960382,
  "indicator": 1,
  "lengths_after_deletion": [
    2595,
    3018
  ],
  "rng": [
    2355985233,
    3944686551
  ],
  "shard_prediction_precision": 0.5331141352653503,
  "shard_prediction_recall": 0.5674999952316284
}