{
  "accs_after_deletion": [
    0.9584000706672668,
    0.9612000584602356
  ],
  "accs_before_deletion": [
    0.9696000218391418,
    0.9678000211715698
  ],
  "delta": 6.982864657330156e-05,
  "ensemble_acc_after_deletion": 0.9600000381469727,
  "ensemble_acc_before_deletion": 0.9690000414848328,
  "epsilon": 30.742156740960382,
  "indicator": 1,
  "lengths_after_deletion": [
    2863,
    3287
  ],
  "rng": [
    2359180689,
    1816529668
  ],
  "shard_prediction_precision": 0.5362393260002136,
  "shard_prediction_recall": 0.5228333473205566
}