{
  "accs_after_deletion": [
    0.9538000226020813,
    0.9592000246047974
  ],
  "accs_before_deletion": [
    0.9668000340461731,
    0.9682000279426575
  ],
  "delta": 6.982864657330156e-05,
  "ensemble_acc_after_deletion": 0.9562000632286072,
  "ensemble_acc_before_deletion": 0.9678000211715698,
  "epsilon": 30.742156740960382,
  "indicator": 1,
  "lengths_after_deletion": [
    2757,
    3070
  ],
  "rng": [
    239418461,
    1565825232
  ],
  "shard_prediction_precision": 0.5253523588180542,
  "shard_prediction_recall": 0.5404999852180481
}