{
  "accs_after_deletion": [
    0.9568000435829163,
    0.9540000557899475
  ],
  "accs_before_deletion": [
    0.9714000225067139,
    0.9676000475883484
  ],
  "delta": 6.982864657330156e-05,
  "ensemble_acc_after_deletion": 0.9572000503540039,
  "ensemble_acc_before_deletion": 0.9690000414848328,
  "epsilon": 30.742156740960382,
  "indicator": 0,
  "lengths_after_deletion": [
    2666,
    3091
  ],
  "rng": [
    2417289502,
    2053818116
  ],
  "shard_prediction_precision": 0.5340381264686584,
  "shard_prediction_recall": 0.5556666851043701
}