{
  "accs_after_deletion": [
    0.9544000625610352,
    0.9664000272750854
  ],
  "accs_before_deletion": [
    0.9716000556945801,
    0.969200074672699
  ],
  "delta": 6.982864657330156e-05,
  "ensemble_acc_after_deletion": 0.960800051689148,
  "ensemble_acc_before_deletion": 0.9704000353813171,
  "epsilon": 30.742156740960382,
  "indicator": 1,
  "lengths_after_deletion": [
    2746,
    3066
  ],
  "rng": [
    2434229208,
    681625911
  ],
  "shard_prediction_precision": 0.5258564949035645,
  "shard_prediction_recall": 0.5423333048820496
}