{
  "accs_after_deletion": [
    0.9538000226020813,
    0.9568000435829163
  ],
  "accs_before_deletion": [
    0.9696000218391418,
    0.9678000211715698
  ],
  "delta": 6.982864657330156e-05,
  "ensemble_acc_after_deletion": 0.9554000496864319,
  "ensemble_acc_before_deletion": 0.9702000617980957,
  "epsilon": 30.742156740960382,
  "indicator": 1,
  "lengths_after_deletion": [
    2595,
    3065
  ],
  "rng": [
    2438334736,
    4115491257
  ],
  "shard_prediction_precision": 0.5370662212371826,
  "shard_prediction_recall": 0.5674999952316284
}