{
  "accs_after_deletion": [
    0.9586000442504883,
    0.9574000239372253
  ],
  "accs_before_deletion": [
    0.9684000611305237,
    0.9672000408172607
  ],
  "delta": 6.982864657330156e-05,
  "ensemble_acc_after_deletion": 0.9586000442504883,
  "ensemble_acc_before_deletion": 0.9688000679016113,
  "epsilon": 30.742156740960382,
  "indicator": 0,
  "lengths_after_deletion": [
    2415,
    2814
  ],
  "rng": [
    2450897165,
    2328123957
  ],
  "shard_prediction_precision": 0.5294639468193054,
  "shard_prediction_recall": 0.5974999666213989
}