{
  "accs_after_deletion": [
    0.9590000510215759,
    0.9638000726699829
  ],
  "accs_before_deletion": [
    0.9694000482559204,
    0.9668000340461731
  ],
  "delta": 6.982864657330156e-05,
  "ensemble_acc_after_deletion": 0.9642000198364258,
  "ensemble_acc_before_deletion": 0.969200074672699,
  "epsilon": 30.742156740960382,
  "indicator": 1,
  "lengths_after_deletion": [
    3037,
    3472
  ],
  "rng": [
    2456558354,
    1253773445
  ],
  "shard_prediction_precision": 0.5396102666854858,
  "shard_prediction_recall": 0.4938333332538605
}