{
  "accs_after_deletion": [
    0.9510000348091125,
    0.9590000510215759
  ],
  "accs_before_deletion": [
    0.9686000347137451,
    0.9676000475883484
  ],
  "delta": 6.982864657330156e-05,
  "ensemble_acc_after_deletion": 0.9554000496864319,
  "ensemble_acc_before_deletion": 0.9696000218391418,
  "epsilon": 30.742156740960382,
  "indicator": 1,
  "lengths_after_deletion": [
    2510,
    2981
  ],
  "rng": [
    2480037509,
    4274860736
  ],
  "shard_prediction_precision": 0.5361806750297546,
  "shard_prediction_recall": 0.5816666483879089
}