{
  "accs_after_deletion": [
    0.9582000374794006,
    0.9606000185012817
  ],
  "accs_before_deletion": [
    0.967400074005127,
    0.9670000672340393
  ],
  "delta": 6.982864657330156e-05,
  "ensemble_acc_after_deletion": 0.9598000645637512,
  "ensemble_acc_before_deletion": 0.9676000475883484,
  "epsilon": 30.742156740960382,
  "indicator": 1,
  "lengths_after_deletion": [
    3028,
    3453
  ],
  "rng": [
    2484167240,
    2448591355
  ],
  "shard_prediction_precision": 0.5385033488273621,
  "shard_prediction_recall": 0.49533331394195557
}