{
  "accs_after_deletion": [
    0.9572000503540039,
    0.961400032043457
  ],
  "accs_before_deletion": [
    0.9660000205039978,
    0.9664000272750854
  ],
  "delta": 6.982864657330156e-05,
  "ensemble_acc_after_deletion": 0.961400032043457,
  "ensemble_acc_before_deletion": 0.9664000272750854,
  "epsilon": 30.742156740960382,
  "indicator": 1,
  "lengths_after_deletion": [
    2774,
    3160
  ],
  "rng": [
    2504578388,
    3283047174
  ],
  "shard_prediction_precision": 0.5318166613578796,
  "shard_prediction_recall": 0.5376666784286499
}