{
  "accs_after_deletion": [
    0.9520000219345093,
    0.9570000171661377
  ],
  "accs_before_deletion": [
    0.9700000286102295,
    0.9642000198364258
  ],
  "delta": 6.982864657330156e-05,
  "ensemble_acc_after_deletion": 0.9576000571250916,
  "ensemble_acc_before_deletion": 0.969200074672699,
  "epsilon": 30.742156740960382,
  "indicator": 1,
  "lengths_after_deletion": [
    2273,
    2689
  ],
  "rng": [
    2514160176,
    1446215989
  ],
  "shard_prediction_precision": 0.5295538306236267,
  "shard_prediction_recall": 0.6211666464805603
}