{
  "accs_after_deletion": [
    0.9522000551223755,
    0.9606000185012817
  ],
  "accs_before_deletion": [
    0.9640000462532043,
    0.9706000685691833
  ],
  "delta": 6.982864657330156e-05,
  "ensemble_acc_after_deletion": 0.9570000171661377,
  "ensemble_acc_before_deletion": 0.9678000211715698,
  "epsilon": 30.742156740960382,
  "indicator": 1,
  "lengths_after_deletion": [
    3461,
    3878
  ],
  "rng": [
    2563204055,
    4238982221
  ],
  "shard_prediction_precision": 0.5447328686714172,
  "shard_prediction_recall": 0.4231666624546051
}