{
  "accs_after_deletion": [
    0.96260005235672,
    0.9646000266075134
  ],
  "accs_before_deletion": [
    0.967400074005127,
    0.9676000475883484
  ],
  "delta": 6.982864657330156e-05,
  "ensemble_acc_after_deletion": 0.9666000604629517,
  "ensemble_acc_before_deletion": 0.9686000347137451,
  "epsilon": 30.742156740960382,
  "indicator": 1,
  "lengths_after_deletion": [
    1945,
    2335
  ],
  "rng": [
    2624260401,
    69520137
  ],
  "shard_prediction_precision": 0.5252590775489807,
  "shard_prediction_recall": 0.6758333444595337
}