{
  "accs_after_deletion": [
    0.9550000429153442,
    0.9586000442504883
  ],
  "accs_before_deletion": [
    0.969200074672699,
    0.9652000665664673
  ],
  "delta": 6.982864657330156e-05,
  "ensemble_acc_after_deletion": 0.9588000178337097,
  "ensemble_acc_before_deletion": 0.966200053691864,
  "epsilon": 30.742156740960382,
  "indicator": 1,
  "lengths_after_deletion": [
    2345,
    2768
  ],
  "rng": [
    2627805248,
    60712181
  ],
  "shard_prediction_precision": 0.5307100415229797,
  "shard_prediction_recall": 0.60916668176651
}