{
  "accs_after_deletion": [
    0.9582000374794006,
    0.9634000658988953
  ],
  "accs_before_deletion": [
    0.9672000408172607,
    0.9668000340461731
  ],
  "delta": 6.982864657330156e-05,
  "ensemble_acc_after_deletion": 0.9624000191688538,
  "ensemble_acc_before_deletion": 0.9686000347137451,
  "epsilon": 30.742156740960382,
  "indicator": 1,
  "lengths_after_deletion": [
    2485,
    2916
  ],
  "rng": [
    2709400119,
    2798811934
  ],
  "shard_prediction_precision": 0.5326564908027649,
  "shard_prediction_recall": 0.5858333110809326
}