{
  "accs_after_deletion": [
    0.9572000503540039,
    0.9602000713348389
  ],
  "accs_before_deletion": [
    0.9704000353813171,
    0.9672000408172607
  ],
  "delta": 6.982864657330156e-05,
  "ensemble_acc_after_deletion": 0.9620000720024109,
  "ensemble_acc_before_deletion": 0.971000075340271,
  "epsilon": 30.742156740960382,
  "indicator": 1,
  "lengths_after_deletion": [
    2614,
    3024
  ],
  "rng": [
    2710680403,
    2556460847
  ],
  "shard_prediction_precision": 0.5322225689888,
  "shard_prediction_recall": 0.5643333196640015
}