{
  "accs_after_deletion": [
    0.9574000239372253,
    0.9528000354766846
  ],
  "accs_before_deletion": [
    0.9654000401496887,
    0.9654000401496887
  ],
  "delta": 6.982864657330156e-05,
  "ensemble_acc_after_deletion": 0.9568000435829163,
  "ensemble_acc_before_deletion": 0.9656000733375549,
  "epsilon": 30.742156740960382,
  "indicator": 0,
  "lengths_after_deletion": [
    2612,
    3024
  ],
  "rng": [
    2758790757,
    3808102223
  ],
  "shard_prediction_precision": 0.5323696136474609,
  "shard_prediction_recall": 0.5646666884422302
}