{
  "accs_after_deletion": [
    0.9548000693321228,
    0.9620000720024109
  ],
  "accs_before_deletion": [
    0.966200053691864,
    0.9660000205039978
  ],
  "delta": 6.982864657330156e-05,
  "ensemble_acc_after_deletion": 0.9618000388145447,
  "ensemble_acc_before_deletion": 0.9678000211715698,
  "epsilon": 30.742156740960382,
  "indicator": 1,
  "lengths_after_deletion": [
    2418,
    2834
  ],
  "rng": [
    2795788602,
    961425193
  ],
  "shard_prediction_precision": 0.5308239459991455,
  "shard_prediction_recall": 0.597000002861023
}