{
  "accs_after_deletion": [
    0.9580000638961792,
    0.9652000665664673
  ],
  "accs_before_deletion": [
    0.9664000272750854,
    0.9682000279426575
  ],
  "delta": 6.982864657330156e-05,
  "ensemble_acc_after_deletion": 0.9646000266075134,
  "ensemble_acc_before_deletion": 0.9702000617980957,
  "epsilon": 30.742156740960382,
  "indicator": 1,
  "lengths_after_deletion": [
    2671,
    3067
  ],
  "rng": [
    2815491006,
    3559155919
  ],
  "shard_prediction_precision": 0.5316193103790283,
  "shard_prediction_recall": 0.5548333525657654
}