{
  "accs_after_deletion": [
    0.9514000415802002,
    0.9566000699996948
  ],
  "accs_before_deletion": [
    0.9688000679016113,
    0.9658000469207764
  ],
  "delta": 6.982864657330156e-05,
  "ensemble_acc_after_deletion": 0.957800030708313,
  "ensemble_acc_before_deletion": 0.9682000279426575,
  "epsilon": 30.742156740960382,
  "indicator": 1,
  "lengths_after_deletion": [
    1877,
    2340
  ],
  "rng": [
    2856688254,
    1974230975
  ],
  "shard_prediction_precision": 0.5297443270683289,
  "shard_prediction_recall": 0.6871666312217712
}