{
  "accs_after_deletion": [
    0.9526000618934631,
    0.9582000374794006
  ],
  "accs_before_deletion": [
    0.968000054359436,
    0.9660000205039978
  ],
  "delta": 6.982864657330156e-05,
  "ensemble_acc_after_deletion": 0.9582000374794006,
  "ensemble_acc_before_deletion": 0.9672000408172607,
  "epsilon": 30.742156740960382,
  "indicator": 1,
  "lengths_after_deletion": [
    1925,
    2332
  ],
  "rng": [
    2859716098,
    1171906212
  ],
  "shard_prediction_precision": 0.5262818336486816,
  "shard_prediction_recall": 0.6791666746139526
}