{
  "accs_after_deletion": [
    0.9510000348091125,
    0.9544000625610352
  ],
  "accs_before_deletion": [
    0.9678000211715698,
    0.967400074005127
  ],
  "delta": 6.982864657330156e-05,
  "ensemble_acc_after_deletion": 0.9552000164985657,
  "ensemble_acc_before_deletion": 0.969200074672699,
  "epsilon": 30.742156740960382,
  "indicator": 1,
  "lengths_after_deletion": [
    3305,
    3720
  ],
  "rng": [
    2918167027,
    4290298239
  ],
  "shard_prediction_precision": 0.5417085289955139,
  "shard_prediction_recall": 0.4491666555404663
}