{
  "accs_after_deletion": [
    0.9482000470161438,
    0.9556000232696533
  ],
  "accs_before_deletion": [
    0.9702000617980957,
    0.9678000211715698
  ],
  "delta": 6.982864657330156e-05,
  "ensemble_acc_after_deletion": 0.9536000490188599,
  "ensemble_acc_before_deletion": 0.9694000482559204,
  "epsilon": 30.742156740960382,
  "indicator": 1,
  "lengths_after_deletion": [
    2454,
    2917
  ],
  "rng": [
    2924602621,
    343797350
  ],
  "shard_prediction_precision": 0.5349223017692566,
  "shard_prediction_recall": 0.5910000205039978
}