{
  "accs_after_deletion": [
    0.9606000185012817,
    0.9604000449180603
  ],
  "accs_before_deletion": [
    0.9684000611305237,
    0.9678000211715698
  ],
  "delta": 6.982864657330156e-05,
  "ensemble_acc_after_deletion": 0.9654000401496887,
  "ensemble_acc_before_deletion": 0.969200074672699,
  "epsilon": 30.742156740960382,
  "indicator": 0,
  "lengths_after_deletion": [
    2901,
    3285
  ],
  "rng": [
    293280546,
    2494731620
  ],
  "shard_prediction_precision": 0.5330237746238708,
  "shard_prediction_recall": 0.5164999961853027
}