{
  "accs_after_deletion": [
    0.9574000239372253,
    0.9590000510215759
  ],
  "accs_before_deletion": [
    0.9684000611305237,
    0.9682000279426575
  ],
  "delta": 6.982864657330156e-05,
  "ensemble_acc_after_deletion": 0.959600031375885,
  "ensemble_acc_before_deletion": 0.9688000679016113,
  "epsilon": 30.742156740960382,
  "indicator": 1,
  "lengths_after_deletion": [
    2510,
    2909
  ],
  "rng": [
    2943144550,
    1474404663
  ],
  "shard_prediction_precision": 0.5303145051002502,
  "shard_prediction_recall": 0.5816666483879089
}