{
  "accs_after_deletion": [
    0.9492000341415405,
    0.9496000409126282
  ],
  "accs_before_deletion": [
    0.9704000353813171,
    0.9642000198364258
  ],
  "delta": 6.982864657330156e-05,
  "ensemble_acc_after_deletion": 0.9514000415802002,
  "ensemble_acc_before_deletion": 0.9686000347137451,
  "epsilon": 30.742156740960382,
  "indicator": 1,
  "lengths_after_deletion": [
    3082,
    3524
  ],
  "rng": [
    3023826835,
    3390827939
  ],
  "shard_prediction_precision": 0.5409714579582214,
  "shard_prediction_recall": 0.48633334040641785
}