{
  "accs_after_deletion": [
    0.9594000577926636,
    0.9600000381469727
  ],
  "accs_before_deletion": [
    0.9682000279426575,
    0.9660000205039978
  ],
  "delta": 6.982864657330156e-05,
  "ensemble_acc_after_deletion": 0.9610000252723694,
  "ensemble_acc_before_deletion": 0.9694000482559204,
  "epsilon": 30.742156740960382,
  "indicator": 1,
  "lengths_after_deletion": [
    2257,
    2636
  ],
  "rng": [
    3055454638,
    2199931909
  ],
  "shard_prediction_precision": 0.5266638398170471,
  "shard_prediction_recall": 0.6238332986831665
}