{
  "accs_after_deletion": [
    0.9550000429153442,
    0.9592000246047974
  ],
  "accs_before_deletion": [
    0.9638000726699829,
    0.968000054359436
  ],
  "delta": 6.982864657330156e-05,
  "ensemble_acc_after_deletion": 0.9582000374794006,
  "ensemble_acc_before_deletion": 0.9682000279426575,
  "epsilon": 30.742156740960382,
  "indicator": 1,
  "lengths_after_deletion": [
    2322,
    2750
  ],
  "rng": [
    3061192207,
    1220492852
  ],
  "shard_prediction_precision": 0.5308891534805298,
  "shard_prediction_recall": 0.6129999756813049
}