{
  "accs_after_deletion": [
    0.9538000226020813,
    0.9590000510215759
  ],
  "accs_before_deletion": [
    0.967400074005127,
    0.967400074005127
  ],
  "delta": 6.982864657330156e-05,
  "ensemble_acc_after_deletion": 0.9556000232696533,
  "ensemble_acc_before_deletion": 0.9686000347137451,
  "epsilon": 30.742156740960382,
  "indicator": 1,
  "lengths_after_deletion": [
    2456,
    2947
  ],
  "rng": [
    3062149810,
    1625791965
  ],
  "shard_prediction_precision": 0.537213921546936,
  "shard_prediction_recall": 0.590666651725769
}