{
  "accs_after_deletion": [
    0.956000030040741,
    0.963200032711029
  ],
  "accs_before_deletion": [
    0.9656000733375549,
    0.9694000482559204
  ],
  "delta": 6.982864657330156e-05,
  "ensemble_acc_after_deletion": 0.9618000388145447,
  "ensemble_acc_before_deletion": 0.9694000482559204,
  "epsilon": 30.742156740960382,
  "indicator": 1,
  "lengths_after_deletion": [
    2961,
    3319
  ],
  "rng": [
    3086361380,
    887948698
  ],
  "shard_prediction_precision": 0.5312937498092651,
  "shard_prediction_recall": 0.5065000057220459
}