{
  "accs_after_deletion": [
    0.9600000381469727,
    0.9638000726699829
  ],
  "accs_before_deletion": [
    0.9646000266075134,
    0.9672000408172607
  ],
  "delta": 6.982864657330156e-05,
  "ensemble_acc_after_deletion": 0.960800051689148,
  "ensemble_acc_before_deletion": 0.9688000679016113,
  "epsilon": 30.742156740960382,
  "indicator": 1,
  "lengths_after_deletion": [
    2422,
    2773
  ],
  "rng": [
    3095034907,
    2802125613
  ],
  "shard_prediction_precision": 0.5257898569107056,
  "shard_prediction_recall": 0.5963333249092102
}