{
  "accs_after_deletion": [
    0.9532000422477722,
    0.9562000632286072
  ],
  "accs_before_deletion": [
    0.9690000414848328,
    0.9668000340461731
  ],
  "delta": 6.982864657330156e-05,
  "ensemble_acc_after_deletion": 0.9556000232696533,
  "ensemble_acc_before_deletion": 0.9704000353813171,
  "epsilon": 30.742156740960382,
  "indicator": 1,
  "lengths_after_deletion": [
    1824,
    2220
  ],
  "rng": [
    3161321777,
    1773496993
  ],
  "shard_prediction_precision": 0.5248868465423584,
  "shard_prediction_recall": 0.6959999799728394
}