{
  "accs_after_deletion": [
    0.9588000178337097,
    0.959600031375885
  ],
  "accs_before_deletion": [
    0.9628000259399414,
    0.9654000401496887
  ],
  "delta": 6.982864657330156e-05,
  "ensemble_acc_after_deletion": 0.9602000713348389,
  "ensemble_acc_before_deletion": 0.964400053024292,
  "epsilon": 30.742156740960382,
  "indicator": 1,
  "lengths_after_deletion": [
    2936,
    3333
  ],
  "rng": [
    3220902148,
    2652269040
  ],
  "shard_prediction_precision": 0.5346361994743347,
  "shard_prediction_recall": 0.5106666684150696
}