{
  "accs_after_deletion": [
    0.9524000287055969,
    0.9592000246047974
  ],
  "accs_before_deletion": [
    0.9696000218391418,
    0.9666000604629517
  ],
  "delta": 6.982864657330156e-05,
  "ensemble_acc_after_deletion": 0.9548000693321228,
  "ensemble_acc_before_deletion": 0.968000054359436,
  "epsilon": 30.742156740960382,
  "indicator": 1,
  "lengths_after_deletion": [
    2986,
    3450
  ],
  "rng": [
    3263507284,
    1776570491
  ],
  "shard_prediction_precision": 0.5416966080665588,
  "shard_prediction_recall": 0.5023333430290222
}