{
  "accs_after_deletion": [
    0.9554000496864319,
    0.960800051689148
  ],
  "accs_before_deletion": [
    0.966200053691864,
    0.9666000604629517
  ],
  "delta": 6.982864657330156e-05,
  "ensemble_acc_after_deletion": 0.9592000246047974,
  "ensemble_acc_before_deletion": 0.9678000211715698,
  "epsilon": 30.742156740960382,
  "indicator": 1,
  "lengths_after_deletion": [
    3099,
    3455
  ],
  "rng": [
    3270340155,
    3488413429
  ],
  "shard_prediction_precision": 0.5326845645904541,
  "shard_prediction_recall": 0.48350000381469727
}