{
  "accs_after_deletion": [
    0.9538000226020813,
    0.960800051689148
  ],
  "accs_before_deletion": [
    0.9658000469207764,
    0.9670000672340393
  ],
  "delta": 6.982864657330156e-05,
  "ensemble_acc_after_deletion": 0.9618000388145447,
  "ensemble_acc_before_deletion": 0.9660000205039978,
  "epsilon": 30.742156740960382,
  "indicator": 1,
  "lengths_after_deletion": [
    2358,
    2752
  ],
  "rng": [
    3277720060,
    3210539739
  ],
  "shard_prediction_precision": 0.5285921692848206,
  "shard_prediction_recall": 0.6069999933242798
}