{
  "accs_after_deletion": [
    0.9612000584602356,
    0.963200032711029
  ],
  "accs_before_deletion": [
    0.9684000611305237,
    0.9688000679016113
  ],
  "delta": 6.982864657330156e-05,
  "ensemble_acc_after_deletion": 0.963200032711029,
  "ensemble_acc_before_deletion": 0.9690000414848328,
  "epsilon": 30.742156740960382,
  "indicator": 1,
  "lengths_after_deletion": [
    2803,
    3314
  ],
  "rng": [
    3320219195,
    1600702670
  ],
  "shard_prediction_precision": 0.5434302091598511,
  "shard_prediction_recall": 0.5328333377838135
}