{
  "accs_after_deletion": [
    0.9568000435829163,
    0.9474000334739685
  ],
  "accs_before_deletion": [
    0.9682000279426575,
    0.9636000394821167
  ],
  "delta": 6.982864657330156e-05,
  "ensemble_acc_after_deletion": 0.9546000361442566,
  "ensemble_acc_before_deletion": 0.968000054359436,
  "epsilon": 30.742156740960382,
  "indicator": 0,
  "lengths_after_deletion": [
    2641,
    2993
  ],
  "rng": [
    3361985964,
    1050808092
  ],
  "shard_prediction_precision": 0.5276468396186829,
  "shard_prediction_recall": 0.5598333477973938
}