{
  "accs_after_deletion": [
    0.9594000577926636,
    0.9610000252723694
  ],
  "accs_before_deletion": [
    0.9666000604629517,
    0.9676000475883484
  ],
  "delta": 6.982864657330156e-05,
  "ensemble_acc_after_deletion": 0.9618000388145447,
  "ensemble_acc_before_deletion": 0.9670000672340393,
  "epsilon": 30.742156740960382,
  "indicator": 1,
  "lengths_after_deletion": [
    2744,
    3116
  ],
  "rng": [
    3427167664,
    1805139283
  ],
  "shard_prediction_precision": 0.5302931666374207,
  "shard_prediction_recall": 0.5426666736602783
}