{
  "accs_after_deletion": [
    0.9520000219345093,
    0.9552000164985657
  ],
  "accs_before_deletion": [
    0.9668000340461731,
    0.9664000272750854
  ],
  "delta": 6.982864657330156e-05,
  "ensemble_acc_after_deletion": 0.9524000287055969,
  "ensemble_acc_before_deletion": 0.968000054359436,
  "epsilon": 30.742156740960382,
  "indicator": 1,
  "lengths_after_deletion": [
    3267,
    3676
  ],
  "rng": [
    3468491490,
    3035271590
  ],
  "shard_prediction_precision": 0.5404390096664429,
  "shard_prediction_recall": 0.4555000066757202
}