{
  "accs_after_deletion": [
    0.9612000584602356,
    0.9660000205039978
  ],
  "accs_before_deletion": [
    0.9698000550270081,
    0.971000075340271
  ],
  "delta": 6.982864657330156e-05,
  "ensemble_acc_after_deletion": 0.9654000401496887,
  "ensemble_acc_before_deletion": 0.9708000421524048,
  "epsilon": 30.742156740960382,
  "indicator": 1,
  "lengths_after_deletion": [
    3422,
    3876
  ],
  "rng": [
    3533649714,
    3805117131
  ],
  "shard_prediction_precision": 0.5482773184776306,
  "shard_prediction_recall": 0.429666668176651
}