{
  "accs_after_deletion": [
    0.9610000252723694,
    0.9616000652313232
  ],
  "accs_before_deletion": [
    0.9640000462532043,
    0.967400074005127
  ],
  "delta": 6.982864657330156e-05,
  "ensemble_acc_after_deletion": 0.9616000652313232,
  "ensemble_acc_before_deletion": 0.9666000604629517,
  "epsilon": 30.742156740960382,
  "indicator": 1,
  "lengths_after_deletion": [
    2796,
    3247
  ],
  "rng": [
    3588311310,
    3942881149
  ],
  "shard_prediction_precision": 0.5378546118736267,
  "shard_prediction_recall": 0.5339999794960022
}