{
  "accs_after_deletion": [
    0.9556000232696533,
    0.9604000449180603
  ],
  "accs_before_deletion": [
    0.9704000353813171,
    0.9672000408172607
  ],
  "delta": 6.982864657330156e-05,
  "ensemble_acc_after_deletion": 0.9606000185012817,
  "ensemble_acc_before_deletion": 0.9704000353813171,
  "epsilon": 30.742156740960382,
  "indicator": 1,
  "lengths_after_deletion": [
    2817,
    3093
  ],
  "rng": [
    3665768700,
    696576088
  ],
  "shard_prediction_precision": 0.5226601362228394,
  "shard_prediction_recall": 0.5304999947547913
}