{
  "accs_after_deletion": [
    0.9510000348091125,
    0.9598000645637512
  ],
  "accs_before_deletion": [
    0.9686000347137451,
    0.9658000469207764
  ],
  "delta": 6.982864657330156e-05,
  "ensemble_acc_after_deletion": 0.9534000158309937,
  "ensemble_acc_before_deletion": 0.966200053691864,
  "epsilon": 30.742156740960382,
  "indicator": 1,
  "lengths_after_deletion": [
    2863,
    3382
  ],
  "rng": [
    3673105781,
    3442626495
  ],
  "shard_prediction_precision": 0.5450912117958069,
  "shard_prediction_recall": 0.5228333473205566
}