{
  "accs_after_deletion": [
    0.9630000591278076,
    0.9640000462532043
  ],
  "accs_before_deletion": [
    0.969200074672699,
    0.968000054359436
  ],
  "delta": 6.982864657330156e-05,
  "ensemble_acc_after_deletion": 0.9650000333786011,
  "ensemble_acc_before_deletion": 0.9694000482559204,
  "epsilon": 30.742156740960382,
  "indicator": 1,
  "lengths_after_deletion": [
    2708,
    3144
  ],
  "rng": [
    3674655822,
    4116546101
  ],
  "shard_prediction_precision": 0.5354586839675903,
  "shard_prediction_recall": 0.5486666560173035
}