{
  "accs_after_deletion": [
    0.9552000164985657,
    0.9622000455856323
  ],
  "accs_before_deletion": [
    0.9638000726699829,
    0.9684000611305237
  ],
  "delta": 6.982864657330156e-05,
  "ensemble_acc_after_deletion": 0.9606000185012817,
  "ensemble_acc_before_deletion": 0.9666000604629517,
  "epsilon": 30.742156740960382,
  "indicator": 1,
  "lengths_after_deletion": [
    3297,
    3630
  ],
  "rng": [
    3730198321,
    621877750
  ],
  "shard_prediction_precision": 0.5328208208084106,
  "shard_prediction_recall": 0.4504999816417694
}