{
  "accs_after_deletion": [
    0.9564000368118286,
    0.9604000449180603
  ],
  "accs_before_deletion": [
    0.9668000340461731,
    0.9664000272750854
  ],
  "delta": 6.982864657330156e-05,
  "ensemble_acc_after_deletion": 0.9606000185012817,
  "ensemble_acc_before_deletion": 0.9668000340461731,
  "epsilon": 30.742156740960382,
  "indicator": 1,
  "lengths_after_deletion": [
    2685,
    3079
  ],
  "rng": [
    3753063705,
    3234428012
  ],
  "shard_prediction_precision": 0.5315907597541809,
  "shard_prediction_recall": 0.5525000095367432
}