{
  "accs_after_deletion": [
    0.9594000577926636,
    0.9640000462532043
  ],
  "accs_before_deletion": [
    0.9678000211715698,
    0.9688000679016113
  ],
  "delta": 6.982864657330156e-05,
  "ensemble_acc_after_deletion": 0.9642000198364258,
  "ensemble_acc_before_deletion": 0.9698000550270081,
  "epsilon": 30.742156740960382,
  "indicator": 1,
  "lengths_after_deletion": [
    2974,
    3418
  ],
  "rng": [
    3777714752,
    2857936450
  ],
  "shard_prediction_precision": 0.5395863056182861,
  "shard_prediction_recall": 0.5043333172798157
}