{
  "accs_after_deletion": [
    0.957800030708313,
    0.9604000449180603
  ],
  "accs_before_deletion": [
    0.9702000617980957,
    0.9678000211715698
  ],
  "delta": 6.982864657330156e-05,
  "ensemble_acc_after_deletion": 0.9602000713348389,
  "ensemble_acc_before_deletion": 0.9688000679016113,
  "epsilon": 30.742156740960382,
  "indicator": 1,
  "lengths_after_deletion": [
    2867,
    3318
  ],
  "rng": [
    3847853832,
    1916940013
  ],
  "shard_prediction_precision": 0.5387790203094482,
  "shard_prediction_recall": 0.5221666693687439
}