{
  "accs_after_deletion": [
    0.9576000571250916,
    0.9582000374794006
  ],
  "accs_before_deletion": [
    0.9652000665664673,
    0.9686000347137451
  ],
  "delta": 6.982864657330156e-05,
  "ensemble_acc_after_deletion": 0.9588000178337097,
  "ensemble_acc_before_deletion": 0.9656000733375549,
  "epsilon": 30.742156740960382,
  "indicator": 1,
  "lengths_after_deletion": [
    2974,
    3370
  ],
  "rng": [
    3949082155,
    828627789
  ],
  "shard_prediction_precision": 0.5350070595741272,
  "shard_prediction_recall": 0.5043333172798157
}