{
  "accs_after_deletion": [
    0.9518000483512878,
    0.9582000374794006
  ],
  "accs_before_deletion": [
    0.968000054359436,
    0.9670000672340393
  ],
  "delta": 6.982864657330156e-05,
  "ensemble_acc_after_deletion": 0.9564000368118286,
  "ensemble_acc_before_deletion": 0.9678000211715698,
  "epsilon": 30.742156740960382,
  "indicator": 1,
  "lengths_after_deletion": [
    2924,
    3376
  ],
  "rng": [
    395257484,
    3276254358
  ],
  "shard_prediction_precision": 0.5396490693092346,
  "shard_prediction_recall": 0.512666642665863
}