{
  "accs_after_deletion": [
    0.9518000483512878,
    0.9604000449180603
  ],
  "accs_before_deletion": [
    0.9694000482559204,
    0.9672000408172607
  ],
  "delta": 6.982864657330156e-05,
  "ensemble_acc_after_deletion": 0.9558000564575195,
  "ensemble_acc_before_deletion": 0.9684000611305237,
  "epsilon": 30.742156740960382,
  "indicator": 1,
  "lengths_after_deletion": [
    2170,
    2616
  ],
  "rng": [
    3968067025,
    1314803620
  ],
  "shard_prediction_precision": 0.5309121608734131,
  "shard_prediction_recall": 0.6383333206176758
}