{
  "accs_after_deletion": [
    0.9526000618934631,
    0.9546000361442566
  ],
  "accs_before_deletion": [
    0.969200074672699,
    0.9672000408172607
  ],
  "delta": 6.982864657330156e-05,
  "ensemble_acc_after_deletion": 0.9566000699996948,
  "ensemble_acc_before_deletion": 0.9682000279426575,
  "epsilon": 30.742156740960382,
  "indicator": 1,
  "lengths_after_deletion": [
    2525,
    2980
  ],
  "rng": [
    3974067656,
    3023274819
  ],
  "shard_prediction_precision": 0.5350269675254822,
  "shard_prediction_recall": 0.5791666507720947
}