{
  "accs_after_deletion": [
    0.9514000415802002,
    0.9570000171661377
  ],
  "accs_before_deletion": [
    0.9686000347137451,
    0.9652000665664673
  ],
  "delta": 6.982864657330156e-05,
  "ensemble_acc_after_deletion": 0.9562000632286072,
  "ensemble_acc_before_deletion": 0.969200074672699,
  "epsilon": 30.742156740960382,
  "indicator": 1,
  "lengths_after_deletion": [
    2691,
    3149
  ],
  "rng": [
    3985611109,
    1779057702
  ],
  "shard_prediction_precision": 0.5371752977371216,
  "shard_prediction_recall": 0.5515000224113464
}