{
  "accs_after_deletion": [
    0.9548000693321228,
    0.9564000368118286
  ],
  "accs_before_deletion": [
    0.9670000672340393,
    0.9678000211715698
  ],
  "delta": 6.982864657330156e-05,
  "ensemble_acc_after_deletion": 0.9570000171661377,
  "ensemble_acc_before_deletion": 0.9694000482559204,
  "epsilon": 30.742156740960382,
  "indicator": 1,
  "lengths_after_deletion": [
    2602,
    3027
  ],
  "rng": [
    3985409991,
    4231126658
  ],
  "shard_prediction_precision": 0.5333542823791504,
  "shard_prediction_recall": 0.5663333535194397
}