{
  "accs_after_deletion": [
    0.9610000252723694,
    0.963200032711029
  ],
  "accs_before_deletion": [
    0.9722000360488892,
    0.9698000550270081
  ],
  "delta": 6.982864657330156e-05,
  "ensemble_acc_after_deletion": 0.9656000733375549,
  "ensemble_acc_before_deletion": 0.9716000556945801,
  "epsilon": 30.742156740960382,
  "indicator": 1,
  "lengths_after_deletion": [
    2804,
    3191
  ],
  "rng": [
    4077084382,
    1926941678
  ],
  "shard_prediction_precision": 0.5322231650352478,
  "shard_prediction_recall": 0.5326666831970215
}