{
  "accs_after_deletion": [
    0.9622000455856323,
    0.9606000185012817
  ],
  "accs_before_deletion": [
    0.9678000211715698,
    0.9670000672340393
  ],
  "delta": 6.982864657330156e-05,
  "ensemble_acc_after_deletion": 0.9624000191688538,
  "ensemble_acc_before_deletion": 0.9688000679016113,
  "epsilon": 30.742156740960382,
  "indicator": 0,
  "lengths_after_deletion": [
    2351,
    2725
  ],
  "rng": [
    4154977282,
    2971241552
  ],
  "shard_prediction_precision": 0.527007520198822,
  "shard_prediction_recall": 0.6081666350364685
}