{
  "accs_after_deletion": [
    0.9556000232696533,
    0.96260005235672
  ],
  "accs_before_deletion": [
    0.9684000611305237,
    0.9684000611305237
  ],
  "delta": 6.982864657330156e-05,
  "ensemble_acc_after_deletion": 0.960800051689148,
  "ensemble_acc_before_deletion": 0.9700000286102295,
  "epsilon": 30.742156740960382,
  "indicator": 1,
  "lengths_after_deletion": [
    2688,
    3068
  ],
  "rng": [
    4159739996,
    1704478657
  ],
  "shard_prediction_precision": 0.5304292440414429,
  "shard_prediction_recall": 0.5519999861717224
}