{
  "accs_after_deletion": [
    0.9570000171661377,
    0.9646000266075134
  ],
  "accs_before_deletion": [
    0.967400074005127,
    0.9694000482559204
  ],
  "delta": 6.982864657330156e-05,
  "ensemble_acc_after_deletion": 0.9634000658988953,
  "ensemble_acc_before_deletion": 0.9668000340461731,
  "epsilon": 30.742156740960382,
  "indicator": 1,
  "lengths_after_deletion": [
    2610,
    2953
  ],
  "rng": [
    4166675643,
    3784887487
  ],
  "shard_prediction_precision": 0.5266427993774414,
  "shard_prediction_recall": 0.5649999976158142
}