{
  "accs_after_deletion": [
    0.9572000503540039,
    0.9582000374794006
  ],
  "accs_before_deletion": [
    0.9722000360488892,
    0.9656000733375549
  ],
  "delta": 6.982864657330156e-05,
  "ensemble_acc_after_deletion": 0.9588000178337097,
  "ensemble_acc_before_deletion": 0.9708000421524048,
  "epsilon": 30.742156740960382,
  "indicator": 1,
  "lengths_after_deletion": [
    2684,
    3117
  ],
  "rng": [
    4180889291,
    1900583058
  ],
  "shard_prediction_precision": 0.5349249839782715,
  "shard_prediction_recall": 0.5526666641235352
}