{
  "accs_after_deletion": [
    0.9548000693321228,
    0.9612000584602356
  ],
  "accs_before_deletion": [
    0.9720000624656677,
    0.9678000211715698
  ],
  "delta": 6.982864657330156e-05,
  "ensemble_acc_after_deletion": 0.9584000706672668,
  "ensemble_acc_before_deletion": 0.9708000421524048,
  "epsilon": 30.742156740960382,
  "indicator": 1,
  "lengths_after_deletion": [
    2756,
    3148
  ],
  "rng": [
    4182744509,
    4093543793
  ],
  "shard_prediction_precision": 0.5321522355079651,
  "shard_prediction_recall": 0.5406666398048401
}