{
  "accs_after_deletion": [
    0.9580000638961792,
    0.96260005235672
  ],
  "accs_before_deletion": [
    0.968000054359436,
    0.9686000347137451
  ],
  "delta": 6.982864657330156e-05,
  "ensemble_acc_after_deletion": 0.9618000388145447,
  "ensemble_acc_before_deletion": 0.9684000611305237,
  "epsilon": 30.742156740960382,
  "indicator": 1,
  "lengths_after_deletion": [
    2732,
    3159
  ],
  "rng": [
    4226810112,
    3618224400
  ],
  "shard_prediction_precision": 0.5349484086036682,
  "shard_prediction_recall": 0.5446666479110718
}