{
  "accs_after_deletion": [
    0.9530000686645508,
    0.9606000185012817
  ],
  "accs_before_deletion": [
    0.9696000218391418,
    0.969200074672699
  ],
  "delta": 6.982864657330156e-05,
  "ensemble_acc_after_deletion": 0.9566000699996948,
  "ensemble_acc_before_deletion": 0.9704000353813171,
  "epsilon": 30.742156740960382,
  "indicator": 1,
  "lengths_after_deletion": [
    3169,
    3597
  ],
  "rng": [
    4247526234,
    2355921642
  ],
  "shard_prediction_precision": 0.5408865213394165,
  "shard_prediction_recall": 0.47183331847190857
}