{
  "accs_after_deletion": [
    0.9540000557899475,
    0.956000030040741
  ],
  "accs_before_deletion": [
    0.9664000272750854,
    0.9656000733375549
  ],
  "delta": 6.982864657330156e-05,
  "ensemble_acc_after_deletion": 0.9534000158309937,
  "ensemble_acc_before_deletion": 0.9672000408172607,
  "epsilon": 30.742156740960382,
  "indicator": 1,
  "lengths_after_deletion": [
    2482,
    2924
  ],
  "rng": [
    4269601161,
    3059670151
  ],
  "shard_prediction_precision": 0.5335153341293335,
  "shard_prediction_recall": 0.5863333344459534
}