{
  "accs_after_deletion": [
    0.9618000388145447,
    0.9592000246047974
  ],
  "accs_before_deletion": [
    0.9658000469207764,
    0.9686000347137451
  ],
  "delta": 6.982864657330156e-05,
  "ensemble_acc_after_deletion": 0.9604000449180603,
  "ensemble_acc_before_deletion": 0.9698000550270081,
  "epsilon": 30.742156740960382,
  "indicator": 0,
  "lengths_after_deletion": [
    2940,
    3321
  ],
  "rng": [
    4289083790,
    1794864364
  ],
  "shard_prediction_precision": 0.5331939458847046,
  "shard_prediction_recall": 0.5099999904632568
}