{
  "accs_after_deletion": [
    0.9508000612258911,
    0.9642000198364258
  ],
  "accs_before_deletion": [
    0.9666000604629517,
    0.9648000597953796
  ],
  "delta": 6.982864657330156e-05,
  "ensemble_acc_after_deletion": 0.9562000632286072,
  "ensemble_acc_before_deletion": 0.9658000469207764,
  "epsilon": 30.742156740960382,
  "indicator": 1,
  "lengths_after_deletion": [
    2601,
    3088
  ],
  "rng": [
    477764530,
    4167760869
  ],
  "shard_prediction_precision": 0.5385833978652954,
  "shard_prediction_recall": 0.5665000081062317
}