{
  "accs_after_deletion": [
    0.9558000564575195,
    0.9638000726699829
  ],
  "accs_before_deletion": [
    0.9622000455856323,
    0.969200074672699
  ],
  "delta": 6.982864657330156e-05,
  "ensemble_acc_after_deletion": 0.961400032043457,
  "ensemble_acc_before_deletion": 0.9660000205039978,
  "epsilon": 30.742156740960382,
  "indicator": 1,
  "lengths_after_deletion": [
    2900,
    3384
  ],
  "rng": [
    522363270,
    32159506
  ],
  "shard_prediction_precision": 0.5423372983932495,
  "shard_prediction_recall": 0.5166666507720947
}