{
  "accs_after_deletion": [
    0.9600000381469727,
    0.959600031375885
  ],
  "accs_before_deletion": [
    0.9698000550270081,
    0.967400074005127
  ],
  "delta": 6.982864657330156e-05,
  "ensemble_acc_after_deletion": 0.9612000584602356,
  "ensemble_acc_before_deletion": 0.9706000685691833,
  "epsilon": 30.742156740960382,
  "indicator": 0,
  "lengths_after_deletion": [
    3372,
    3822
  ],
  "rng": [
    611979609,
    1367213722
  ],
  "shard_prediction_precision": 0.5468164682388306,
  "shard_prediction_recall": 0.43799999356269836
}