{
  "accs_after_deletion": [
    0.9530000686645508,
    0.9562000632286072
  ],
  "accs_before_deletion": [
    0.966200053691864,
    0.9624000191688538
  ],
  "delta": 6.982864657330156e-05,
  "ensemble_acc_after_deletion": 0.9540000557899475,
  "ensemble_acc_before_deletion": 0.9658000469207764,
  "epsilon": 30.742156740960382,
  "indicator": 1,
  "lengths_after_deletion": [
    2161,
    2541
  ],
  "rng": [
    640301017,
    3755044050
  ],
  "shard_prediction_precision": 0.5260345339775085,
  "shard_prediction_recall": 0.6398333311080933
}