{
  "accs_after_deletion": [
    0.9570000171661377,
    0.961400032043457
  ],
  "accs_before_deletion": [
    0.9664000272750854,
    0.9700000286102295
  ],
  "delta": 6.982864657330156e-05,
  "ensemble_acc_after_deletion": 0.9586000442504883,
  "ensemble_acc_before_deletion": 0.968000054359436,
  "epsilon": 30.742156740960382,
  "indicator": 1,
  "lengths_after_deletion": [
    2584,
    2844
  ],
  "rng": [
    640674399,
    2001526024
  ],
  "shard_prediction_precision": 0.5197808742523193,
  "shard_prediction_recall": 0.5693333148956299
}