{
  "accs_after_deletion": [
    0.9546000361442566,
    0.9600000381469727
  ],
  "accs_before_deletion": [
    0.9678000211715698,
    0.9676000475883484
  ],
  "delta": 6.982864657330156e-05,
  "ensemble_acc_after_deletion": 0.9590000510215759,
  "ensemble_acc_before_deletion": 0.9686000347137451,
  "epsilon": 30.742156740960382,
  "indicator": 1,
  "lengths_after_deletion": [
    2669,
    3009
  ],
  "rng": [
    647602465,
    2966512170
  ],
  "shard_prediction_precision": 0.526890218257904,
  "shard_prediction_recall": 0.5551666617393494
}