{
  "accs_after_deletion": [
    0.9580000638961792,
    0.9620000720024109
  ],
  "accs_before_deletion": [
    0.9682000279426575,
    0.9666000604629517
  ],
  "delta": 6.982864657330156e-05,
  "ensemble_acc_after_deletion": 0.960800051689148,
  "ensemble_acc_before_deletion": 0.9676000475883484,
  "epsilon": 30.742156740960382,
  "indicator": 1,
  "lengths_after_deletion": [
    2533,
    2936
  ],
  "rng": [
    677444746,
    267707300
  ],
  "shard_prediction_precision": 0.5308528542518616,
  "shard_prediction_recall": 0.577833354473114
}