{
  "accs_after_deletion": [
    0.9486000537872314,
    0.9546000361442566
  ],
  "accs_before_deletion": [
    0.9670000672340393,
    0.9656000733375549
  ],
  "delta": 6.982864657330156e-05,
  "ensemble_acc_after_deletion": 0.9504000544548035,
  "ensemble_acc_before_deletion": 0.9664000272750854,
  "epsilon": 30.742156740960382,
  "indicator": 1,
  "lengths_after_deletion": [
    2684,
    3063
  ],
  "rng": [
    704022241,
    1587606110
  ],
  "shard_prediction_precision": 0.5303054451942444,
  "shard_prediction_recall": 0.5526666641235352
}