{
  "accs_after_deletion": [
    0.9530000686645508,
    0.9606000185012817
  ],
  "accs_before_deletion": [
    0.9698000550270081,
    0.9670000672340393
  ],
  "delta": 6.982864657330156e-05,
  "ensemble_acc_after_deletion": 0.9592000246047974,
  "ensemble_acc_before_deletion": 0.9696000218391418,
  "epsilon": 30.742156740960382,
  "indicator": 1,
  "lengths_after_deletion": [
    2429,
    2847
  ],
  "rng": [
    735903957,
    1297176285
  ],
  "shard_prediction_precision": 0.5310826897621155,
  "shard_prediction_recall": 0.5951666831970215
}