{
  "accs_after_deletion": [
    0.957800030708313,
    0.9654000401496887
  ],
  "accs_before_deletion": [
    0.9690000414848328,
    0.9670000672340393
  ],
  "delta": 6.982864657330156e-05,
  "ensemble_acc_after_deletion": 0.9630000591278076,
  "ensemble_acc_before_deletion": 0.9686000347137451,
  "epsilon": 30.742156740960382,
  "indicator": 1,
  "lengths_after_deletion": [
    3116,
    3561
  ],
  "rng": [
    737015282,
    2395258833
  ],
  "shard_prediction_precision": 0.5417997241020203,
  "shard_prediction_recall": 0.4806666672229767
}