{
  "accs_after_deletion": [
    0.9572000503540039,
    0.961400032043457
  ],
  "accs_before_deletion": [
    0.9658000469207764,
    0.967400074005127
  ],
  "delta": 6.982864657330156e-05,
  "ensemble_acc_after_deletion": 0.9602000713348389,
  "ensemble_acc_before_deletion": 0.969200074672699,
  "epsilon": 30.742156740960382,
  "indicator": 1,
  "lengths_after_deletion": [
    2969,
    3384
  ],
  "rng": [
    782716517,
    3236693209
  ],
  "shard_prediction_precision": 0.5367451906204224,
  "shard_prediction_recall": 0.5051666498184204
}