{
  "accs_after_deletion": [
    0.9568000435829163,
    0.9620000720024109
  ],
  "accs_before_deletion": [
    0.967400074005127,
    0.9670000672340393
  ],
  "delta": 6.982864657330156e-05,
  "ensemble_acc_after_deletion": 0.9622000455856323,
  "ensemble_acc_before_deletion": 0.9666000604629517,
  "epsilon": 30.742156740960382,
  "indicator": 1,
  "lengths_after_deletion": [
    2895,
    3250
  ],
  "rng": [
    805498931,
    601758361
  ],
  "shard_prediction_precision": 0.5303159952163696,
  "shard_prediction_recall": 0.5174999833106995
}