{
  "accs_after_deletion": [
    0.9582000374794006,
    0.9594000577926636
  ],
  "accs_before_deletion": [
    0.9686000347137451,
    0.967400074005127
  ],
  "delta": 6.982864657330156e-05,
  "ensemble_acc_after_deletion": 0.9594000577926636,
  "ensemble_acc_before_deletion": 0.9672000408172607,
  "epsilon": 30.742156740960382,
  "indicator": 1,
  "lengths_after_deletion": [
    2663,
    3067
  ],
  "rng": [
    81646710,
    3188140705
  ],
  "shard_prediction_precision": 0.5322169065475464,
  "shard_prediction_recall": 0.5561666488647461
}