{
  "accs_after_deletion": [
    0.956000030040741,
    0.9592000246047974
  ],
  "accs_before_deletion": [
    0.9688000679016113,
    0.9684000611305237
  ],
  "delta": 6.982864657330156e-05,
  "ensemble_acc_after_deletion": 0.9566000699996948,
  "ensemble_acc_before_deletion": 0.9702000617980957,
  "epsilon": 30.742156740960382,
  "indicator": 1,
  "lengths_after_deletion": [
    2757,
    3077
  ],
  "rng": [
    833671038,
    1963729701
  ],
  "shard_prediction_precision": 0.5259487628936768,
  "shard_prediction_recall": 0.5404999852180481
}