{
  "accs_after_deletion": [
    0.9536000490188599,
    0.9532000422477722
  ],
  "accs_before_deletion": [
    0.9696000218391418,
    0.966200053691864
  ],
  "delta": 6.982864657330156e-05,
  "ensemble_acc_after_deletion": 0.9556000232696533,
  "ensemble_acc_before_deletion": 0.9698000550270081,
  "epsilon": 30.742156740960382,
  "indicator": 0,
  "lengths_after_deletion": [
    2420,
    2776
  ],
  "rng": [
    90129023,
    3909281628
  ],
  "shard_prediction_precision": 0.5261610746383667,
  "shard_prediction_recall": 0.5966666340827942
}