{
  "accs_after_deletion": [
    0.9480000734329224,
    0.9492000341415405
  ],
  "accs_before_deletion": [
    0.9676000475883484,
    0.964400053024292
  ],
  "delta": 6.982864657330156e-05,
  "ensemble_acc_after_deletion": 0.9506000280380249,
  "ensemble_acc_before_deletion": 0.9678000211715698,
  "epsilon": 30.742156740960382,
  "indicator": 1,
  "lengths_after_deletion": [
    3330,
    3758
  ],
  "rng": [
    962048232,
    618997515
  ],
  "shard_prediction_precision": 0.5435668230056763,
  "shard_prediction_recall": 0.4449999928474426
}