{
  "accs_after_deletion": [
    0.9460000395774841,
    0.9540000557899475
  ],
  "accs_before_deletion": [
    0.9690000414848328,
    0.9650000333786011
  ],
  "delta": 6.982864657330156e-05,
  "ensemble_acc_after_deletion": 0.9538000226020813,
  "ensemble_acc_before_deletion": 0.968000054359436,
  "epsilon": 30.742156740960382,
  "indicator": 1,
  "lengths_after_deletion": [
    2187,
    2697
  ],
  "rng": [
    985233741,
    1536990038
  ],
  "shard_prediction_precision": 0.5358347296714783,
  "shard_prediction_recall": 0.6355000138282776
}