{
  "accs_after_deletion": [
    0.4256000220775604,
    0.44360002875328064,
    0.4302000105381012,
    0.43700000643730164,
    0.42180001735687256,
    0.4328000247478485
  ],
  "accs_before_deletion": [
    0.4602000117301941,
    0.4570000171661377,
    0.45580002665519714,
    0.46300002932548523,
    0.47200003266334534,
    0.44840002059936523
  ],
  "delta": 5.0886316442113006e-05,
  "ensemble_acc_after_deletion": 0.4928000271320343,
  "ensemble_acc_before_deletion": 0.5270000100135803,
  "epsilon": "\u221e",
  "indicator": 0,
  "lengths_after_deletion": [
    3951,
    3838,
    3796,
    4498,
    4544,
    4430
  ],
  "rng": [
    103996829,
    2988904291
  ],
  "shard_prediction_precision": 0.23309941589832306,
  "shard_prediction_recall": 0.22283333539962769
}