{
  "accs_after_deletion": [
    0.40940001606941223,
    0.42760002613067627,
    0.4262000322341919,
    0.43800002336502075,
    0.45320001244544983,
    0.4246000349521637
  ],
  "accs_before_deletion": [
    0.459600031375885,
    0.47280001640319824,
    0.47220003604888916,
    0.4552000164985657,
    0.469400018453598,
    0.46240001916885376
  ],
  "delta": 5.0886316442113006e-05,
  "ensemble_acc_after_deletion": 0.5002000331878662,
  "ensemble_acc_before_deletion": 0.531000018119812,
  "epsilon": "\u221e",
  "indicator": 1,
  "lengths_after_deletion": [
    3929,
    3896,
    3716,
    4583,
    4513,
    4429
  ],
  "rng": [
    1096023475,
    3558298390
  ],
  "shard_prediction_precision": 0.23192639648914337,
  "shard_prediction_recall": 0.22162500023841858
}