{
  "accs_after_deletion": [
    0.4310000240802765,
    0.44440001249313354,
    0.4368000328540802,
    0.43720000982284546,
    0.44520002603530884,
    0.4386000335216522
  ],
  "accs_before_deletion": [
    0.45280003547668457,
    0.4626000225543976,
    0.4540000259876251,
    0.453000009059906,
    0.46800002455711365,
    0.45580002665519714
  ],
  "delta": 5.0886316442113006e-05,
  "ensemble_acc_after_deletion": 0.4952000379562378,
  "ensemble_acc_before_deletion": 0.5172000527381897,
  "epsilon": "\u221e",
  "indicator": 1,
  "lengths_after_deletion": [
    3960,
    3929,
    3988,
    4500,
    4670,
    4448
  ],
  "rng": [
    1134567937,
    3753443142
  ],
  "shard_prediction_precision": 0.22799378633499146,
  "shard_prediction_recall": 0.21379166841506958
}