{
  "accs_after_deletion": [
    0.4246000349521637,
    0.4244000315666199,
    0.4212000072002411,
    0.42900002002716064,
    0.44440001249313354,
    0.4318000078201294
  ],
  "accs_before_deletion": [
    0.4556000232696533,
    0.47540003061294556,
    0.4524000287055969,
    0.4634000360965729,
    0.454800009727478,
    0.4540000259876251
  ],
  "delta": 5.0886316442113006e-05,
  "ensemble_acc_after_deletion": 0.4960000216960907,
  "ensemble_acc_before_deletion": 0.5224000215530396,
  "epsilon": "\u221e",
  "indicator": 1,
  "lengths_after_deletion": [
    3574,
    3433,
    3517,
    4162,
    4183,
    4085
  ],
  "rng": [
    1199898857,
    1984707620
  ],
  "shard_prediction_precision": 0.22822009027004242,
  "shard_prediction_recall": 0.2381666600704193
}