{
  "accs_after_deletion": [
    0.42160001397132874,
    0.4228000342845917,
    0.41780000925064087,
    0.42340001463890076,
    0.4082000255584717,
    0.42340001463890076
  ],
  "accs_before_deletion": [
    0.46700000762939453,
    0.45580002665519714,
    0.4410000145435333,
    0.4508000314235687,
    0.44840002059936523,
    0.4540000259876251
  ],
  "delta": 5.0886316442113006e-05,
  "ensemble_acc_after_deletion": 0.4806000292301178,
  "ensemble_acc_before_deletion": 0.5192000269889832,
  "epsilon": "\u221e",
  "indicator": 0,
  "lengths_after_deletion": [
    3654,
    3587,
    3665,
    4305,
    4099,
    4349
  ],
  "rng": [
    126297425,
    3158658201
  ],
  "shard_prediction_precision": 0.23096834123134613,
  "shard_prediction_recall": 0.2342499941587448
}