{
  "accs_after_deletion": [
    0.4134000241756439,
    0.4100000262260437,
    0.39900001883506775,
    0.4116000235080719,
    0.4180000126361847,
    0.4068000316619873
  ],
  "accs_before_deletion": [
    0.47200003266334534,
    0.4644000232219696,
    0.4674000144004822,
    0.4562000334262848,
    0.46480002999305725,
    0.4594000279903412
  ],
  "delta": 5.0886316442113006e-05,
  "ensemble_acc_after_deletion": 0.46800002455711365,
  "ensemble_acc_before_deletion": 0.5312000513076782,
  "epsilon": "\u221e",
  "indicator": 1,
  "lengths_after_deletion": [
    3066,
    3124,
    3192,
    3719,
    3767,
    3713
  ],
  "rng": [
    1310319987,
    1937353481
  ],
  "shard_prediction_precision": 0.229038268327713,
  "shard_prediction_recall": 0.2616666555404663
}