{
  "accs_after_deletion": [
    0.42180001735687256,
    0.40780001878738403,
    0.41200003027915955,
    0.41700002551078796,
    0.4288000166416168,
    0.43880000710487366
  ],
  "accs_before_deletion": [
    0.45900002121925354,
    0.4702000319957733,
    0.459600031375885,
    0.46880000829696655,
    0.45100003480911255,
    0.4692000150680542
  ],
  "delta": 5.0886316442113006e-05,
  "ensemble_acc_after_deletion": 0.4910000264644623,
  "ensemble_acc_before_deletion": 0.5240000486373901,
  "epsilon": "\u221e",
  "indicator": 1,
  "lengths_after_deletion": [
    3481,
    3341,
    3444,
    4110,
    3983,
    4049
  ],
  "rng": [
    1321534328,
    1789145906
  ],
  "shard_prediction_precision": 0.23089247941970825,
  "shard_prediction_recall": 0.2462083250284195
}