{
  "accs_after_deletion": [
    0.4066000282764435,
    0.4166000187397003,
    0.4116000235080719,
    0.4180000126361847,
    0.4142000079154968,
    0.4164000153541565
  ],
  "accs_before_deletion": [
    0.4636000096797943,
    0.47280001640319824,
    0.45740002393722534,
    0.45340001583099365,
    0.47700002789497375,
    0.4580000340938568
  ],
  "delta": 5.0886316442113006e-05,
  "ensemble_acc_after_deletion": 0.47140002250671387,
  "ensemble_acc_before_deletion": 0.5252000093460083,
  "epsilon": "\u221e",
  "indicator": 1,
  "lengths_after_deletion": [
    3433,
    3437,
    3528,
    4044,
    4065,
    4062
  ],
  "rng": [
    1333228954,
    1829196956
  ],
  "shard_prediction_precision": 0.23058472573757172,
  "shard_prediction_recall": 0.24433332681655884
}