{
  "accs_after_deletion": [
    0.4036000072956085,
    0.4164000153541565,
    0.42180001735687256,
    0.4320000112056732,
    0.40800002217292786,
    0.4100000262260437
  ],
  "accs_before_deletion": [
    0.4662000238895416,
    0.44780001044273376,
    0.45260003209114075,
    0.44620001316070557,
    0.44680002331733704,
    0.4538000226020813
  ],
  "delta": 5.0886316442113006e-05,
  "ensemble_acc_after_deletion": 0.4774000346660614,
  "ensemble_acc_before_deletion": 0.5208000540733337,
  "epsilon": "\u221e",
  "indicator": 1,
  "lengths_after_deletion": [
    3525,
    3511,
    3555,
    4054,
    4151,
    4105
  ],
  "rng": [
    138164402,
    2746418608
  ],
  "shard_prediction_precision": 0.2302880585193634,
  "shard_prediction_recall": 0.2408333271741867
}