{
  "accs_after_deletion": [
    0.4212000072002411,
    0.42660000920295715,
    0.41380003094673157,
    0.42160001397132874,
    0.4228000342845917,
    0.43380001187324524
  ],
  "accs_before_deletion": [
    0.4626000225543976,
    0.4710000157356262,
    0.4792000353336334,
    0.4488000273704529,
    0.4674000144004822,
    0.46820002794265747
  ],
  "delta": 5.0886316442113006e-05,
  "ensemble_acc_after_deletion": 0.49240002036094666,
  "ensemble_acc_before_deletion": 0.5312000513076782,
  "epsilon": "\u221e",
  "indicator": 1,
  "lengths_after_deletion": [
    3593,
    3602,
    3709,
    4190,
    4220,
    4339
  ],
  "rng": [
    138521475,
    2240721622
  ],
  "shard_prediction_precision": 0.22967922687530518,
  "shard_prediction_recall": 0.2329999953508377
}