{
  "accs_after_deletion": [
    0.4374000132083893,
    0.4406000077724457,
    0.4238000214099884,
    0.4366000294685364,
    0.43720000982284546,
    0.42600002884864807
  ],
  "accs_before_deletion": [
    0.4686000347137451,
    0.4580000340938568,
    0.46400001645088196,
    0.469400018453598,
    0.4636000096797943,
    0.4774000346660614
  ],
  "delta": 5.0886316442113006e-05,
  "ensemble_acc_after_deletion": 0.4958000183105469,
  "ensemble_acc_before_deletion": 0.5296000242233276,
  "epsilon": "\u221e",
  "indicator": 0,
  "lengths_after_deletion": [
    3629,
    3546,
    3576,
    4045,
    4129,
    4246
  ],
  "rng": [
    1401767476,
    792579805
  ],
  "shard_prediction_precision": 0.23081880807876587,
  "shard_prediction_recall": 0.23879165947437286
}