{
  "accs_after_deletion": [
    0.4262000322341919,
    0.42980003356933594,
    0.43160003423690796,
    0.4358000159263611,
    0.42580002546310425,
    0.43640002608299255
  ],
  "accs_before_deletion": [
    0.4652000367641449,
    0.46480002999305725,
    0.44520002603530884,
    0.46000000834465027,
    0.45680001378059387,
    0.45500001311302185
  ],
  "delta": 5.0886316442113006e-05,
  "ensemble_acc_after_deletion": 0.5028000473976135,
  "ensemble_acc_before_deletion": 0.5250000357627869,
  "epsilon": "\u221e",
  "indicator": 1,
  "lengths_after_deletion": [
    3597,
    3678,
    3689,
    4386,
    4178,
    4208
  ],
  "rng": [
    1411148238,
    631344456
  ],
  "shard_prediction_precision": 0.23231948912143707,
  "shard_prediction_recall": 0.23487499356269836
}