{
  "accs_after_deletion": [
    0.4100000262260437,
    0.42640000581741333,
    0.4150000214576721,
    0.4296000301837921,
    0.43140003085136414,
    0.4222000241279602
  ],
  "accs_before_deletion": [
    0.4662000238895416,
    0.4620000123977661,
    0.4626000225543976,
    0.4724000096321106,
    0.4708000123500824,
    0.4618000090122223
  ],
  "delta": 5.0886316442113006e-05,
  "ensemble_acc_after_deletion": 0.490200012922287,
  "ensemble_acc_before_deletion": 0.527999997138977,
  "epsilon": "\u221e",
  "indicator": 1,
  "lengths_after_deletion": [
    3388,
    3262,
    3331,
    4058,
    3899,
    3930
  ],
  "rng": [
    1548895822,
    4038976522
  ],
  "shard_prediction_precision": 0.22922088205814362,
  "shard_prediction_recall": 0.24958333373069763
}