{
  "accs_after_deletion": [
    0.4214000105857849,
    0.43140003085136414,
    0.4262000322341919,
    0.43560001254081726,
    0.4384000301361084,
    0.43400001525878906
  ],
  "accs_before_deletion": [
    0.4652000367641449,
    0.47280001640319824,
    0.4690000116825104,
    0.4708000123500824,
    0.45760002732276917,
    0.47200003266334534
  ],
  "delta": 5.0886316442113006e-05,
  "ensemble_acc_after_deletion": 0.4918000102043152,
  "ensemble_acc_before_deletion": 0.5312000513076782,
  "epsilon": "\u221e",
  "indicator": 1,
  "lengths_after_deletion": [
    3736,
    3539,
    3497,
    4197,
    4162,
    4167
  ],
  "rng": [
    1566658302,
    334777353
  ],
  "shard_prediction_precision": 0.2286454439163208,
  "shard_prediction_recall": 0.23533332347869873
}