{
  "accs_after_deletion": [
    0.43560001254081726,
    0.41840001940727234,
    0.43240001797676086,
    0.4342000186443329,
    0.4228000342845917,
    0.4284000098705292
  ],
  "accs_before_deletion": [
    0.45840001106262207,
    0.4586000144481659,
    0.44200003147125244,
    0.4690000116825104,
    0.44460001587867737,
    0.4522000253200531
  ],
  "delta": 5.0886316442113006e-05,
  "ensemble_acc_after_deletion": 0.4960000216960907,
  "ensemble_acc_before_deletion": 0.5164000391960144,
  "epsilon": "\u221e",
  "indicator": 0,
  "lengths_after_deletion": [
    3893,
    3832,
    3824,
    4439,
    4454,
    4455
  ],
  "rng": [
    1614271824,
    252185961
  ],
  "shard_prediction_precision": 0.2328701913356781,
  "shard_prediction_recall": 0.2241666615009308
}