{
  "accs_after_deletion": [
    0.41760000586509705,
    0.4214000105857849,
    0.41700002551078796,
    0.41040003299713135,
    0.4182000160217285,
    0.4164000153541565
  ],
  "accs_before_deletion": [
    0.4756000339984894,
    0.48180001974105835,
    0.4580000340938568,
    0.4610000252723694,
    0.469400018453598,
    0.4504000246524811
  ],
  "delta": 5.0886316442113006e-05,
  "ensemble_acc_after_deletion": 0.48260003328323364,
  "ensemble_acc_before_deletion": 0.5252000093460083,
  "epsilon": "\u221e",
  "indicator": 0,
  "lengths_after_deletion": [
    3267,
    3248,
    3234,
    3795,
    3790,
    3790
  ],
  "rng": [
    1650937032,
    1301185627
  ],
  "shard_prediction_precision": 0.2280101329088211,
  "shard_prediction_recall": 0.2553333342075348
}