{
  "accs_after_deletion": [
    0.4150000214576721,
    0.43140003085136414,
    0.4050000309944153,
    0.41540002822875977,
    0.41880002617836,
    0.41280001401901245
  ],
  "accs_before_deletion": [
    0.45920002460479736,
    0.4626000225543976,
    0.46540001034736633,
    0.45500001311302185,
    0.47200003266334534,
    0.4594000279903412
  ],
  "delta": 5.0886316442113006e-05,
  "ensemble_acc_after_deletion": 0.47520002722740173,
  "ensemble_acc_before_deletion": 0.5246000289916992,
  "epsilon": "\u221e",
  "indicator": 0,
  "lengths_after_deletion": [
    3492,
    3436,
    3400,
    4000,
    4133,
    4137
  ],
  "rng": [
    1680373692,
    3332240331
  ],
  "shard_prediction_precision": 0.23017872869968414,
  "shard_prediction_recall": 0.2436250001192093
}