{
  "accs_after_deletion": [
    0.4220000207424164,
    0.43140003085136414,
    0.4230000078678131,
    0.4240000247955322,
    0.435200035572052,
    0.43220001459121704
  ],
  "accs_before_deletion": [
    0.45000001788139343,
    0.46640002727508545,
    0.46140003204345703,
    0.454800009727478,
    0.4552000164985657,
    0.4540000259876251
  ],
  "delta": 5.0886316442113006e-05,
  "ensemble_acc_after_deletion": 0.49500003457069397,
  "ensemble_acc_before_deletion": 0.5208000540733337,
  "epsilon": "\u221e",
  "indicator": 1,
  "lengths_after_deletion": [
    3825,
    3645,
    3720,
    4338,
    4311,
    4344
  ],
  "rng": [
    1712492392,
    761239786
  ],
  "shard_prediction_precision": 0.22845026850700378,
  "shard_prediction_recall": 0.2267083376646042
}