{
  "accs_after_deletion": [
    0.4230000078678131,
    0.4336000084877014,
    0.42080003023147583,
    0.4280000329017639,
    0.428600013256073,
    0.4240000247955322
  ],
  "accs_before_deletion": [
    0.46080002188682556,
    0.45740002393722534,
    0.4546000361442566,
    0.45500001311302185,
    0.465800017118454,
    0.44680002331733704
  ],
  "delta": 5.0886316442113006e-05,
  "ensemble_acc_after_deletion": 0.49960002303123474,
  "ensemble_acc_before_deletion": 0.5200000405311584,
  "epsilon": "\u221e",
  "indicator": 1,
  "lengths_after_deletion": [
    3310,
    3376,
    3426,
    3974,
    4023,
    3930
  ],
  "rng": [
    172582921,
    954109034
  ],
  "shard_prediction_precision": 0.23138552904129028,
  "shard_prediction_recall": 0.2502916753292084
}