{
  "accs_after_deletion": [
    0.4280000329017639,
    0.4300000071525574,
    0.42420002818107605,
    0.4376000165939331,
    0.4424000084400177,
    0.4394000172615051
  ],
  "accs_before_deletion": [
    0.4692000150680542,
    0.4546000361442566,
    0.46140003204345703,
    0.46960002183914185,
    0.4602000117301941,
    0.45600003004074097
  ],
  "delta": 5.0886316442113006e-05,
  "ensemble_acc_after_deletion": 0.49540001153945923,
  "ensemble_acc_before_deletion": 0.5252000093460083,
  "epsilon": "\u221e",
  "indicator": 1,
  "lengths_after_deletion": [
    3630,
    3596,
    3544,
    4261,
    4176,
    4138
  ],
  "rng": [
    1736814479,
    1235037093
  ],
  "shard_prediction_precision": 0.23021699488162994,
  "shard_prediction_recall": 0.23649999499320984
}