{
  "accs_after_deletion": [
    0.4368000328540802,
    0.4328000247478485,
    0.42740002274513245,
    0.42320001125335693,
    0.42740002274513245,
    0.4416000247001648
  ],
  "accs_before_deletion": [
    0.4474000334739685,
    0.4588000178337097,
    0.44940000772476196,
    0.4684000313282013,
    0.4636000096797943,
    0.4572000205516815
  ],
  "delta": 5.0886316442113006e-05,
  "ensemble_acc_after_deletion": 0.5022000074386597,
  "ensemble_acc_before_deletion": 0.5144000053405762,
  "epsilon": "\u221e",
  "indicator": 0,
  "lengths_after_deletion": [
    3605,
    3786,
    3521,
    4198,
    4208,
    4195
  ],
  "rng": [
    1805364809,
    2935514719
  ],
  "shard_prediction_precision": 0.22562992572784424,
  "shard_prediction_recall": 0.23020833730697632
}