{
  "accs_after_deletion": [
    0.4134000241756439,
    0.41220003366470337,
    0.39560002088546753,
    0.41880002617836,
    0.41540002822875977,
    0.40300002694129944
  ],
  "accs_before_deletion": [
    0.47540003061294556,
    0.4686000347137451,
    0.4580000340938568,
    0.46240001916885376,
    0.45100003480911255,
    0.4552000164985657
  ],
  "delta": 5.0886316442113006e-05,
  "ensemble_acc_after_deletion": 0.46960002183914185,
  "ensemble_acc_before_deletion": 0.5202000141143799,
  "epsilon": "\u221e",
  "indicator": 1,
  "lengths_after_deletion": [
    3036,
    2973,
    3075,
    3684,
    3552,
    3621
  ],
  "rng": [
    1878854270,
    3691093698
  ],
  "shard_prediction_precision": 0.22431306540966034,
  "shard_prediction_recall": 0.26225000619888306
}