{
  "accs_after_deletion": [
    0.4228000342845917,
    0.4106000065803528,
    0.4146000146865845,
    0.42820000648498535,
    0.42320001125335693,
    0.4214000105857849
  ],
  "accs_before_deletion": [
    0.4774000346660614,
    0.4466000199317932,
    0.4710000157356262,
    0.4650000333786011,
    0.46640002727508545,
    0.44680002331733704
  ],
  "delta": 5.0886316442113006e-05,
  "ensemble_acc_after_deletion": 0.48180001974105835,
  "ensemble_acc_before_deletion": 0.5318000316619873,
  "epsilon": "\u221e",
  "indicator": 1,
  "lengths_after_deletion": [
    3688,
    3737,
    3575,
    4243,
    4118,
    4294
  ],
  "rng": [
    1910641746,
    3612501749
  ],
  "shard_prediction_precision": 0.22711029648780823,
  "shard_prediction_recall": 0.2303749918937683
}