{
  "accs_after_deletion": [
    0.4366000294685364,
    0.4280000329017639,
    0.43300002813339233,
    0.41940000653266907,
    0.4174000322818756,
    0.43780001997947693
  ],
  "accs_before_deletion": [
    0.4448000192642212,
    0.46800002455711365,
    0.4464000165462494,
    0.45420002937316895,
    0.45160001516342163,
    0.4538000226020813
  ],
  "delta": 5.0886316442113006e-05,
  "ensemble_acc_after_deletion": 0.49560001492500305,
  "ensemble_acc_before_deletion": 0.5232000350952148,
  "epsilon": "\u221e",
  "indicator": 0,
  "lengths_after_deletion": [
    3668,
    3349,
    3642,
    4097,
    4107,
    4092
  ],
  "rng": [
    1945224011,
    2392885569
  ],
  "shard_prediction_precision": 0.23094430565834045,
  "shard_prediction_recall": 0.2409999966621399
}