{
  "accs_after_deletion": [
    0.4220000207424164,
    0.4254000186920166,
    0.40620002150535583,
    0.43160003423690796,
    0.4246000349521637,
    0.43140003085136414
  ],
  "accs_before_deletion": [
    0.457800030708313,
    0.46060001850128174,
    0.46800002455711365,
    0.46060001850128174,
    0.4798000156879425,
    0.46220001578330994
  ],
  "delta": 5.0886316442113006e-05,
  "ensemble_acc_after_deletion": 0.49240002036094666,
  "ensemble_acc_before_deletion": 0.5294000506401062,
  "epsilon": "\u221e",
  "indicator": 1,
  "lengths_after_deletion": [
    3418,
    3399,
    3352,
    3940,
    3987,
    4002
  ],
  "rng": [
    2002968758,
    2450646082
  ],
  "shard_prediction_precision": 0.2314879149198532,
  "shard_prediction_recall": 0.24983333051204681
}