{
  "accs_after_deletion": [
    0.42160001397132874,
    0.41860002279281616,
    0.44300001859664917,
    0.4342000186443329,
    0.4472000300884247,
    0.4196000099182129
  ],
  "accs_before_deletion": [
    0.44940000772476196,
    0.4492000341415405,
    0.46240001916885376,
    0.45900002121925354,
    0.46800002455711365,
    0.4662000238895416
  ],
  "delta": 5.0886316442113006e-05,
  "ensemble_acc_after_deletion": 0.4912000298500061,
  "ensemble_acc_before_deletion": 0.5258000493049622,
  "epsilon": "\u221e",
  "indicator": 1,
  "lengths_after_deletion": [
    3615,
    3758,
    3548,
    4256,
    4184,
    4264
  ],
  "rng": [
    2013675775,
    4033280773
  ],
  "shard_prediction_precision": 0.2326153963804245,
  "shard_prediction_recall": 0.23624999821186066
}