{
  "accs_after_deletion": [
    0.4166000187397003,
    0.4284000098705292,
    0.4318000078201294,
    0.4318000078201294,
    0.4230000078678131,
    0.426800012588501
  ],
  "accs_before_deletion": [
    0.46980002522468567,
    0.457800030708313,
    0.46560001373291016,
    0.4716000258922577,
    0.45840001106262207,
    0.4662000238895416
  ],
  "delta": 5.0886316442113006e-05,
  "ensemble_acc_after_deletion": 0.48820000886917114,
  "ensemble_acc_before_deletion": 0.5232000350952148,
  "epsilon": "\u221e",
  "indicator": 1,
  "lengths_after_deletion": [
    3467,
    3654,
    3447,
    4102,
    3946,
    4012
  ],
  "rng": [
    2038020404,
    2945577195
  ],
  "shard_prediction_precision": 0.22272583842277527,
  "shard_prediction_recall": 0.23545832931995392
}