{
  "accs_after_deletion": [
    0.42180001735687256,
    0.4394000172615051,
    0.4418000280857086,
    0.41920003294944763,
    0.435200035572052,
    0.4222000241279602
  ],
  "accs_before_deletion": [
    0.46700000762939453,
    0.45920002460479736,
    0.4546000361442566,
    0.45500001311302185,
    0.4764000177383423,
    0.45900002121925354
  ],
  "delta": 5.0886316442113006e-05,
  "ensemble_acc_after_deletion": 0.49400001764297485,
  "ensemble_acc_before_deletion": 0.5234000086784363,
  "epsilon": "\u221e",
  "indicator": 0,
  "lengths_after_deletion": [
    3542,
    3442,
    3461,
    4021,
    4059,
    4078
  ],
  "rng": [
    2040626187,
    301152772
  ],
  "shard_prediction_precision": 0.22372721135616302,
  "shard_prediction_recall": 0.23674999177455902
}