{
  "accs_after_deletion": [
    0.42980003356933594,
    0.4300000071525574,
    0.42980003356933594,
    0.4360000193119049,
    0.44140002131462097,
    0.4488000273704529
  ],
  "accs_before_deletion": [
    0.4636000096797943,
    0.4650000333786011,
    0.45260003209114075,
    0.45820000767707825,
    0.4718000292778015,
    0.4686000347137451
  ],
  "delta": 5.0886316442113006e-05,
  "ensemble_acc_after_deletion": 0.5014000535011292,
  "ensemble_acc_before_deletion": 0.5216000080108643,
  "epsilon": "\u221e",
  "indicator": 1,
  "lengths_after_deletion": [
    3892,
    3750,
    3848,
    4434,
    4289,
    4305
  ],
  "rng": [
    2062049795,
    1040173883
  ],
  "shard_prediction_precision": 0.22408652305603027,
  "shard_prediction_recall": 0.21924999356269836
}