{
  "accs_after_deletion": [
    0.4114000201225281,
    0.41220003366470337,
    0.4000000059604645,
    0.4302000105381012,
    0.4252000153064728,
    0.4270000159740448
  ],
  "accs_before_deletion": [
    0.46720001101493835,
    0.47360002994537354,
    0.4636000096797943,
    0.4668000340461731,
    0.46480002999305725,
    0.4490000307559967
  ],
  "delta": 5.0886316442113006e-05,
  "ensemble_acc_after_deletion": 0.4700000286102295,
  "ensemble_acc_before_deletion": 0.5216000080108643,
  "epsilon": "\u221e",
  "indicator": 1,
  "lengths_after_deletion": [
    3377,
    3428,
    3392,
    3998,
    3946,
    4087
  ],
  "rng": [
    2141469708,
    868772787
  ],
  "shard_prediction_precision": 0.226718932390213,
  "shard_prediction_recall": 0.2434583306312561
}