{
  "accs_after_deletion": [
    0.4320000112056732,
    0.4394000172615051,
    0.4212000072002411,
    0.4326000213623047,
    0.43080002069473267,
    0.43480002880096436
  ],
  "accs_before_deletion": [
    0.4610000252723694,
    0.46640002727508545,
    0.46300002932548523,
    0.4702000319957733,
    0.45500001311302185,
    0.467600017786026
  ],
  "delta": 5.0886316442113006e-05,
  "ensemble_acc_after_deletion": 0.4970000088214874,
  "ensemble_acc_before_deletion": 0.5254000425338745,
  "epsilon": "\u221e",
  "indicator": 1,
  "lengths_after_deletion": [
    3831,
    3854,
    3824,
    4445,
    4405,
    4553
  ],
  "rng": [
    2181597645,
    3097630174
  ],
  "shard_prediction_precision": 0.23159216344356537,
  "shard_prediction_recall": 0.2227916568517685
}