{
  "accs_after_deletion": [
    0.44040003418922424,
    0.42500001192092896,
    0.45260003209114075,
    0.43160003423690796,
    0.43720000982284546,
    0.44680002331733704
  ],
  "accs_before_deletion": [
    0.46480002999305725,
    0.46960002183914185,
    0.45280003547668457,
    0.47280001640319824,
    0.45280003547668457,
    0.45760002732276917
  ],
  "delta": 5.0886316442113006e-05,
  "ensemble_acc_after_deletion": 0.5031999945640564,
  "ensemble_acc_before_deletion": 0.5212000012397766,
  "epsilon": "\u221e",
  "indicator": 0,
  "lengths_after_deletion": [
    4010,
    3920,
    3811,
    4480,
    4477,
    4519
  ],
  "rng": [
    2186265636,
    1619787386
  ],
  "shard_prediction_precision": 0.22705525159835815,
  "shard_prediction_recall": 0.21554166078567505
}