{
  "accs_after_deletion": [
    0.42340001463890076,
    0.43400001525878906,
    0.4288000166416168,
    0.44140002131462097,
    0.42760002613067627,
    0.42080003023147583
  ],
  "accs_before_deletion": [
    0.4536000192165375,
    0.46080002188682556,
    0.46560001373291016,
    0.46720001101493835,
    0.459600031375885,
    0.45020002126693726
  ],
  "delta": 5.0886316442113006e-05,
  "ensemble_acc_after_deletion": 0.4896000325679779,
  "ensemble_acc_before_deletion": 0.5272000432014465,
  "epsilon": "\u221e",
  "indicator": 1,
  "lengths_after_deletion": [
    3869,
    3841,
    3846,
    4405,
    4480,
    4425
  ],
  "rng": [
    2198103312,
    3130194216
  ],
  "shard_prediction_precision": 0.23069940507411957,
  "shard_prediction_recall": 0.22237499058246613
}