{
  "accs_after_deletion": [
    0.430400013923645,
    0.41440001130104065,
    0.4320000112056732,
    0.42580002546310425,
    0.406000018119812,
    0.4164000153541565
  ],
  "accs_before_deletion": [
    0.4642000198364258,
    0.4756000339984894,
    0.4644000232219696,
    0.4434000253677368,
    0.45420002937316895,
    0.4554000198841095
  ],
  "delta": 5.0886316442113006e-05,
  "ensemble_acc_after_deletion": 0.48100003600120544,
  "ensemble_acc_before_deletion": 0.5254000425338745,
  "epsilon": "\u221e",
  "indicator": 0,
  "lengths_after_deletion": [
    3490,
    3216,
    3430,
    3869,
    3971,
    3985
  ],
  "rng": [
    2260315386,
    2133785445
  ],
  "shard_prediction_precision": 0.22873380780220032,
  "shard_prediction_recall": 0.24816666543483734
}