{
  "accs_after_deletion": [
    0.4166000187397003,
    0.4296000301837921,
    0.41780000925064087,
    0.42080003023147583,
    0.4166000187397003,
    0.41920003294944763
  ],
  "accs_before_deletion": [
    0.4392000138759613,
    0.465800017118454,
    0.45900002121925354,
    0.4748000204563141,
    0.47120001912117004,
    0.45820000767707825
  ],
  "delta": 5.0886316442113006e-05,
  "ensemble_acc_after_deletion": 0.4854000210762024,
  "ensemble_acc_before_deletion": 0.5312000513076782,
  "epsilon": "\u221e",
  "indicator": 0,
  "lengths_after_deletion": [
    3648,
    3654,
    3597,
    4134,
    4267,
    4188
  ],
  "rng": [
    2262364388,
    4136812892
  ],
  "shard_prediction_precision": 0.2333550900220871,
  "shard_prediction_recall": 0.2383333295583725
}