{
  "accs_after_deletion": [
    0.4124000072479248,
    0.40300002694129944,
    0.4086000323295593,
    0.4108000099658966,
    0.4074000120162964,
    0.41760000586509705
  ],
  "accs_before_deletion": [
    0.45100003480911255,
    0.46400001645088196,
    0.4702000319957733,
    0.45500001311302185,
    0.46000000834465027,
    0.46540001034736633
  ],
  "delta": 5.0886316442113006e-05,
  "ensemble_acc_after_deletion": 0.46640002727508545,
  "ensemble_acc_before_deletion": 0.5260000228881836,
  "epsilon": "\u221e",
  "indicator": 1,
  "lengths_after_deletion": [
    3317,
    3331,
    3353,
    3930,
    3951,
    3967
  ],
  "rng": [
    2291886100,
    3299556038
  ],
  "shard_prediction_precision": 0.22836603224277496,
  "shard_prediction_recall": 0.2488333284854889
}