{
  "accs_after_deletion": [
    0.394400030374527,
    0.4100000262260437,
    0.40300002694129944,
    0.39640000462532043,
    0.4156000316143036,
    0.41200003027915955
  ],
  "accs_before_deletion": [
    0.4668000340461731,
    0.46640002727508545,
    0.46980002522468567,
    0.45420002937316895,
    0.4552000164985657,
    0.47140002250671387
  ],
  "delta": 5.0886316442113006e-05,
  "ensemble_acc_after_deletion": 0.46820002794265747,
  "ensemble_acc_before_deletion": 0.5278000235557556,
  "epsilon": "\u221e",
  "indicator": 1,
  "lengths_after_deletion": [
    3077,
    3060,
    3103,
    3649,
    3579,
    3770
  ],
  "rng": [
    2397292253,
    102032112
  ],
  "shard_prediction_precision": 0.22955839335918427,
  "shard_prediction_recall": 0.265541672706604
}