{
  "accs_after_deletion": [
    0.4326000213623047,
    0.4442000091075897,
    0.44680002331733704,
    0.4418000280857086,
    0.4344000220298767,
    0.4488000273704529
  ],
  "accs_before_deletion": [
    0.459600031375885,
    0.46540001034736633,
    0.4690000116825104,
    0.4490000307559967,
    0.46720001101493835,
    0.47460001707077026
  ],
  "delta": 5.0886316442113006e-05,
  "ensemble_acc_after_deletion": 0.5058000087738037,
  "ensemble_acc_before_deletion": 0.527400016784668,
  "epsilon": "\u221e",
  "indicator": 1,
  "lengths_after_deletion": [
    3629,
    3739,
    3767,
    4277,
    4337,
    4361
  ],
  "rng": [
    2422336777,
    1640038455
  ],
  "shard_prediction_precision": 0.2291753888130188,
  "shard_prediction_recall": 0.22812499105930328
}