{
  "accs_after_deletion": [
    0.4580000340938568,
    0.43340003490448,
    0.4384000301361084,
    0.4466000199317932,
    0.44360002875328064,
    0.4384000301361084
  ],
  "accs_before_deletion": [
    0.46220001578330994,
    0.4668000340461731,
    0.4536000192165375,
    0.4538000226020813,
    0.4646000266075134,
    0.4490000307559967
  ],
  "delta": 5.0886316442113006e-05,
  "ensemble_acc_after_deletion": 0.5042000412940979,
  "ensemble_acc_before_deletion": 0.5234000086784363,
  "epsilon": "\u221e",
  "indicator": 0,
  "lengths_after_deletion": [
    3998,
    3982,
    3930,
    4544,
    4619,
    4658
  ],
  "rng": [
    242340433,
    609913142
  ],
  "shard_prediction_precision": 0.2293771654367447,
  "shard_prediction_recall": 0.21283333003520966
}