{
  "accs_after_deletion": [
    0.43560001254081726,
    0.44380003213882446,
    0.4402000308036804,
    0.4366000294685364,
    0.44460001587867737,
    0.4536000192165375
  ],
  "accs_before_deletion": [
    0.4702000319957733,
    0.45440003275871277,
    0.45340001583099365,
    0.454800009727478,
    0.484000027179718,
    0.4678000211715698
  ],
  "delta": 5.0886316442113006e-05,
  "ensemble_acc_after_deletion": 0.509600043296814,
  "ensemble_acc_before_deletion": 0.5300000309944153,
  "epsilon": "\u221e",
  "indicator": 1,
  "lengths_after_deletion": [
    3750,
    3729,
    3867,
    4279,
    4392,
    4333
  ],
  "rng": [
    2424746391,
    4200583304
  ],
  "shard_prediction_precision": 0.22959831357002258,
  "shard_prediction_recall": 0.22624999284744263
}