{
  "accs_after_deletion": [
    0.4256000220775604,
    0.4240000247955322,
    0.41780000925064087,
    0.4212000072002411,
    0.4082000255584717,
    0.4114000201225281
  ],
  "accs_before_deletion": [
    0.4618000090122223,
    0.4666000306606293,
    0.45260003209114075,
    0.4674000144004822,
    0.4628000259399414,
    0.4538000226020813
  ],
  "delta": 5.0886316442113006e-05,
  "ensemble_acc_after_deletion": 0.4856000244617462,
  "ensemble_acc_before_deletion": 0.5268000364303589,
  "epsilon": "\u221e",
  "indicator": 0,
  "lengths_after_deletion": [
    3345,
    3362,
    3400,
    3988,
    4008,
    3897
  ],
  "rng": [
    2533583050,
    132263759
  ],
  "shard_prediction_precision": 0.23015384376049042,
  "shard_prediction_recall": 0.24933333694934845
}