{
  "accs_after_deletion": [
    0.41380003094673157,
    0.41100001335144043,
    0.40780001878738403,
    0.43400001525878906,
    0.42600002884864807,
    0.41380003094673157
  ],
  "accs_before_deletion": [
    0.45840001106262207,
    0.4634000360965729,
    0.4472000300884247,
    0.45320001244544983,
    0.45180001854896545,
    0.4660000205039978
  ],
  "delta": 5.0886316442113006e-05,
  "ensemble_acc_after_deletion": 0.48500001430511475,
  "ensemble_acc_before_deletion": 0.5120000243186951,
  "epsilon": "\u221e",
  "indicator": 1,
  "lengths_after_deletion": [
    3402,
    3380,
    3582,
    3912,
    4097,
    4048
  ],
  "rng": [
    2551119203,
    182788089
  ],
  "shard_prediction_precision": 0.22463738918304443,
  "shard_prediction_recall": 0.23941665887832642
}