{
  "accs_after_deletion": [
    0.4280000329017639,
    0.42920002341270447,
    0.4296000301837921,
    0.42760002613067627,
    0.430400013923645,
    0.4350000321865082
  ],
  "accs_before_deletion": [
    0.45440003275871277,
    0.44520002603530884,
    0.4564000070095062,
    0.46160003542900085,
    0.45420002937316895,
    0.46700000762939453
  ],
  "delta": 5.0886316442113006e-05,
  "ensemble_acc_after_deletion": 0.49000000953674316,
  "ensemble_acc_before_deletion": 0.5224000215530396,
  "epsilon": "\u221e",
  "indicator": 1,
  "lengths_after_deletion": [
    3770,
    3723,
    3726,
    4313,
    4227,
    4343
  ],
  "rng": [
    25581642,
    1729392562
  ],
  "shard_prediction_precision": 0.22667168080806732,
  "shard_prediction_recall": 0.22570833563804626
}