{
  "accs_after_deletion": [
    0.42740002274513245,
    0.420600026845932,
    0.415800005197525,
    0.4312000274658203,
    0.41040003299713135,
    0.4214000105857849
  ],
  "accs_before_deletion": [
    0.46060001850128174,
    0.4620000123977661,
    0.4666000306606293,
    0.46380001306533813,
    0.4626000225543976,
    0.4540000259876251
  ],
  "delta": 5.0886316442113006e-05,
  "ensemble_acc_after_deletion": 0.484000027179718,
  "ensemble_acc_before_deletion": 0.527400016784668,
  "epsilon": "\u221e",
  "indicator": 0,
  "lengths_after_deletion": [
    3952,
    3808,
    3877,
    4539,
    4576,
    4428
  ],
  "rng": [
    2581551628,
    2454810795
  ],
  "shard_prediction_precision": 0.23334793746471405,
  "shard_prediction_recall": 0.22187499701976776
}