{
  "accs_after_deletion": [
    0.4238000214099884,
    0.41260001063346863,
    0.42580002546310425,
    0.42920002341270447,
    0.4300000071525574,
    0.4262000322341919
  ],
  "accs_before_deletion": [
    0.43960002064704895,
    0.4540000259876251,
    0.4662000238895416,
    0.459600031375885,
    0.46540001034736633,
    0.4572000205516815
  ],
  "delta": 5.0886316442113006e-05,
  "ensemble_acc_after_deletion": 0.48660001158714294,
  "ensemble_acc_before_deletion": 0.526199996471405,
  "epsilon": "\u221e",
  "indicator": 1,
  "lengths_after_deletion": [
    3723,
    3670,
    3586,
    4294,
    4301,
    4220
  ],
  "rng": [
    2604789403,
    3987365413
  ],
  "shard_prediction_precision": 0.2270098328590393,
  "shard_prediction_recall": 0.22895832359790802
}