{
  "accs_after_deletion": [
    0.4254000186920166,
    0.42580002546310425,
    0.4220000207424164,
    0.42260003089904785,
    0.4230000078678131,
    0.43460002541542053
  ],
  "accs_before_deletion": [
    0.45440003275871277,
    0.47760000824928284,
    0.4464000165462494,
    0.44120001792907715,
    0.4610000252723694,
    0.46000000834465027
  ],
  "delta": 5.0886316442113006e-05,
  "ensemble_acc_after_deletion": 0.48740002512931824,
  "ensemble_acc_before_deletion": 0.5152000188827515,
  "epsilon": "\u221e",
  "indicator": 1,
  "lengths_after_deletion": [
    3679,
    3592,
    3764,
    4310,
    4274,
    4370
  ],
  "rng": [
    2617587676,
    3734524222
  ],
  "shard_prediction_precision": 0.22656282782554626,
  "shard_prediction_recall": 0.226666659116745
}