{
  "accs_after_deletion": [
    0.43240001797676086,
    0.4204000234603882,
    0.4220000207424164,
    0.43780001997947693,
    0.4256000220775604,
    0.4402000308036804
  ],
  "accs_before_deletion": [
    0.44840002059936523,
    0.4832000136375427,
    0.4686000347137451,
    0.4674000144004822,
    0.4650000333786011,
    0.45900002121925354
  ],
  "delta": 5.0886316442113006e-05,
  "ensemble_acc_after_deletion": 0.49340003728866577,
  "ensemble_acc_before_deletion": 0.5300000309944153,
  "epsilon": "\u221e",
  "indicator": 1,
  "lengths_after_deletion": [
    3687,
    3598,
    3632,
    4231,
    4161,
    4242
  ],
  "rng": [
    262624009,
    2531254437
  ],
  "shard_prediction_precision": 0.2299889624118805,
  "shard_prediction_recall": 0.2342916578054428
}