{
  "accs_after_deletion": [
    0.4390000104904175,
    0.42320001125335693,
    0.4254000186920166,
    0.41600000858306885,
    0.4294000267982483,
    0.4146000146865845
  ],
  "accs_before_deletion": [
    0.4610000252723694,
    0.459600031375885,
    0.459600031375885,
    0.46080002188682556,
    0.4520000219345093,
    0.4716000258922577
  ],
  "delta": 5.0886316442113006e-05,
  "ensemble_acc_after_deletion": 0.4904000163078308,
  "ensemble_acc_before_deletion": 0.5288000106811523,
  "epsilon": "\u221e",
  "indicator": 0,
  "lengths_after_deletion": [
    3767,
    3687,
    3611,
    4291,
    4216,
    4329
  ],
  "rng": [
    2634754608,
    1694279268
  ],
  "shard_prediction_precision": 0.22959460318088531,
  "shard_prediction_recall": 0.2305416613817215
}