{
  "accs_after_deletion": [
    0.42580002546310425,
    0.41780000925064087,
    0.42760002613067627,
    0.42740002274513245,
    0.41780000925064087,
    0.42260003089904785
  ],
  "accs_before_deletion": [
    0.45680001378059387,
    0.4702000319957733,
    0.46000000834465027,
    0.45740002393722534,
    0.4612000286579132,
    0.45820000767707825
  ],
  "delta": 5.0886316442113006e-05,
  "ensemble_acc_after_deletion": 0.48180001974105835,
  "ensemble_acc_before_deletion": 0.524399995803833,
  "epsilon": "\u221e",
  "indicator": 0,
  "lengths_after_deletion": [
    3457,
    3419,
    3476,
    4097,
    4061,
    4223
  ],
  "rng": [
    266670609,
    1385049447
  ],
  "shard_prediction_precision": 0.22859856486320496,
  "shard_prediction_recall": 0.24066665768623352
}