{
  "accs_after_deletion": [
    0.4312000274658203,
    0.4246000349521637,
    0.4142000079154968,
    0.42160001397132874,
    0.42820000648498535,
    0.415800005197525
  ],
  "accs_before_deletion": [
    0.4636000096797943,
    0.47860002517700195,
    0.46060001850128174,
    0.4652000367641449,
    0.45680001378059387,
    0.45920002460479736
  ],
  "delta": 5.0886316442113006e-05,
  "ensemble_acc_after_deletion": 0.4808000326156616,
  "ensemble_acc_before_deletion": 0.52920001745224,
  "epsilon": "\u221e",
  "indicator": 0,
  "lengths_after_deletion": [
    3616,
    3504,
    3611,
    4217,
    4229,
    4142
  ],
  "rng": [
    2671417629,
    1423366713
  ],
  "shard_prediction_precision": 0.2312304973602295,
  "shard_prediction_recall": 0.23779165744781494
}