{
  "accs_after_deletion": [
    0.4474000334739685,
    0.42740002274513245,
    0.4350000321865082,
    0.4386000335216522,
    0.44760000705718994,
    0.4390000104904175
  ],
  "accs_before_deletion": [
    0.4472000300884247,
    0.459600031375885,
    0.45680001378059387,
    0.45580002665519714,
    0.46720001101493835,
    0.4508000314235687
  ],
  "delta": 5.0886316442113006e-05,
  "ensemble_acc_after_deletion": 0.5038000345230103,
  "ensemble_acc_before_deletion": 0.5200000405311584,
  "epsilon": "\u221e",
  "indicator": 1,
  "lengths_after_deletion": [
    3785,
    3874,
    3981,
    4459,
    4537,
    4533
  ],
  "rng": [
    2688338179,
    3334266940
  ],
  "shard_prediction_precision": 0.2308265119791031,
  "shard_prediction_recall": 0.21958333253860474
}