{
  "accs_after_deletion": [
    0.42000001668930054,
    0.415800005197525,
    0.4166000187397003,
    0.4228000342845917,
    0.4392000138759613,
    0.43540000915527344
  ],
  "accs_before_deletion": [
    0.453000009059906,
    0.4524000287055969,
    0.46320003271102905,
    0.4602000117301941,
    0.4570000171661377,
    0.4536000192165375
  ],
  "delta": 5.0886316442113006e-05,
  "ensemble_acc_after_deletion": 0.492000013589859,
  "ensemble_acc_before_deletion": 0.5182000398635864,
  "epsilon": "\u221e",
  "indicator": 1,
  "lengths_after_deletion": [
    3489,
    3413,
    3576,
    4108,
    4108,
    4119
  ],
  "rng": [
    2693108789,
    2933476030
  ],
  "shard_prediction_precision": 0.2330964356660843,
  "shard_prediction_recall": 0.2446250021457672
}