{
  "accs_after_deletion": [
    0.4140000343322754,
    0.4240000247955322,
    0.42320001125335693,
    0.428600013256073,
    0.4326000213623047,
    0.4228000342845917
  ],
  "accs_before_deletion": [
    0.46380001306533813,
    0.44620001316070557,
    0.46380001306533813,
    0.4660000205039978,
    0.4546000361442566,
    0.45600003004074097
  ],
  "delta": 5.0886316442113006e-05,
  "ensemble_acc_after_deletion": 0.48000001907348633,
  "ensemble_acc_before_deletion": 0.5242000222206116,
  "epsilon": "\u221e",
  "indicator": 1,
  "lengths_after_deletion": [
    3725,
    3704,
    3670,
    4305,
    4335,
    4307
  ],
  "rng": [
    2711102031,
    3218140315
  ],
  "shard_prediction_precision": 0.23428237438201904,
  "shard_prediction_recall": 0.23383332788944244
}