{
  "accs_after_deletion": [
    0.42240002751350403,
    0.435200035572052,
    0.4262000322341919,
    0.43700000643730164,
    0.44680002331733704,
    0.4408000111579895
  ],
  "accs_before_deletion": [
    0.4506000280380249,
    0.4646000266075134,
    0.465800017118454,
    0.443200021982193,
    0.4660000205039978,
    0.4554000198841095
  ],
  "delta": 5.0886316442113006e-05,
  "ensemble_acc_after_deletion": 0.5,
  "ensemble_acc_before_deletion": 0.5157999992370605,
  "epsilon": "\u221e",
  "indicator": 1,
  "lengths_after_deletion": [
    3703,
    3737,
    3690,
    4198,
    4224,
    4270
  ],
  "rng": [
    2735864264,
    947094248
  ],
  "shard_prediction_precision": 0.2201174646615982,
  "shard_prediction_recall": 0.22174999117851257
}