{
  "accs_after_deletion": [
    0.4272000193595886,
    0.4222000241279602,
    0.4090000092983246,
    0.4236000180244446,
    0.4368000328540802,
    0.4098000228404999
  ],
  "accs_before_deletion": [
    0.4646000266075134,
    0.46220001578330994,
    0.46720001101493835,
    0.4660000205039978,
    0.45680001378059387,
    0.4706000089645386
  ],
  "delta": 5.0886316442113006e-05,
  "ensemble_acc_after_deletion": 0.47860002517700195,
  "ensemble_acc_before_deletion": 0.532200038433075,
  "epsilon": "\u221e",
  "indicator": 1,
  "lengths_after_deletion": [
    3582,
    3611,
    3539,
    4185,
    4260,
    4217
  ],
  "rng": [
    2766478002,
    1001386067
  ],
  "shard_prediction_precision": 0.2309599220752716,
  "shard_prediction_recall": 0.2367916703224182
}