{
  "accs_after_deletion": [
    0.398000031709671,
    0.4058000147342682,
    0.3954000174999237,
    0.4124000072479248,
    0.4102000296115875,
    0.398000031709671
  ],
  "accs_before_deletion": [
    0.4556000232696533,
    0.46820002794265747,
    0.47380003333091736,
    0.4508000314235687,
    0.4666000306606293,
    0.45580002665519714
  ],
  "delta": 5.0886316442113006e-05,
  "ensemble_acc_after_deletion": 0.45980003476142883,
  "ensemble_acc_before_deletion": 0.5228000283241272,
  "epsilon": "\u221e",
  "indicator": 1,
  "lengths_after_deletion": [
    3203,
    3313,
    3263,
    3794,
    3892,
    3890
  ],
  "rng": [
    2932419857,
    4271794560
  ],
  "shard_prediction_precision": 0.2254081517457962,
  "shard_prediction_recall": 0.2502500116825104
}