{
  "accs_after_deletion": [
    0.4084000289440155,
    0.3996000289916992,
    0.4108000099658966,
    0.40080001950263977,
    0.4212000072002411,
    0.4140000343322754
  ],
  "accs_before_deletion": [
    0.4474000334739685,
    0.4700000286102295,
    0.46300002932548523,
    0.4718000292778015,
    0.4716000258922577,
    0.45740002393722534
  ],
  "delta": 5.0886316442113006e-05,
  "ensemble_acc_after_deletion": 0.4708000123500824,
  "ensemble_acc_before_deletion": 0.5336000323295593,
  "epsilon": "\u221e",
  "indicator": 1,
  "lengths_after_deletion": [
    3297,
    3325,
    3299,
    3916,
    3961,
    3933
  ],
  "rng": [
    2960827600,
    566368795
  ],
  "shard_prediction_precision": 0.23034754395484924,
  "shard_prediction_recall": 0.25212499499320984
}