{
  "accs_after_deletion": [
    0.41360002756118774,
    0.4116000235080719,
    0.4050000309944153,
    0.4294000267982483,
    0.42820000648498535,
    0.4358000159263611
  ],
  "accs_before_deletion": [
    0.47040003538131714,
    0.46000000834465027,
    0.44840002059936523,
    0.46300002932548523,
    0.4642000198364258,
    0.4506000280380249
  ],
  "delta": 5.0886316442113006e-05,
  "ensemble_acc_after_deletion": 0.4718000292778015,
  "ensemble_acc_before_deletion": 0.5218000411987305,
  "epsilon": "\u221e",
  "indicator": 1,
  "lengths_after_deletion": [
    3431,
    3419,
    3434,
    3921,
    4011,
    4020
  ],
  "rng": [
    3037870224,
    1107161398
  ],
  "shard_prediction_precision": 0.22585779428482056,
  "shard_prediction_recall": 0.24245832860469818
}