{
  "accs_after_deletion": [
    0.43160003423690796,
    0.435200035572052,
    0.4458000063896179,
    0.4284000098705292,
    0.43640002608299255,
    0.4296000301837921
  ],
  "accs_before_deletion": [
    0.45840001106262207,
    0.4706000089645386,
    0.46560001373291016,
    0.4562000334262848,
    0.4604000151157379,
    0.46160003542900085
  ],
  "delta": 5.0886316442113006e-05,
  "ensemble_acc_after_deletion": 0.49480003118515015,
  "ensemble_acc_before_deletion": 0.5236000418663025,
  "epsilon": "\u221e",
  "indicator": 0,
  "lengths_after_deletion": [
    3562,
    3667,
    3664,
    4213,
    4205,
    4228
  ],
  "rng": [
    3093612145,
    2319700517
  ],
  "shard_prediction_precision": 0.23568129539489746,
  "shard_prediction_recall": 0.24020832777023315
}