{
  "accs_after_deletion": [
    0.4284000098705292,
    0.43540000915527344,
    0.4252000153064728,
    0.4280000329017639,
    0.43160003423690796,
    0.44140002131462097
  ],
  "accs_before_deletion": [
    0.46880000829696655,
    0.4666000306606293,
    0.45100003480911255,
    0.4662000238895416,
    0.45280003547668457,
    0.4620000123977661
  ],
  "delta": 5.0886316442113006e-05,
  "ensemble_acc_after_deletion": 0.4904000163078308,
  "ensemble_acc_before_deletion": 0.5206000208854675,
  "epsilon": "\u221e",
  "indicator": 1,
  "lengths_after_deletion": [
    3755,
    3728,
    3683,
    4358,
    4304,
    4321
  ],
  "rng": [
    3118606795,
    3959055734
  ],
  "shard_prediction_precision": 0.23332355916500092,
  "shard_prediction_recall": 0.2318750023841858
}