{
  "accs_after_deletion": [
    0.4472000300884247,
    0.4280000329017639,
    0.4302000105381012,
    0.4300000071525574,
    0.4238000214099884,
    0.4374000132083893
  ],
  "accs_before_deletion": [
    0.46480002999305725,
    0.4686000347137451,
    0.4556000232696533,
    0.46820002794265747,
    0.4690000116825104,
    0.4580000340938568
  ],
  "delta": 5.0886316442113006e-05,
  "ensemble_acc_after_deletion": 0.4926000237464905,
  "ensemble_acc_before_deletion": 0.5332000255584717,
  "epsilon": "\u221e",
  "indicator": 0,
  "lengths_after_deletion": [
    3867,
    3831,
    3761,
    4395,
    4341,
    4351
  ],
  "rng": [
    3121568957,
    433794636
  ],
  "shard_prediction_precision": 0.22848980128765106,
  "shard_prediction_recall": 0.22329166531562805
}