{
  "accs_after_deletion": [
    0.42500001192092896,
    0.40460002422332764,
    0.41120001673698425,
    0.43300002813339233,
    0.4406000077724457,
    0.4086000323295593
  ],
  "accs_before_deletion": [
    0.4772000312805176,
    0.45740002393722534,
    0.4540000259876251,
    0.46080002188682556,
    0.46480002999305725,
    0.43400001525878906
  ],
  "delta": 5.0886316442113006e-05,
  "ensemble_acc_after_deletion": 0.4702000319957733,
  "ensemble_acc_before_deletion": 0.5268000364303589,
  "epsilon": "\u221e",
  "indicator": 1,
  "lengths_after_deletion": [
    3541,
    3578,
    3588,
    4265,
    4158,
    4265
  ],
  "rng": [
    3190939598,
    1013740393
  ],
  "shard_prediction_precision": 0.23231050372123718,
  "shard_prediction_recall": 0.2381666600704193
}