{
  "accs_after_deletion": [
    0.4336000084877014,
    0.42580002546310425,
    0.4212000072002411,
    0.44520002603530884,
    0.4300000071525574,
    0.43640002608299255
  ],
  "accs_before_deletion": [
    0.46560001373291016,
    0.465800017118454,
    0.4652000367641449,
    0.47540003061294556,
    0.4748000204563141,
    0.46820002794265747
  ],
  "delta": 5.0886316442113006e-05,
  "ensemble_acc_after_deletion": 0.48740002512931824,
  "ensemble_acc_before_deletion": 0.5332000255584717,
  "epsilon": "\u221e",
  "indicator": 1,
  "lengths_after_deletion": [
    3940,
    3896,
    3929,
    4544,
    4462,
    4433
  ],
  "rng": [
    3291001657,
    71509278
  ],
  "shard_prediction_precision": 0.22758378088474274,
  "shard_prediction_recall": 0.2161666601896286
}