{
  "accs_after_deletion": [
    0.4254000186920166,
    0.430400013923645,
    0.4382000267505646,
    0.43080002069473267,
    0.428600013256073,
    0.4416000247001648
  ],
  "accs_before_deletion": [
    0.4666000306606293,
    0.4700000286102295,
    0.45760002732276917,
    0.4490000307559967,
    0.4660000205039978,
    0.44600000977516174
  ],
  "delta": 5.0886316442113006e-05,
  "ensemble_acc_after_deletion": 0.49380001425743103,
  "ensemble_acc_before_deletion": 0.5224000215530396,
  "epsilon": "\u221e",
  "indicator": 1,
  "lengths_after_deletion": [
    3644,
    3573,
    3671,
    4208,
    4220,
    4098
  ],
  "rng": [
    3311409256,
    3054844319
  ],
  "shard_prediction_precision": 0.22781257331371307,
  "shard_prediction_recall": 0.23337499797344208
}