{
  "accs_after_deletion": [
    0.4182000160217285,
    0.41940000653266907,
    0.4174000322818756,
    0.415800005197525,
    0.41860002279281616,
    0.43220001459121704
  ],
  "accs_before_deletion": [
    0.4556000232696533,
    0.47440001368522644,
    0.4458000063896179,
    0.46220001578330994,
    0.46380001306533813,
    0.45820000767707825
  ],
  "delta": 5.0886316442113006e-05,
  "ensemble_acc_after_deletion": 0.48600003123283386,
  "ensemble_acc_before_deletion": 0.5196000337600708,
  "epsilon": "\u221e",
  "indicator": 1,
  "lengths_after_deletion": [
    3562,
    3534,
    3501,
    4177,
    4056,
    4021
  ],
  "rng": [
    331999259,
    2734288499
  ],
  "shard_prediction_precision": 0.23054595291614532,
  "shard_prediction_recall": 0.24158333241939545
}