{
  "accs_after_deletion": [
    0.42340001463890076,
    0.42980003356933594,
    0.4156000316143036,
    0.4212000072002411,
    0.4390000104904175,
    0.4320000112056732
  ],
  "accs_before_deletion": [
    0.4480000138282776,
    0.4732000231742859,
    0.44840002059936523,
    0.45900002121925354,
    0.4522000253200531,
    0.4674000144004822
  ],
  "delta": 5.0886316442113006e-05,
  "ensemble_acc_after_deletion": 0.48420003056526184,
  "ensemble_acc_before_deletion": 0.5184000134468079,
  "epsilon": "\u221e",
  "indicator": 1,
  "lengths_after_deletion": [
    3781,
    3541,
    3640,
    4348,
    4347,
    4268
  ],
  "rng": [
    3319589323,
    1982553728
  ],
  "shard_prediction_precision": 0.23048804700374603,
  "shard_prediction_recall": 0.23120832443237305
}