{
  "accs_after_deletion": [
    0.42180001735687256,
    0.4294000267982483,
    0.41860002279281616,
    0.42480000853538513,
    0.4108000099658966,
    0.4236000180244446
  ],
  "accs_before_deletion": [
    0.47040003538131714,
    0.469400018453598,
    0.4716000258922577,
    0.46080002188682556,
    0.4650000333786011,
    0.45580002665519714
  ],
  "delta": 5.0886316442113006e-05,
  "ensemble_acc_after_deletion": 0.4862000346183777,
  "ensemble_acc_before_deletion": 0.5342000126838684,
  "epsilon": "\u221e",
  "indicator": 0,
  "lengths_after_deletion": [
    3644,
    3496,
    3619,
    4240,
    4242,
    4229
  ],
  "rng": [
    3350670172,
    955615243
  ],
  "shard_prediction_precision": 0.23061557114124298,
  "shard_prediction_recall": 0.2357083261013031
}