{
  "accs_after_deletion": [
    0.44620001316070557,
    0.4386000335216522,
    0.4392000138759613,
    0.4366000294685364,
    0.4538000226020813,
    0.44860002398490906
  ],
  "accs_before_deletion": [
    0.45020002126693726,
    0.453000009059906,
    0.45420002937316895,
    0.4620000123977661,
    0.4642000198364258,
    0.45760002732276917
  ],
  "delta": 5.0886316442113006e-05,
  "ensemble_acc_after_deletion": 0.4994000196456909,
  "ensemble_acc_before_deletion": 0.522599995136261,
  "epsilon": "\u221e",
  "indicator": 1,
  "lengths_after_deletion": [
    3858,
    3853,
    3728,
    4475,
    4331,
    4430
  ],
  "rng": [
    3361934131,
    1953387497
  ],
  "shard_prediction_precision": 0.2303108274936676,
  "shard_prediction_recall": 0.2238333374261856
}