{
  "accs_after_deletion": [
    0.42480000853538513,
    0.4408000111579895,
    0.42600002884864807,
    0.4392000138759613,
    0.43640002608299255,
    0.42920002341270447
  ],
  "accs_before_deletion": [
    0.47680002450942993,
    0.44540002942085266,
    0.4612000286579132,
    0.4562000334262848,
    0.4742000102996826,
    0.4594000279903412
  ],
  "delta": 5.0886316442113006e-05,
  "ensemble_acc_after_deletion": 0.4952000379562378,
  "ensemble_acc_before_deletion": 0.525600016117096,
  "epsilon": "\u221e",
  "indicator": 1,
  "lengths_after_deletion": [
    3576,
    3642,
    3445,
    4127,
    4242,
    4163
  ],
  "rng": [
    33864435,
    1838283407
  ],
  "shard_prediction_precision": 0.2320096641778946,
  "shard_prediction_recall": 0.2397916615009308
}