{
  "accs_after_deletion": [
    0.4066000282764435,
    0.42320001125335693,
    0.42240002751350403,
    0.41760000586509705,
    0.4240000247955322,
    0.40880000591278076
  ],
  "accs_before_deletion": [
    0.46480002999305725,
    0.45580002665519714,
    0.45840001106262207,
    0.443200021982193,
    0.457800030708313,
    0.4536000192165375
  ],
  "delta": 5.0886316442113006e-05,
  "ensemble_acc_after_deletion": 0.4750000238418579,
  "ensemble_acc_before_deletion": 0.5182000398635864,
  "epsilon": "\u221e",
  "indicator": 0,
  "lengths_after_deletion": [
    3402,
    3355,
    3526,
    3976,
    4035,
    3784
  ],
  "rng": [
    3405610009,
    3154598906
  ],
  "shard_prediction_precision": 0.22764445841312408,
  "shard_prediction_recall": 0.24587500095367432
}