{
  "accs_after_deletion": [
    0.42640000581741333,
    0.43340003490448,
    0.43320003151893616,
    0.43140003085136414,
    0.4320000112056732,
    0.4272000193595886
  ],
  "accs_before_deletion": [
    0.4570000171661377,
    0.47440001368522644,
    0.46400001645088196,
    0.454800009727478,
    0.4556000232696533,
    0.4628000259399414
  ],
  "delta": 5.0886316442113006e-05,
  "ensemble_acc_after_deletion": 0.4960000216960907,
  "ensemble_acc_before_deletion": 0.5224000215530396,
  "epsilon": "\u221e",
  "indicator": 0,
  "lengths_after_deletion": [
    3666,
    3588,
    3567,
    4193,
    4218,
    4228
  ],
  "rng": [
    3422382313,
    2571895642
  ],
  "shard_prediction_precision": 0.2311328500509262,
  "shard_prediction_recall": 0.23633332550525665
}