{
  "accs_after_deletion": [
    0.4326000213623047,
    0.430400013923645,
    0.42760002613067627,
    0.4342000186443329,
    0.43800002336502075,
    0.42980003356933594
  ],
  "accs_before_deletion": [
    0.469400018453598,
    0.44540002942085266,
    0.44760000705718994,
    0.46700000762939453,
    0.46880000829696655,
    0.46540001034736633
  ],
  "delta": 5.0886316442113006e-05,
  "ensemble_acc_after_deletion": 0.4926000237464905,
  "ensemble_acc_before_deletion": 0.5306000113487244,
  "epsilon": "\u221e",
  "indicator": 1,
  "lengths_after_deletion": [
    3925,
    3919,
    3832,
    4451,
    4533,
    4505
  ],
  "rng": [
    3452518846,
    849314303
  ],
  "shard_prediction_precision": 0.22789578139781952,
  "shard_prediction_recall": 0.21683333814144135
}