{
  "accs_after_deletion": [
    0.42240002751350403,
    0.4296000301837921,
    0.4230000078678131,
    0.43220001459121704,
    0.43880000710487366,
    0.4386000335216522
  ],
  "accs_before_deletion": [
    0.45660001039505005,
    0.46380001306533813,
    0.44140002131462097,
    0.4546000361442566,
    0.4618000090122223,
    0.4634000360965729
  ],
  "delta": 5.0886316442113006e-05,
  "ensemble_acc_after_deletion": 0.503600001335144,
  "ensemble_acc_before_deletion": 0.5208000540733337,
  "epsilon": "\u221e",
  "indicator": 1,
  "lengths_after_deletion": [
    3907,
    3750,
    3813,
    4462,
    4374,
    4438
  ],
  "rng": [
    3488386504,
    2568016672
  ],
  "shard_prediction_precision": 0.22755418717861176,
  "shard_prediction_recall": 0.22049999237060547
}