{
  "accs_after_deletion": [
    0.4350000321865082,
    0.44380003213882446,
    0.43560001254081726,
    0.44200003147125244,
    0.43700000643730164,
    0.4394000172615051
  ],
  "accs_before_deletion": [
    0.47360002994537354,
    0.45920002460479736,
    0.45320001244544983,
    0.46380001306533813,
    0.46800002455711365,
    0.46720001101493835
  ],
  "delta": 5.0886316442113006e-05,
  "ensemble_acc_after_deletion": 0.506600022315979,
  "ensemble_acc_before_deletion": 0.5272000432014465,
  "epsilon": "\u221e",
  "indicator": 1,
  "lengths_after_deletion": [
    3780,
    3823,
    3822,
    4432,
    4453,
    4329
  ],
  "rng": [
    352195527,
    3929801834
  ],
  "shard_prediction_precision": 0.22965626418590546,
  "shard_prediction_recall": 0.22354166209697723
}