{
  "accs_after_deletion": [
    0.40700000524520874,
    0.43220001459121704,
    0.4180000126361847,
    0.42080003023147583,
    0.41360002756118774,
    0.41600000858306885
  ],
  "accs_before_deletion": [
    0.4750000238418579,
    0.46320003271102905,
    0.4570000171661377,
    0.46980002522468567,
    0.46240001916885376,
    0.4536000192165375
  ],
  "delta": 5.0886316442113006e-05,
  "ensemble_acc_after_deletion": 0.48840001225471497,
  "ensemble_acc_before_deletion": 0.5315999984741211,
  "epsilon": "\u221e",
  "indicator": 0,
  "lengths_after_deletion": [
    3177,
    3113,
    3205,
    3734,
    3742,
    3780
  ],
  "rng": [
    3525768461,
    21127293
  ],
  "shard_prediction_precision": 0.22870564460754395,
  "shard_prediction_recall": 0.25966665148735046
}