{
  "accs_after_deletion": [
    0.4406000077724457,
    0.4270000159740448,
    0.41700002551078796,
    0.4440000355243683,
    0.4336000084877014,
    0.4278000295162201
  ],
  "accs_before_deletion": [
    0.45420002937316895,
    0.44300001859664917,
    0.4610000252723694,
    0.4618000090122223,
    0.4612000286579132,
    0.4552000164985657
  ],
  "delta": 5.0886316442113006e-05,
  "ensemble_acc_after_deletion": 0.4788000285625458,
  "ensemble_acc_before_deletion": 0.5200000405311584,
  "epsilon": "\u221e",
  "indicator": 1,
  "lengths_after_deletion": [
    3917,
    3808,
    3774,
    4363,
    4265,
    4505
  ],
  "rng": [
    3545419338,
    3246568946
  ],
  "shard_prediction_precision": 0.22372475266456604,
  "shard_prediction_recall": 0.21783332526683807
}