{
  "accs_after_deletion": [
    0.42080003023147583,
    0.43160003423690796,
    0.4204000234603882,
    0.41920003294944763,
    0.4180000126361847,
    0.42820000648498535
  ],
  "accs_before_deletion": [
    0.47200003266334534,
    0.4602000117301941,
    0.47700002789497375,
    0.46800002455711365,
    0.44280001521110535,
    0.469400018453598
  ],
  "delta": 5.0886316442113006e-05,
  "ensemble_acc_after_deletion": 0.4788000285625458,
  "ensemble_acc_before_deletion": 0.5222000479698181,
  "epsilon": "\u221e",
  "indicator": 0,
  "lengths_after_deletion": [
    3416,
    3527,
    3544,
    4113,
    3985,
    4086
  ],
  "rng": [
    3583118481,
    727990788
  ],
  "shard_prediction_precision": 0.22890757024288177,
  "shard_prediction_recall": 0.24158333241939545
}