{
  "accs_after_deletion": [
    0.3986000120639801,
    0.38420000672340393,
    0.4106000065803528,
    0.4058000147342682,
    0.4174000322818756,
    0.40480002760887146
  ],
  "accs_before_deletion": [
    0.4594000279903412,
    0.4716000258922577,
    0.46060001850128174,
    0.46220001578330994,
    0.4652000367641449,
    0.457800030708313
  ],
  "delta": 5.0886316442113006e-05,
  "ensemble_acc_after_deletion": 0.4644000232219696,
  "ensemble_acc_before_deletion": 0.5286000370979309,
  "epsilon": "\u221e",
  "indicator": 1,
  "lengths_after_deletion": [
    3052,
    3011,
    3019,
    3613,
    3715,
    3562
  ],
  "rng": [
    3637303214,
    2175366025
  ],
  "shard_prediction_precision": 0.22902098298072815,
  "shard_prediction_recall": 0.26745831966400146
}