{
  "accs_after_deletion": [
    0.4272000193595886,
    0.4326000213623047,
    0.42580002546310425,
    0.41940000653266907,
    0.435200035572052,
    0.4182000160217285
  ],
  "accs_before_deletion": [
    0.4612000286579132,
    0.46540001034736633,
    0.4594000279903412,
    0.46800002455711365,
    0.4692000150680542,
    0.4506000280380249
  ],
  "delta": 5.0886316442113006e-05,
  "ensemble_acc_after_deletion": 0.48920002579689026,
  "ensemble_acc_before_deletion": 0.5254000425338745,
  "epsilon": "\u221e",
  "indicator": 0,
  "lengths_after_deletion": [
    3601,
    3569,
    3449,
    4085,
    4058,
    4234
  ],
  "rng": [
    3644158675,
    3836818165
  ],
  "shard_prediction_precision": 0.22860343754291534,
  "shard_prediction_recall": 0.2381666600704193
}