{
  "accs_after_deletion": [
    0.41880002617836,
    0.42900002002716064,
    0.4350000321865082,
    0.43460002541542053,
    0.4302000105381012,
    0.4326000213623047
  ],
  "accs_before_deletion": [
    0.46800002455711365,
    0.46080002188682556,
    0.46080002188682556,
    0.4618000090122223,
    0.4618000090122223,
    0.46080002188682556
  ],
  "delta": 5.0886316442113006e-05,
  "ensemble_acc_after_deletion": 0.49400001764297485,
  "ensemble_acc_before_deletion": 0.5318000316619873,
  "epsilon": "\u221e",
  "indicator": 1,
  "lengths_after_deletion": [
    3827,
    3649,
    3654,
    4354,
    4300,
    4199
  ],
  "rng": [
    3678930440,
    1730499654
  ],
  "shard_prediction_precision": 0.23183578252792358,
  "shard_prediction_recall": 0.23199999332427979
}