{
  "accs_after_deletion": [
    0.39240002632141113,
    0.3946000039577484,
    0.42160001397132874,
    0.4174000322818756,
    0.40420001745224,
    0.41440001130104065
  ],
  "accs_before_deletion": [
    0.4504000246524811,
    0.4796000123023987,
    0.46060001850128174,
    0.45260003209114075,
    0.4556000232696533,
    0.4406000077724457
  ],
  "delta": 5.0886316442113006e-05,
  "ensemble_acc_after_deletion": 0.4684000313282013,
  "ensemble_acc_before_deletion": 0.5184000134468079,
  "epsilon": "\u221e",
  "indicator": 1,
  "lengths_after_deletion": [
    3236,
    3288,
    3242,
    3892,
    3698,
    3824
  ],
  "rng": [
    3698593767,
    1480716331
  ],
  "shard_prediction_precision": 0.22774049639701843,
  "shard_prediction_recall": 0.25450000166893005
}