{
  "accs_after_deletion": [
    0.41120001673698425,
    0.4196000099182129,
    0.42000001668930054,
    0.42160001397132874,
    0.4262000322341919,
    0.4146000146865845
  ],
  "accs_before_deletion": [
    0.4634000360965729,
    0.4798000156879425,
    0.4646000266075134,
    0.46000000834465027,
    0.4708000123500824,
    0.45260003209114075
  ],
  "delta": 5.0886316442113006e-05,
  "ensemble_acc_after_deletion": 0.47940000891685486,
  "ensemble_acc_before_deletion": 0.5342000126838684,
  "epsilon": "\u221e",
  "indicator": 1,
  "lengths_after_deletion": [
    3571,
    3647,
    3542,
    4242,
    4315,
    4201
  ],
  "rng": [
    3702013681,
    2957268159
  ],
  "shard_prediction_precision": 0.23335513472557068,
  "shard_prediction_recall": 0.23804166913032532
}