{
  "accs_after_deletion": [
    0.43560001254081726,
    0.4236000180244446,
    0.43700000643730164,
    0.4320000112056732,
    0.43080002069473267,
    0.43320003151893616
  ],
  "accs_before_deletion": [
    0.4652000367641449,
    0.46060001850128174,
    0.4636000096797943,
    0.47940000891685486,
    0.4496000111103058,
    0.4602000117301941
  ],
  "delta": 5.0886316442113006e-05,
  "ensemble_acc_after_deletion": 0.48260003328323364,
  "ensemble_acc_before_deletion": 0.5196000337600708,
  "epsilon": "\u221e",
  "indicator": 0,
  "lengths_after_deletion": [
    3406,
    3491,
    3540,
    4132,
    3992,
    4127
  ],
  "rng": [
    375186309,
    2483944708
  ],
  "shard_prediction_precision": 0.23313051462173462,
  "shard_prediction_recall": 0.24587500095367432
}