{
  "accs_after_deletion": [
    0.40320003032684326,
    0.4190000295639038,
    0.4172000288963318,
    0.4272000193595886,
    0.42600002884864807,
    0.4228000342845917
  ],
  "accs_before_deletion": [
    0.47280001640319824,
    0.46380001306533813,
    0.4556000232696533,
    0.47300001978874207,
    0.4610000252723694,
    0.4434000253677368
  ],
  "delta": 5.0886316442113006e-05,
  "ensemble_acc_after_deletion": 0.4798000156879425,
  "ensemble_acc_before_deletion": 0.531000018119812,
  "epsilon": "\u221e",
  "indicator": 1,
  "lengths_after_deletion": [
    3548,
    3525,
    3679,
    4200,
    4284,
    4268
  ],
  "rng": [
    3753155105,
    287517032
  ],
  "shard_prediction_precision": 0.2332625836133957,
  "shard_prediction_recall": 0.23808333277702332
}