{
  "accs_after_deletion": [
    0.41280001401901245,
    0.42080003023147583,
    0.41040003299713135,
    0.4196000099182129,
    0.41880002617836,
    0.42320001125335693
  ],
  "accs_before_deletion": [
    0.4662000238895416,
    0.4788000285625458,
    0.4644000232219696,
    0.46240001916885376,
    0.4552000164985657,
    0.459600031375885
  ],
  "delta": 5.0886316442113006e-05,
  "ensemble_acc_after_deletion": 0.47380003333091736,
  "ensemble_acc_before_deletion": 0.5266000032424927,
  "epsilon": "\u221e",
  "indicator": 1,
  "lengths_after_deletion": [
    3546,
    3484,
    3467,
    4105,
    4154,
    4208
  ],
  "rng": [
    3772776121,
    3992256677
  ],
  "shard_prediction_precision": 0.23002876341342926,
  "shard_prediction_recall": 0.23995833098888397
}