{
  "accs_after_deletion": [
    0.4386000335216522,
    0.4390000104904175,
    0.41880002617836,
    0.430400013923645,
    0.43300002813339233,
    0.4368000328540802
  ],
  "accs_before_deletion": [
    0.45020002126693726,
    0.445000022649765,
    0.4594000279903412,
    0.45760002732276917,
    0.4626000225543976,
    0.45900002121925354
  ],
  "delta": 5.0886316442113006e-05,
  "ensemble_acc_after_deletion": 0.5038000345230103,
  "ensemble_acc_before_deletion": 0.526199996471405,
  "epsilon": "\u221e",
  "indicator": 1,
  "lengths_after_deletion": [
    4020,
    3893,
    3921,
    4535,
    4471,
    4579
  ],
  "rng": [
    3773474643,
    936697064
  ],
  "shard_prediction_precision": 0.22735927999019623,
  "shard_prediction_recall": 0.21391665935516357
}