{
  "accs_after_deletion": [
    0.43160003423690796,
    0.4228000342845917,
    0.4318000078201294,
    0.43460002541542053,
    0.42500001192092896,
    0.4284000098705292
  ],
  "accs_before_deletion": [
    0.467600017786026,
    0.45280003547668457,
    0.4774000346660614,
    0.4488000273704529,
    0.45100003480911255,
    0.4490000307559967
  ],
  "delta": 5.0886316442113006e-05,
  "ensemble_acc_after_deletion": 0.48740002512931824,
  "ensemble_acc_before_deletion": 0.5224000215530396,
  "epsilon": "\u221e",
  "indicator": 1,
  "lengths_after_deletion": [
    3759,
    3611,
    3621,
    4224,
    4285,
    4219
  ],
  "rng": [
    3785191826,
    643387193
  ],
  "shard_prediction_precision": 0.22968576848506927,
  "shard_prediction_recall": 0.23237499594688416
}