{
  "accs_after_deletion": [
    0.4406000077724457,
    0.4390000104904175,
    0.4228000342845917,
    0.4464000165462494,
    0.4392000138759613,
    0.45100003480911255
  ],
  "accs_before_deletion": [
    0.46060001850128174,
    0.46480002999305725,
    0.46720001101493835,
    0.4628000259399414,
    0.4536000192165375,
    0.4742000102996826
  ],
  "delta": 5.0886316442113006e-05,
  "ensemble_acc_after_deletion": 0.5072000026702881,
  "ensemble_acc_before_deletion": 0.5286000370979309,
  "epsilon": "\u221e",
  "indicator": 1,
  "lengths_after_deletion": [
    3830,
    3739,
    3807,
    4356,
    4348,
    4472
  ],
  "rng": [
    3797299756,
    2822110570
  ],
  "shard_prediction_precision": 0.23051005601882935,
  "shard_prediction_recall": 0.2252083271741867
}