{
  "accs_after_deletion": [
    0.43460002541542053,
    0.43800002336502075,
    0.42920002341270447,
    0.4392000138759613,
    0.43640002608299255,
    0.4280000329017639
  ],
  "accs_before_deletion": [
    0.45280003547668457,
    0.46540001034736633,
    0.4594000279903412,
    0.4644000232219696,
    0.47120001912117004,
    0.45760002732276917
  ],
  "delta": 5.0886316442113006e-05,
  "ensemble_acc_after_deletion": 0.5010000467300415,
  "ensemble_acc_before_deletion": 0.5212000012397766,
  "epsilon": "\u221e",
  "indicator": 1,
  "lengths_after_deletion": [
    3528,
    3465,
    3477,
    4198,
    4108,
    4126
  ],
  "rng": [
    3846856559,
    40814081
  ],
  "shard_prediction_precision": 0.2369910031557083,
  "shard_prediction_recall": 0.24783332645893097
}