{
  "accs_after_deletion": [
    0.4312000274658203,
    0.4402000308036804,
    0.4228000342845917,
    0.4398000240325928,
    0.4256000220775604,
    0.4480000138282776
  ],
  "accs_before_deletion": [
    0.47700002789497375,
    0.4618000090122223,
    0.45500001311302185,
    0.46080002188682556,
    0.46140003204345703,
    0.44620001316070557
  ],
  "delta": 5.0886316442113006e-05,
  "ensemble_acc_after_deletion": 0.4974000155925751,
  "ensemble_acc_before_deletion": 0.5198000073432922,
  "epsilon": "\u221e",
  "indicator": 1,
  "lengths_after_deletion": [
    3714,
    3780,
    3750,
    4341,
    4420,
    4321
  ],
  "rng": [
    3919251588,
    2670123972
  ],
  "shard_prediction_precision": 0.2305060476064682,
  "shard_prediction_recall": 0.22737500071525574
}