{
  "accs_after_deletion": [
    0.44360002875328064,
    0.4368000328540802,
    0.4386000335216522,
    0.4310000240802765,
    0.4442000091075897,
    0.44200003147125244
  ],
  "accs_before_deletion": [
    0.45760002732276917,
    0.4586000144481659,
    0.4520000219345093,
    0.45500001311302185,
    0.4750000238418579,
    0.467600017786026
  ],
  "delta": 5.0886316442113006e-05,
  "ensemble_acc_after_deletion": 0.5040000081062317,
  "ensemble_acc_before_deletion": 0.5230000019073486,
  "epsilon": "\u221e",
  "indicator": 0,
  "lengths_after_deletion": [
    3987,
    4149,
    4043,
    4630,
    4649,
    4529
  ],
  "rng": [
    3930634379,
    802713701
  ],
  "shard_prediction_precision": 0.22232317924499512,
  "shard_prediction_recall": 0.20391666889190674
}