{
  "accs_after_deletion": [
    0.4350000321865082,
    0.4434000253677368,
    0.4366000294685364,
    0.4244000315666199,
    0.4312000274658203,
    0.420600026845932
  ],
  "accs_before_deletion": [
    0.4620000123977661,
    0.4572000205516815,
    0.4504000246524811,
    0.47040003538131714,
    0.45840001106262207,
    0.4554000198841095
  ],
  "delta": 5.0886316442113006e-05,
  "ensemble_acc_after_deletion": 0.498600035905838,
  "ensemble_acc_before_deletion": 0.5290000438690186,
  "epsilon": "\u221e",
  "indicator": 0,
  "lengths_after_deletion": [
    3731,
    3704,
    3864,
    4382,
    4395,
    4263
  ],
  "rng": [
    3967814026,
    1991879953
  ],
  "shard_prediction_precision": 0.2300409972667694,
  "shard_prediction_recall": 0.22679166495800018
}