{
  "accs_after_deletion": [
    0.42500001192092896,
    0.40960001945495605,
    0.420600026845932,
    0.4204000234603882,
    0.42660000920295715,
    0.4302000105381012
  ],
  "accs_before_deletion": [
    0.457800030708313,
    0.4708000123500824,
    0.4646000266075134,
    0.4524000287055969,
    0.45740002393722534,
    0.4602000117301941
  ],
  "delta": 5.0886316442113006e-05,
  "ensemble_acc_after_deletion": 0.4820000231266022,
  "ensemble_acc_before_deletion": 0.5182000398635864,
  "epsilon": "\u221e",
  "indicator": 1,
  "lengths_after_deletion": [
    3729,
    3616,
    3513,
    4149,
    4256,
    4302
  ],
  "rng": [
    3973914584,
    1473664980
  ],
  "shard_prediction_precision": 0.23535911738872528,
  "shard_prediction_recall": 0.2396249920129776
}