{
  "accs_after_deletion": [
    0.4254000186920166,
    0.4296000301837921,
    0.4270000159740448,
    0.4318000078201294,
    0.4270000159740448,
    0.43460002541542053
  ],
  "accs_before_deletion": [
    0.45020002126693726,
    0.4684000313282013,
    0.46700000762939453,
    0.45180001854896545,
    0.459600031375885,
    0.467600017786026
  ],
  "delta": 5.0886316442113006e-05,
  "ensemble_acc_after_deletion": 0.4766000211238861,
  "ensemble_acc_before_deletion": 0.526199996471405,
  "epsilon": "\u221e",
  "indicator": 1,
  "lengths_after_deletion": [
    3875,
    3780,
    3774,
    4354,
    4356,
    4397
  ],
  "rng": [
    3974807852,
    2591652876
  ],
  "shard_prediction_precision": 0.2331656962633133,
  "shard_prediction_recall": 0.2279583364725113
}