{
  "accs_after_deletion": [
    0.4228000342845917,
    0.4066000282764435,
    0.42180001735687256,
    0.43720000982284546,
    0.4254000186920166,
    0.4254000186920166
  ],
  "accs_before_deletion": [
    0.453000009059906,
    0.4594000279903412,
    0.46720001101493835,
    0.4588000178337097,
    0.46700000762939453,
    0.45580002665519714
  ],
  "delta": 5.0886316442113006e-05,
  "ensemble_acc_after_deletion": 0.49220001697540283,
  "ensemble_acc_before_deletion": 0.5214000344276428,
  "epsilon": "\u221e",
  "indicator": 1,
  "lengths_after_deletion": [
    3588,
    3541,
    3629,
    4166,
    4120,
    4107
  ],
  "rng": [
    3979251699,
    4125338569
  ],
  "shard_prediction_precision": 0.22471730411052704,
  "shard_prediction_recall": 0.23266667127609253
}