{
  "accs_after_deletion": [
    0.4280000329017639,
    0.4302000105381012,
    0.4222000241279602,
    0.4278000295162201,
    0.4402000308036804,
    0.428600013256073
  ],
  "accs_before_deletion": [
    0.46480002999305725,
    0.4650000333786011,
    0.4642000198364258,
    0.4634000360965729,
    0.46300002932548523,
    0.46300002932548523
  ],
  "delta": 5.0886316442113006e-05,
  "ensemble_acc_after_deletion": 0.48440003395080566,
  "ensemble_acc_before_deletion": 0.5238000154495239,
  "epsilon": "\u221e",
  "indicator": 1,
  "lengths_after_deletion": [
    3800,
    3532,
    3663,
    4187,
    4121,
    4203
  ],
  "rng": [
    4026014212,
    1030011329
  ],
  "shard_prediction_precision": 0.22348330914974213,
  "shard_prediction_recall": 0.22808332741260529
}