{
  "accs_after_deletion": [
    0.4262000322341919,
    0.4020000100135803,
    0.4342000186443329,
    0.435200035572052,
    0.43400001525878906,
    0.41620001196861267
  ],
  "accs_before_deletion": [
    0.4662000238895416,
    0.4552000164985657,
    0.45100003480911255,
    0.4620000123977661,
    0.4564000070095062,
    0.4562000334262848
  ],
  "delta": 5.0886316442113006e-05,
  "ensemble_acc_after_deletion": 0.4878000319004059,
  "ensemble_acc_before_deletion": 0.5220000147819519,
  "epsilon": "\u221e",
  "indicator": 1,
  "lengths_after_deletion": [
    3588,
    3573,
    3733,
    4278,
    4171,
    4087
  ],
  "rng": [
    4065146783,
    2257906536
  ],
  "shard_prediction_precision": 0.2210826277732849,
  "shard_prediction_recall": 0.22633333504199982
}