{
  "accs_after_deletion": [
    0.4434000253677368,
    0.43240001797676086,
    0.4368000328540802,
    0.4318000078201294,
    0.4368000328540802,
    0.42500001192092896
  ],
  "accs_before_deletion": [
    0.457800030708313,
    0.469400018453598,
    0.465800017118454,
    0.45760002732276917,
    0.4620000123977661,
    0.4586000144481659
  ],
  "delta": 5.0886316442113006e-05,
  "ensemble_acc_after_deletion": 0.4984000325202942,
  "ensemble_acc_before_deletion": 0.5186000466346741,
  "epsilon": "\u221e",
  "indicator": 0,
  "lengths_after_deletion": [
    3735,
    3739,
    3719,
    4272,
    4445,
    4266
  ],
  "rng": [
    4096853766,
    1483504542
  ],
  "shard_prediction_precision": 0.22678811848163605,
  "shard_prediction_recall": 0.2251249998807907
}