{
  "accs_after_deletion": [
    0.43140003085136414,
    0.4196000099182129,
    0.4172000288963318,
    0.41620001196861267,
    0.4284000098705292,
    0.4102000296115875
  ],
  "accs_before_deletion": [
    0.4678000211715698,
    0.4652000367641449,
    0.45760002732276917,
    0.4644000232219696,
    0.46000000834465027,
    0.45820000767707825
  ],
  "delta": 5.0886316442113006e-05,
  "ensemble_acc_after_deletion": 0.47620001435279846,
  "ensemble_acc_before_deletion": 0.531000018119812,
  "epsilon": "\u221e",
  "indicator": 0,
  "lengths_after_deletion": [
    3685,
    3813,
    3768,
    4357,
    4369,
    4312
  ],
  "rng": [
    4124374786,
    3274642107
  ],
  "shard_prediction_precision": 0.2286461889743805,
  "shard_prediction_recall": 0.22574999928474426
}