{
  "accs_after_deletion": [
    0.41860002279281616,
    0.4132000207901001,
    0.42500001192092896,
    0.42480000853538513,
    0.4074000120162964,
    0.4270000159740448
  ],
  "accs_before_deletion": [
    0.47600001096725464,
    0.45500001311302185,
    0.45820000767707825,
    0.4588000178337097,
    0.4580000340938568,
    0.46560001373291016
  ],
  "delta": 5.0886316442113006e-05,
  "ensemble_acc_after_deletion": 0.47360002994537354,
  "ensemble_acc_before_deletion": 0.5306000113487244,
  "epsilon": "\u221e",
  "indicator": 1,
  "lengths_after_deletion": [
    3450,
    3582,
    3494,
    4099,
    4166,
    4216
  ],
  "rng": [
    4126470166,
    3365827471
  ],
  "shard_prediction_precision": 0.23330533504486084,
  "shard_prediction_recall": 0.24295833706855774
}