{
  "accs_after_deletion": [
    0.4174000322818756,
    0.4214000105857849,
    0.4174000322818756,
    0.41940000653266907,
    0.42900002002716064,
    0.41380003094673157
  ],
  "accs_before_deletion": [
    0.44760000705718994,
    0.4570000171661377,
    0.45440003275871277,
    0.45980003476142883,
    0.46220001578330994,
    0.4540000259876251
  ],
  "delta": 5.0886316442113006e-05,
  "ensemble_acc_after_deletion": 0.482200026512146,
  "ensemble_acc_before_deletion": 0.5154000520706177,
  "epsilon": "\u221e",
  "indicator": 1,
  "lengths_after_deletion": [
    3572,
    3274,
    3405,
    4082,
    3993,
    3990
  ],
  "rng": [
    4152901043,
    511020068
  ],
  "shard_prediction_precision": 0.22753465175628662,
  "shard_prediction_recall": 0.2434999942779541
}