{
  "accs_after_deletion": [
    0.4310000240802765,
    0.42480000853538513,
    0.41600000858306885,
    0.4386000335216522,
    0.4252000153064728,
    0.43240001797676086
  ],
  "accs_before_deletion": [
    0.4706000089645386,
    0.4766000211238861,
    0.46700000762939453,
    0.4556000232696533,
    0.45980003476142883,
    0.46720001101493835
  ],
  "delta": 5.0886316442113006e-05,
  "ensemble_acc_after_deletion": 0.4788000285625458,
  "ensemble_acc_before_deletion": 0.5284000039100647,
  "epsilon": "\u221e",
  "indicator": 1,
  "lengths_after_deletion": [
    3585,
    3597,
    3668,
    4193,
    4321,
    4151
  ],
  "rng": [
    4187680018,
    3660663679
  ],
  "shard_prediction_precision": 0.23157034814357758,
  "shard_prediction_recall": 0.23624999821186066
}