{
  "accs_after_deletion": [
    0.42320001125335693,
    0.4246000349521637,
    0.42240002751350403,
    0.43380001187324524,
    0.42920002341270447,
    0.4272000193595886
  ],
  "accs_before_deletion": [
    0.46640002727508545,
    0.4652000367641449,
    0.46700000762939453,
    0.4594000279903412,
    0.45420002937316895,
    0.47120001912117004
  ],
  "delta": 5.0886316442113006e-05,
  "ensemble_acc_after_deletion": 0.4962000250816345,
  "ensemble_acc_before_deletion": 0.5326000452041626,
  "epsilon": "\u221e",
  "indicator": 1,
  "lengths_after_deletion": [
    3701,
    3615,
    3646,
    4163,
    4276,
    4306
  ],
  "rng": [
    4198003876,
    3649417269
  ],
  "shard_prediction_precision": 0.23002509772777557,
  "shard_prediction_recall": 0.23283332586288452
}