{
  "accs_after_deletion": [
    0.4310000240802765,
    0.4394000172615051,
    0.41700002551078796,
    0.4312000274658203,
    0.4296000301837921,
    0.4244000315666199
  ],
  "accs_before_deletion": [
    0.4668000340461731,
    0.46820002794265747,
    0.46060001850128174,
    0.4684000313282013,
    0.47220003604888916,
    0.4482000172138214
  ],
  "delta": 5.0886316442113006e-05,
  "ensemble_acc_after_deletion": 0.4928000271320343,
  "ensemble_acc_before_deletion": 0.532200038433075,
  "epsilon": "\u221e",
  "indicator": 0,
  "lengths_after_deletion": [
    3745,
    3582,
    3562,
    4282,
    4309,
    4210
  ],
  "rng": [
    4254370248,
    350377153
  ],
  "shard_prediction_precision": 0.23488277196884155,
  "shard_prediction_recall": 0.23791666328907013
}