{
  "accs_after_deletion": [
    0.4318000078201294,
    0.43320003151893616,
    0.4270000159740448,
    0.4220000207424164,
    0.42600002884864807,
    0.41260001063346863
  ],
  "accs_before_deletion": [
    0.4700000286102295,
    0.4740000367164612,
    0.4780000150203705,
    0.4708000123500824,
    0.4626000225543976,
    0.46320003271102905
  ],
  "delta": 5.0886316442113006e-05,
  "ensemble_acc_after_deletion": 0.48100003600120544,
  "ensemble_acc_before_deletion": 0.5388000011444092,
  "epsilon": "\u221e",
  "indicator": 0,
  "lengths_after_deletion": [
    3592,
    3579,
    3605,
    4185,
    4159,
    4249
  ],
  "rng": [
    437459038,
    2480370473
  ],
  "shard_prediction_precision": 0.22504159808158875,
  "shard_prediction_recall": 0.23095832765102386
}