{
  "accs_after_deletion": [
    0.4102000296115875,
    0.40420001745224,
    0.4182000160217285,
    0.41920003294944763,
    0.4244000315666199,
    0.42920002341270447
  ],
  "accs_before_deletion": [
    0.4750000238418579,
    0.4756000339984894,
    0.4634000360965729,
    0.4644000232219696,
    0.4610000252723694,
    0.46480002999305725
  ],
  "delta": 5.0886316442113006e-05,
  "ensemble_acc_after_deletion": 0.48260003328323364,
  "ensemble_acc_before_deletion": 0.5333999991416931,
  "epsilon": "\u221e",
  "indicator": 1,
  "lengths_after_deletion": [
    3425,
    3312,
    3454,
    3999,
    4001,
    4058
  ],
  "rng": [
    482671985,
    2955408931
  ],
  "shard_prediction_precision": 0.22900082170963287,
  "shard_prediction_recall": 0.24570833146572113
}