{
  "accs_after_deletion": [
    0.40420001745224,
    0.41200003027915955,
    0.4164000153541565,
    0.41880002617836,
    0.4318000078201294,
    0.4180000126361847
  ],
  "accs_before_deletion": [
    0.46380001306533813,
    0.465800017118454,
    0.4556000232696533,
    0.4636000096797943,
    0.46080002188682556,
    0.454800009727478
  ],
  "delta": 5.0886316442113006e-05,
  "ensemble_acc_after_deletion": 0.47940000891685486,
  "ensemble_acc_before_deletion": 0.5296000242233276,
  "epsilon": "\u221e",
  "indicator": 1,
  "lengths_after_deletion": [
    3322,
    3356,
    3454,
    3896,
    4008,
    3989
  ],
  "rng": [
    527875097,
    3630437051
  ],
  "shard_prediction_precision": 0.2267949879169464,
  "shard_prediction_recall": 0.24545833468437195
}