{
  "accs_after_deletion": [
    0.4280000329017639,
    0.43080002069473267,
    0.4342000186443329,
    0.435200035572052,
    0.44860002398490906,
    0.42260003089904785
  ],
  "accs_before_deletion": [
    0.46560001373291016,
    0.45260003209114075,
    0.4514000117778778,
    0.46140003204345703,
    0.4684000313282013,
    0.46880000829696655
  ],
  "delta": 5.0886316442113006e-05,
  "ensemble_acc_after_deletion": 0.5016000270843506,
  "ensemble_acc_before_deletion": 0.5336000323295593,
  "epsilon": "\u221e",
  "indicator": 1,
  "lengths_after_deletion": [
    3853,
    3868,
    3845,
    4473,
    4443,
    4420
  ],
  "rng": [
    562130389,
    1276956581
  ],
  "shard_prediction_precision": 0.2285912185907364,
  "shard_prediction_recall": 0.2199999988079071
}