{
  "accs_after_deletion": [
    0.4368000328540802,
    0.4318000078201294,
    0.4244000315666199,
    0.4294000267982483,
    0.42260003089904785,
    0.42820000648498535
  ],
  "accs_before_deletion": [
    0.4674000144004822,
    0.4764000177383423,
    0.45840001106262207,
    0.4806000292301178,
    0.45980003476142883,
    0.4570000171661377
  ],
  "delta": 5.0886316442113006e-05,
  "ensemble_acc_after_deletion": 0.4962000250816345,
  "ensemble_acc_before_deletion": 0.532200038433075,
  "epsilon": "\u221e",
  "indicator": 0,
  "lengths_after_deletion": [
    3603,
    3665,
    3769,
    4223,
    4187,
    4225
  ],
  "rng": [
    625307484,
    415322560
  ],
  "shard_prediction_precision": 0.22681684792041779,
  "shard_prediction_recall": 0.22991666197776794
}