{
  "accs_after_deletion": [
    0.4256000220775604,
    0.42160001397132874,
    0.4272000193595886,
    0.4360000193119049,
    0.43160003423690796,
    0.4236000180244446
  ],
  "accs_before_deletion": [
    0.4594000279903412,
    0.4716000258922577,
    0.44620001316070557,
    0.45600003004074097,
    0.45580002665519714,
    0.4652000367641449
  ],
  "delta": 5.0886316442113006e-05,
  "ensemble_acc_after_deletion": 0.48840001225471497,
  "ensemble_acc_before_deletion": 0.5224000215530396,
  "epsilon": "\u221e",
  "indicator": 1,
  "lengths_after_deletion": [
    3646,
    3470,
    3596,
    4144,
    4148,
    4099
  ],
  "rng": [
    698326364,
    2250252581
  ],
  "shard_prediction_precision": 0.22934490442276,
  "shard_prediction_recall": 0.23791666328907013
}