{
  "accs_after_deletion": [
    0.4312000274658203,
    0.41780000925064087,
    0.40160003304481506,
    0.4254000186920166,
    0.4220000207424164,
    0.4204000234603882
  ],
  "accs_before_deletion": [
    0.46140003204345703,
    0.45600003004074097,
    0.45740002393722534,
    0.4646000266075134,
    0.46000000834465027,
    0.4580000340938568
  ],
  "delta": 5.0886316442113006e-05,
  "ensemble_acc_after_deletion": 0.4796000123023987,
  "ensemble_acc_before_deletion": 0.5228000283241272,
  "epsilon": "\u221e",
  "indicator": 1,
  "lengths_after_deletion": [
    3416,
    3334,
    3307,
    3975,
    4068,
    3947
  ],
  "rng": [
    701601435,
    3553320828
  ],
  "shard_prediction_precision": 0.23084035515785217,
  "shard_prediction_recall": 0.24962499737739563
}