{
  "accs_after_deletion": [
    0.41940000653266907,
    0.41700002551078796,
    0.4076000154018402,
    0.41880002617836,
    0.4156000316143036,
    0.4164000153541565
  ],
  "accs_before_deletion": [
    0.46380001306533813,
    0.4796000123023987,
    0.4674000144004822,
    0.4520000219345093,
    0.45820000767707825,
    0.4540000259876251
  ],
  "delta": 5.0886316442113006e-05,
  "ensemble_acc_after_deletion": 0.47520002722740173,
  "ensemble_acc_before_deletion": 0.5260000228881836,
  "epsilon": "\u221e",
  "indicator": 1,
  "lengths_after_deletion": [
    3322,
    3203,
    3260,
    3861,
    3860,
    3897
  ],
  "rng": [
    725182239,
    2724622581
  ],
  "shard_prediction_precision": 0.22886040806770325,
  "shard_prediction_recall": 0.2536250054836273
}