{
  "accs_after_deletion": [
    0.4408000111579895,
    0.44200003147125244,
    0.43700000643730164,
    0.4464000165462494,
    0.43560001254081726,
    0.43460002541542053
  ],
  "accs_before_deletion": [
    0.4700000286102295,
    0.4564000070095062,
    0.45820000767707825,
    0.46880000829696655,
    0.46220001578330994,
    0.46320003271102905
  ],
  "delta": 5.0886316442113006e-05,
  "ensemble_acc_after_deletion": 0.4912000298500061,
  "ensemble_acc_before_deletion": 0.5354000329971313,
  "epsilon": "\u221e",
  "indicator": 0,
  "lengths_after_deletion": [
    3822,
    3876,
    3790,
    4562,
    4418,
    4436
  ],
  "rng": [
    773388511,
    1663277396
  ],
  "shard_prediction_precision": 0.2293037623167038,
  "shard_prediction_recall": 0.22066666185855865
}