{
  "accs_after_deletion": [
    0.42580002546310425,
    0.4212000072002411,
    0.4130000174045563,
    0.42660000920295715,
    0.4262000322341919,
    0.415800005197525
  ],
  "accs_before_deletion": [
    0.459600031375885,
    0.47140002250671387,
    0.45440003275871277,
    0.4498000144958496,
    0.45440003275871277,
    0.44760000705718994
  ],
  "delta": 5.0886316442113006e-05,
  "ensemble_acc_after_deletion": 0.4798000156879425,
  "ensemble_acc_before_deletion": 0.5196000337600708,
  "epsilon": "\u221e",
  "indicator": 1,
  "lengths_after_deletion": [
    3603,
    3612,
    3645,
    4106,
    4131,
    4278
  ],
  "rng": [
    835610343,
    1490098801
  ],
  "shard_prediction_precision": 0.23293399810791016,
  "shard_prediction_recall": 0.23899999260902405
}