{
  "accs_after_deletion": [
    0.42340001463890076,
    0.41260001063346863,
    0.43340003490448,
    0.41860002279281616,
    0.4328000247478485,
    0.42900002002716064
  ],
  "accs_before_deletion": [
    0.4520000219345093,
    0.4644000232219696,
    0.4426000118255615,
    0.4588000178337097,
    0.4472000300884247,
    0.46300002932548523
  ],
  "delta": 5.0886316442113006e-05,
  "ensemble_acc_after_deletion": 0.4856000244617462,
  "ensemble_acc_before_deletion": 0.5228000283241272,
  "epsilon": "\u221e",
  "indicator": 1,
  "lengths_after_deletion": [
    3529,
    3393,
    3403,
    4083,
    4063,
    4081
  ],
  "rng": [
    851948975,
    2640183484
  ],
  "shard_prediction_precision": 0.22944827377796173,
  "shard_prediction_recall": 0.24329166114330292
}