{
  "accs_after_deletion": [
    0.41440001130104065,
    0.4118000268936157,
    0.42100003361701965,
    0.4386000335216522,
    0.43340003490448,
    0.41100001335144043
  ],
  "accs_before_deletion": [
    0.4812000095844269,
    0.4756000339984894,
    0.46000000834465027,
    0.46980002522468567,
    0.44760000705718994,
    0.46000000834465027
  ],
  "delta": 5.0886316442113006e-05,
  "ensemble_acc_after_deletion": 0.48500001430511475,
  "ensemble_acc_before_deletion": 0.5324000120162964,
  "epsilon": "\u221e",
  "indicator": 1,
  "lengths_after_deletion": [
    3437,
    3458,
    3482,
    4180,
    4069,
    4069
  ],
  "rng": [
    865247343,
    2570091840
  ],
  "shard_prediction_precision": 0.22892709076404572,
  "shard_prediction_recall": 0.24137499928474426
}