{
  "accs_after_deletion": [
    0.4310000240802765,
    0.44840002059936523,
    0.43380001187324524,
    0.44600000977516174,
    0.41700002551078796,
    0.44680002331733704
  ],
  "accs_before_deletion": [
    0.4556000232696533,
    0.46820002794265747,
    0.45840001106262207,
    0.4706000089645386,
    0.45340001583099365,
    0.4734000265598297
  ],
  "delta": 5.0886316442113006e-05,
  "ensemble_acc_after_deletion": 0.49720001220703125,
  "ensemble_acc_before_deletion": 0.5248000025749207,
  "epsilon": "\u221e",
  "indicator": 0,
  "lengths_after_deletion": [
    4028,
    4079,
    3795,
    4530,
    4543,
    4594
  ],
  "rng": [
    873891711,
    1052118372
  ],
  "shard_prediction_precision": 0.23137621581554413,
  "shard_prediction_recall": 0.2162500023841858
}