{
  "accs_after_deletion": [
    0.4472000300884247,
    0.43480002880096436,
    0.428600013256073,
    0.4594000279903412,
    0.4426000118255615,
    0.44200003147125244
  ],
  "accs_before_deletion": [
    0.4684000313282013,
    0.4652000367641449,
    0.45920002460479736,
    0.4650000333786011,
    0.4668000340461731,
    0.4702000319957733
  ],
  "delta": 5.0886316442113006e-05,
  "ensemble_acc_after_deletion": 0.49980002641677856,
  "ensemble_acc_before_deletion": 0.5315999984741211,
  "epsilon": "\u221e",
  "indicator": 1,
  "lengths_after_deletion": [
    3785,
    3836,
    3931,
    4331,
    4411,
    4416
  ],
  "rng": [
    916125362,
    673957834
  ],
  "shard_prediction_precision": 0.22743666172027588,
  "shard_prediction_recall": 0.22070832550525665
}