{
  "accs_after_deletion": [
    0.428600013256073,
    0.44940000772476196,
    0.4230000078678131,
    0.43480002880096436,
    0.4272000193595886,
    0.4410000145435333
  ],
  "accs_before_deletion": [
    0.4684000313282013,
    0.4644000232219696,
    0.4716000258922577,
    0.4626000225543976,
    0.4540000259876251,
    0.48500001430511475
  ],
  "delta": 5.0886316442113006e-05,
  "ensemble_acc_after_deletion": 0.4970000088214874,
  "ensemble_acc_before_deletion": 0.5315999984741211,
  "epsilon": "\u221e",
  "indicator": 1,
  "lengths_after_deletion": [
    3676,
    3585,
    3648,
    4314,
    4284,
    4351
  ],
  "rng": [
    936533476,
    3278627537
  ],
  "shard_prediction_precision": 0.23767708241939545,
  "shard_prediction_recall": 0.23908333480358124
}