{
  "accs_after_deletion": [
    0.43800002336502075,
    0.43880000710487366,
    0.4318000078201294,
    0.43480002880096436,
    0.43380001187324524,
    0.42480000853538513
  ],
  "accs_before_deletion": [
    0.45900002121925354,
    0.46380001306533813,
    0.45980003476142883,
    0.4594000279903412,
    0.4562000334262848,
    0.4492000341415405
  ],
  "delta": 5.0886316442113006e-05,
  "ensemble_acc_after_deletion": 0.49500003457069397,
  "ensemble_acc_before_deletion": 0.5228000283241272,
  "epsilon": "\u221e",
  "indicator": 0,
  "lengths_after_deletion": [
    3948,
    3761,
    3788,
    4460,
    4410,
    4471
  ],
  "rng": [
    959350083,
    1357267171
  ],
  "shard_prediction_precision": 0.23007512092590332,
  "shard_prediction_recall": 0.22204166650772095
}