{
  "accs_after_deletion": [
    0.4076000154018402,
    0.4130000174045563,
    0.4052000045776367,
    0.42820000648498535,
    0.3976000249385834,
    0.4252000153064728
  ],
  "accs_before_deletion": [
    0.4710000157356262,
    0.46480002999305725,
    0.4434000253677368,
    0.46560001373291016,
    0.45420002937316895,
    0.45980003476142883
  ],
  "delta": 5.0886316442113006e-05,
  "ensemble_acc_after_deletion": 0.4824000298976898,
  "ensemble_acc_before_deletion": 0.5236000418663025,
  "epsilon": "\u221e",
  "indicator": 1,
  "lengths_after_deletion": [
    3457,
    3444,
    3375,
    4100,
    3983,
    4051
  ],
  "rng": [
    970087350,
    1016095293
  ],
  "shard_prediction_precision": 0.22903478145599365,
  "shard_prediction_recall": 0.24420833587646484
}