{
  "accs_after_deletion": [
    0.7494000196456909,
    0.7736000418663025
  ],
  "accs_before_deletion": [
    0.7746000289916992,
    0.7746000289916992
  ],
  "delta": 6.982864657330156e-05,
  "ensemble_acc_after_deletion": 0.7610000371932983,
  "ensemble_acc_before_deletion": 0.7812000513076782,
  "epsilon": 17.093449239842762,
  "indicator": 1,
  "lengths_after_deletion": [
    2495,
    2828
  ],
  "rng": [
    11787588,
    223697140
  ],
  "shard_prediction_precision": 0.5249363780021667,
  "shard_prediction_recall": 0.5841666460037231
}