{
  "accs_after_deletion": [
    0.754800021648407,
    0.7532000541687012
  ],
  "accs_before_deletion": [
    0.7754000425338745,
    0.7638000249862671
  ],
  "delta": 6.982864657330156e-05,
  "ensemble_acc_after_deletion": 0.7588000297546387,
  "ensemble_acc_before_deletion": 0.7740000486373901,
  "epsilon": 17.093449239842762,
  "indicator": 0,
  "lengths_after_deletion": [
    2871,
    3228
  ],
  "rng": [
    128972465,
    3481058556
  ],
  "shard_prediction_precision": 0.5302491188049316,
  "shard_prediction_recall": 0.5214999914169312
}