{
  "accs_after_deletion": [
    0.7610000371932983,
    0.7564000487327576
  ],
  "accs_before_deletion": [
    0.7800000309944153,
    0.7754000425338745
  ],
  "delta": 6.982864657330156e-05,
  "ensemble_acc_after_deletion": 0.760200023651123,
  "ensemble_acc_before_deletion": 0.7830000519752502,
  "epsilon": 17.093449239842762,
  "indicator": 0,
  "lengths_after_deletion": [
    3263,
    3496
  ],
  "rng": [
    1325003495,
    681227699
  ],
  "shard_prediction_precision": 0.5222285985946655,
  "shard_prediction_recall": 0.45616665482521057
}