{
  "accs_after_deletion": [
    0.754800021648407,
    0.754800021648407
  ],
  "accs_before_deletion": [
    0.7762000560760498,
    0.785800039768219
  ],
  "delta": 6.982864657330156e-05,
  "ensemble_acc_after_deletion": 0.754800021648407,
  "ensemble_acc_before_deletion": 0.7884000539779663,
  "epsilon": 17.093449239842762,
  "indicator": 0,
  "lengths_after_deletion": [
    2391,
    2652
  ],
  "rng": [
    1333911826,
    2988102358
  ],
  "shard_prediction_precision": 0.5187581181526184,
  "shard_prediction_recall": 0.6014999747276306
}