{
  "accs_after_deletion": [
    0.7502000331878662,
    0.758400022983551
  ],
  "accs_before_deletion": [
    0.76500004529953,
    0.7746000289916992
  ],
  "delta": 6.982864657330156e-05,
  "ensemble_acc_after_deletion": 0.7590000629425049,
  "ensemble_acc_before_deletion": 0.7680000066757202,
  "epsilon": 17.093449239842762,
  "indicator": 1,
  "lengths_after_deletion": [
    2612,
    2988
  ],
  "rng": [
    1344540576,
    2171284156
  ],
  "shard_prediction_precision": 0.5293750166893005,
  "shard_prediction_recall": 0.5646666884422302
}