{
  "accs_after_deletion": [
    0.7600000500679016,
    0.7534000277519226
  ],
  "accs_before_deletion": [
    0.7786000370979309,
    0.7718000411987305
  ],
  "delta": 6.982864657330156e-05,
  "ensemble_acc_after_deletion": 0.7636000514030457,
  "ensemble_acc_before_deletion": 0.7776000499725342,
  "epsilon": 17.093449239842762,
  "indicator": 0,
  "lengths_after_deletion": [
    2836,
    3103
  ],
  "rng": [
    1354094468,
    1300142026
  ],
  "shard_prediction_precision": 0.5220260620117188,
  "shard_prediction_recall": 0.5273333191871643
}