{
  "accs_after_deletion": [
    0.7718000411987305,
    0.7714000344276428
  ],
  "accs_before_deletion": [
    0.7836000323295593,
    0.7834000587463379
  ],
  "delta": 6.982864657330156e-05,
  "ensemble_acc_after_deletion": 0.7740000486373901,
  "ensemble_acc_before_deletion": 0.7916000485420227,
  "epsilon": 17.093449239842762,
  "indicator": 0,
  "lengths_after_deletion": [
    3159,
    3440
  ],
  "rng": [
    1375627662,
    1348333539
  ],
  "shard_prediction_precision": 0.5260137319564819,
  "shard_prediction_recall": 0.47349998354911804
}