{
  "accs_after_deletion": [
    0.7362000346183777,
    0.756600022315979
  ],
  "accs_before_deletion": [
    0.7726000547409058,
    0.7794000506401062
  ],
  "delta": 6.982864657330156e-05,
  "ensemble_acc_after_deletion": 0.7512000203132629,
  "ensemble_acc_before_deletion": 0.7790000438690186,
  "epsilon": 17.093449239842762,
  "indicator": 1,
  "lengths_after_deletion": [
    2050,
    2349
  ],
  "rng": [
    1403721781,
    2919135768
  ],
  "shard_prediction_precision": 0.519668459892273,
  "shard_prediction_recall": 0.6583333015441895
}