{
  "accs_after_deletion": [
    0.7722000479698181,
    0.7706000208854675
  ],
  "accs_before_deletion": [
    0.7736000418663025,
    0.7832000255584717
  ],
  "delta": 6.982864657330156e-05,
  "ensemble_acc_after_deletion": 0.7704000473022461,
  "ensemble_acc_before_deletion": 0.7844000458717346,
  "epsilon": 17.093449239842762,
  "indicator": 0,
  "lengths_after_deletion": [
    2819,
    3037
  ],
  "rng": [
    1463803131,
    1589039800
  ],
  "shard_prediction_precision": 0.5177409052848816,
  "shard_prediction_recall": 0.5301666855812073
}