{
  "accs_after_deletion": [
    0.7478000521659851,
    0.7690000534057617
  ],
  "accs_before_deletion": [
    0.781000018119812,
    0.7802000641822815
  ],
  "delta": 6.982864657330156e-05,
  "ensemble_acc_after_deletion": 0.7568000555038452,
  "ensemble_acc_before_deletion": 0.7832000255584717,
  "epsilon": 17.093449239842762,
  "indicator": 1,
  "lengths_after_deletion": [
    2623,
    2936
  ],
  "rng": [
    1517360089,
    3529945098
  ],
  "shard_prediction_precision": 0.5242974758148193,
  "shard_prediction_recall": 0.562833309173584
}