{
  "accs_after_deletion": [
    0.7562000155448914,
    0.7594000101089478
  ],
  "accs_before_deletion": [
    0.7682000398635864,
    0.7726000547409058
  ],
  "delta": 6.982864657330156e-05,
  "ensemble_acc_after_deletion": 0.7634000182151794,
  "ensemble_acc_before_deletion": 0.7780000567436218,
  "epsilon": 17.093449239842762,
  "indicator": 1,
  "lengths_after_deletion": [
    2741,
    3104
  ],
  "rng": [
    1524354352,
    1388549151
  ],
  "shard_prediction_precision": 0.529488205909729,
  "shard_prediction_recall": 0.5431666374206543
}