{
  "accs_after_deletion": [
    0.753000020980835,
    0.7628000378608704
  ],
  "accs_before_deletion": [
    0.7772000432014465,
    0.7716000080108643
  ],
  "delta": 6.982864657330156e-05,
  "ensemble_acc_after_deletion": 0.764400064945221,
  "ensemble_acc_before_deletion": 0.7770000100135803,
  "epsilon": 17.093449239842762,
  "indicator": 1,
  "lengths_after_deletion": [
    2776,
    2987
  ],
  "rng": [
    156704451,
    1165426337
  ],
  "shard_prediction_precision": 0.5169152021408081,
  "shard_prediction_recall": 0.5373333096504211
}