{
  "accs_after_deletion": [
    0.7646000385284424,
    0.7766000628471375
  ],
  "accs_before_deletion": [
    0.7798000574111938,
    0.7748000621795654
  ],
  "delta": 6.982864657330156e-05,
  "ensemble_acc_after_deletion": 0.7760000228881836,
  "ensemble_acc_before_deletion": 0.7798000574111938,
  "epsilon": 17.093449239842762,
  "indicator": 1,
  "lengths_after_deletion": [
    3402,
    3702
  ],
  "rng": [
    158906986,
    3765199454
  ],
  "shard_prediction_precision": 0.530637264251709,
  "shard_prediction_recall": 0.43299999833106995
}