{
  "accs_after_deletion": [
    0.7464000582695007,
    0.76500004529953
  ],
  "accs_before_deletion": [
    0.781000018119812,
    0.7740000486373901
  ],
  "delta": 6.982864657330156e-05,
  "ensemble_acc_after_deletion": 0.7604000568389893,
  "ensemble_acc_before_deletion": 0.7800000309944153,
  "epsilon": 17.093449239842762,
  "indicator": 1,
  "lengths_after_deletion": [
    2405,
    2701
  ],
  "rng": [
    1605045660,
    3948304546
  ],
  "shard_prediction_precision": 0.5214679837226868,
  "shard_prediction_recall": 0.5991666316986084
}