{
  "accs_after_deletion": [
    0.7564000487327576,
    0.7630000114440918
  ],
  "accs_before_deletion": [
    0.775600016117096,
    0.7750000357627869
  ],
  "delta": 6.982864657330156e-05,
  "ensemble_acc_after_deletion": 0.7664000391960144,
  "ensemble_acc_before_deletion": 0.7832000255584717,
  "epsilon": 17.093449239842762,
  "indicator": 1,
  "lengths_after_deletion": [
    3311,
    3573
  ],
  "rng": [
    161772676,
    1572331615
  ],
  "shard_prediction_precision": 0.5256059765815735,
  "shard_prediction_recall": 0.4481666684150696
}