{
  "accs_after_deletion": [
    0.7676000595092773,
    0.7758000493049622
  ],
  "accs_before_deletion": [
    0.7754000425338745,
    0.77920001745224
  ],
  "delta": 6.982864657330156e-05,
  "ensemble_acc_after_deletion": 0.7742000222206116,
  "ensemble_acc_before_deletion": 0.7848000526428223,
  "epsilon": 17.093449239842762,
  "indicator": 1,
  "lengths_after_deletion": [
    2825,
    3130
  ],
  "rng": [
    1697586583,
    3904490964
  ],
  "shard_prediction_precision": 0.525227427482605,
  "shard_prediction_recall": 0.5291666388511658
}