{
  "accs_after_deletion": [
    0.7638000249862671,
    0.7672000527381897
  ],
  "accs_before_deletion": [
    0.7698000073432922,
    0.777400016784668
  ],
  "delta": 6.982864657330156e-05,
  "ensemble_acc_after_deletion": 0.7704000473022461,
  "ensemble_acc_before_deletion": 0.7764000296592712,
  "epsilon": 17.093449239842762,
  "indicator": 1,
  "lengths_after_deletion": [
    3195,
    3564
  ],
  "rng": [
    1733051414,
    3431396411
  ],
  "shard_prediction_precision": 0.535203218460083,
  "shard_prediction_recall": 0.4675000011920929
}