{
  "accs_after_deletion": [
    0.766200065612793,
    0.7696000337600708
  ],
  "accs_before_deletion": [
    0.7770000100135803,
    0.7734000086784363
  ],
  "delta": 6.982864657330156e-05,
  "ensemble_acc_after_deletion": 0.775600016117096,
  "ensemble_acc_before_deletion": 0.7802000641822815,
  "epsilon": 17.093449239842762,
  "indicator": 1,
  "lengths_after_deletion": [
    3366,
    3679
  ],
  "rng": [
    1752851193,
    1438939902
  ],
  "shard_prediction_precision": 0.5315842628479004,
  "shard_prediction_recall": 0.4389999806880951
}