{
  "accs_after_deletion": [
    0.7560000419616699,
    0.7634000182151794
  ],
  "accs_before_deletion": [
    0.7768000364303589,
    0.7870000600814819
  ],
  "delta": 6.982864657330156e-05,
  "ensemble_acc_after_deletion": 0.7552000284194946,
  "ensemble_acc_before_deletion": 0.7850000262260437,
  "epsilon": 17.093449239842762,
  "indicator": 1,
  "lengths_after_deletion": [
    2665,
    2929
  ],
  "rng": [
    1842485420,
    120766092
  ],
  "shard_prediction_precision": 0.520605742931366,
  "shard_prediction_recall": 0.5558333396911621
}