{
  "accs_after_deletion": [
    0.7626000642776489,
    0.7706000208854675
  ],
  "accs_before_deletion": [
    0.7804000377655029,
    0.7752000093460083
  ],
  "delta": 6.982864657330156e-05,
  "ensemble_acc_after_deletion": 0.7734000086784363,
  "ensemble_acc_before_deletion": 0.7852000594139099,
  "epsilon": 17.093449239842762,
  "indicator": 1,
  "lengths_after_deletion": [
    3332,
    3547
  ],
  "rng": [
    1901712922,
    3533117061
  ],
  "shard_prediction_precision": 0.5209919810295105,
  "shard_prediction_recall": 0.44466665387153625
}