{
  "accs_after_deletion": [
    0.7676000595092773,
    0.7680000066757202
  ],
  "accs_before_deletion": [
    0.790600061416626,
    0.7676000595092773
  ],
  "delta": 6.982864657330156e-05,
  "ensemble_acc_after_deletion": 0.7778000235557556,
  "ensemble_acc_before_deletion": 0.7838000655174255,
  "epsilon": 17.093449239842762,
  "indicator": 1,
  "lengths_after_deletion": [
    3079,
    3441
  ],
  "rng": [
    196970916,
    664722075
  ],
  "shard_prediction_precision": 0.5330291986465454,
  "shard_prediction_recall": 0.4868333339691162
}