{
  "accs_after_deletion": [
    0.7728000283241272,
    0.7562000155448914
  ],
  "accs_before_deletion": [
    0.7698000073432922,
    0.7738000154495239
  ],
  "delta": 6.982864657330156e-05,
  "ensemble_acc_after_deletion": 0.7694000601768494,
  "ensemble_acc_before_deletion": 0.7768000364303589,
  "epsilon": 17.093449239842762,
  "indicator": 0,
  "lengths_after_deletion": [
    3410,
    3695
  ],
  "rng": [
    204783277,
    703498280
  ],
  "shard_prediction_precision": 0.5291113257408142,
  "shard_prediction_recall": 0.43166667222976685
}