{
  "accs_after_deletion": [
    0.7742000222206116,
    0.7760000228881836
  ],
  "accs_before_deletion": [
    0.7784000635147095,
    0.785800039768219
  ],
  "delta": 6.982864657330156e-05,
  "ensemble_acc_after_deletion": 0.7832000255584717,
  "ensemble_acc_before_deletion": 0.7878000140190125,
  "epsilon": 17.093449239842762,
  "indicator": 1,
  "lengths_after_deletion": [
    2661,
    3025
  ],
  "rng": [
    2143691460,
    1793965286
  ],
  "shard_prediction_precision": 0.5288248062133789,
  "shard_prediction_recall": 0.5565000176429749
}