{
  "accs_after_deletion": [
    0.766200065612793,
    0.7642000317573547
  ],
  "accs_before_deletion": [
    0.7778000235557556,
    0.7660000324249268
  ],
  "delta": 6.982864657330156e-05,
  "ensemble_acc_after_deletion": 0.7628000378608704,
  "ensemble_acc_before_deletion": 0.7732000350952148,
  "epsilon": 17.093449239842762,
  "indicator": 0,
  "lengths_after_deletion": [
    2360,
    2735
  ],
  "rng": [
    2167908178,
    2282358336
  ],
  "shard_prediction_precision": 0.527154266834259,
  "shard_prediction_recall": 0.6066666841506958
}