{
  "accs_after_deletion": [
    0.7730000615119934,
    0.7754000425338745
  ],
  "accs_before_deletion": [
    0.7844000458717346,
    0.7732000350952148
  ],
  "delta": 6.982864657330156e-05,
  "ensemble_acc_after_deletion": 0.7768000364303589,
  "ensemble_acc_before_deletion": 0.7794000506401062,
  "epsilon": 17.093449239842762,
  "indicator": 1,
  "lengths_after_deletion": [
    3599,
    3869
  ],
  "rng": [
    2301407592,
    2363660226
  ],
  "shard_prediction_precision": 0.5297881960868835,
  "shard_prediction_recall": 0.40016666054725647
}