{
  "accs_after_deletion": [
    0.7696000337600708,
    0.7734000086784363
  ],
  "accs_before_deletion": [
    0.7736000418663025,
    0.7758000493049622
  ],
  "delta": 6.982864657330156e-05,
  "ensemble_acc_after_deletion": 0.7718000411987305,
  "ensemble_acc_before_deletion": 0.7790000438690186,
  "epsilon": 17.093449239842762,
  "indicator": 1,
  "lengths_after_deletion": [
    2452,
    2777
  ],
  "rng": [
    2352767721,
    2817888811
  ],
  "shard_prediction_precision": 0.5239994525909424,
  "shard_prediction_recall": 0.5913333296775818
}