{
  "accs_after_deletion": [
    0.7594000101089478,
    0.7576000094413757
  ],
  "accs_before_deletion": [
    0.7742000222206116,
    0.7758000493049622
  ],
  "delta": 6.982864657330156e-05,
  "ensemble_acc_after_deletion": 0.7626000642776489,
  "ensemble_acc_before_deletion": 0.7790000438690186,
  "epsilon": 17.093449239842762,
  "indicator": 0,
  "lengths_after_deletion": [
    3248,
    3518
  ],
  "rng": [
    2368678341,
    2193441394
  ],
  "shard_prediction_precision": 0.5257928967475891,
  "shard_prediction_recall": 0.4586666524410248
}