{
  "accs_after_deletion": [
    0.7560000419616699,
    0.7504000067710876
  ],
  "accs_before_deletion": [
    0.7770000100135803,
    0.777400016784668
  ],
  "delta": 6.982864657330156e-05,
  "ensemble_acc_after_deletion": 0.7494000196456909,
  "ensemble_acc_before_deletion": 0.7806000113487244,
  "epsilon": 17.093449239842762,
  "indicator": 0,
  "lengths_after_deletion": [
    2802,
    3106
  ],
  "rng": [
    2374198793,
    2287469377
  ],
  "shard_prediction_precision": 0.5249507427215576,
  "shard_prediction_recall": 0.5329999923706055
}