{
  "accs_after_deletion": [
    0.7586000561714172,
    0.766800045967102
  ],
  "accs_before_deletion": [
    0.7760000228881836,
    0.775600016117096
  ],
  "delta": 6.982864657330156e-05,
  "ensemble_acc_after_deletion": 0.7638000249862671,
  "ensemble_acc_before_deletion": 0.777400016784668,
  "epsilon": 17.093449239842762,
  "indicator": 1,
  "lengths_after_deletion": [
    3138,
    3373
  ],
  "rng": [
    238852393,
    1965355160
  ],
  "shard_prediction_precision": 0.5214064121246338,
  "shard_prediction_recall": 0.47699999809265137
}