{
  "accs_after_deletion": [
    0.7642000317573547,
    0.7744000554084778
  ],
  "accs_before_deletion": [
    0.7776000499725342,
    0.7748000621795654
  ],
  "delta": 6.982864657330156e-05,
  "ensemble_acc_after_deletion": 0.7686000466346741,
  "ensemble_acc_before_deletion": 0.7814000248908997,
  "epsilon": 17.093449239842762,
  "indicator": 1,
  "lengths_after_deletion": [
    3054,
    3352
  ],
  "rng": [
    2393219037,
    3821947819
  ],
  "shard_prediction_precision": 0.5266357064247131,
  "shard_prediction_recall": 0.4909999966621399
}