{
  "accs_after_deletion": [
    0.7678000330924988,
    0.7476000189781189
  ],
  "accs_before_deletion": [
    0.7752000093460083,
    0.7788000106811523
  ],
  "delta": 6.982864657330156e-05,
  "ensemble_acc_after_deletion": 0.7540000081062317,
  "ensemble_acc_before_deletion": 0.7786000370979309,
  "epsilon": 17.093449239842762,
  "indicator": 0,
  "lengths_after_deletion": [
    2904,
    3095
  ],
  "rng": [
    2396633172,
    3737615921
  ],
  "shard_prediction_precision": 0.5159140229225159,
  "shard_prediction_recall": 0.515999972820282
}