{
  "accs_after_deletion": [
    0.763200044631958,
    0.7656000256538391
  ],
  "accs_before_deletion": [
    0.7826000452041626,
    0.7760000228881836
  ],
  "delta": 6.982864657330156e-05,
  "ensemble_acc_after_deletion": 0.7680000066757202,
  "ensemble_acc_before_deletion": 0.7826000452041626,
  "epsilon": 17.093449239842762,
  "indicator": 1,
  "lengths_after_deletion": [
    3651,
    3893
  ],
  "rng": [
    245786321,
    173003712
  ],
  "shard_prediction_precision": 0.5271543860435486,
  "shard_prediction_recall": 0.39149999618530273
}