{
  "accs_after_deletion": [
    0.7446000576019287,
    0.742400050163269
  ],
  "accs_before_deletion": [
    0.7706000208854675,
    0.7760000228881836
  ],
  "delta": 6.982864657330156e-05,
  "ensemble_acc_after_deletion": 0.7472000122070312,
  "ensemble_acc_before_deletion": 0.7844000458717346,
  "epsilon": 17.093449239842762,
  "indicator": 0,
  "lengths_after_deletion": [
    2425,
    2647
  ],
  "rng": [
    2469991676,
    3062913727
  ],
  "shard_prediction_precision": 0.5160219073295593,
  "shard_prediction_recall": 0.5958333015441895
}