{
  "accs_after_deletion": [
    0.7648000121116638,
    0.7726000547409058
  ],
  "accs_before_deletion": [
    0.7702000141143799,
    0.7708000540733337
  ],
  "delta": 6.982864657330156e-05,
  "ensemble_acc_after_deletion": 0.7728000283241272,
  "ensemble_acc_before_deletion": 0.7726000547409058,
  "epsilon": 17.093449239842762,
  "indicator": 1,
  "lengths_after_deletion": [
    3376,
    3714
  ],
  "rng": [
    2474130841,
    581078523
  ],
  "shard_prediction_precision": 0.5344195365905762,
  "shard_prediction_recall": 0.4373333156108856
}