{
  "accs_after_deletion": [
    0.7612000107765198,
    0.7726000547409058
  ],
  "accs_before_deletion": [
    0.782800018787384,
    0.7798000574111938
  ],
  "delta": 6.982864657330156e-05,
  "ensemble_acc_after_deletion": 0.7654000520706177,
  "ensemble_acc_before_deletion": 0.7864000201225281,
  "epsilon": 17.093449239842762,
  "indicator": 1,
  "lengths_after_deletion": [
    3291,
    3609
  ],
  "rng": [
    2496192861,
    3782390448
  ],
  "shard_prediction_precision": 0.5311764478683472,
  "shard_prediction_recall": 0.4514999985694885
}