{
  "accs_after_deletion": [
    0.7692000269889832,
    0.7686000466346741
  ],
  "accs_before_deletion": [
    0.7674000263214111,
    0.7832000255584717
  ],
  "delta": 6.982864657330156e-05,
  "ensemble_acc_after_deletion": 0.7758000493049622,
  "ensemble_acc_before_deletion": 0.7820000648498535,
  "epsilon": 17.093449239842762,
  "indicator": 0,
  "lengths_after_deletion": [
    2682,
    2881
  ],
  "rng": [
    2507558228,
    3526196022
  ],
  "shard_prediction_precision": 0.5154575109481812,
  "shard_prediction_recall": 0.5529999732971191
}