{
  "accs_after_deletion": [
    0.7528000473976135,
    0.7670000195503235
  ],
  "accs_before_deletion": [
    0.7802000641822815,
    0.782200038433075
  ],
  "delta": 6.982864657330156e-05,
  "ensemble_acc_after_deletion": 0.766800045967102,
  "ensemble_acc_before_deletion": 0.7914000153541565,
  "epsilon": 17.093449239842762,
  "indicator": 1,
  "lengths_after_deletion": [
    3369,
    3685
  ],
  "rng": [
    2510580802,
    1499724207
  ],
  "shard_prediction_precision": 0.531944990158081,
  "shard_prediction_recall": 0.43849998712539673
}