{
  "accs_after_deletion": [
    0.7652000188827515,
    0.7802000641822815
  ],
  "accs_before_deletion": [
    0.7766000628471375,
    0.7830000519752502
  ],
  "delta": 6.982864657330156e-05,
  "ensemble_acc_after_deletion": 0.7732000350952148,
  "ensemble_acc_before_deletion": 0.7820000648498535,
  "epsilon": 17.093449239842762,
  "indicator": 1,
  "lengths_after_deletion": [
    3134,
    3386
  ],
  "rng": [
    2519820181,
    3948435973
  ],
  "shard_prediction_precision": 0.522992730140686,
  "shard_prediction_recall": 0.4776666760444641
}