{
  "accs_after_deletion": [
    0.7514000535011292,
    0.7572000622749329
  ],
  "accs_before_deletion": [
    0.7780000567436218,
    0.7686000466346741
  ],
  "delta": 6.982864657330156e-05,
  "ensemble_acc_after_deletion": 0.7528000473976135,
  "ensemble_acc_before_deletion": 0.7816000580787659,
  "epsilon": 17.093449239842762,
  "indicator": 1,
  "lengths_after_deletion": [
    3423,
    3727
  ],
  "rng": [
    2526201014,
    1261986875
  ],
  "shard_prediction_precision": 0.5313401818275452,
  "shard_prediction_recall": 0.4294999837875366
}