{
  "accs_after_deletion": [
    0.7658000588417053,
    0.7552000284194946
  ],
  "accs_before_deletion": [
    0.7772000432014465,
    0.7734000086784363
  ],
  "delta": 6.982864657330156e-05,
  "ensemble_acc_after_deletion": 0.7634000182151794,
  "ensemble_acc_before_deletion": 0.7762000560760498,
  "epsilon": 17.093449239842762,
  "indicator": 0,
  "lengths_after_deletion": [
    2452,
    2804
  ],
  "rng": [
    2545140042,
    1539260861
  ],
  "shard_prediction_precision": 0.526097297668457,
  "shard_prediction_recall": 0.5913333296775818
}