{
  "accs_after_deletion": [
    0.7630000114440918,
    0.7672000527381897
  ],
  "accs_before_deletion": [
    0.7796000242233276,
    0.7680000066757202
  ],
  "delta": 6.982864657330156e-05,
  "ensemble_acc_after_deletion": 0.7696000337600708,
  "ensemble_acc_before_deletion": 0.777400016784668,
  "epsilon": 17.093449239842762,
  "indicator": 1,
  "lengths_after_deletion": [
    3349,
    3622
  ],
  "rng": [
    2551020797,
    819050132
  ],
  "shard_prediction_precision": 0.5271425843238831,
  "shard_prediction_recall": 0.4418333172798157
}