{
  "accs_after_deletion": [
    0.7384000420570374,
    0.7522000074386597
  ],
  "accs_before_deletion": [
    0.7768000364303589,
    0.7758000493049622
  ],
  "delta": 6.982864657330156e-05,
  "ensemble_acc_after_deletion": 0.7462000250816345,
  "ensemble_acc_before_deletion": 0.7794000506401062,
  "epsilon": 17.093449239842762,
  "indicator": 1,
  "lengths_after_deletion": [
    2609,
    2861
  ],
  "rng": [
    2603370884,
    893532615
  ],
  "shard_prediction_precision": 0.5192955732345581,
  "shard_prediction_recall": 0.5651666522026062
}