{
  "accs_after_deletion": [
    0.7564000487327576,
    0.7430000305175781
  ],
  "accs_before_deletion": [
    0.7776000499725342,
    0.7710000276565552
  ],
  "delta": 6.982864657330156e-05,
  "ensemble_acc_after_deletion": 0.7432000637054443,
  "ensemble_acc_before_deletion": 0.7804000377655029,
  "epsilon": 17.093449239842762,
  "indicator": 0,
  "lengths_after_deletion": [
    2442,
    2665
  ],
  "rng": [
    2605897538,
    2158612047
  ],
  "shard_prediction_precision": 0.5161758661270142,
  "shard_prediction_recall": 0.5929999947547913
}