{
  "accs_after_deletion": [
    0.7706000208854675,
    0.7652000188827515
  ],
  "accs_before_deletion": [
    0.7686000466346741,
    0.7762000560760498
  ],
  "delta": 6.982864657330156e-05,
  "ensemble_acc_after_deletion": 0.7688000202178955,
  "ensemble_acc_before_deletion": 0.7770000100135803,
  "epsilon": 17.093449239842762,
  "indicator": 0,
  "lengths_after_deletion": [
    2639,
    2883
  ],
  "rng": [
    2624700196,
    1913883513
  ],
  "shard_prediction_precision": 0.5188329815864563,
  "shard_prediction_recall": 0.5601666569709778
}