{
  "accs_after_deletion": [
    0.7604000568389893,
    0.7630000114440918
  ],
  "accs_before_deletion": [
    0.7744000554084778,
    0.7796000242233276
  ],
  "delta": 6.982864657330156e-05,
  "ensemble_acc_after_deletion": 0.7576000094413757,
  "ensemble_acc_before_deletion": 0.7824000120162964,
  "epsilon": 17.093449239842762,
  "indicator": 1,
  "lengths_after_deletion": [
    2278,
    2609
  ],
  "rng": [
    26484450,
    2406159879
  ],
  "shard_prediction_precision": 0.5232672691345215,
  "shard_prediction_recall": 0.6203333139419556
}