{
  "accs_after_deletion": [
    0.7556000351905823,
    0.7526000142097473
  ],
  "accs_before_deletion": [
    0.7716000080108643,
    0.7812000513076782
  ],
  "delta": 6.982864657330156e-05,
  "ensemble_acc_after_deletion": 0.7576000094413757,
  "ensemble_acc_before_deletion": 0.7802000641822815,
  "epsilon": 17.093449239842762,
  "indicator": 0,
  "lengths_after_deletion": [
    2368,
    2527
  ],
  "rng": [
    2670904665,
    2025499867
  ],
  "shard_prediction_precision": 0.5111892819404602,
  "shard_prediction_recall": 0.6053333282470703
}