{
  "accs_after_deletion": [
    0.7680000066757202,
    0.7594000101089478
  ],
  "accs_before_deletion": [
    0.7724000215530396,
    0.7696000337600708
  ],
  "delta": 6.982864657330156e-05,
  "ensemble_acc_after_deletion": 0.7630000114440918,
  "ensemble_acc_before_deletion": 0.7742000222206116,
  "epsilon": 17.093449239842762,
  "indicator": 0,
  "lengths_after_deletion": [
    2526,
    2760
  ],
  "rng": [
    2712421723,
    2386986561
  ],
  "shard_prediction_precision": 0.5174262523651123,
  "shard_prediction_recall": 0.5789999961853027
}