{
  "accs_after_deletion": [
    0.7724000215530396,
    0.7666000127792358
  ],
  "accs_before_deletion": [
    0.7784000635147095,
    0.7800000309944153
  ],
  "delta": 6.982864657330156e-05,
  "ensemble_acc_after_deletion": 0.7700000405311584,
  "ensemble_acc_before_deletion": 0.7892000079154968,
  "epsilon": 17.093449239842762,
  "indicator": 0,
  "lengths_after_deletion": [
    3286,
    3622
  ],
  "rng": [
    2728870564,
    3950661573
  ],
  "shard_prediction_precision": 0.532992959022522,
  "shard_prediction_recall": 0.45233333110809326
}