{
  "accs_after_deletion": [
    0.7432000637054443,
    0.7454000115394592
  ],
  "accs_before_deletion": [
    0.7738000154495239,
    0.7744000554084778
  ],
  "delta": 6.982864657330156e-05,
  "ensemble_acc_after_deletion": 0.7458000183105469,
  "ensemble_acc_before_deletion": 0.7740000486373901,
  "epsilon": 17.093449239842762,
  "indicator": 1,
  "lengths_after_deletion": [
    2890,
    3199
  ],
  "rng": [
    2885506986,
    3103688475
  ],
  "shard_prediction_precision": 0.5261377096176147,
  "shard_prediction_recall": 0.5183333158493042
}