{
  "accs_after_deletion": [
    0.7588000297546387,
    0.7528000473976135
  ],
  "accs_before_deletion": [
    0.7814000248908997,
    0.7760000228881836
  ],
  "delta": 6.982864657330156e-05,
  "ensemble_acc_after_deletion": 0.761400043964386,
  "ensemble_acc_before_deletion": 0.784600019454956,
  "epsilon": 17.093449239842762,
  "indicator": 0,
  "lengths_after_deletion": [
    3092,
    3469
  ],
  "rng": [
    3002707881,
    1334505588
  ],
  "shard_prediction_precision": 0.5346571207046509,
  "shard_prediction_recall": 0.4846666753292084
}