{
  "accs_after_deletion": [
    0.7522000074386597,
    0.7482000589370728
  ],
  "accs_before_deletion": [
    0.782200038433075,
    0.7764000296592712
  ],
  "delta": 6.982864657330156e-05,
  "ensemble_acc_after_deletion": 0.7564000487327576,
  "ensemble_acc_before_deletion": 0.7806000113487244,
  "epsilon": 17.093449239842762,
  "indicator": 0,
  "lengths_after_deletion": [
    2601,
    2759
  ],
  "rng": [
    3014903446,
    4181536022
  ],
  "shard_prediction_precision": 0.511897623538971,
  "shard_prediction_recall": 0.5665000081062317
}