{
  "accs_after_deletion": [
    0.758400022983551,
    0.7556000351905823
  ],
  "accs_before_deletion": [
    0.7734000086784363,
    0.7758000493049622
  ],
  "delta": 6.982864657330156e-05,
  "ensemble_acc_after_deletion": 0.7634000182151794,
  "ensemble_acc_before_deletion": 0.7778000235557556,
  "epsilon": 17.093449239842762,
  "indicator": 0,
  "lengths_after_deletion": [
    3056,
    3327
  ],
  "rng": [
    302082681,
    1673472596
  ],
  "shard_prediction_precision": 0.5241231918334961,
  "shard_prediction_recall": 0.4906666576862335
}