{
  "accs_after_deletion": [
    0.759600043296814,
    0.7694000601768494
  ],
  "accs_before_deletion": [
    0.7802000641822815,
    0.77920001745224
  ],
  "delta": 6.982864657330156e-05,
  "ensemble_acc_after_deletion": 0.7686000466346741,
  "ensemble_acc_before_deletion": 0.7854000329971313,
  "epsilon": 17.093449239842762,
  "indicator": 1,
  "lengths_after_deletion": [
    2364,
    2630
  ],
  "rng": [
    3046817298,
    925218411
  ],
  "shard_prediction_precision": 0.5189837217330933,
  "shard_prediction_recall": 0.6060000061988831
}