{
  "accs_after_deletion": [
    0.7570000290870667,
    0.7646000385284424
  ],
  "accs_before_deletion": [
    0.7874000668525696,
    0.7692000269889832
  ],
  "delta": 6.982864657330156e-05,
  "ensemble_acc_after_deletion": 0.7666000127792358,
  "ensemble_acc_before_deletion": 0.7850000262260437,
  "epsilon": 17.093449239842762,
  "indicator": 1,
  "lengths_after_deletion": [
    2631,
    2840
  ],
  "rng": [
    3080907713,
    100846939
  ],
  "shard_prediction_precision": 0.5160055160522461,
  "shard_prediction_recall": 0.5615000128746033
}