{
  "accs_after_deletion": [
    0.7626000642776489,
    0.766800045967102
  ],
  "accs_before_deletion": [
    0.7748000621795654,
    0.784000039100647
  ],
  "delta": 6.982864657330156e-05,
  "ensemble_acc_after_deletion": 0.764400064945221,
  "ensemble_acc_before_deletion": 0.7844000458717346,
  "epsilon": 17.093449239842762,
  "indicator": 1,
  "lengths_after_deletion": [
    2907,
    3163
  ],
  "rng": [
    3093400574,
    2054584654
  ],
  "shard_prediction_precision": 0.5215851664543152,
  "shard_prediction_recall": 0.515500009059906
}