{
  "accs_after_deletion": [
    0.7700000405311584,
    0.7752000093460083
  ],
  "accs_before_deletion": [
    0.784600019454956,
    0.7852000594139099
  ],
  "delta": 6.982864657330156e-05,
  "ensemble_acc_after_deletion": 0.7766000628471375,
  "ensemble_acc_before_deletion": 0.7890000343322754,
  "epsilon": 17.093449239842762,
  "indicator": 1,
  "lengths_after_deletion": [
    2340,
    2656
  ],
  "rng": [
    3154435546,
    4070268802
  ],
  "shard_prediction_precision": 0.5225585699081421,
  "shard_prediction_recall": 0.6100000143051147
}