{
  "accs_after_deletion": [
    0.7618000507354736,
    0.7576000094413757
  ],
  "accs_before_deletion": [
    0.7714000344276428,
    0.7798000574111938
  ],
  "delta": 6.982864657330156e-05,
  "ensemble_acc_after_deletion": 0.7598000168800354,
  "ensemble_acc_before_deletion": 0.777400016784668,
  "epsilon": 17.093449239842762,
  "indicator": 0,
  "lengths_after_deletion": [
    2187,
    2374
  ],
  "rng": [
    3172171172,
    1129437653
  ],
  "shard_prediction_precision": 0.5125688910484314,
  "shard_prediction_recall": 0.6355000138282776
}