{
  "accs_after_deletion": [
    0.7380000352859497,
    0.7546000480651855
  ],
  "accs_before_deletion": [
    0.7806000113487244,
    0.7726000547409058
  ],
  "delta": 6.982864657330156e-05,
  "ensemble_acc_after_deletion": 0.7456000447273254,
  "ensemble_acc_before_deletion": 0.7784000635147095,
  "epsilon": 17.093449239842762,
  "indicator": 1,
  "lengths_after_deletion": [
    2754,
    2829
  ],
  "rng": [
    3274331417,
    1975687168
  ],
  "shard_prediction_precision": 0.5058438777923584,
  "shard_prediction_recall": 0.5410000085830688
}