{
  "accs_after_deletion": [
    0.7676000595092773,
    0.7732000350952148
  ],
  "accs_before_deletion": [
    0.7782000303268433,
    0.7848000526428223
  ],
  "delta": 6.982864657330156e-05,
  "ensemble_acc_after_deletion": 0.763200044631958,
  "ensemble_acc_before_deletion": 0.7852000594139099,
  "epsilon": 17.093449239842762,
  "indicator": 1,
  "lengths_after_deletion": [
    2980,
    3273
  ],
  "rng": [
    3286932278,
    2751978702
  ],
  "shard_prediction_precision": 0.5254915356636047,
  "shard_prediction_recall": 0.503333330154419
}