{
  "accs_after_deletion": [
    0.7606000304222107,
    0.7722000479698181
  ],
  "accs_before_deletion": [
    0.7722000479698181,
    0.7838000655174255
  ],
  "delta": 6.982864657330156e-05,
  "ensemble_acc_after_deletion": 0.7608000636100769,
  "ensemble_acc_before_deletion": 0.7798000574111938,
  "epsilon": 17.093449239842762,
  "indicator": 1,
  "lengths_after_deletion": [
    2589,
    2756
  ],
  "rng": [
    3319511173,
    2110479243
  ],
  "shard_prediction_precision": 0.512546956539154,
  "shard_prediction_recall": 0.5684999823570251
}