{
  "accs_after_deletion": [
    0.7414000630378723,
    0.7232000231742859
  ],
  "accs_before_deletion": [
    0.77920001745224,
    0.7734000086784363
  ],
  "delta": 6.982864657330156e-05,
  "ensemble_acc_after_deletion": 0.735200047492981,
  "ensemble_acc_before_deletion": 0.7804000377655029,
  "epsilon": 17.093449239842762,
  "indicator": 0,
  "lengths_after_deletion": [
    2477,
    2748
  ],
  "rng": [
    3327772455,
    4095394805
  ],
  "shard_prediction_precision": 0.5199999809265137,
  "shard_prediction_recall": 0.5871666669845581
}