{
  "accs_after_deletion": [
    0.7746000289916992,
    0.7676000595092773
  ],
  "accs_before_deletion": [
    0.7734000086784363,
    0.7754000425338745
  ],
  "delta": 6.982864657330156e-05,
  "ensemble_acc_after_deletion": 0.7744000554084778,
  "ensemble_acc_before_deletion": 0.7752000093460083,
  "epsilon": 17.093449239842762,
  "indicator": 0,
  "lengths_after_deletion": [
    3410,
    3761
  ],
  "rng": [
    3444234448,
    1579227636
  ],
  "shard_prediction_precision": 0.5363429188728333,
  "shard_prediction_recall": 0.43166667222976685
}