{
  "accs_after_deletion": [
    0.7574000358581543,
    0.7510000467300415
  ],
  "accs_before_deletion": [
    0.7754000425338745,
    0.7666000127792358
  ],
  "delta": 6.982864657330156e-05,
  "ensemble_acc_after_deletion": 0.759600043296814,
  "ensemble_acc_before_deletion": 0.7778000235557556,
  "epsilon": 17.093449239842762,
  "indicator": 0,
  "lengths_after_deletion": [
    2082,
    2441
  ],
  "rng": [
    3496004622,
    3393887113
  ],
  "shard_prediction_precision": 0.5240069627761841,
  "shard_prediction_recall": 0.652999997138977
}