{
  "accs_after_deletion": [
    0.7512000203132629,
    0.7418000102043152
  ],
  "accs_before_deletion": [
    0.7780000567436218,
    0.7804000377655029
  ],
  "delta": 6.982864657330156e-05,
  "ensemble_acc_after_deletion": 0.7510000467300415,
  "ensemble_acc_before_deletion": 0.7782000303268433,
  "epsilon": 17.093449239842762,
  "indicator": 0,
  "lengths_after_deletion": [
    2161,
    2428
  ],
  "rng": [
    3516972275,
    1172180022
  ],
  "shard_prediction_precision": 0.5180137753486633,
  "shard_prediction_recall": 0.6398333311080933
}