{
  "accs_after_deletion": [
    0.7630000114440918,
    0.7634000182151794
  ],
  "accs_before_deletion": [
    0.7688000202178955,
    0.7648000121116638
  ],
  "delta": 6.982864657330156e-05,
  "ensemble_acc_after_deletion": 0.7664000391960144,
  "ensemble_acc_before_deletion": 0.7716000080108643,
  "epsilon": 17.093449239842762,
  "indicator": 1,
  "lengths_after_deletion": [
    3554,
    3748
  ],
  "rng": [
    3584274005,
    1538374632
  ],
  "shard_prediction_precision": 0.5206470489501953,
  "shard_prediction_recall": 0.4076666533946991
}