{
  "accs_after_deletion": [
    0.7460000514984131,
    0.7376000285148621
  ],
  "accs_before_deletion": [
    0.7800000309944153,
    0.7724000215530396
  ],
  "delta": 6.982864657330156e-05,
  "ensemble_acc_after_deletion": 0.7458000183105469,
  "ensemble_acc_before_deletion": 0.7800000309944153,
  "epsilon": 17.093449239842762,
  "indicator": 0,
  "lengths_after_deletion": [
    2738,
    2975
  ],
  "rng": [
    3615313183,
    31539765
  ],
  "shard_prediction_precision": 0.5188484191894531,
  "shard_prediction_recall": 0.543666660785675
}