{
  "accs_after_deletion": [
    0.7628000378608704,
    0.7688000202178955
  ],
  "accs_before_deletion": [
    0.7752000093460083,
    0.7716000080108643
  ],
  "delta": 6.982864657330156e-05,
  "ensemble_acc_after_deletion": 0.7694000601768494,
  "ensemble_acc_before_deletion": 0.7796000242233276,
  "epsilon": 17.093449239842762,
  "indicator": 1,
  "lengths_after_deletion": [
    2672,
    2939
  ],
  "rng": [
    3639058674,
    4282852211
  ],
  "shard_prediction_precision": 0.5208953022956848,
  "shard_prediction_recall": 0.5546666383743286
}