{
  "accs_after_deletion": [
    0.7430000305175781,
    0.7664000391960144
  ],
  "accs_before_deletion": [
    0.7808000445365906,
    0.7770000100135803
  ],
  "delta": 6.982864657330156e-05,
  "ensemble_acc_after_deletion": 0.760200023651123,
  "ensemble_acc_before_deletion": 0.7834000587463379,
  "epsilon": 17.093449239842762,
  "indicator": 1,
  "lengths_after_deletion": [
    2507,
    2805
  ],
  "rng": [
    3643421857,
    1765056421
  ],
  "shard_prediction_precision": 0.5222787261009216,
  "shard_prediction_recall": 0.5821666717529297
}