{
  "accs_after_deletion": [
    0.766800045967102,
    0.7572000622749329
  ],
  "accs_before_deletion": [
    0.777400016784668,
    0.7788000106811523
  ],
  "delta": 6.982864657330156e-05,
  "ensemble_acc_after_deletion": 0.7678000330924988,
  "ensemble_acc_before_deletion": 0.7854000329971313,
  "epsilon": 17.093449239842762,
  "indicator": 0,
  "lengths_after_deletion": [
    2700,
    2982
  ],
  "rng": [
    3697044930,
    3635205387
  ],
  "shard_prediction_precision": 0.5223171710968018,
  "shard_prediction_recall": 0.550000011920929
}