{
  "accs_after_deletion": [
    0.7620000243186951,
    0.7700000405311584
  ],
  "accs_before_deletion": [
    0.7670000195503235,
    0.7806000113487244
  ],
  "delta": 6.982864657330156e-05,
  "ensemble_acc_after_deletion": 0.7708000540733337,
  "ensemble_acc_before_deletion": 0.77920001745224,
  "epsilon": 17.093449239842762,
  "indicator": 1,
  "lengths_after_deletion": [
    2715,
    3010
  ],
  "rng": [
    3739737465,
    693668082
  ],
  "shard_prediction_precision": 0.5235059857368469,
  "shard_prediction_recall": 0.5475000143051147
}