{
  "accs_after_deletion": [
    0.7698000073432922,
    0.7728000283241272
  ],
  "accs_before_deletion": [
    0.7732000350952148,
    0.7842000126838684
  ],
  "delta": 6.982864657330156e-05,
  "ensemble_acc_after_deletion": 0.7790000438690186,
  "ensemble_acc_before_deletion": 0.7838000655174255,
  "epsilon": 17.093449239842762,
  "indicator": 1,
  "lengths_after_deletion": [
    2539,
    2784
  ],
  "rng": [
    3848761051,
    3339542781
  ],
  "shard_prediction_precision": 0.5183465480804443,
  "shard_prediction_recall": 0.5768333077430725
}