{
  "accs_after_deletion": [
    0.7634000182151794,
    0.7708000540733337
  ],
  "accs_before_deletion": [
    0.7862000465393066,
    0.7824000120162964
  ],
  "delta": 6.982864657330156e-05,
  "ensemble_acc_after_deletion": 0.7782000303268433,
  "ensemble_acc_before_deletion": 0.7926000356674194,
  "epsilon": 17.093449239842762,
  "indicator": 1,
  "lengths_after_deletion": [
    2666,
    2978
  ],
  "rng": [
    3860278224,
    278621471
  ],
  "shard_prediction_precision": 0.5245437622070312,
  "shard_prediction_recall": 0.5556666851043701
}