{
  "accs_after_deletion": [
    0.7770000100135803,
    0.7658000588417053
  ],
  "accs_before_deletion": [
    0.7794000506401062,
    0.7786000370979309
  ],
  "delta": 6.982864657330156e-05,
  "ensemble_acc_after_deletion": 0.7666000127792358,
  "ensemble_acc_before_deletion": 0.7836000323295593,
  "epsilon": 17.093449239842762,
  "indicator": 0,
  "lengths_after_deletion": [
    2448,
    2815
  ],
  "rng": [
    3881929116,
    1826430196
  ],
  "shard_prediction_precision": 0.5272376537322998,
  "shard_prediction_recall": 0.5920000076293945
}