{
  "accs_after_deletion": [
    0.7416000366210938,
    0.7336000204086304
  ],
  "accs_before_deletion": [
    0.7730000615119934,
    0.7670000195503235
  ],
  "delta": 6.982864657330156e-05,
  "ensemble_acc_after_deletion": 0.7422000169754028,
  "ensemble_acc_before_deletion": 0.7718000411987305,
  "epsilon": 17.093449239842762,
  "indicator": 0,
  "lengths_after_deletion": [
    2979,
    3311
  ],
  "rng": [
    3891366250,
    2404042067
  ],
  "shard_prediction_precision": 0.5290718078613281,
  "shard_prediction_recall": 0.5034999847412109
}