{
  "accs_after_deletion": [
    0.7556000351905823,
    0.7524000406265259
  ],
  "accs_before_deletion": [
    0.7738000154495239,
    0.7718000411987305
  ],
  "delta": 6.982864657330156e-05,
  "ensemble_acc_after_deletion": 0.7598000168800354,
  "ensemble_acc_before_deletion": 0.7770000100135803,
  "epsilon": 17.093449239842762,
  "indicator": 0,
  "lengths_after_deletion": [
    3060,
    3389
  ],
  "rng": [
    3984738553,
    790942892
  ],
  "shard_prediction_precision": 0.5296342968940735,
  "shard_prediction_recall": 0.49000000953674316
}