{
  "accs_after_deletion": [
    0.766200065612793,
    0.7616000175476074
  ],
  "accs_before_deletion": [
    0.7818000316619873,
    0.787600040435791
  ],
  "delta": 6.982864657330156e-05,
  "ensemble_acc_after_deletion": 0.7638000249862671,
  "ensemble_acc_before_deletion": 0.7844000458717346,
  "epsilon": 17.093449239842762,
  "indicator": 0,
  "lengths_after_deletion": [
    2647,
    2903
  ],
  "rng": [
    4008119468,
    3969770226
  ],
  "shard_prediction_precision": 0.5198449492454529,
  "shard_prediction_recall": 0.5588333010673523
}