{
  "accs_after_deletion": [
    0.7688000202178955,
    0.7612000107765198
  ],
  "accs_before_deletion": [
    0.7778000235557556,
    0.7748000621795654
  ],
  "delta": 6.982864657330156e-05,
  "ensemble_acc_after_deletion": 0.7692000269889832,
  "ensemble_acc_before_deletion": 0.782200038433075,
  "epsilon": 17.093449239842762,
  "indicator": 0,
  "lengths_after_deletion": [
    3034,
    3343
  ],
  "rng": [
    4014004158,
    118729531
  ],
  "shard_prediction_precision": 0.52747642993927,
  "shard_prediction_recall": 0.49433332681655884
}