{
  "accs_after_deletion": [
    0.7626000642776489,
    0.7522000074386597
  ],
  "accs_before_deletion": [
    0.7734000086784363,
    0.775600016117096
  ],
  "delta": 6.982864657330156e-05,
  "ensemble_acc_after_deletion": 0.7648000121116638,
  "ensemble_acc_before_deletion": 0.77920001745224,
  "epsilon": 17.093449239842762,
  "indicator": 0,
  "lengths_after_deletion": [
    3689,
    3918
  ],
  "rng": [
    4033192353,
    4024554318
  ],
  "shard_prediction_precision": 0.5260642170906067,
  "shard_prediction_recall": 0.3851666748523712
}