{
  "accs_after_deletion": [
    0.7646000385284424,
    0.7760000228881836
  ],
  "accs_before_deletion": [
    0.775600016117096,
    0.7880000472068787
  ],
  "delta": 6.982864657330156e-05,
  "ensemble_acc_after_deletion": 0.7708000540733337,
  "ensemble_acc_before_deletion": 0.7898000478744507,
  "epsilon": 17.093449239842762,
  "indicator": 1,
  "lengths_after_deletion": [
    3351,
    3607
  ],
  "rng": [
    4040193751,
    1468124618
  ],
  "shard_prediction_precision": 0.5253867506980896,
  "shard_prediction_recall": 0.4415000081062317
}