{
  "accs_after_deletion": [
    0.7684000134468079,
    0.781000018119812
  ],
  "accs_before_deletion": [
    0.7700000405311584,
    0.7700000405311584
  ],
  "delta": 6.982864657330156e-05,
  "ensemble_acc_after_deletion": 0.7718000411987305,
  "ensemble_acc_before_deletion": 0.7768000364303589,
  "epsilon": 17.093449239842762,
  "indicator": 1,
  "lengths_after_deletion": [
    2707,
    3028
  ],
  "rng": [
    4052010392,
    1559453442
  ],
  "shard_prediction_precision": 0.5256184935569763,
  "shard_prediction_recall": 0.5488333106040955
}