{
  "accs_after_deletion": [
    0.760200023651123,
    0.7606000304222107
  ],
  "accs_before_deletion": [
    0.7750000357627869,
    0.7778000235557556
  ],
  "delta": 6.982864657330156e-05,
  "ensemble_acc_after_deletion": 0.76500004529953,
  "ensemble_acc_before_deletion": 0.7758000493049622,
  "epsilon": 17.093449239842762,
  "indicator": 1,
  "lengths_after_deletion": [
    2612,
    2870
  ],
  "rng": [
    4121832230,
    1527114855
  ],
  "shard_prediction_precision": 0.5197913646697998,
  "shard_prediction_recall": 0.5646666884422302
}