{
  "accs_after_deletion": [
    0.7496000528335571,
    0.7620000243186951
  ],
  "accs_before_deletion": [
    0.7798000574111938,
    0.77920001745224
  ],
  "delta": 6.982864657330156e-05,
  "ensemble_acc_after_deletion": 0.7634000182151794,
  "ensemble_acc_before_deletion": 0.7872000336647034,
  "epsilon": 17.093449239842762,
  "indicator": 1,
  "lengths_after_deletion": [
    2461,
    2748
  ],
  "rng": [
    4221984254,
    4285508056
  ],
  "shard_prediction_precision": 0.5211309194564819,
  "shard_prediction_recall": 0.5898333191871643
}