{
  "accs_after_deletion": [
    0.763200044631958,
    0.7564000487327576
  ],
  "accs_before_deletion": [
    0.7772000432014465,
    0.7762000560760498
  ],
  "delta": 6.982864657330156e-05,
  "ensemble_acc_after_deletion": 0.7606000304222107,
  "ensemble_acc_before_deletion": 0.7808000445365906,
  "epsilon": 17.093449239842762,
  "indicator": 0,
  "lengths_after_deletion": [
    2993,
    3178
  ],
  "rng": [
    4261058381,
    4277240994
  ],
  "shard_prediction_precision": 0.5158689022064209,
  "shard_prediction_recall": 0.5011666417121887
}