{
  "accs_after_deletion": [
    0.7532000541687012,
    0.759600043296814
  ],
  "accs_before_deletion": [
    0.7746000289916992,
    0.77920001745224
  ],
  "delta": 6.982864657330156e-05,
  "ensemble_acc_after_deletion": 0.7600000500679016,
  "ensemble_acc_before_deletion": 0.7830000519752502,
  "epsilon": 17.093449239842762,
  "indicator": 1,
  "lengths_after_deletion": [
    2710,
    2974
  ],
  "rng": [
    4279966723,
    156266886
  ],
  "shard_prediction_precision": 0.5208992958068848,
  "shard_prediction_recall": 0.5483333468437195
}