{
  "accs_after_deletion": [
    0.7574000358581543,
    0.7594000101089478
  ],
  "accs_before_deletion": [
    0.7790000438690186,
    0.7782000303268433
  ],
  "delta": 6.982864657330156e-05,
  "ensemble_acc_after_deletion": 0.7646000385284424,
  "ensemble_acc_before_deletion": 0.7814000248908997,
  "epsilon": 17.093449239842762,
  "indicator": 1,
  "lengths_after_deletion": [
    2002,
    2282
  ],
  "rng": [
    437404681,
    1880281502
  ],
  "shard_prediction_precision": 0.5181441307067871,
  "shard_prediction_recall": 0.6663333177566528
}