{
  "accs_after_deletion": [
    0.7726000547409058,
    0.7518000602722168
  ],
  "accs_before_deletion": [
    0.782800018787384,
    0.7750000357627869
  ],
  "delta": 6.982864657330156e-05,
  "ensemble_acc_after_deletion": 0.7702000141143799,
  "ensemble_acc_before_deletion": 0.7804000377655029,
  "epsilon": 17.093449239842762,
  "indicator": 0,
  "lengths_after_deletion": [
    3325,
    3608
  ],
  "rng": [
    443764751,
    1987321575
  ],
  "shard_prediction_precision": 0.5279257893562317,
  "shard_prediction_recall": 0.44583332538604736
}