{
  "accs_after_deletion": [
    0.7654000520706177,
    0.766800045967102
  ],
  "accs_before_deletion": [
    0.7704000473022461,
    0.7720000147819519
  ],
  "delta": 6.982864657330156e-05,
  "ensemble_acc_after_deletion": 0.7732000350952148,
  "ensemble_acc_before_deletion": 0.7770000100135803,
  "epsilon": 17.093449239842762,
  "indicator": 1,
  "lengths_after_deletion": [
    3004,
    3324
  ],
  "rng": [
    464174908,
    1736712446
  ],
  "shard_prediction_precision": 0.5282087326049805,
  "shard_prediction_recall": 0.49933332204818726
}