{
  "accs_after_deletion": [
    0.7736000418663025,
    0.7772000432014465
  ],
  "accs_before_deletion": [
    0.7656000256538391,
    0.7676000595092773
  ],
  "delta": 6.982864657330156e-05,
  "ensemble_acc_after_deletion": 0.7794000506401062,
  "ensemble_acc_before_deletion": 0.7694000601768494,
  "epsilon": 17.093449239842762,
  "indicator": 1,
  "lengths_after_deletion": [
    3071,
    3378
  ],
  "rng": [
    583047625,
    1971739372
  ],
  "shard_prediction_precision": 0.5276526808738708,
  "shard_prediction_recall": 0.4881666600704193
}