{
  "accs_after_deletion": [
    0.7732000350952148,
    0.7694000601768494
  ],
  "accs_before_deletion": [
    0.7712000608444214,
    0.784600019454956
  ],
  "delta": 6.982864657330156e-05,
  "ensemble_acc_after_deletion": 0.7778000235557556,
  "ensemble_acc_before_deletion": 0.7796000242233276,
  "epsilon": 17.093449239842762,
  "indicator": 0,
  "lengths_after_deletion": [
    3456,
    3685
  ],
  "rng": [
    58919978,
    3185843746
  ],
  "shard_prediction_precision": 0.5235645174980164,
  "shard_prediction_recall": 0.42399999499320984
}