{
  "accs_after_deletion": [
    0.7612000107765198,
    0.7664000391960144
  ],
  "accs_before_deletion": [
    0.7772000432014465,
    0.7796000242233276
  ],
  "delta": 6.982864657330156e-05,
  "ensemble_acc_after_deletion": 0.759600043296814,
  "ensemble_acc_before_deletion": 0.7868000268936157,
  "epsilon": 17.093449239842762,
  "indicator": 1,
  "lengths_after_deletion": [
    2868,
    3299
  ],
  "rng": [
    616079298,
    1780068223
  ],
  "shard_prediction_precision": 0.5369449853897095,
  "shard_prediction_recall": 0.5220000147819519
}