{
  "accs_after_deletion": [
    0.7564000487327576,
    0.7542000412940979
  ],
  "accs_before_deletion": [
    0.782800018787384,
    0.7752000093460083
  ],
  "delta": 6.982864657330156e-05,
  "ensemble_acc_after_deletion": 0.7434000372886658,
  "ensemble_acc_before_deletion": 0.7802000641822815,
  "epsilon": 17.093449239842762,
  "indicator": 0,
  "lengths_after_deletion": [
    2849,
    3088
  ],
  "rng": [
    628883471,
    3311302520
  ],
  "shard_prediction_precision": 0.5197097063064575,
  "shard_prediction_recall": 0.5251666903495789
}