{
  "accs_after_deletion": [
    0.7652000188827515,
    0.7600000500679016
  ],
  "accs_before_deletion": [
    0.7772000432014465,
    0.7768000364303589
  ],
  "delta": 6.982864657330156e-05,
  "ensemble_acc_after_deletion": 0.761400043964386,
  "ensemble_acc_before_deletion": 0.7806000113487244,
  "epsilon": 17.093449239842762,
  "indicator": 0,
  "lengths_after_deletion": [
    2420,
    2723
  ],
  "rng": [
    635027880,
    4005410718
  ],
  "shard_prediction_precision": 0.522094190120697,
  "shard_prediction_recall": 0.5966666340827942
}