{
  "accs_after_deletion": [
    0.7500000596046448,
    0.754800021648407
  ],
  "accs_before_deletion": [
    0.7766000628471375,
    0.7796000242233276
  ],
  "delta": 6.982864657330156e-05,
  "ensemble_acc_after_deletion": 0.7512000203132629,
  "ensemble_acc_before_deletion": 0.781000018119812,
  "epsilon": 17.093449239842762,
  "indicator": 1,
  "lengths_after_deletion": [
    2757,
    2951
  ],
  "rng": [
    637438806,
    2374325965
  ],
  "shard_prediction_precision": 0.5154163837432861,
  "shard_prediction_recall": 0.5404999852180481
}