{
  "accs_after_deletion": [
    0.7708000540733337,
    0.7758000493049622
  ],
  "accs_before_deletion": [
    0.7748000621795654,
    0.7764000296592712
  ],
  "delta": 6.982864657330156e-05,
  "ensemble_acc_after_deletion": 0.7772000432014465,
  "ensemble_acc_before_deletion": 0.7752000093460083,
  "epsilon": 17.093449239842762,
  "indicator": 1,
  "lengths_after_deletion": [
    2763,
    3083
  ],
  "rng": [
    663830480,
    3612720938
  ],
  "shard_prediction_precision": 0.5259993672370911,
  "shard_prediction_recall": 0.5394999980926514
}