{
  "accs_after_deletion": [
    0.7504000067710876,
    0.7572000622749329
  ],
  "accs_before_deletion": [
    0.7760000228881836,
    0.7788000106811523
  ],
  "delta": 6.982864657330156e-05,
  "ensemble_acc_after_deletion": 0.753000020980835,
  "ensemble_acc_before_deletion": 0.7782000303268433,
  "epsilon": 17.093449239842762,
  "indicator": 1,
  "lengths_after_deletion": [
    3275,
    3464
  ],
  "rng": [
    700986321,
    1624600616
  ],
  "shard_prediction_precision": 0.5179623365402222,
  "shard_prediction_recall": 0.4541666507720947
}