{
  "accs_after_deletion": [
    0.7576000094413757,
    0.7576000094413757
  ],
  "accs_before_deletion": [
    0.7772000432014465,
    0.7700000405311584
  ],
  "delta": 6.982864657330156e-05,
  "ensemble_acc_after_deletion": 0.761400043964386,
  "ensemble_acc_before_deletion": 0.7790000438690186,
  "epsilon": 17.093449239842762,
  "indicator": 0,
  "lengths_after_deletion": [
    2522,
    2782
  ],
  "rng": [
    730237887,
    4221397968
  ],
  "shard_prediction_precision": 0.5194146037101746,
  "shard_prediction_recall": 0.5796666741371155
}