{
  "accs_after_deletion": [
    0.7594000101089478,
    0.7590000629425049
  ],
  "accs_before_deletion": [
    0.7786000370979309,
    0.777400016784668
  ],
  "delta": 6.982864657330156e-05,
  "ensemble_acc_after_deletion": 0.7640000581741333,
  "ensemble_acc_before_deletion": 0.7826000452041626,
  "epsilon": 17.093449239842762,
  "indicator": 0,
  "lengths_after_deletion": [
    2477,
    2765
  ],
  "rng": [
    766557115,
    302324862
  ],
  "shard_prediction_precision": 0.5213081240653992,
  "shard_prediction_recall": 0.5871666669845581
}