{
  "accs_after_deletion": [
    0.7460000514984131,
    0.7420000433921814
  ],
  "accs_before_deletion": [
    0.7784000635147095,
    0.7744000554084778
  ],
  "delta": 6.982864657330156e-05,
  "ensemble_acc_after_deletion": 0.7380000352859497,
  "ensemble_acc_before_deletion": 0.7760000228881836,
  "epsilon": 17.093449239842762,
  "indicator": 0,
  "lengths_after_deletion": [
    2530,
    2738
  ],
  "rng": [
    781338105,
    2921950183
  ],
  "shard_prediction_precision": 0.5154485702514648,
  "shard_prediction_recall": 0.57833331823349
}