{
  "accs_after_deletion": [
    0.7456000447273254,
    0.7400000095367432
  ],
  "accs_before_deletion": [
    0.7830000519752502,
    0.7694000601768494
  ],
  "delta": 6.982864657330156e-05,
  "ensemble_acc_after_deletion": 0.7504000067710876,
  "ensemble_acc_before_deletion": 0.7818000316619873,
  "epsilon": 17.093449239842762,
  "indicator": 0,
  "lengths_after_deletion": [
    2932,
    3212
  ],
  "rng": [
    782427948,
    2943225612
  ],
  "shard_prediction_precision": 0.5239070653915405,
  "shard_prediction_recall": 0.5113333463668823
}