{
  "accs_after_deletion": [
    0.7710000276565552,
    0.7738000154495239
  ],
  "accs_before_deletion": [
    0.7770000100135803,
    0.7760000228881836
  ],
  "delta": 6.982864657330156e-05,
  "ensemble_acc_after_deletion": 0.7786000370979309,
  "ensemble_acc_before_deletion": 0.7802000641822815,
  "epsilon": 17.093449239842762,
  "indicator": 1,
  "lengths_after_deletion": [
    2853,
    3102
  ],
  "rng": [
    803539976,
    4090885755
  ],
  "shard_prediction_precision": 0.5205955505371094,
  "shard_prediction_recall": 0.5245000123977661
}