{
  "accs_after_deletion": [
    0.7382000088691711,
    0.740600049495697
  ],
  "accs_before_deletion": [
    0.781000018119812,
    0.7642000317573547
  ],
  "delta": 6.982864657330156e-05,
  "ensemble_acc_after_deletion": 0.7520000338554382,
  "ensemble_acc_before_deletion": 0.7726000547409058,
  "epsilon": 17.093449239842762,
  "indicator": 1,
  "lengths_after_deletion": [
    2826,
    3041
  ],
  "rng": [
    813108178,
    2609439072
  ],
  "shard_prediction_precision": 0.5175281763076782,
  "shard_prediction_recall": 0.5289999842643738
}