{
  "accs_after_deletion": [
    0.7562000155448914,
    0.7500000596046448
  ],
  "accs_before_deletion": [
    0.7728000283241272,
    0.7732000350952148
  ],
  "delta": 6.982864657330156e-05,
  "ensemble_acc_after_deletion": 0.7446000576019287,
  "ensemble_acc_before_deletion": 0.7776000499725342,
  "epsilon": 17.093449239842762,
  "indicator": 0,
  "lengths_after_deletion": [
    2206,
    2490
  ],
  "rng": [
    843985203,
    1111503525
  ],
  "shard_prediction_precision": 0.5194414258003235,
  "shard_prediction_recall": 0.6323333382606506
}