{
  "accs_after_deletion": [
    0.7634000182151794,
    0.7532000541687012
  ],
  "accs_before_deletion": [
    0.7860000133514404,
    0.7782000303268433
  ],
  "delta": 6.982864657330156e-05,
  "ensemble_acc_after_deletion": 0.7706000208854675,
  "ensemble_acc_before_deletion": 0.7868000268936157,
  "epsilon": 17.093449239842762,
  "indicator": 0,
  "lengths_after_deletion": [
    3388,
    3626
  ],
  "rng": [
    983392669,
    1881323623
  ],
  "shard_prediction_precision": 0.5238668322563171,
  "shard_prediction_recall": 0.43533334136009216
}