{
  "accs_after_deletion": [
    0.9548000693321228,
    0.9620000720024109
  ],
  "accs_before_deletion": [
    0.9738000631332397,
    0.9696000218391418
  ],
  "delta": 6.982864657330156e-05,
  "ensemble_acc_after_deletion": 0.9588000178337097,
  "ensemble_acc_before_deletion": 0.9726000428199768,
  "epsilon": "\u221e",
  "indicator": 1,
  "lengths_after_deletion": [
    2417,
    2916
  ],
  "rng": [
    1030276760,
    3848756182
  ],
  "shard_prediction_precision": 0.5374231338500977,
  "shard_prediction_recall": 0.5971666574478149
}