{
  "accs_after_deletion": [
    0.9592000246047974,
    0.9590000510215759
  ],
  "accs_before_deletion": [
    0.971000075340271,
    0.9694000482559204
  ],
  "delta": 6.982864657330156e-05,
  "ensemble_acc_after_deletion": 0.9598000645637512,
  "ensemble_acc_before_deletion": 0.9696000218391418,
  "epsilon": "\u221e",
  "indicator": 0,
  "lengths_after_deletion": [
    2750,
    3203
  ],
  "rng": [
    1045035359,
    4279735435
  ],
  "shard_prediction_precision": 0.5374565720558167,
  "shard_prediction_recall": 0.5416666865348816
}