{
  "accs_after_deletion": [
    0.9532000422477722,
    0.9618000388145447
  ],
  "accs_before_deletion": [
    0.9722000360488892,
    0.971000075340271
  ],
  "delta": 6.982864657330156e-05,
  "ensemble_acc_after_deletion": 0.963200032711029,
  "ensemble_acc_before_deletion": 0.9714000225067139,
  "epsilon": "\u221e",
  "indicator": 1,
  "lengths_after_deletion": [
    2709,
    3175
  ],
  "rng": [
    1056279630,
    3675364942
  ],
  "shard_prediction_precision": 0.5380968451499939,
  "shard_prediction_recall": 0.5485000014305115
}