{
  "accs_after_deletion": [
    0.9562000632286072,
    0.9638000726699829
  ],
  "accs_before_deletion": [
    0.9700000286102295,
    0.9694000482559204
  ],
  "delta": 6.982864657330156e-05,
  "ensemble_acc_after_deletion": 0.9622000455856323,
  "ensemble_acc_before_deletion": 0.9694000482559204,
  "epsilon": "\u221e",
  "indicator": 1,
  "lengths_after_deletion": [
    1997,
    2545
  ],
  "rng": [
    1113116061,
    3533496685
  ],
  "shard_prediction_precision": 0.5367390513420105,
  "shard_prediction_recall": 0.6671666502952576
}