{
  "accs_after_deletion": [
    0.9556000232696533,
    0.9598000645637512
  ],
  "accs_before_deletion": [
    0.971000075340271,
    0.9700000286102295
  ],
  "delta": 6.982864657330156e-05,
  "ensemble_acc_after_deletion": 0.9588000178337097,
  "ensemble_acc_before_deletion": 0.9704000353813171,
  "epsilon": "\u221e",
  "indicator": 1,
  "lengths_after_deletion": [
    2538,
    3095
  ],
  "rng": [
    1122019977,
    2859307420
  ],
  "shard_prediction_precision": 0.5437411665916443,
  "shard_prediction_recall": 0.5770000219345093
}