{
  "accs_after_deletion": [
    0.9598000645637512,
    0.9660000205039978
  ],
  "accs_before_deletion": [
    0.9696000218391418,
    0.9702000617980957
  ],
  "delta": 6.982864657330156e-05,
  "ensemble_acc_after_deletion": 0.9630000591278076,
  "ensemble_acc_before_deletion": 0.9716000556945801,
  "epsilon": "\u221e",
  "indicator": 1,
  "lengths_after_deletion": [
    2601,
    3039
  ],
  "rng": [
    1127545406,
    417246317
  ],
  "shard_prediction_precision": 0.5344339609146118,
  "shard_prediction_recall": 0.5665000081062317
}