{
  "accs_after_deletion": [
    0.9558000564575195,
    0.9628000259399414
  ],
  "accs_before_deletion": [
    0.9722000360488892,
    0.9686000347137451
  ],
  "delta": 6.982864657330156e-05,
  "ensemble_acc_after_deletion": 0.960800051689148,
  "ensemble_acc_before_deletion": 0.9704000353813171,
  "epsilon": "\u221e",
  "indicator": 1,
  "lengths_after_deletion": [
    2795,
    3229
  ],
  "rng": [
    1175451975,
    3655326878
  ],
  "shard_prediction_precision": 0.53631192445755,
  "shard_prediction_recall": 0.5341666340827942
}