{
  "accs_after_deletion": [
    0.9568000435829163,
    0.963200032711029
  ],
  "accs_before_deletion": [
    0.9706000685691833,
    0.971000075340271
  ],
  "delta": 6.982864657330156e-05,
  "ensemble_acc_after_deletion": 0.963200032711029,
  "ensemble_acc_before_deletion": 0.9702000617980957,
  "epsilon": "\u221e",
  "indicator": 1,
  "lengths_after_deletion": [
    2618,
    3083
  ],
  "rng": [
    1226684729,
    1277697240
  ],
  "shard_prediction_precision": 0.5369105935096741,
  "shard_prediction_recall": 0.5636666417121887
}