{
  "accs_after_deletion": [
    0.9552000164985657,
    0.9604000449180603
  ],
  "accs_before_deletion": [
    0.9698000550270081,
    0.9714000225067139
  ],
  "delta": 6.982864657330156e-05,
  "ensemble_acc_after_deletion": 0.959600031375885,
  "ensemble_acc_before_deletion": 0.9702000617980957,
  "epsilon": "\u221e",
  "indicator": 1,
  "lengths_after_deletion": [
    2660,
    3100
  ],
  "rng": [
    1295949702,
    118508152
  ],
  "shard_prediction_precision": 0.5352564454078674,
  "shard_prediction_recall": 0.5566666722297668
}