{
  "accs_after_deletion": [
    0.9616000652313232,
    0.9696000218391418
  ],
  "accs_before_deletion": [
    0.9700000286102295,
    0.9706000685691833
  ],
  "delta": 6.982864657330156e-05,
  "ensemble_acc_after_deletion": 0.9658000469207764,
  "ensemble_acc_before_deletion": 0.9712000489234924,
  "epsilon": "\u221e",
  "indicator": 1,
  "lengths_after_deletion": [
    2469,
    2983
  ],
  "rng": [
    1390804957,
    3805444250
  ],
  "shard_prediction_precision": 0.5392486453056335,
  "shard_prediction_recall": 0.5885000228881836
}