{
  "accs_after_deletion": [
    0.9612000584602356,
    0.9690000414848328
  ],
  "accs_before_deletion": [
    0.9724000692367554,
    0.9730000495910645
  ],
  "delta": 6.982864657330156e-05,
  "ensemble_acc_after_deletion": 0.9642000198364258,
  "ensemble_acc_before_deletion": 0.9728000164031982,
  "epsilon": "\u221e",
  "indicator": 1,
  "lengths_after_deletion": [
    2502,
    2987
  ],
  "rng": [
    1515844758,
    1808301392
  ],
  "shard_prediction_precision": 0.5372446775436401,
  "shard_prediction_recall": 0.5830000042915344
}