{
  "accs_after_deletion": [
    0.957800030708313,
    0.9670000672340393
  ],
  "accs_before_deletion": [
    0.9700000286102295,
    0.9706000685691833
  ],
  "delta": 6.982864657330156e-05,
  "ensemble_acc_after_deletion": 0.964400053024292,
  "ensemble_acc_before_deletion": 0.969200074672699,
  "epsilon": "\u221e",
  "indicator": 1,
  "lengths_after_deletion": [
    3095,
    3662
  ],
  "rng": [
    1583645709,
    1148340906
  ],
  "shard_prediction_precision": 0.5540720820426941,
  "shard_prediction_recall": 0.4841666519641876
}