{
  "accs_after_deletion": [
    0.96260005235672,
    0.968000054359436
  ],
  "accs_before_deletion": [
    0.9708000421524048,
    0.971000075340271
  ],
  "delta": 6.982864657330156e-05,
  "ensemble_acc_after_deletion": 0.9668000340461731,
  "ensemble_acc_before_deletion": 0.9720000624656677,
  "epsilon": "\u221e",
  "indicator": 1,
  "lengths_after_deletion": [
    2741,
    3172
  ],
  "rng": [
    1668474406,
    1968759699
  ],
  "shard_prediction_precision": 0.535403311252594,
  "shard_prediction_recall": 0.5431666374206543
}