{
  "accs_after_deletion": [
    0.9600000381469727,
    0.9648000597953796
  ],
  "accs_before_deletion": [
    0.9720000624656677,
    0.9720000624656677
  ],
  "delta": 6.982864657330156e-05,
  "ensemble_acc_after_deletion": 0.96260005235672,
  "ensemble_acc_before_deletion": 0.9728000164031982,
  "epsilon": "\u221e",
  "indicator": 1,
  "lengths_after_deletion": [
    2102,
    2629
  ],
  "rng": [
    1742902247,
    2260597142
  ],
  "shard_prediction_precision": 0.5362498164176941,
  "shard_prediction_recall": 0.6496666669845581
}