{
  "accs_after_deletion": [
    0.9602000713348389,
    0.964400053024292
  ],
  "accs_before_deletion": [
    0.971000075340271,
    0.9698000550270081
  ],
  "delta": 6.982864657330156e-05,
  "ensemble_acc_after_deletion": 0.9640000462532043,
  "ensemble_acc_before_deletion": 0.9706000685691833,
  "epsilon": "\u221e",
  "indicator": 1,
  "lengths_after_deletion": [
    2233,
    2683
  ],
  "rng": [
    1794982013,
    3665025340
  ],
  "shard_prediction_precision": 0.5317617058753967,
  "shard_prediction_recall": 0.6278333067893982
}