{
  "accs_after_deletion": [
    0.9556000232696533,
    0.9700000286102295
  ],
  "accs_before_deletion": [
    0.9722000360488892,
    0.9728000164031982
  ],
  "delta": 6.982864657330156e-05,
  "ensemble_acc_after_deletion": 0.9654000401496887,
  "ensemble_acc_before_deletion": 0.9718000292778015,
  "epsilon": "\u221e",
  "indicator": 1,
  "lengths_after_deletion": [
    2515,
    2997
  ],
  "rng": [
    1846073162,
    991454426
  ],
  "shard_prediction_precision": 0.5371454954147339,
  "shard_prediction_recall": 0.5808333158493042
}