{
  "accs_after_deletion": [
    0.9588000178337097,
    0.9586000442504883
  ],
  "accs_before_deletion": [
    0.9730000495910645,
    0.9696000218391418
  ],
  "delta": 6.982864657330156e-05,
  "ensemble_acc_after_deletion": 0.9592000246047974,
  "ensemble_acc_before_deletion": 0.9724000692367554,
  "epsilon": "\u221e",
  "indicator": 0,
  "lengths_after_deletion": [
    2491,
    3005
  ],
  "rng": [
    1858923937,
    1542200423
  ],
  "shard_prediction_precision": 0.5395141243934631,
  "shard_prediction_recall": 0.5848333239555359
}