{
  "accs_after_deletion": [
    0.957800030708313,
    0.9658000469207764
  ],
  "accs_before_deletion": [
    0.9690000414848328,
    0.9720000624656677
  ],
  "delta": 6.982864657330156e-05,
  "ensemble_acc_after_deletion": 0.9620000720024109,
  "ensemble_acc_before_deletion": 0.9714000225067139,
  "epsilon": "\u221e",
  "indicator": 1,
  "lengths_after_deletion": [
    2608,
    3152
  ],
  "rng": [
    1899150284,
    989993964
  ],
  "shard_prediction_precision": 0.5435897707939148,
  "shard_prediction_recall": 0.5653333067893982
}