{
  "accs_after_deletion": [
    0.9630000591278076,
    0.9730000495910645
  ],
  "accs_before_deletion": [
    0.971000075340271,
    0.9758000373840332
  ],
  "delta": 6.982864657330156e-05,
  "ensemble_acc_after_deletion": 0.9694000482559204,
  "ensemble_acc_before_deletion": 0.9752000570297241,
  "epsilon": "\u221e",
  "indicator": 1,
  "lengths_after_deletion": [
    3077,
    3523
  ],
  "rng": [
    1963860252,
    312173065
  ],
  "shard_prediction_precision": 0.5412963032722473,
  "shard_prediction_recall": 0.4871666729450226
}