{
  "accs_after_deletion": [
    0.9604000449180603,
    0.9572000503540039
  ],
  "accs_before_deletion": [
    0.9758000373840332,
    0.9708000421524048
  ],
  "delta": 6.982864657330156e-05,
  "ensemble_acc_after_deletion": 0.9612000584602356,
  "ensemble_acc_before_deletion": 0.9742000699043274,
  "epsilon": "\u221e",
  "indicator": 0,
  "lengths_after_deletion": [
    2364,
    2768
  ],
  "rng": [
    1974098665,
    1823772350
  ],
  "shard_prediction_precision": 0.529411792755127,
  "shard_prediction_recall": 0.6060000061988831
}