{
  "accs_after_deletion": [
    0.9564000368118286,
    0.96260005235672
  ],
  "accs_before_deletion": [
    0.9744000434875488,
    0.9708000421524048
  ],
  "delta": 6.982864657330156e-05,
  "ensemble_acc_after_deletion": 0.959600031375885,
  "ensemble_acc_before_deletion": 0.9718000292778015,
  "epsilon": "\u221e",
  "indicator": 1,
  "lengths_after_deletion": [
    2476,
    2873
  ],
  "rng": [
    1978237110,
    1038742253
  ],
  "shard_prediction_precision": 0.5298451781272888,
  "shard_prediction_recall": 0.5873333215713501
}