{
  "accs_after_deletion": [
    0.963200032711029,
    0.9684000611305237
  ],
  "accs_before_deletion": [
    0.9722000360488892,
    0.9702000617980957
  ],
  "delta": 6.982864657330156e-05,
  "ensemble_acc_after_deletion": 0.9690000414848328,
  "ensemble_acc_before_deletion": 0.9718000292778015,
  "epsilon": "\u221e",
  "indicator": 1,
  "lengths_after_deletion": [
    2611,
    3110
  ],
  "rng": [
    2003560070,
    3098474631
  ],
  "shard_prediction_precision": 0.5397356748580933,
  "shard_prediction_recall": 0.5648333430290222
}