{
  "accs_after_deletion": [
    0.9522000551223755,
    0.9622000455856323
  ],
  "accs_before_deletion": [
    0.9714000225067139,
    0.969200074672699
  ],
  "delta": 6.982864657330156e-05,
  "ensemble_acc_after_deletion": 0.9606000185012817,
  "ensemble_acc_before_deletion": 0.971000075340271,
  "epsilon": "\u221e",
  "indicator": 1,
  "lengths_after_deletion": [
    3048,
    3337
  ],
  "rng": [
    2076172648,
    3962155111
  ],
  "shard_prediction_precision": 0.5257346630096436,
  "shard_prediction_recall": 0.4919999837875366
}