{
  "accs_after_deletion": [
    0.9550000429153442,
    0.9600000381469727
  ],
  "accs_before_deletion": [
    0.9722000360488892,
    0.9664000272750854
  ],
  "delta": 6.982864657330156e-05,
  "ensemble_acc_after_deletion": 0.9574000239372253,
  "ensemble_acc_before_deletion": 0.9688000679016113,
  "epsilon": "\u221e",
  "indicator": 1,
  "lengths_after_deletion": [
    2111,
    2655
  ],
  "rng": [
    2093429420,
    3714981804
  ],
  "shard_prediction_precision": 0.5376002192497253,
  "shard_prediction_recall": 0.6481666564941406
}