{
  "accs_after_deletion": [
    0.9590000510215759,
    0.9654000401496887
  ],
  "accs_before_deletion": [
    0.9694000482559204,
    0.9712000489234924
  ],
  "delta": 6.982864657330156e-05,
  "ensemble_acc_after_deletion": 0.96260005235672,
  "ensemble_acc_before_deletion": 0.9708000421524048,
  "epsilon": "\u221e",
  "indicator": 1,
  "lengths_after_deletion": [
    2682,
    3215
  ],
  "rng": [
    2224132425,
    2061959191
  ],
  "shard_prediction_precision": 0.5436670184135437,
  "shard_prediction_recall": 0.5529999732971191
}