{
  "accs_after_deletion": [
    0.9602000713348389,
    0.9624000191688538
  ],
  "accs_before_deletion": [
    0.9708000421524048,
    0.9686000347137451
  ],
  "delta": 6.982864657330156e-05,
  "ensemble_acc_after_deletion": 0.961400032043457,
  "ensemble_acc_before_deletion": 0.971000075340271,
  "epsilon": "\u221e",
  "indicator": 1,
  "lengths_after_deletion": [
    2832,
    3261
  ],
  "rng": [
    2253169517,
    2718791716
  ],
  "shard_prediction_precision": 0.5363128781318665,
  "shard_prediction_recall": 0.527999997138977
}