{
  "accs_after_deletion": [
    0.9526000618934631,
    0.9642000198364258
  ],
  "accs_before_deletion": [
    0.9722000360488892,
    0.969200074672699
  ],
  "delta": 6.982864657330156e-05,
  "ensemble_acc_after_deletion": 0.9580000638961792,
  "ensemble_acc_before_deletion": 0.9712000489234924,
  "epsilon": "\u221e",
  "indicator": 1,
  "lengths_after_deletion": [
    2768,
    3310
  ],
  "rng": [
    2271190834,
    488963162
  ],
  "shard_prediction_precision": 0.5457615852355957,
  "shard_prediction_recall": 0.5386666655540466
}