{
  "accs_after_deletion": [
    0.9584000706672668,
    0.9656000733375549
  ],
  "accs_before_deletion": [
    0.9724000692367554,
    0.9722000360488892
  ],
  "delta": 6.982864657330156e-05,
  "ensemble_acc_after_deletion": 0.9668000340461731,
  "ensemble_acc_before_deletion": 0.9718000292778015,
  "epsilon": "\u221e",
  "indicator": 1,
  "lengths_after_deletion": [
    2590,
    3015
  ],
  "rng": [
    2288162593,
    2324370293
  ],
  "shard_prediction_precision": 0.5332290530204773,
  "shard_prediction_recall": 0.5683333277702332
}