{
  "accs_after_deletion": [
    0.9522000551223755,
    0.9610000252723694
  ],
  "accs_before_deletion": [
    0.9726000428199768,
    0.9694000482559204
  ],
  "delta": 6.982864657330156e-05,
  "ensemble_acc_after_deletion": 0.9610000252723694,
  "ensemble_acc_before_deletion": 0.9720000624656677,
  "epsilon": "\u221e",
  "indicator": 1,
  "lengths_after_deletion": [
    2872,
    3428
  ],
  "rng": [
    2297639118,
    3335996462
  ],
  "shard_prediction_precision": 0.5487719178199768,
  "shard_prediction_recall": 0.5213333368301392
}