{
  "accs_after_deletion": [
    0.9538000226020813,
    0.9526000618934631
  ],
  "accs_before_deletion": [
    0.971000075340271,
    0.966200053691864
  ],
  "delta": 6.982864657330156e-05,
  "ensemble_acc_after_deletion": 0.9550000429153442,
  "ensemble_acc_before_deletion": 0.9694000482559204,
  "epsilon": "\u221e",
  "indicator": 0,
  "lengths_after_deletion": [
    2077,
    2584
  ],
  "rng": [
    2434137681,
    1938711
  ],
  "shard_prediction_precision": 0.5345414876937866,
  "shard_prediction_recall": 0.6538333296775818
}