{
  "accs_after_deletion": [
    0.9518000483512878,
    0.9580000638961792
  ],
  "accs_before_deletion": [
    0.9734000563621521,
    0.9708000421524048
  ],
  "delta": 6.982864657330156e-05,
  "ensemble_acc_after_deletion": 0.9538000226020813,
  "ensemble_acc_before_deletion": 0.9738000631332397,
  "epsilon": "\u221e",
  "indicator": 1,
  "lengths_after_deletion": [
    2358,
    2861
  ],
  "rng": [
    2451943040,
    2166628959
  ],
  "shard_prediction_precision": 0.537088930606842,
  "shard_prediction_recall": 0.6069999933242798
}