{
  "accs_after_deletion": [
    0.9530000686645508,
    0.96260005235672
  ],
  "accs_before_deletion": [
    0.9708000421524048,
    0.9708000421524048
  ],
  "delta": 6.982864657330156e-05,
  "ensemble_acc_after_deletion": 0.9604000449180603,
  "ensemble_acc_before_deletion": 0.9714000225067139,
  "epsilon": "\u221e",
  "indicator": 1,
  "lengths_after_deletion": [
    2960,
    3414
  ],
  "rng": [
    2494521961,
    1333347721
  ],
  "shard_prediction_precision": 0.5403484106063843,
  "shard_prediction_recall": 0.5066666603088379
}