{
  "accs_after_deletion": [
    0.9532000422477722,
    0.9586000442504883
  ],
  "accs_before_deletion": [
    0.9682000279426575,
    0.9652000665664673
  ],
  "delta": 6.982864657330156e-05,
  "ensemble_acc_after_deletion": 0.9548000693321228,
  "ensemble_acc_before_deletion": 0.9676000475883484,
  "epsilon": "\u221e",
  "indicator": 1,
  "lengths_after_deletion": [
    2837,
    3284
  ],
  "rng": [
    2495855078,
    3773606623
  ],
  "shard_prediction_precision": 0.538016676902771,
  "shard_prediction_recall": 0.5271666646003723
}