{
  "accs_after_deletion": [
    0.956000030040741,
    0.963200032711029
  ],
  "accs_before_deletion": [
    0.9728000164031982,
    0.9706000685691833
  ],
  "delta": 6.982864657330156e-05,
  "ensemble_acc_after_deletion": 0.9590000510215759,
  "ensemble_acc_before_deletion": 0.9726000428199768,
  "epsilon": "\u221e",
  "indicator": 1,
  "lengths_after_deletion": [
    2826,
    3259
  ],
  "rng": [
    2504865562,
    3663634529
  ],
  "shard_prediction_precision": 0.5366018414497375,
  "shard_prediction_recall": 0.5289999842643738
}