{
  "accs_after_deletion": [
    0.9502000212669373,
    0.9654000401496887
  ],
  "accs_before_deletion": [
    0.9694000482559204,
    0.971000075340271
  ],
  "delta": 6.982864657330156e-05,
  "ensemble_acc_after_deletion": 0.9624000191688538,
  "ensemble_acc_before_deletion": 0.9722000360488892,
  "epsilon": "\u221e",
  "indicator": 1,
  "lengths_after_deletion": [
    3000,
    3433
  ],
  "rng": [
    2537501562,
    4106791910
  ],
  "shard_prediction_precision": 0.5388898849487305,
  "shard_prediction_recall": 0.5
}