{
  "accs_after_deletion": [
    0.9594000577926636,
    0.9666000604629517
  ],
  "accs_before_deletion": [
    0.9706000685691833,
    0.9720000624656677
  ],
  "delta": 6.982864657330156e-05,
  "ensemble_acc_after_deletion": 0.9648000597953796,
  "ensemble_acc_before_deletion": 0.9718000292778015,
  "epsilon": "\u221e",
  "indicator": 1,
  "lengths_after_deletion": [
    2930,
    3535
  ],
  "rng": [
    2570584061,
    1204604420
  ],
  "shard_prediction_precision": 0.554652214050293,
  "shard_prediction_recall": 0.5116666555404663
}