{
  "accs_after_deletion": [
    0.9564000368118286,
    0.9708000421524048
  ],
  "accs_before_deletion": [
    0.9714000225067139,
    0.9714000225067139
  ],
  "delta": 6.982864657330156e-05,
  "ensemble_acc_after_deletion": 0.9634000658988953,
  "ensemble_acc_before_deletion": 0.9714000225067139,
  "epsilon": "\u221e",
  "indicator": 1,
  "lengths_after_deletion": [
    2870,
    3280
  ],
  "rng": [
    2687633876,
    963366916
  ],
  "shard_prediction_precision": 0.5350427031517029,
  "shard_prediction_recall": 0.5216666460037231
}