{
  "accs_after_deletion": [
    0.9546000361442566,
    0.9634000658988953
  ],
  "accs_before_deletion": [
    0.9722000360488892,
    0.969200074672699
  ],
  "delta": 6.982864657330156e-05,
  "ensemble_acc_after_deletion": 0.9628000259399414,
  "ensemble_acc_before_deletion": 0.971000075340271,
  "epsilon": "\u221e",
  "indicator": 1,
  "lengths_after_deletion": [
    2491,
    2986
  ],
  "rng": [
    2773769046,
    3800689878
  ],
  "shard_prediction_precision": 0.5379427075386047,
  "shard_prediction_recall": 0.5848333239555359
}