{
  "accs_after_deletion": [
    0.9602000713348389,
    0.9548000693321228
  ],
  "accs_before_deletion": [
    0.9694000482559204,
    0.9700000286102295
  ],
  "delta": 6.982864657330156e-05,
  "ensemble_acc_after_deletion": 0.9594000577926636,
  "ensemble_acc_before_deletion": 0.9706000685691833,
  "epsilon": "\u221e",
  "indicator": 0,
  "lengths_after_deletion": [
    2692,
    3117
  ],
  "rng": [
    2814602154,
    1373253751
  ],
  "shard_prediction_precision": 0.5343239903450012,
  "shard_prediction_recall": 0.5513333082199097
}