{
  "accs_after_deletion": [
    0.9568000435829163,
    0.96260005235672
  ],
  "accs_before_deletion": [
    0.9720000624656677,
    0.971000075340271
  ],
  "delta": 6.982864657330156e-05,
  "ensemble_acc_after_deletion": 0.9586000442504883,
  "ensemble_acc_before_deletion": 0.9720000624656677,
  "epsilon": "\u221e",
  "indicator": 1,
  "lengths_after_deletion": [
    2584,
    3042
  ],
  "rng": [
    2844805760,
    4177254838
  ],
  "shard_prediction_precision": 0.5359272360801697,
  "shard_prediction_recall": 0.5693333148956299
}