{
  "accs_after_deletion": [
    0.9584000706672668,
    0.9698000550270081
  ],
  "accs_before_deletion": [
    0.971000075340271,
    0.9752000570297241
  ],
  "delta": 6.982864657330156e-05,
  "ensemble_acc_after_deletion": 0.9648000597953796,
  "ensemble_acc_before_deletion": 0.9720000624656677,
  "epsilon": "\u221e",
  "indicator": 1,
  "lengths_after_deletion": [
    2256,
    2708
  ],
  "rng": [
    2850748192,
    1979983302
  ],
  "shard_prediction_precision": 0.5321205258369446,
  "shard_prediction_recall": 0.6240000128746033
}