{
  "accs_after_deletion": [
    0.9606000185012817,
    0.9700000286102295
  ],
  "accs_before_deletion": [
    0.9694000482559204,
    0.9718000292778015
  ],
  "delta": 6.982864657330156e-05,
  "ensemble_acc_after_deletion": 0.9658000469207764,
  "ensemble_acc_before_deletion": 0.9700000286102295,
  "epsilon": "\u221e",
  "indicator": 1,
  "lengths_after_deletion": [
    2063,
    2567
  ],
  "rng": [
    2888607933,
    3774755191
  ],
  "shard_prediction_precision": 0.534192681312561,
  "shard_prediction_recall": 0.656166672706604
}