{
  "accs_after_deletion": [
    0.9562000632286072,
    0.9640000462532043
  ],
  "accs_before_deletion": [
    0.9740000367164612,
    0.9708000421524048
  ],
  "delta": 6.982864657330156e-05,
  "ensemble_acc_after_deletion": 0.9598000645637512,
  "ensemble_acc_before_deletion": 0.9730000495910645,
  "epsilon": "\u221e",
  "indicator": 1,
  "lengths_after_deletion": [
    2381,
    2854
  ],
  "rng": [
    2978546197,
    1752361910
  ],
  "shard_prediction_precision": 0.5349593758583069,
  "shard_prediction_recall": 0.6031666398048401
}