{
  "accs_after_deletion": [
    0.9590000510215759,
    0.9598000645637512
  ],
  "accs_before_deletion": [
    0.971000075340271,
    0.969200074672699
  ],
  "delta": 6.982864657330156e-05,
  "ensemble_acc_after_deletion": 0.959600031375885,
  "ensemble_acc_before_deletion": 0.9712000489234924,
  "epsilon": "\u221e",
  "indicator": 1,
  "lengths_after_deletion": [
    2175,
    2661
  ],
  "rng": [
    3075344231,
    3941526280
  ],
  "shard_prediction_precision": 0.5339195728302002,
  "shard_prediction_recall": 0.637499988079071
}