{
  "accs_after_deletion": [
    0.96260005235672,
    0.9708000421524048
  ],
  "accs_before_deletion": [
    0.9712000489234924,
    0.9736000299453735
  ],
  "delta": 6.982864657330156e-05,
  "ensemble_acc_after_deletion": 0.9678000211715698,
  "ensemble_acc_before_deletion": 0.9728000164031982,
  "epsilon": "\u221e",
  "indicator": 1,
  "lengths_after_deletion": [
    2901,
    3444
  ],
  "rng": [
    3085373457,
    864651436
  ],
  "shard_prediction_precision": 0.5480105876922607,
  "shard_prediction_recall": 0.5164999961853027
}