{
  "accs_after_deletion": [
    0.9636000394821167,
    0.968000054359436
  ],
  "accs_before_deletion": [
    0.9724000692367554,
    0.9726000428199768
  ],
  "delta": 6.982864657330156e-05,
  "ensemble_acc_after_deletion": 0.9688000679016113,
  "ensemble_acc_before_deletion": 0.9724000692367554,
  "epsilon": "\u221e",
  "indicator": 1,
  "lengths_after_deletion": [
    2717,
    3154
  ],
  "rng": [
    3111777917,
    2090202325
  ],
  "shard_prediction_precision": 0.5356501936912537,
  "shard_prediction_recall": 0.547166645526886
}