{
  "accs_after_deletion": [
    0.9592000246047974,
    0.9670000672340393
  ],
  "accs_before_deletion": [
    0.968000054359436,
    0.9706000685691833
  ],
  "delta": 6.982864657330156e-05,
  "ensemble_acc_after_deletion": 0.9620000720024109,
  "ensemble_acc_before_deletion": 0.9688000679016113,
  "epsilon": "\u221e",
  "indicator": 1,
  "lengths_after_deletion": [
    3162,
    3625
  ],
  "rng": [
    3318774577,
    3576186661
  ],
  "shard_prediction_precision": 0.5444082021713257,
  "shard_prediction_recall": 0.4729999899864197
}