{
  "accs_after_deletion": [
    0.9586000442504883,
    0.9636000394821167
  ],
  "accs_before_deletion": [
    0.9696000218391418,
    0.9684000611305237
  ],
  "delta": 6.982864657330156e-05,
  "ensemble_acc_after_deletion": 0.9640000462532043,
  "ensemble_acc_before_deletion": 0.9688000679016113,
  "epsilon": "\u221e",
  "indicator": 1,
  "lengths_after_deletion": [
    2601,
    3186
  ],
  "rng": [
    3324100939,
    2281595287
  ],
  "shard_prediction_precision": 0.5470787286758423,
  "shard_prediction_recall": 0.5665000081062317
}