{
  "accs_after_deletion": [
    0.9622000455856323,
    0.9712000489234924
  ],
  "accs_before_deletion": [
    0.969200074672699,
    0.9718000292778015
  ],
  "delta": 6.982864657330156e-05,
  "ensemble_acc_after_deletion": 0.9686000347137451,
  "ensemble_acc_before_deletion": 0.9714000225067139,
  "epsilon": "\u221e",
  "indicator": 1,
  "lengths_after_deletion": [
    3312,
    3783
  ],
  "rng": [
    3328092167,
    657755665
  ],
  "shard_prediction_precision": 0.5480122566223145,
  "shard_prediction_recall": 0.4479999840259552
}