{
  "accs_after_deletion": [
    0.9624000191688538,
    0.9668000340461731
  ],
  "accs_before_deletion": [
    0.9684000611305237,
    0.9724000692367554
  ],
  "delta": 6.982864657330156e-05,
  "ensemble_acc_after_deletion": 0.9670000672340393,
  "ensemble_acc_before_deletion": 0.9718000292778015,
  "epsilon": "\u221e",
  "indicator": 1,
  "lengths_after_deletion": [
    2252,
    2722
  ],
  "rng": [
    3421913478,
    3985998965
  ],
  "shard_prediction_precision": 0.5334472060203552,
  "shard_prediction_recall": 0.6246666312217712
}