{
  "accs_after_deletion": [
    0.957800030708313,
    0.9646000266075134
  ],
  "accs_before_deletion": [
    0.9706000685691833,
    0.971000075340271
  ],
  "delta": 6.982864657330156e-05,
  "ensemble_acc_after_deletion": 0.9630000591278076,
  "ensemble_acc_before_deletion": 0.9700000286102295,
  "epsilon": "\u221e",
  "indicator": 1,
  "lengths_after_deletion": [
    2247,
    2667
  ],
  "rng": [
    3437706504,
    1309956359
  ],
  "shard_prediction_precision": 0.5296359062194824,
  "shard_prediction_recall": 0.625499963760376
}