{
  "accs_after_deletion": [
    0.9568000435829163,
    0.963200032711029
  ],
  "accs_before_deletion": [
    0.971000075340271,
    0.9734000563621521
  ],
  "delta": 6.982864657330156e-05,
  "ensemble_acc_after_deletion": 0.9618000388145447,
  "ensemble_acc_before_deletion": 0.9712000489234924,
  "epsilon": "\u221e",
  "indicator": 1,
  "lengths_after_deletion": [
    3104,
    3587
  ],
  "rng": [
    344843792,
    3816231698
  ],
  "shard_prediction_precision": 0.5454888343811035,
  "shard_prediction_recall": 0.48266667127609253
}