{
  "accs_after_deletion": [
    0.9550000429153442,
    0.9580000638961792
  ],
  "accs_before_deletion": [
    0.9706000685691833,
    0.9666000604629517
  ],
  "delta": 6.982864657330156e-05,
  "ensemble_acc_after_deletion": 0.9574000239372253,
  "ensemble_acc_before_deletion": 0.9696000218391418,
  "epsilon": "\u221e",
  "indicator": 1,
  "lengths_after_deletion": [
    3064,
    3544
  ],
  "rng": [
    3450747604,
    3251473467
  ],
  "shard_prediction_precision": 0.5445103645324707,
  "shard_prediction_recall": 0.4893333315849304
}