{
  "accs_after_deletion": [
    0.9564000368118286,
    0.9628000259399414
  ],
  "accs_before_deletion": [
    0.9696000218391418,
    0.9730000495910645
  ],
  "delta": 6.982864657330156e-05,
  "ensemble_acc_after_deletion": 0.9610000252723694,
  "ensemble_acc_before_deletion": 0.9714000225067139,
  "epsilon": "\u221e",
  "indicator": 1,
  "lengths_after_deletion": [
    2268,
    2792
  ],
  "rng": [
    3471049243,
    3037243089
  ],
  "shard_prediction_precision": 0.5377521514892578,
  "shard_prediction_recall": 0.621999979019165
}