{
  "accs_after_deletion": [
    0.9592000246047974,
    0.9684000611305237
  ],
  "accs_before_deletion": [
    0.9708000421524048,
    0.9720000624656677
  ],
  "delta": 6.982864657330156e-05,
  "ensemble_acc_after_deletion": 0.9634000658988953,
  "ensemble_acc_before_deletion": 0.9716000556945801,
  "epsilon": "\u221e",
  "indicator": 1,
  "lengths_after_deletion": [
    2602,
    3007
  ],
  "rng": [
    3483941276,
    203620212
  ],
  "shard_prediction_precision": 0.5316851735115051,
  "shard_prediction_recall": 0.5663333535194397
}