{
  "accs_after_deletion": [
    0.9502000212669373,
    0.9512000679969788
  ],
  "accs_before_deletion": [
    0.971000075340271,
    0.9668000340461731
  ],
  "delta": 6.982864657330156e-05,
  "ensemble_acc_after_deletion": 0.9534000158309937,
  "ensemble_acc_before_deletion": 0.9698000550270081,
  "epsilon": "\u221e",
  "indicator": 1,
  "lengths_after_deletion": [
    2253,
    2762
  ],
  "rng": [
    3506027972,
    108116197
  ],
  "shard_prediction_precision": 0.5364352464675903,
  "shard_prediction_recall": 0.6244999766349792
}