{
  "accs_after_deletion": [
    0.9600000381469727,
    0.9686000347137451
  ],
  "accs_before_deletion": [
    0.9718000292778015,
    0.9724000692367554
  ],
  "delta": 6.982864657330156e-05,
  "ensemble_acc_after_deletion": 0.9650000333786011,
  "ensemble_acc_before_deletion": 0.9726000428199768,
  "epsilon": "\u221e",
  "indicator": 1,
  "lengths_after_deletion": [
    2555,
    3151
  ],
  "rng": [
    3584200999,
    3883152907
  ],
  "shard_prediction_precision": 0.5473467111587524,
  "shard_prediction_recall": 0.5741666555404663
}