{
  "accs_after_deletion": [
    0.9598000645637512,
    0.96260005235672
  ],
  "accs_before_deletion": [
    0.9708000421524048,
    0.9708000421524048
  ],
  "delta": 6.982864657330156e-05,
  "ensemble_acc_after_deletion": 0.960800051689148,
  "ensemble_acc_before_deletion": 0.9728000164031982,
  "epsilon": "\u221e",
  "indicator": 1,
  "lengths_after_deletion": [
    3070,
    3586
  ],
  "rng": [
    3637443155,
    1835466900
  ],
  "shard_prediction_precision": 0.5482784509658813,
  "shard_prediction_recall": 0.4883333146572113
}