{
  "accs_after_deletion": [
    0.9554000496864319,
    0.9706000685691833
  ],
  "accs_before_deletion": [
    0.9678000211715698,
    0.9726000428199768
  ],
  "delta": 6.982864657330156e-05,
  "ensemble_acc_after_deletion": 0.9628000259399414,
  "ensemble_acc_before_deletion": 0.9696000218391418,
  "epsilon": "\u221e",
  "indicator": 1,
  "lengths_after_deletion": [
    2386,
    2862
  ],
  "rng": [
    3644031510,
    4109445706
  ],
  "shard_prediction_precision": 0.5352488160133362,
  "shard_prediction_recall": 0.6023333072662354
}