{
  "accs_after_deletion": [
    0.9604000449180603,
    0.9616000652313232
  ],
  "accs_before_deletion": [
    0.9698000550270081,
    0.9664000272750854
  ],
  "delta": 6.982864657330156e-05,
  "ensemble_acc_after_deletion": 0.9618000388145447,
  "ensemble_acc_before_deletion": 0.9678000211715698,
  "epsilon": "\u221e",
  "indicator": 1,
  "lengths_after_deletion": [
    2769,
    3265
  ],
  "rng": [
    3774817584,
    3917837581
  ],
  "shard_prediction_precision": 0.5415688753128052,
  "shard_prediction_recall": 0.5385000109672546
}