{
  "accs_after_deletion": [
    0.9616000652313232,
    0.9682000279426575
  ],
  "accs_before_deletion": [
    0.9714000225067139,
    0.9720000624656677
  ],
  "delta": 6.982864657330156e-05,
  "ensemble_acc_after_deletion": 0.9658000469207764,
  "ensemble_acc_before_deletion": 0.9720000624656677,
  "epsilon": "\u221e",
  "indicator": 1,
  "lengths_after_deletion": [
    3050,
    3539
  ],
  "rng": [
    3788125250,
    1014561213
  ],
  "shard_prediction_precision": 0.5451857447624207,
  "shard_prediction_recall": 0.49166667461395264
}