{
  "accs_after_deletion": [
    0.9618000388145447,
    0.9654000401496887
  ],
  "accs_before_deletion": [
    0.9740000367164612,
    0.9700000286102295
  ],
  "delta": 6.982864657330156e-05,
  "ensemble_acc_after_deletion": 0.9660000205039978,
  "ensemble_acc_before_deletion": 0.9712000489234924,
  "epsilon": "\u221e",
  "indicator": 1,
  "lengths_after_deletion": [
    3354,
    3916
  ],
  "rng": [
    382614572,
    1218559834
  ],
  "shard_prediction_precision": 0.5594080686569214,
  "shard_prediction_recall": 0.44099998474121094
}