{
  "accs_after_deletion": [
    0.9552000164985657,
    0.9656000733375549
  ],
  "accs_before_deletion": [
    0.9720000624656677,
    0.9708000421524048
  ],
  "delta": 6.982864657330156e-05,
  "ensemble_acc_after_deletion": 0.9602000713348389,
  "ensemble_acc_before_deletion": 0.9728000164031982,
  "epsilon": "\u221e",
  "indicator": 1,
  "lengths_after_deletion": [
    2398,
    2833
  ],
  "rng": [
    3865596089,
    4116476070
  ],
  "shard_prediction_precision": 0.5321317911148071,
  "shard_prediction_recall": 0.6003333330154419
}