{
  "accs_after_deletion": [
    0.9548000693321228,
    0.9592000246047974
  ],
  "accs_before_deletion": [
    0.9716000556945801,
    0.9696000218391418
  ],
  "delta": 6.982864657330156e-05,
  "ensemble_acc_after_deletion": 0.9572000503540039,
  "ensemble_acc_before_deletion": 0.9718000292778015,
  "epsilon": "\u221e",
  "indicator": 1,
  "lengths_after_deletion": [
    2644,
    3086
  ],
  "rng": [
    3866225111,
    2446588633
  ],
  "shard_prediction_precision": 0.5352472066879272,
  "shard_prediction_recall": 0.559333324432373
}