{
  "accs_after_deletion": [
    0.959600031375885,
    0.9612000584602356
  ],
  "accs_before_deletion": [
    0.9688000679016113,
    0.9708000421524048
  ],
  "delta": 6.982864657330156e-05,
  "ensemble_acc_after_deletion": 0.9634000658988953,
  "ensemble_acc_before_deletion": 0.9694000482559204,
  "epsilon": "\u221e",
  "indicator": 1,
  "lengths_after_deletion": [
    2229,
    2635
  ],
  "rng": [
    3898690895,
    780105760
  ],
  "shard_prediction_precision": 0.5284473299980164,
  "shard_prediction_recall": 0.6284999847412109
}