{
  "accs_after_deletion": [
    0.9504000544548035,
    0.9606000185012817
  ],
  "accs_before_deletion": [
    0.9698000550270081,
    0.969200074672699
  ],
  "delta": 6.982864657330156e-05,
  "ensemble_acc_after_deletion": 0.9568000435829163,
  "ensemble_acc_before_deletion": 0.9708000421524048,
  "epsilon": "\u221e",
  "indicator": 1,
  "lengths_after_deletion": [
    2439,
    2965
  ],
  "rng": [
    390976532,
    4063321222
  ],
  "shard_prediction_precision": 0.5398726463317871,
  "shard_prediction_recall": 0.593500018119812
}