{
  "accs_after_deletion": [
    0.9598000645637512,
    0.9668000340461731
  ],
  "accs_before_deletion": [
    0.9712000489234924,
    0.971000075340271
  ],
  "delta": 6.982864657330156e-05,
  "ensemble_acc_after_deletion": 0.9656000733375549,
  "ensemble_acc_before_deletion": 0.9720000624656677,
  "epsilon": "\u221e",
  "indicator": 1,
  "lengths_after_deletion": [
    2018,
    2407
  ],
  "rng": [
    3916237589,
    1789843873
  ],
  "shard_prediction_precision": 0.5256765484809875,
  "shard_prediction_recall": 0.6636666655540466
}