{
  "accs_after_deletion": [
    0.963200032711029,
    0.9642000198364258
  ],
  "accs_before_deletion": [
    0.9714000225067139,
    0.971000075340271
  ],
  "delta": 6.982864657330156e-05,
  "ensemble_acc_after_deletion": 0.9646000266075134,
  "ensemble_acc_before_deletion": 0.9718000292778015,
  "epsilon": "\u221e",
  "indicator": 1,
  "lengths_after_deletion": [
    2529,
    2978
  ],
  "rng": [
    3920251882,
    2839298105
  ],
  "shard_prediction_precision": 0.5345757007598877,
  "shard_prediction_recall": 0.578499972820282
}