{
  "accs_after_deletion": [
    0.9640000462532043,
    0.9668000340461731
  ],
  "accs_before_deletion": [
    0.9720000624656677,
    0.9722000360488892
  ],
  "delta": 6.982864657330156e-05,
  "ensemble_acc_after_deletion": 0.9670000672340393,
  "ensemble_acc_before_deletion": 0.9728000164031982,
  "epsilon": "\u221e",
  "indicator": 1,
  "lengths_after_deletion": [
    2086,
    2601
  ],
  "rng": [
    3943764967,
    3290480362
  ],
  "shard_prediction_precision": 0.5352112650871277,
  "shard_prediction_recall": 0.6523333191871643
}