{
  "accs_after_deletion": [
    0.9580000638961792,
    0.9648000597953796
  ],
  "accs_before_deletion": [
    0.9718000292778015,
    0.9704000353813171
  ],
  "delta": 6.982864657330156e-05,
  "ensemble_acc_after_deletion": 0.961400032043457,
  "ensemble_acc_before_deletion": 0.9714000225067139,
  "epsilon": "\u221e",
  "indicator": 1,
  "lengths_after_deletion": [
    2684,
    3186
  ],
  "rng": [
    4004481777,
    578118766
  ],
  "shard_prediction_precision": 0.5409461855888367,
  "shard_prediction_recall": 0.5526666641235352
}