{
  "accs_after_deletion": [
    0.9616000652313232,
    0.9654000401496887
  ],
  "accs_before_deletion": [
    0.9744000434875488,
    0.9694000482559204
  ],
  "delta": 6.982864657330156e-05,
  "ensemble_acc_after_deletion": 0.9656000733375549,
  "ensemble_acc_before_deletion": 0.9724000692367554,
  "epsilon": "\u221e",
  "indicator": 1,
  "lengths_after_deletion": [
    2265,
    2757
  ],
  "rng": [
    4006948958,
    3390230540
  ],
  "shard_prediction_precision": 0.535253643989563,
  "shard_prediction_recall": 0.6225000023841858
}