{
  "accs_after_deletion": [
    0.9574000239372253,
    0.960800051689148
  ],
  "accs_before_deletion": [
    0.9694000482559204,
    0.9694000482559204
  ],
  "delta": 6.982864657330156e-05,
  "ensemble_acc_after_deletion": 0.9606000185012817,
  "ensemble_acc_before_deletion": 0.9686000347137451,
  "epsilon": "\u221e",
  "indicator": 1,
  "lengths_after_deletion": [
    3238,
    3681
  ],
  "rng": [
    4052265709,
    1316996700
  ],
  "shard_prediction_precision": 0.5435937643051147,
  "shard_prediction_recall": 0.46033331751823425
}