{
  "accs_after_deletion": [
    0.9582000374794006,
    0.9642000198364258
  ],
  "accs_before_deletion": [
    0.9720000624656677,
    0.9678000211715698
  ],
  "delta": 6.982864657330156e-05,
  "ensemble_acc_after_deletion": 0.9630000591278076,
  "ensemble_acc_before_deletion": 0.9700000286102295,
  "epsilon": "\u221e",
  "indicator": 1,
  "lengths_after_deletion": [
    2717,
    3214
  ],
  "rng": [
    4053501649,
    2413158378
  ],
  "shard_prediction_precision": 0.5409457683563232,
  "shard_prediction_recall": 0.547166645526886
}