{
  "accs_after_deletion": [
    0.9570000171661377,
    0.9652000665664673
  ],
  "accs_before_deletion": [
    0.9734000563621521,
    0.9714000225067139
  ],
  "delta": 6.982864657330156e-05,
  "ensemble_acc_after_deletion": 0.9628000259399414,
  "ensemble_acc_before_deletion": 0.9722000360488892,
  "epsilon": "\u221e",
  "indicator": 1,
  "lengths_after_deletion": [
    2445,
    2992
  ],
  "rng": [
    4055655486,
    171764456
  ],
  "shard_prediction_precision": 0.5416730642318726,
  "shard_prediction_recall": 0.5924999713897705
}