{
  "accs_after_deletion": [
    0.9604000449180603,
    0.966200053691864
  ],
  "accs_before_deletion": [
    0.9704000353813171,
    0.9700000286102295
  ],
  "delta": 6.982864657330156e-05,
  "ensemble_acc_after_deletion": 0.9612000584602356,
  "ensemble_acc_before_deletion": 0.9706000685691833,
  "epsilon": "\u221e",
  "indicator": 1,
  "lengths_after_deletion": [
    2680,
    3277
  ],
  "rng": [
    4062804859,
    3329637865
  ],
  "shard_prediction_precision": 0.5493960380554199,
  "shard_prediction_recall": 0.5533333420753479
}