{
  "accs_after_deletion": [
    0.9580000638961792,
    0.9672000408172607
  ],
  "accs_before_deletion": [
    0.9714000225067139,
    0.9712000489234924
  ],
  "delta": 6.982864657330156e-05,
  "ensemble_acc_after_deletion": 0.9620000720024109,
  "ensemble_acc_before_deletion": 0.9726000428199768,
  "epsilon": "\u221e",
  "indicator": 1,
  "lengths_after_deletion": [
    2285,
    2743
  ],
  "rng": [
    4075566440,
    686068044
  ],
  "shard_prediction_precision": 0.532845675945282,
  "shard_prediction_recall": 0.6191666722297668
}