{
  "accs_after_deletion": [
    0.9478000402450562,
    0.959600031375885
  ],
  "accs_before_deletion": [
    0.9702000617980957,
    0.969200074672699
  ],
  "delta": 6.982864657330156e-05,
  "ensemble_acc_after_deletion": 0.9550000429153442,
  "ensemble_acc_before_deletion": 0.9690000414848328,
  "epsilon": "\u221e",
  "indicator": 1,
  "lengths_after_deletion": [
    2534,
    2991
  ],
  "rng": [
    4125457787,
    2345611535
  ],
  "shard_prediction_precision": 0.5352895855903625,
  "shard_prediction_recall": 0.5776666402816772
}