{
  "accs_after_deletion": [
    0.9588000178337097,
    0.9652000665664673
  ],
  "accs_before_deletion": [
    0.9704000353813171,
    0.9720000624656677
  ],
  "delta": 6.982864657330156e-05,
  "ensemble_acc_after_deletion": 0.9666000604629517,
  "ensemble_acc_before_deletion": 0.971000075340271,
  "epsilon": "\u221e",
  "indicator": 1,
  "lengths_after_deletion": [
    2462,
    2937
  ],
  "rng": [
    4180330271,
    3474776418
  ],
  "shard_prediction_precision": 0.5359793901443481,
  "shard_prediction_recall": 0.5896666646003723
}