{
  "accs_after_deletion": [
    0.9532000422477722,
    0.9594000577926636
  ],
  "accs_before_deletion": [
    0.9716000556945801,
    0.9694000482559204
  ],
  "delta": 6.982864657330156e-05,
  "ensemble_acc_after_deletion": 0.9582000374794006,
  "ensemble_acc_before_deletion": 0.9718000292778015,
  "epsilon": "\u221e",
  "indicator": 1,
  "lengths_after_deletion": [
    2515,
    3038
  ],
  "rng": [
    4194445112,
    1254923955
  ],
  "shard_prediction_precision": 0.5405614972114563,
  "shard_prediction_recall": 0.5808333158493042
}