{
  "accs_after_deletion": [
    0.956000030040741,
    0.9660000205039978
  ],
  "accs_before_deletion": [
    0.9722000360488892,
    0.9696000218391418
  ],
  "delta": 6.982864657330156e-05,
  "ensemble_acc_after_deletion": 0.9630000591278076,
  "ensemble_acc_before_deletion": 0.9726000428199768,
  "epsilon": "\u221e",
  "indicator": 1,
  "lengths_after_deletion": [
    2221,
    2660
  ],
  "rng": [
    4200468467,
    281947403
  ],
  "shard_prediction_precision": 0.5308330059051514,
  "shard_prediction_recall": 0.6298333406448364
}