{
  "accs_after_deletion": [
    0.9598000645637512,
    0.966200053691864
  ],
  "accs_before_deletion": [
    0.967400074005127,
    0.971000075340271
  ],
  "delta": 6.982864657330156e-05,
  "ensemble_acc_after_deletion": 0.9634000658988953,
  "ensemble_acc_before_deletion": 0.9708000421524048,
  "epsilon": "\u221e",
  "indicator": 1,
  "lengths_after_deletion": [
    2154,
    2699
  ],
  "rng": [
    4245906630,
    4243896918
  ],
  "shard_prediction_precision": 0.5381278991699219,
  "shard_prediction_recall": 0.640999972820282
}