{
  "accs_after_deletion": [
    0.9508000612258911,
    0.9664000272750854
  ],
  "accs_before_deletion": [
    0.9706000685691833,
    0.9696000218391418
  ],
  "delta": 6.982864657330156e-05,
  "ensemble_acc_after_deletion": 0.9618000388145447,
  "ensemble_acc_before_deletion": 0.9686000347137451,
  "epsilon": "\u221e",
  "indicator": 1,
  "lengths_after_deletion": [
    2249,
    2684
  ],
  "rng": [
    4252736854,
    1001406366
  ],
  "shard_prediction_precision": 0.5307767987251282,
  "shard_prediction_recall": 0.625166654586792
}