{
  "accs_after_deletion": [
    0.9456000328063965,
    0.957800030708313
  ],
  "accs_before_deletion": [
    0.9708000421524048,
    0.9660000205039978
  ],
  "delta": 6.982864657330156e-05,
  "ensemble_acc_after_deletion": 0.9528000354766846,
  "ensemble_acc_before_deletion": 0.9688000679016113,
  "epsilon": "\u221e",
  "indicator": 1,
  "lengths_after_deletion": [
    2859,
    3364
  ],
  "rng": [
    445130840,
    2647700242
  ],
  "shard_prediction_precision": 0.5437077879905701,
  "shard_prediction_recall": 0.5234999656677246
}