{
  "accs_after_deletion": [
    0.9620000720024109,
    0.9676000475883484
  ],
  "accs_before_deletion": [
    0.9720000624656677,
    0.971000075340271
  ],
  "delta": 6.982864657330156e-05,
  "ensemble_acc_after_deletion": 0.9660000205039978,
  "ensemble_acc_before_deletion": 0.9732000231742859,
  "epsilon": "\u221e",
  "indicator": 1,
  "lengths_after_deletion": [
    2957,
    3457
  ],
  "rng": [
    453093724,
    1774233723
  ],
  "shard_prediction_precision": 0.5447547435760498,
  "shard_prediction_recall": 0.5071666836738586
}