{
  "accs_after_deletion": [
    0.9588000178337097,
    0.9686000347137451
  ],
  "accs_before_deletion": [
    0.971000075340271,
    0.9718000292778015
  ],
  "delta": 6.982864657330156e-05,
  "ensemble_acc_after_deletion": 0.9656000733375549,
  "ensemble_acc_before_deletion": 0.9716000556945801,
  "epsilon": "\u221e",
  "indicator": 1,
  "lengths_after_deletion": [
    2530,
    3047
  ],
  "rng": [
    501816943,
    2798776498
  ],
  "shard_prediction_precision": 0.5402460098266602,
  "shard_prediction_recall": 0.57833331823349
}