{
  "accs_after_deletion": [
    0.960800051689148,
    0.9648000597953796
  ],
  "accs_before_deletion": [
    0.9732000231742859,
    0.971000075340271
  ],
  "delta": 6.982864657330156e-05,
  "ensemble_acc_after_deletion": 0.9640000462532043,
  "ensemble_acc_before_deletion": 0.9732000231742859,
  "epsilon": "\u221e",
  "indicator": 1,
  "lengths_after_deletion": [
    2693,
    3213
  ],
  "rng": [
    502179704,
    1419208092
  ],
  "shard_prediction_precision": 0.5426649451255798,
  "shard_prediction_recall": 0.5511666536331177
}