{
  "accs_after_deletion": [
    0.9524000287055969,
    0.959600031375885
  ],
  "accs_before_deletion": [
    0.9726000428199768,
    0.969200074672699
  ],
  "delta": 6.982864657330156e-05,
  "ensemble_acc_after_deletion": 0.959600031375885,
  "ensemble_acc_before_deletion": 0.9722000360488892,
  "epsilon": "\u221e",
  "indicator": 1,
  "lengths_after_deletion": [
    2621,
    3115
  ],
  "rng": [
    518836598,
    990027876
  ],
  "shard_prediction_precision": 0.539431631565094,
  "shard_prediction_recall": 0.5631666779518127
}