{
  "accs_after_deletion": [
    0.956000030040741,
    0.966200053691864
  ],
  "accs_before_deletion": [
    0.9722000360488892,
    0.9726000428199768
  ],
  "delta": 6.982864657330156e-05,
  "ensemble_acc_after_deletion": 0.9630000591278076,
  "ensemble_acc_before_deletion": 0.9726000428199768,
  "epsilon": "\u221e",
  "indicator": 1,
  "lengths_after_deletion": [
    2822,
    3291
  ],
  "rng": [
    552251960,
    956442112
  ],
  "shard_prediction_precision": 0.5398335456848145,
  "shard_prediction_recall": 0.5296666622161865
}