{
  "accs_after_deletion": [
    0.9554000496864319,
    0.9708000421524048
  ],
  "accs_before_deletion": [
    0.9702000617980957,
    0.9718000292778015
  ],
  "delta": 6.982864657330156e-05,
  "ensemble_acc_after_deletion": 0.9654000401496887,
  "ensemble_acc_before_deletion": 0.9720000624656677,
  "epsilon": "\u221e",
  "indicator": 1,
  "lengths_after_deletion": [
    2889,
    3401
  ],
  "rng": [
    570972003,
    733976232
  ],
  "shard_prediction_precision": 0.5448336601257324,
  "shard_prediction_recall": 0.5184999704360962
}