{
  "accs_after_deletion": [
    0.9700000286102295,
    0.968000054359436
  ],
  "accs_before_deletion": [
    0.9668000340461731,
    0.9746000170707703
  ],
  "delta": 6.982864657330156e-05,
  "ensemble_acc_after_deletion": 0.9700000286102295,
  "ensemble_acc_before_deletion": 0.9714000225067139,
  "epsilon": "\u221e",
  "indicator": 0,
  "lengths_after_deletion": [
    2305,
    2778
  ],
  "rng": [
    584088882,
    3968071662
  ],
  "shard_prediction_precision": 0.5341911315917969,
  "shard_prediction_recall": 0.6158333420753479
}