{
  "accs_after_deletion": [
    0.9586000442504883,
    0.961400032043457
  ],
  "accs_before_deletion": [
    0.9694000482559204,
    0.9676000475883484
  ],
  "delta": 6.982864657330156e-05,
  "ensemble_acc_after_deletion": 0.9570000171661377,
  "ensemble_acc_before_deletion": 0.9670000672340393,
  "epsilon": "\u221e",
  "indicator": 1,
  "lengths_after_deletion": [
    2439,
    2869
  ],
  "rng": [
    61727030,
    1196588865
  ],
  "shard_prediction_precision": 0.5321279168128967,
  "shard_prediction_recall": 0.593500018119812
}