{
  "accs_after_deletion": [
    0.9508000612258911,
    0.9660000205039978
  ],
  "accs_before_deletion": [
    0.9696000218391418,
    0.9702000617980957
  ],
  "delta": 6.982864657330156e-05,
  "ensemble_acc_after_deletion": 0.9580000638961792,
  "ensemble_acc_before_deletion": 0.9716000556945801,
  "epsilon": "\u221e",
  "indicator": 1,
  "lengths_after_deletion": [
    2589,
    3150
  ],
  "rng": [
    638898860,
    1050443866
  ],
  "shard_prediction_precision": 0.5448011755943298,
  "shard_prediction_recall": 0.5684999823570251
}