{
  "accs_after_deletion": [
    0.9620000720024109,
    0.9628000259399414
  ],
  "accs_before_deletion": [
    0.969200074672699,
    0.9716000556945801
  ],
  "delta": 6.982864657330156e-05,
  "ensemble_acc_after_deletion": 0.9630000591278076,
  "ensemble_acc_before_deletion": 0.9698000550270081,
  "epsilon": "\u221e",
  "indicator": 1,
  "lengths_after_deletion": [
    2947,
    3302
  ],
  "rng": [
    679996225,
    2813778524
  ],
  "shard_prediction_precision": 0.5308641791343689,
  "shard_prediction_recall": 0.5088333487510681
}