{
  "accs_after_deletion": [
    0.9602000713348389,
    0.9638000726699829
  ],
  "accs_before_deletion": [
    0.9718000292778015,
    0.9704000353813171
  ],
  "delta": 6.982864657330156e-05,
  "ensemble_acc_after_deletion": 0.9612000584602356,
  "ensemble_acc_before_deletion": 0.9714000225067139,
  "epsilon": "\u221e",
  "indicator": 1,
  "lengths_after_deletion": [
    2545,
    3057
  ],
  "rng": [
    681555182,
    1142266572
  ],
  "shard_prediction_precision": 0.540012538433075,
  "shard_prediction_recall": 0.5758333206176758
}