{
  "accs_after_deletion": [
    0.959600031375885,
    0.963200032711029
  ],
  "accs_before_deletion": [
    0.969200074672699,
    0.9716000556945801
  ],
  "delta": 6.982864657330156e-05,
  "ensemble_acc_after_deletion": 0.96260005235672,
  "ensemble_acc_before_deletion": 0.9696000218391418,
  "epsilon": "\u221e",
  "indicator": 1,
  "lengths_after_deletion": [
    2425,
    2938
  ],
  "rng": [
    68231099,
    1091518262
  ],
  "shard_prediction_precision": 0.5386469960212708,
  "shard_prediction_recall": 0.5958333015441895
}