{
  "accs_after_deletion": [
    0.9534000158309937,
    0.9646000266075134
  ],
  "accs_before_deletion": [
    0.9720000624656677,
    0.9738000631332397
  ],
  "delta": 6.982864657330156e-05,
  "ensemble_acc_after_deletion": 0.9590000510215759,
  "ensemble_acc_before_deletion": 0.9740000367164612,
  "epsilon": "\u221e",
  "indicator": 1,
  "lengths_after_deletion": [
    1793,
    2330
  ],
  "rng": [
    689451878,
    558126065
  ],
  "shard_prediction_precision": 0.5340865850448608,
  "shard_prediction_recall": 0.7011666297912598
}