{
  "accs_after_deletion": [
    0.9610000252723694,
    0.9648000597953796
  ],
  "accs_before_deletion": [
    0.969200074672699,
    0.9688000679016113
  ],
  "delta": 6.982864657330156e-05,
  "ensemble_acc_after_deletion": 0.9636000394821167,
  "ensemble_acc_before_deletion": 0.9698000550270081,
  "epsilon": "\u221e",
  "indicator": 1,
  "lengths_after_deletion": [
    2424,
    2951
  ],
  "rng": [
    711222486,
    992839522
  ],
  "shard_prediction_precision": 0.5397735834121704,
  "shard_prediction_recall": 0.5960000157356262
}