{
  "accs_after_deletion": [
    0.9642000198364258,
    0.9686000347137451
  ],
  "accs_before_deletion": [
    0.9732000231742859,
    0.9724000692367554
  ],
  "delta": 6.982864657330156e-05,
  "ensemble_acc_after_deletion": 0.9676000475883484,
  "ensemble_acc_before_deletion": 0.9738000631332397,
  "epsilon": "\u221e",
  "indicator": 1,
  "lengths_after_deletion": [
    3193,
    3597
  ],
  "rng": [
    770002864,
    3747098595
  ],
  "shard_prediction_precision": 0.5387716293334961,
  "shard_prediction_recall": 0.46783334016799927
}