{
  "accs_after_deletion": [
    0.959600031375885,
    0.9650000333786011
  ],
  "accs_before_deletion": [
    0.9698000550270081,
    0.9722000360488892
  ],
  "delta": 6.982864657330156e-05,
  "ensemble_acc_after_deletion": 0.9634000658988953,
  "ensemble_acc_before_deletion": 0.9724000692367554,
  "epsilon": "\u221e",
  "indicator": 1,
  "lengths_after_deletion": [
    2439,
    2901
  ],
  "rng": [
    87821532,
    2825453299
  ],
  "shard_prediction_precision": 0.5346847176551819,
  "shard_prediction_recall": 0.593500018119812
}