{
  "accs_after_deletion": [
    0.9566000699996948,
    0.9642000198364258
  ],
  "accs_before_deletion": [
    0.9716000556945801,
    0.9714000225067139
  ],
  "delta": 6.982864657330156e-05,
  "ensemble_acc_after_deletion": 0.9628000259399414,
  "ensemble_acc_before_deletion": 0.9716000556945801,
  "epsilon": "\u221e",
  "indicator": 1,
  "lengths_after_deletion": [
    2347,
    2773
  ],
  "rng": [
    931812418,
    1230238291
  ],
  "shard_prediction_precision": 0.5309593081474304,
  "shard_prediction_recall": 0.6088333129882812
}