{
  "accs_after_deletion": [
    0.956000030040741,
    0.9652000665664673
  ],
  "accs_before_deletion": [
    0.9712000489234924,
    0.9724000692367554
  ],
  "delta": 6.982864657330156e-05,
  "ensemble_acc_after_deletion": 0.960800051689148,
  "ensemble_acc_before_deletion": 0.9716000556945801,
  "epsilon": "\u221e",
  "indicator": 1,
  "lengths_after_deletion": [
    2640,
    3199
  ],
  "rng": [
    939935588,
    3831476080
  ],
  "shard_prediction_precision": 0.5453659892082214,
  "shard_prediction_recall": 0.5600000023841858
}