{
  "accs_after_deletion": [
    0.9628000259399414,
    0.9666000604629517
  ],
  "accs_before_deletion": [
    0.9724000692367554,
    0.9712000489234924
  ],
  "delta": 6.982864657330156e-05,
  "ensemble_acc_after_deletion": 0.9654000401496887,
  "ensemble_acc_before_deletion": 0.9712000489234924,
  "epsilon": "\u221e",
  "indicator": 1,
  "lengths_after_deletion": [
    1837,
    2411
  ],
  "rng": [
    973500823,
    3767915114
  ],
  "shard_prediction_precision": 0.5370227098464966,
  "shard_prediction_recall": 0.6938333511352539
}