{
  "accs_after_deletion": [
    0.9570000171661377,
    0.9634000658988953
  ],
  "accs_before_deletion": [
    0.9720000624656677,
    0.968000054359436
  ],
  "delta": 6.982864657330156e-05,
  "ensemble_acc_after_deletion": 0.959600031375885,
  "ensemble_acc_before_deletion": 0.971000075340271,
  "epsilon": "\u221e",
  "indicator": 1,
  "lengths_after_deletion": [
    2532,
    3002
  ],
  "rng": [
    981262261,
    160974738
  ],
  "shard_prediction_precision": 0.5363439321517944,
  "shard_prediction_recall": 0.578000009059906
}