{
  "accs_after_deletion": [
    0.8270000219345093,
    0.8408000469207764
  ],
  "accs_before_deletion": [
    0.8606000542640686,
    0.8634000420570374
  ],
  "delta": 6.982864657330156e-05,
  "ensemble_acc_after_deletion": 0.8352000117301941,
  "ensemble_acc_before_deletion": 0.8632000684738159,
  "epsilon": "\u221e",
  "indicator": 1,
  "lengths_after_deletion": [
    2497,
    3677
  ],
  "rng": [
    0,
    1048701415
  ],
  "shard_prediction_precision": 0.6012701392173767,
  "shard_prediction_recall": 0.5838333368301392
}