{
  "accs_after_deletion": [
    0.8188000321388245,
    0.8348000645637512
  ],
  "accs_before_deletion": [
    0.8640000224113464,
    0.8654000163078308
  ],
  "delta": 6.982864657330156e-05,
  "ensemble_acc_after_deletion": 0.8280000686645508,
  "ensemble_acc_before_deletion": 0.8652000427246094,
  "epsilon": "\u221e",
  "indicator": 1,
  "lengths_after_deletion": [
    2554,
    3702
  ],
  "rng": [
    1021649530,
    2293588452
  ],
  "shard_prediction_precision": 0.5999303460121155,
  "shard_prediction_recall": 0.5743333101272583
}