{
  "accs_after_deletion": [
    0.8130000233650208,
    0.8224000334739685
  ],
  "accs_before_deletion": [
    0.8624000549316406,
    0.8646000623703003
  ],
  "delta": 6.982864657330156e-05,
  "ensemble_acc_after_deletion": 0.8224000334739685,
  "ensemble_acc_before_deletion": 0.8626000285148621,
  "epsilon": "\u221e",
  "indicator": 1,
  "lengths_after_deletion": [
    2047,
    3332
  ],
  "rng": [
    1056394963,
    3354451220
  ],
  "shard_prediction_precision": 0.5970397591590881,
  "shard_prediction_recall": 0.6588333249092102
}