{
  "accs_after_deletion": [
    0.829200029373169,
    0.831000030040741
  ],
  "accs_before_deletion": [
    0.8666000366210938,
    0.8622000217437744
  ],
  "delta": 6.982864657330156e-05,
  "ensemble_acc_after_deletion": 0.8278000354766846,
  "ensemble_acc_before_deletion": 0.863800048828125,
  "epsilon": "\u221e",
  "indicator": 1,
  "lengths_after_deletion": [
    2226,
    3569
  ],
  "rng": [
    1091119197,
    2912013602
  ],
  "shard_prediction_precision": 0.6082191467285156,
  "shard_prediction_recall": 0.6290000081062317
}