{
  "accs_after_deletion": [
    0.8068000674247742,
    0.8274000287055969
  ],
  "accs_before_deletion": [
    0.8626000285148621,
    0.8582000136375427
  ],
  "delta": 6.982864657330156e-05,
  "ensemble_acc_after_deletion": 0.816800057888031,
  "ensemble_acc_before_deletion": 0.8618000149726868,
  "epsilon": "\u221e",
  "indicator": 1,
  "lengths_after_deletion": [
    2034,
    3130
  ],
  "rng": [
    1130987737,
    3531524382
  ],
  "shard_prediction_precision": 0.580163836479187,
  "shard_prediction_recall": 0.6610000133514404
}