{
  "accs_after_deletion": [
    0.8092000484466553,
    0.8388000130653381
  ],
  "accs_before_deletion": [
    0.8658000230789185,
    0.8610000610351562
  ],
  "delta": 6.982864657330156e-05,
  "ensemble_acc_after_deletion": 0.8284000158309937,
  "ensemble_acc_before_deletion": 0.8658000230789185,
  "epsilon": "\u221e",
  "indicator": 1,
  "lengths_after_deletion": [
    1882,
    3128
  ],
  "rng": [
    113533623,
    4119814403
  ],
  "shard_prediction_precision": 0.5891273617744446,
  "shard_prediction_recall": 0.6863332986831665
}