{
  "accs_after_deletion": [
    0.813200056552887,
    0.8284000158309937
  ],
  "accs_before_deletion": [
    0.8610000610351562,
    0.8594000339508057
  ],
  "delta": 6.982864657330156e-05,
  "ensemble_acc_after_deletion": 0.8214000463485718,
  "ensemble_acc_before_deletion": 0.8630000352859497,
  "epsilon": "\u221e",
  "indicator": 1,
  "lengths_after_deletion": [
    1595,
    2861
  ],
  "rng": [
    1135086484,
    543212853
  ],
  "shard_prediction_precision": 0.5839077830314636,
  "shard_prediction_recall": 0.73416668176651
}