{
  "accs_after_deletion": [
    0.8240000605583191,
    0.8390000462532043
  ],
  "accs_before_deletion": [
    0.859000027179718,
    0.8630000352859497
  ],
  "delta": 6.982864657330156e-05,
  "ensemble_acc_after_deletion": 0.8318000435829163,
  "ensemble_acc_before_deletion": 0.8596000671386719,
  "epsilon": "\u221e",
  "indicator": 1,
  "lengths_after_deletion": [
    2545,
    3743
  ],
  "rng": [
    114184863,
    2924266540
  ],
  "shard_prediction_precision": 0.6048669815063477,
  "shard_prediction_recall": 0.5758333206176758
}