{
  "accs_after_deletion": [
    0.8210000395774841,
    0.8264000415802002
  ],
  "accs_before_deletion": [
    0.8642000555992126,
    0.8528000116348267
  ],
  "delta": 6.982864657330156e-05,
  "ensemble_acc_after_deletion": 0.8218000531196594,
  "ensemble_acc_before_deletion": 0.857200026512146,
  "epsilon": "\u221e",
  "indicator": 1,
  "lengths_after_deletion": [
    2610,
    3758
  ],
  "rng": [
    1157161938,
    1606100773
  ],
  "shard_prediction_precision": 0.6019176244735718,
  "shard_prediction_recall": 0.5649999976158142
}