{
  "accs_after_deletion": [
    0.8100000619888306,
    0.8322000503540039
  ],
  "accs_before_deletion": [
    0.8644000291824341,
    0.8640000224113464
  ],
  "delta": 6.982864657330156e-05,
  "ensemble_acc_after_deletion": 0.8146000504493713,
  "ensemble_acc_before_deletion": 0.8670000433921814,
  "epsilon": "\u221e",
  "indicator": 1,
  "lengths_after_deletion": [
    1832,
    3082
  ],
  "rng": [
    1162469643,
    163085310
  ],
  "shard_prediction_precision": 0.5882020592689514,
  "shard_prediction_recall": 0.6946666836738586
}