{
  "accs_after_deletion": [
    0.8192000389099121,
    0.829200029373169
  ],
  "accs_before_deletion": [
    0.8666000366210938,
    0.8588000535964966
  ],
  "delta": 6.982864657330156e-05,
  "ensemble_acc_after_deletion": 0.8232000470161438,
  "ensemble_acc_before_deletion": 0.863800048828125,
  "epsilon": "\u221e",
  "indicator": 1,
  "lengths_after_deletion": [
    2558,
    3831
  ],
  "rng": [
    118977183,
    4116631117
  ],
  "shard_prediction_precision": 0.6134378910064697,
  "shard_prediction_recall": 0.5736666321754456
}