{
  "accs_after_deletion": [
    0.8024000525474548,
    0.8202000260353088
  ],
  "accs_before_deletion": [
    0.8596000671386719,
    0.8594000339508057
  ],
  "delta": 6.982864657330156e-05,
  "ensemble_acc_after_deletion": 0.813200056552887,
  "ensemble_acc_before_deletion": 0.8588000535964966,
  "epsilon": "\u221e",
  "indicator": 1,
  "lengths_after_deletion": [
    1836,
    3038
  ],
  "rng": [
    1213394710,
    4096261368
  ],
  "shard_prediction_precision": 0.5843390226364136,
  "shard_prediction_recall": 0.6940000057220459
}