{
  "accs_after_deletion": [
    0.7964000105857849,
    0.8286000490188599
  ],
  "accs_before_deletion": [
    0.8584000468254089,
    0.8548000454902649
  ],
  "delta": 6.982864657330156e-05,
  "ensemble_acc_after_deletion": 0.8152000308036804,
  "ensemble_acc_before_deletion": 0.8606000542640686,
  "epsilon": "\u221e",
  "indicator": 1,
  "lengths_after_deletion": [
    1326,
    2439
  ],
  "rng": [
    1308884012,
    1156592485
  ],
  "shard_prediction_precision": 0.5675774216651917,
  "shard_prediction_recall": 0.7789999842643738
}