{
  "accs_after_deletion": [
    0.8162000179290771,
    0.8338000178337097
  ],
  "accs_before_deletion": [
    0.8610000610351562,
    0.860200047492981
  ],
  "delta": 6.982864657330156e-05,
  "ensemble_acc_after_deletion": 0.8252000212669373,
  "ensemble_acc_before_deletion": 0.8606000542640686,
  "epsilon": "\u221e",
  "indicator": 1,
  "lengths_after_deletion": [
    1953,
    3263
  ],
  "rng": [
    1359700303,
    3480427886
  ],
  "shard_prediction_precision": 0.596550703048706,
  "shard_prediction_recall": 0.6744999885559082
}