{
  "accs_after_deletion": [
    0.8234000205993652,
    0.832800030708313
  ],
  "accs_before_deletion": [
    0.8648000359535217,
    0.8600000143051147
  ],
  "delta": 6.982864657330156e-05,
  "ensemble_acc_after_deletion": 0.8276000618934631,
  "ensemble_acc_before_deletion": 0.8628000617027283,
  "epsilon": "\u221e",
  "indicator": 1,
  "lengths_after_deletion": [
    2785,
    4020
  ],
  "rng": [
    1367132136,
    1233209384
  ],
  "shard_prediction_precision": 0.6188642978668213,
  "shard_prediction_recall": 0.5358332991600037
}