{
  "accs_after_deletion": [
    0.8222000598907471,
    0.8416000604629517
  ],
  "accs_before_deletion": [
    0.8678000569343567,
    0.8666000366210938
  ],
  "delta": 6.982864657330156e-05,
  "ensemble_acc_after_deletion": 0.8368000388145447,
  "ensemble_acc_before_deletion": 0.8678000569343567,
  "epsilon": "\u221e",
  "indicator": 1,
  "lengths_after_deletion": [
    2320,
    3572
  ],
  "rng": [
    1383491625,
    1060811323
  ],
  "shard_prediction_precision": 0.6024885177612305,
  "shard_prediction_recall": 0.6133333444595337
}