{
  "accs_after_deletion": [
    0.812000036239624,
    0.8244000673294067
  ],
  "accs_before_deletion": [
    0.8636000156402588,
    0.8646000623703003
  ],
  "delta": 6.982864657330156e-05,
  "ensemble_acc_after_deletion": 0.8162000179290771,
  "ensemble_acc_before_deletion": 0.8640000224113464,
  "epsilon": "\u221e",
  "indicator": 1,
  "lengths_after_deletion": [
    2380,
    3478
  ],
  "rng": [
    1413952087,
    3676071909
  ],
  "shard_prediction_precision": 0.5893845558166504,
  "shard_prediction_recall": 0.6033333539962769
}