{
  "accs_after_deletion": [
    0.8184000253677368,
    0.8416000604629517
  ],
  "accs_before_deletion": [
    0.8658000230789185,
    0.8688000440597534
  ],
  "delta": 6.982864657330156e-05,
  "ensemble_acc_after_deletion": 0.8322000503540039,
  "ensemble_acc_before_deletion": 0.8652000427246094,
  "epsilon": "\u221e",
  "indicator": 1,
  "lengths_after_deletion": [
    1938,
    3178
  ],
  "rng": [
    1415542522,
    463591598
  ],
  "shard_prediction_precision": 0.5900639295578003,
  "shard_prediction_recall": 0.6769999861717224
}