{
  "accs_after_deletion": [
    0.8210000395774841,
    0.8388000130653381
  ],
  "accs_before_deletion": [
    0.8570000529289246,
    0.8568000197410583
  ],
  "delta": 6.982864657330156e-05,
  "ensemble_acc_after_deletion": 0.8288000226020813,
  "ensemble_acc_before_deletion": 0.8574000597000122,
  "epsilon": "\u221e",
  "indicator": 1,
  "lengths_after_deletion": [
    2929,
    4058
  ],
  "rng": [
    1443984175,
    2698699399
  ],
  "shard_prediction_precision": 0.6126072406768799,
  "shard_prediction_recall": 0.5118333101272583
}