{
  "accs_after_deletion": [
    0.8222000598907471,
    0.8404000401496887
  ],
  "accs_before_deletion": [
    0.8654000163078308,
    0.8682000637054443
  ],
  "delta": 6.982864657330156e-05,
  "ensemble_acc_after_deletion": 0.834600031375885,
  "ensemble_acc_before_deletion": 0.8644000291824341,
  "epsilon": "\u221e",
  "indicator": 1,
  "lengths_after_deletion": [
    2585,
    3766
  ],
  "rng": [
    1464890294,
    2244510011
  ],
  "shard_prediction_precision": 0.6045317649841309,
  "shard_prediction_recall": 0.5691666603088379
}