{
  "accs_after_deletion": [
    0.8184000253677368,
    0.8302000164985657
  ],
  "accs_before_deletion": [
    0.8644000291824341,
    0.862000048160553
  ],
  "delta": 6.982864657330156e-05,
  "ensemble_acc_after_deletion": 0.8206000328063965,
  "ensemble_acc_before_deletion": 0.8612000346183777,
  "epsilon": "\u221e",
  "indicator": 1,
  "lengths_after_deletion": [
    1984,
    3318
  ],
  "rng": [
    1495614177,
    967991992
  ],
  "shard_prediction_precision": 0.5995819568634033,
  "shard_prediction_recall": 0.6693333387374878
}