{
  "accs_after_deletion": [
    0.8254000544548035,
    0.8448000550270081
  ],
  "accs_before_deletion": [
    0.8574000597000122,
    0.8610000610351562
  ],
  "delta": 6.982864657330156e-05,
  "ensemble_acc_after_deletion": 0.8392000198364258,
  "ensemble_acc_before_deletion": 0.8604000210762024,
  "epsilon": "\u221e",
  "indicator": 1,
  "lengths_after_deletion": [
    2431,
    3578
  ],
  "rng": [
    158022021,
    456662660
  ],
  "shard_prediction_precision": 0.5957269072532654,
  "shard_prediction_recall": 0.5948333144187927
}