{
  "accs_after_deletion": [
    0.7956000566482544,
    0.8122000098228455
  ],
  "accs_before_deletion": [
    0.86680006980896,
    0.8574000597000122
  ],
  "delta": 6.982864657330156e-05,
  "ensemble_acc_after_deletion": 0.807200014591217,
  "ensemble_acc_before_deletion": 0.8644000291824341,
  "epsilon": "\u221e",
  "indicator": 1,
  "lengths_after_deletion": [
    1874,
    3056
  ],
  "rng": [
    1614950489,
    3117665778
  ],
  "shard_prediction_precision": 0.5835925936698914,
  "shard_prediction_recall": 0.687666654586792
}