{
  "accs_after_deletion": [
    0.8112000226974487,
    0.8322000503540039
  ],
  "accs_before_deletion": [
    0.8658000230789185,
    0.8596000671386719
  ],
  "delta": 6.982864657330156e-05,
  "ensemble_acc_after_deletion": 0.8224000334739685,
  "ensemble_acc_before_deletion": 0.863800048828125,
  "epsilon": "\u221e",
  "indicator": 1,
  "lengths_after_deletion": [
    2320,
    3516
  ],
  "rng": [
    1674766828,
    3897681506
  ],
  "shard_prediction_precision": 0.5970149040222168,
  "shard_prediction_recall": 0.6133333444595337
}