{
  "accs_after_deletion": [
    0.8174000382423401,
    0.8396000266075134
  ],
  "accs_before_deletion": [
    0.8626000285148621,
    0.8628000617027283
  ],
  "delta": 6.982864657330156e-05,
  "ensemble_acc_after_deletion": 0.8312000632286072,
  "ensemble_acc_before_deletion": 0.8604000210762024,
  "epsilon": "\u221e",
  "indicator": 1,
  "lengths_after_deletion": [
    2262,
    3456
  ],
  "rng": [
    1711718803,
    3267956974
  ],
  "shard_prediction_precision": 0.5950334072113037,
  "shard_prediction_recall": 0.6229999661445618
}