{
  "accs_after_deletion": [
    0.818600058555603,
    0.8438000679016113
  ],
  "accs_before_deletion": [
    0.8664000630378723,
    0.8614000678062439
  ],
  "delta": 6.982864657330156e-05,
  "ensemble_acc_after_deletion": 0.8352000117301941,
  "ensemble_acc_before_deletion": 0.8616000413894653,
  "epsilon": "\u221e",
  "indicator": 1,
  "lengths_after_deletion": [
    2466,
    3760
  ],
  "rng": [
    1711571828,
    4271219562
  ],
  "shard_prediction_precision": 0.6120539903640747,
  "shard_prediction_recall": 0.5889999866485596
}