{
  "accs_after_deletion": [
    0.8300000429153442,
    0.8446000218391418
  ],
  "accs_before_deletion": [
    0.8630000352859497,
    0.8640000224113464
  ],
  "delta": 6.982864657330156e-05,
  "ensemble_acc_after_deletion": 0.8334000110626221,
  "ensemble_acc_before_deletion": 0.8612000346183777,
  "epsilon": "\u221e",
  "indicator": 1,
  "lengths_after_deletion": [
    2898,
    4186
  ],
  "rng": [
    1723837608,
    3812031492
  ],
  "shard_prediction_precision": 0.631000816822052,
  "shard_prediction_recall": 0.5170000195503235
}