{
  "accs_after_deletion": [
    0.8272000551223755,
    0.8408000469207764
  ],
  "accs_before_deletion": [
    0.8614000678062439,
    0.8574000597000122
  ],
  "delta": 6.982864657330156e-05,
  "ensemble_acc_after_deletion": 0.8356000185012817,
  "ensemble_acc_before_deletion": 0.857200026512146,
  "epsilon": "\u221e",
  "indicator": 1,
  "lengths_after_deletion": [
    2577,
    3797
  ],
  "rng": [
    1753971496,
    1979317207
  ],
  "shard_prediction_precision": 0.6084251999855042,
  "shard_prediction_recall": 0.5705000162124634
}