{
  "accs_after_deletion": [
    0.8342000246047974,
    0.8396000266075134
  ],
  "accs_before_deletion": [
    0.8666000366210938,
    0.8644000291824341
  ],
  "delta": 6.982864657330156e-05,
  "ensemble_acc_after_deletion": 0.8388000130653381,
  "ensemble_acc_before_deletion": 0.865600049495697,
  "epsilon": "\u221e",
  "indicator": 1,
  "lengths_after_deletion": [
    2677,
    3948
  ],
  "rng": [
    1789259777,
    1775409000
  ],
  "shard_prediction_precision": 0.6182325482368469,
  "shard_prediction_recall": 0.5538333058357239
}