{
  "accs_after_deletion": [
    0.8296000361442566,
    0.836400032043457
  ],
  "accs_before_deletion": [
    0.8600000143051147,
    0.8598000407218933
  ],
  "delta": 6.982864657330156e-05,
  "ensemble_acc_after_deletion": 0.8352000117301941,
  "ensemble_acc_before_deletion": 0.86080002784729,
  "epsilon": "\u221e",
  "indicator": 1,
  "lengths_after_deletion": [
    2611,
    3862
  ],
  "rng": [
    1804207556,
    166378890
  ],
  "shard_prediction_precision": 0.6131716966629028,
  "shard_prediction_recall": 0.5648333430290222
}