{
  "accs_after_deletion": [
    0.8234000205993652,
    0.8414000272750854
  ],
  "accs_before_deletion": [
    0.8666000366210938,
    0.8626000285148621
  ],
  "delta": 6.982864657330156e-05,
  "ensemble_acc_after_deletion": 0.8318000435829163,
  "ensemble_acc_before_deletion": 0.8626000285148621,
  "epsilon": "\u221e",
  "indicator": 1,
  "lengths_after_deletion": [
    1998,
    3275
  ],
  "rng": [
    1836678696,
    3611066425
  ],
  "shard_prediction_precision": 0.594916045665741,
  "shard_prediction_recall": 0.6669999957084656
}