{
  "accs_after_deletion": [
    0.8220000267028809,
    0.835800051689148
  ],
  "accs_before_deletion": [
    0.8680000305175781,
    0.8626000285148621
  ],
  "delta": 6.982864657330156e-05,
  "ensemble_acc_after_deletion": 0.8336000442504883,
  "ensemble_acc_before_deletion": 0.865600049495697,
  "epsilon": "\u221e",
  "indicator": 1,
  "lengths_after_deletion": [
    2365,
    3621
  ],
  "rng": [
    1890829101,
    3112799734
  ],
  "shard_prediction_precision": 0.6044229865074158,
  "shard_prediction_recall": 0.6058333516120911
}