{
  "accs_after_deletion": [
    0.8252000212669373,
    0.8374000191688538
  ],
  "accs_before_deletion": [
    0.8586000204086304,
    0.857200026512146
  ],
  "delta": 6.982864657330156e-05,
  "ensemble_acc_after_deletion": 0.8318000435829163,
  "ensemble_acc_before_deletion": 0.8578000664710999,
  "epsilon": "\u221e",
  "indicator": 1,
  "lengths_after_deletion": [
    2859,
    4065
  ],
  "rng": [
    1913466781,
    2884197913
  ],
  "shard_prediction_precision": 0.618794322013855,
  "shard_prediction_recall": 0.5234999656677246
}