{
  "accs_after_deletion": [
    0.8282000422477722,
    0.8474000692367554
  ],
  "accs_before_deletion": [
    0.8588000535964966,
    0.8578000664710999
  ],
  "delta": 6.982864657330156e-05,
  "ensemble_acc_after_deletion": 0.841200053691864,
  "ensemble_acc_before_deletion": 0.8614000678062439,
  "epsilon": "\u221e",
  "indicator": 1,
  "lengths_after_deletion": [
    3261,
    4531
  ],
  "rng": [
    1956546352,
    1819811528
  ],
  "shard_prediction_precision": 0.650903046131134,
  "shard_prediction_recall": 0.45649999380111694
}