{
  "accs_after_deletion": [
    0.8136000633239746,
    0.8304000496864319
  ],
  "accs_before_deletion": [
    0.863800048828125,
    0.8622000217437744
  ],
  "delta": 6.982864657330156e-05,
  "ensemble_acc_after_deletion": 0.8180000185966492,
  "ensemble_acc_before_deletion": 0.8630000352859497,
  "epsilon": "\u221e",
  "indicator": 1,
  "lengths_after_deletion": [
    2625,
    3738
  ],
  "rng": [
    197080970,
    1266892184
  ],
  "shard_prediction_precision": 0.5987227559089661,
  "shard_prediction_recall": 0.5625
}