{
  "accs_after_deletion": [
    0.810200035572052,
    0.8320000171661377
  ],
  "accs_before_deletion": [
    0.8672000169754028,
    0.8630000352859497
  ],
  "delta": 6.982864657330156e-05,
  "ensemble_acc_after_deletion": 0.8240000605583191,
  "ensemble_acc_before_deletion": 0.86680006980896,
  "epsilon": "\u221e",
  "indicator": 1,
  "lengths_after_deletion": [
    1946,
    3189
  ],
  "rng": [
    1998117629,
    240864547
  ],
  "shard_prediction_precision": 0.5905316472053528,
  "shard_prediction_recall": 0.6756666302680969
}