{
  "accs_after_deletion": [
    0.8180000185966492,
    0.836400032043457
  ],
  "accs_before_deletion": [
    0.8644000291824341,
    0.8598000407218933
  ],
  "delta": 6.982864657330156e-05,
  "ensemble_acc_after_deletion": 0.8308000564575195,
  "ensemble_acc_before_deletion": 0.8592000603675842,
  "epsilon": "\u221e",
  "indicator": 1,
  "lengths_after_deletion": [
    2053,
    3275
  ],
  "rng": [
    2019178546,
    2851246536
  ],
  "shard_prediction_precision": 0.5915767550468445,
  "shard_prediction_recall": 0.6578333377838135
}