{
  "accs_after_deletion": [
    0.8142000436782837,
    0.835800051689148
  ],
  "accs_before_deletion": [
    0.8630000352859497,
    0.862000048160553
  ],
  "delta": 6.982864657330156e-05,
  "ensemble_acc_after_deletion": 0.8222000598907471,
  "ensemble_acc_before_deletion": 0.863800048828125,
  "epsilon": "\u221e",
  "indicator": 1,
  "lengths_after_deletion": [
    1915,
    3188
  ],
  "rng": [
    2042092638,
    1805587959
  ],
  "shard_prediction_precision": 0.5922865271568298,
  "shard_prediction_recall": 0.6808333396911621
}