{
  "accs_after_deletion": [
    0.8276000618934631,
    0.838200032711029
  ],
  "accs_before_deletion": [
    0.867400050163269,
    0.8670000433921814
  ],
  "delta": 6.982864657330156e-05,
  "ensemble_acc_after_deletion": 0.8324000239372253,
  "ensemble_acc_before_deletion": 0.8672000169754028,
  "epsilon": "\u221e",
  "indicator": 1,
  "lengths_after_deletion": [
    2410,
    3682
  ],
  "rng": [
    2056545908,
    432030747
  ],
  "shard_prediction_precision": 0.6076506972312927,
  "shard_prediction_recall": 0.5983332991600037
}