{
  "accs_after_deletion": [
    0.812000036239624,
    0.8308000564575195
  ],
  "accs_before_deletion": [
    0.86680006980896,
    0.8662000298500061
  ],
  "delta": 6.982864657330156e-05,
  "ensemble_acc_after_deletion": 0.8184000253677368,
  "ensemble_acc_before_deletion": 0.8652000427246094,
  "epsilon": "\u221e",
  "indicator": 1,
  "lengths_after_deletion": [
    2018,
    3142
  ],
  "rng": [
    2138167475,
    859460021
  ],
  "shard_prediction_precision": 0.5821637511253357,
  "shard_prediction_recall": 0.6636666655540466
}