{
  "accs_after_deletion": [
    0.8208000659942627,
    0.836400032043457
  ],
  "accs_before_deletion": [
    0.8688000440597534,
    0.8624000549316406
  ],
  "delta": 6.982864657330156e-05,
  "ensemble_acc_after_deletion": 0.8228000402450562,
  "ensemble_acc_before_deletion": 0.867400050163269,
  "epsilon": "\u221e",
  "indicator": 1,
  "lengths_after_deletion": [
    1948,
    3195
  ],
  "rng": [
    2145547432,
    318079484
  ],
  "shard_prediction_precision": 0.5909289717674255,
  "shard_prediction_recall": 0.6753333210945129
}