{
  "accs_after_deletion": [
    0.807200014591217,
    0.8242000341415405
  ],
  "accs_before_deletion": [
    0.8594000339508057,
    0.8580000400543213
  ],
  "delta": 6.982864657330156e-05,
  "ensemble_acc_after_deletion": 0.8100000619888306,
  "ensemble_acc_before_deletion": 0.8596000671386719,
  "epsilon": "\u221e",
  "indicator": 1,
  "lengths_after_deletion": [
    2142,
    3260
  ],
  "rng": [
    2220350089,
    426854195
  ],
  "shard_prediction_precision": 0.584722638130188,
  "shard_prediction_recall": 0.6430000066757202
}