{
  "accs_after_deletion": [
    0.8124000430107117,
    0.829800009727478
  ],
  "accs_before_deletion": [
    0.8628000617027283,
    0.8614000678062439
  ],
  "delta": 6.982864657330156e-05,
  "ensemble_acc_after_deletion": 0.8180000185966492,
  "ensemble_acc_before_deletion": 0.857200026512146,
  "epsilon": "\u221e",
  "indicator": 1,
  "lengths_after_deletion": [
    2596,
    3724
  ],
  "rng": [
    2230759990,
    1202214515
  ],
  "shard_prediction_precision": 0.5992957949638367,
  "shard_prediction_recall": 0.5673333406448364
}