{
  "accs_after_deletion": [
    0.8144000172615051,
    0.8418000340461731
  ],
  "accs_before_deletion": [
    0.8596000671386719,
    0.8678000569343567
  ],
  "delta": 6.982864657330156e-05,
  "ensemble_acc_after_deletion": 0.8266000151634216,
  "ensemble_acc_before_deletion": 0.8592000603675842,
  "epsilon": "\u221e",
  "indicator": 1,
  "lengths_after_deletion": [
    2313,
    3645
  ],
  "rng": [
    2275053476,
    3412827947
  ],
  "shard_prediction_precision": 0.610228419303894,
  "shard_prediction_recall": 0.6144999861717224
}