{
  "accs_after_deletion": [
    0.8076000213623047,
    0.8234000205993652
  ],
  "accs_before_deletion": [
    0.8614000678062439,
    0.8604000210762024
  ],
  "delta": 6.982864657330156e-05,
  "ensemble_acc_after_deletion": 0.8188000321388245,
  "ensemble_acc_before_deletion": 0.8614000678062439,
  "epsilon": "\u221e",
  "indicator": 1,
  "lengths_after_deletion": [
    1941,
    3093
  ],
  "rng": [
    2280724254,
    1985964334
  ],
  "shard_prediction_precision": 0.5826873779296875,
  "shard_prediction_recall": 0.6765000224113464
}