{
  "accs_after_deletion": [
    0.8144000172615051,
    0.8302000164985657
  ],
  "accs_before_deletion": [
    0.8632000684738159,
    0.8628000617027283
  ],
  "delta": 6.982864657330156e-05,
  "ensemble_acc_after_deletion": 0.8232000470161438,
  "ensemble_acc_before_deletion": 0.8628000617027283,
  "epsilon": "\u221e",
  "indicator": 1,
  "lengths_after_deletion": [
    1996,
    3304
  ],
  "rng": [
    2290318234,
    1057818341
  ],
  "shard_prediction_precision": 0.5976119637489319,
  "shard_prediction_recall": 0.6673333048820496
}