{
  "accs_after_deletion": [
    0.8212000131607056,
    0.8350000381469727
  ],
  "accs_before_deletion": [
    0.8586000204086304,
    0.8630000352859497
  ],
  "delta": 6.982864657330156e-05,
  "ensemble_acc_after_deletion": 0.8230000138282776,
  "ensemble_acc_before_deletion": 0.86080002784729,
  "epsilon": "\u221e",
  "indicator": 1,
  "lengths_after_deletion": [
    2505,
    3807
  ],
  "rng": [
    2345558602,
    1525110729
  ],
  "shard_prediction_precision": 0.6144514679908752,
  "shard_prediction_recall": 0.5824999809265137
}