{
  "accs_after_deletion": [
    0.8198000192642212,
    0.8432000279426575
  ],
  "accs_before_deletion": [
    0.8676000237464905,
    0.8688000440597534
  ],
  "delta": 6.982864657330156e-05,
  "ensemble_acc_after_deletion": 0.8308000564575195,
  "ensemble_acc_before_deletion": 0.8692000508308411,
  "epsilon": "\u221e",
  "indicator": 1,
  "lengths_after_deletion": [
    2490,
    3692
  ],
  "rng": [
    2493327038,
    263193866
  ],
  "shard_prediction_precision": 0.6033000946044922,
  "shard_prediction_recall": 0.5849999785423279
}