{
  "accs_after_deletion": [
    0.8040000200271606,
    0.8294000625610352
  ],
  "accs_before_deletion": [
    0.8618000149726868,
    0.8600000143051147
  ],
  "delta": 6.982864657330156e-05,
  "ensemble_acc_after_deletion": 0.8226000666618347,
  "ensemble_acc_before_deletion": 0.8626000285148621,
  "epsilon": "\u221e",
  "indicator": 1,
  "lengths_after_deletion": [
    2220,
    3462
  ],
  "rng": [
    251361811,
    301021401
  ],
  "shard_prediction_precision": 0.5982906222343445,
  "shard_prediction_recall": 0.6299999952316284
}