{
  "accs_after_deletion": [
    0.8180000185966492,
    0.841200053691864
  ],
  "accs_before_deletion": [
    0.86080002784729,
    0.8694000244140625
  ],
  "delta": 6.982864657330156e-05,
  "ensemble_acc_after_deletion": 0.8268000483512878,
  "ensemble_acc_before_deletion": 0.8670000433921814,
  "epsilon": "\u221e",
  "indicator": 1,
  "lengths_after_deletion": [
    2529,
    3758
  ],
  "rng": [
    2544455947,
    729452920
  ],
  "shard_prediction_precision": 0.6075617074966431,
  "shard_prediction_recall": 0.578499972820282
}