{
  "accs_after_deletion": [
    0.8194000124931335,
    0.839400053024292
  ],
  "accs_before_deletion": [
    0.8636000156402588,
    0.863800048828125
  ],
  "delta": 6.982864657330156e-05,
  "ensemble_acc_after_deletion": 0.8312000632286072,
  "ensemble_acc_before_deletion": 0.8640000224113464,
  "epsilon": "\u221e",
  "indicator": 1,
  "lengths_after_deletion": [
    2498,
    3719
  ],
  "rng": [
    2650267583,
    2742314953
  ],
  "shard_prediction_precision": 0.6055680513381958,
  "shard_prediction_recall": 0.5836666822433472
}