{
  "accs_after_deletion": [
    0.813800036907196,
    0.8264000415802002
  ],
  "accs_before_deletion": [
    0.865600049495697,
    0.8600000143051147
  ],
  "delta": 6.982864657330156e-05,
  "ensemble_acc_after_deletion": 0.8200000524520874,
  "ensemble_acc_before_deletion": 0.8600000143051147,
  "epsilon": "\u221e",
  "indicator": 1,
  "lengths_after_deletion": [
    2140,
    3301
  ],
  "rng": [
    2661182330,
    693167414
  ],
  "shard_prediction_precision": 0.5885043144226074,
  "shard_prediction_recall": 0.6433333158493042
}