{
  "accs_after_deletion": [
    0.8160000443458557,
    0.8314000368118286
  ],
  "accs_before_deletion": [
    0.8634000420570374,
    0.8614000678062439
  ],
  "delta": 6.982864657330156e-05,
  "ensemble_acc_after_deletion": 0.8280000686645508,
  "ensemble_acc_before_deletion": 0.8642000555992126,
  "epsilon": "\u221e",
  "indicator": 1,
  "lengths_after_deletion": [
    2210,
    3377
  ],
  "rng": [
    266609492,
    1498934974
  ],
  "shard_prediction_precision": 0.5909870266914368,
  "shard_prediction_recall": 0.6316666603088379
}