{
  "accs_after_deletion": [
    0.806600034236908,
    0.8212000131607056
  ],
  "accs_before_deletion": [
    0.8618000149726868,
    0.8584000468254089
  ],
  "delta": 6.982864657330156e-05,
  "ensemble_acc_after_deletion": 0.8196000456809998,
  "ensemble_acc_before_deletion": 0.8624000549316406,
  "epsilon": "\u221e",
  "indicator": 1,
  "lengths_after_deletion": [
    1842,
    2985
  ],
  "rng": [
    2714505671,
    2636190420
  ],
  "shard_prediction_precision": 0.5796737670898438,
  "shard_prediction_recall": 0.6930000185966492
}