{
  "accs_after_deletion": [
    0.8130000233650208,
    0.8348000645637512
  ],
  "accs_before_deletion": [
    0.86080002784729,
    0.8616000413894653
  ],
  "delta": 6.982864657330156e-05,
  "ensemble_acc_after_deletion": 0.8216000199317932,
  "ensemble_acc_before_deletion": 0.8666000366210938,
  "epsilon": "\u221e",
  "indicator": 1,
  "lengths_after_deletion": [
    2474,
    3697
  ],
  "rng": [
    2726908772,
    4069672266
  ],
  "shard_prediction_precision": 0.6049064993858337,
  "shard_prediction_recall": 0.5876666307449341
}