{
  "accs_after_deletion": [
    0.8278000354766846,
    0.8338000178337097
  ],
  "accs_before_deletion": [
    0.862000048160553,
    0.8676000237464905
  ],
  "delta": 6.982864657330156e-05,
  "ensemble_acc_after_deletion": 0.8362000584602356,
  "ensemble_acc_before_deletion": 0.8672000169754028,
  "epsilon": "\u221e",
  "indicator": 1,
  "lengths_after_deletion": [
    2131,
    3273
  ],
  "rng": [
    2731108976,
    2435978977
  ],
  "shard_prediction_precision": 0.5865676403045654,
  "shard_prediction_recall": 0.6448333263397217
}