{
  "accs_after_deletion": [
    0.8040000200271606,
    0.8276000618934631
  ],
  "accs_before_deletion": [
    0.8626000285148621,
    0.8606000542640686
  ],
  "delta": 6.982864657330156e-05,
  "ensemble_acc_after_deletion": 0.8136000633239746,
  "ensemble_acc_before_deletion": 0.8596000671386719,
  "epsilon": "\u221e",
  "indicator": 1,
  "lengths_after_deletion": [
    2263,
    3566
  ],
  "rng": [
    273338550,
    3345635918
  ],
  "shard_prediction_precision": 0.6055744886398315,
  "shard_prediction_recall": 0.6228333115577698
}