{
  "accs_after_deletion": [
    0.8190000653266907,
    0.8354000449180603
  ],
  "accs_before_deletion": [
    0.8644000291824341,
    0.8670000433921814
  ],
  "delta": 6.982864657330156e-05,
  "ensemble_acc_after_deletion": 0.8366000652313232,
  "ensemble_acc_before_deletion": 0.867400050163269,
  "epsilon": "\u221e",
  "indicator": 1,
  "lengths_after_deletion": [
    2134,
    3352
  ],
  "rng": [
    2734745245,
    3666025037
  ],
  "shard_prediction_precision": 0.5934909582138062,
  "shard_prediction_recall": 0.6443333029747009
}