{
  "accs_after_deletion": [
    0.8218000531196594,
    0.8432000279426575
  ],
  "accs_before_deletion": [
    0.8626000285148621,
    0.8640000224113464
  ],
  "delta": 6.982864657330156e-05,
  "ensemble_acc_after_deletion": 0.8278000354766846,
  "ensemble_acc_before_deletion": 0.8662000298500061,
  "epsilon": "\u221e",
  "indicator": 1,
  "lengths_after_deletion": [
    2317,
    3530
  ],
  "rng": [
    27359121,
    3578574711
  ],
  "shard_prediction_precision": 0.5985698103904724,
  "shard_prediction_recall": 0.6138333082199097
}