{
  "accs_after_deletion": [
    0.8200000524520874,
    0.843000054359436
  ],
  "accs_before_deletion": [
    0.8626000285148621,
    0.8612000346183777
  ],
  "delta": 6.982864657330156e-05,
  "ensemble_acc_after_deletion": 0.8322000503540039,
  "ensemble_acc_before_deletion": 0.8584000468254089,
  "epsilon": "\u221e",
  "indicator": 1,
  "lengths_after_deletion": [
    2624,
    3840
  ],
  "rng": [
    2742547083,
    901622989
  ],
  "shard_prediction_precision": 0.6098265647888184,
  "shard_prediction_recall": 0.562666654586792
}