{
  "accs_after_deletion": [
    0.8170000314712524,
    0.8302000164985657
  ],
  "accs_before_deletion": [
    0.8612000346183777,
    0.8616000413894653
  ],
  "delta": 6.982864657330156e-05,
  "ensemble_acc_after_deletion": 0.8246000409126282,
  "ensemble_acc_before_deletion": 0.8610000610351562,
  "epsilon": "\u221e",
  "indicator": 1,
  "lengths_after_deletion": [
    1749,
    3001
  ],
  "rng": [
    274592802,
    3408668383
  ],
  "shard_prediction_precision": 0.586344838142395,
  "shard_prediction_recall": 0.7084999680519104
}