{
  "accs_after_deletion": [
    0.8232000470161438,
    0.8392000198364258
  ],
  "accs_before_deletion": [
    0.8596000671386719,
    0.8598000407218933
  ],
  "delta": 6.982864657330156e-05,
  "ensemble_acc_after_deletion": 0.8302000164985657,
  "ensemble_acc_before_deletion": 0.8592000603675842,
  "epsilon": "\u221e",
  "indicator": 1,
  "lengths_after_deletion": [
    2313,
    3615
  ],
  "rng": [
    2945127634,
    1345186694
  ],
  "shard_prediction_precision": 0.6072134375572205,
  "shard_prediction_recall": 0.6144999861717224
}