{
  "accs_after_deletion": [
    0.8106000423431396,
    0.8270000219345093
  ],
  "accs_before_deletion": [
    0.8670000433921814,
    0.86680006980896
  ],
  "delta": 6.982864657330156e-05,
  "ensemble_acc_after_deletion": 0.8210000395774841,
  "ensemble_acc_before_deletion": 0.8694000244140625,
  "epsilon": "\u221e",
  "indicator": 1,
  "lengths_after_deletion": [
    1561,
    2789
  ],
  "rng": [
    2951395665,
    335834932
  ],
  "shard_prediction_precision": 0.5802614092826843,
  "shard_prediction_recall": 0.7398333549499512
}