{
  "accs_after_deletion": [
    0.818600058555603,
    0.829800009727478
  ],
  "accs_before_deletion": [
    0.8636000156402588,
    0.8614000678062439
  ],
  "delta": 6.982864657330156e-05,
  "ensemble_acc_after_deletion": 0.8268000483512878,
  "ensemble_acc_before_deletion": 0.8626000285148621,
  "epsilon": "\u221e",
  "indicator": 1,
  "lengths_after_deletion": [
    1686,
    2819
  ],
  "rng": [
    2963266862,
    928217998
  ],
  "shard_prediction_precision": 0.5755837559700012,
  "shard_prediction_recall": 0.718999981880188
}