{
  "accs_after_deletion": [
    0.8088000416755676,
    0.8338000178337097
  ],
  "accs_before_deletion": [
    0.8606000542640686,
    0.8640000224113464
  ],
  "delta": 6.982864657330156e-05,
  "ensemble_acc_after_deletion": 0.8226000666618347,
  "ensemble_acc_before_deletion": 0.865600049495697,
  "epsilon": "\u221e",
  "indicator": 1,
  "lengths_after_deletion": [
    2390,
    3629
  ],
  "rng": [
    2982539753,
    148843333
  ],
  "shard_prediction_precision": 0.6035779714584351,
  "shard_prediction_recall": 0.6016666889190674
}