{
  "accs_after_deletion": [
    0.816800057888031,
    0.83760005235672
  ],
  "accs_before_deletion": [
    0.86080002784729,
    0.8698000311851501
  ],
  "delta": 6.982864657330156e-05,
  "ensemble_acc_after_deletion": 0.8266000151634216,
  "ensemble_acc_before_deletion": 0.8634000420570374,
  "epsilon": "\u221e",
  "indicator": 1,
  "lengths_after_deletion": [
    2504,
    3797
  ],
  "rng": [
    3132193003,
    1535702647
  ],
  "shard_prediction_precision": 0.6134409308433533,
  "shard_prediction_recall": 0.5826666355133057
}