{
  "accs_after_deletion": [
    0.8118000626564026,
    0.8238000273704529
  ],
  "accs_before_deletion": [
    0.8664000630378723,
    0.8584000468254089
  ],
  "delta": 6.982864657330156e-05,
  "ensemble_acc_after_deletion": 0.8190000653266907,
  "ensemble_acc_before_deletion": 0.86080002784729,
  "epsilon": "\u221e",
  "indicator": 1,
  "lengths_after_deletion": [
    1830,
    3036
  ],
  "rng": [
    3140724149,
    3361592117
  ],
  "shard_prediction_precision": 0.5845248103141785,
  "shard_prediction_recall": 0.6949999928474426
}