{
  "accs_after_deletion": [
    0.820400059223175,
    0.8400000333786011
  ],
  "accs_before_deletion": [
    0.8640000224113464,
    0.8566000461578369
  ],
  "delta": 6.982864657330156e-05,
  "ensemble_acc_after_deletion": 0.8344000577926636,
  "ensemble_acc_before_deletion": 0.859000027179718,
  "epsilon": "\u221e",
  "indicator": 1,
  "lengths_after_deletion": [
    2083,
    3297
  ],
  "rng": [
    3161628376,
    3780478959
  ],
  "shard_prediction_precision": 0.5916918516159058,
  "shard_prediction_recall": 0.6528333425521851
}