{
  "accs_after_deletion": [
    0.8088000416755676,
    0.8324000239372253
  ],
  "accs_before_deletion": [
    0.8648000359535217,
    0.8588000535964966
  ],
  "delta": 6.982864657330156e-05,
  "ensemble_acc_after_deletion": 0.8234000205993652,
  "ensemble_acc_before_deletion": 0.863800048828125,
  "epsilon": "\u221e",
  "indicator": 1,
  "lengths_after_deletion": [
    2247,
    3436
  ],
  "rng": [
    3178250518,
    2623336561
  ],
  "shard_prediction_precision": 0.5941111445426941,
  "shard_prediction_recall": 0.625499963760376
}