{
  "accs_after_deletion": [
    0.8040000200271606,
    0.8288000226020813
  ],
  "accs_before_deletion": [
    0.859000027179718,
    0.8584000468254089
  ],
  "delta": 6.982864657330156e-05,
  "ensemble_acc_after_deletion": 0.8226000666618347,
  "ensemble_acc_before_deletion": 0.86080002784729,
  "epsilon": "\u221e",
  "indicator": 1,
  "lengths_after_deletion": [
    1736,
    2914
  ],
  "rng": [
    3179884968,
    46908906
  ],
  "shard_prediction_precision": 0.5801360607147217,
  "shard_prediction_recall": 0.7106666564941406
}