{
  "accs_after_deletion": [
    0.8182000517845154,
    0.8356000185012817
  ],
  "accs_before_deletion": [
    0.8654000163078308,
    0.867400050163269
  ],
  "delta": 6.982864657330156e-05,
  "ensemble_acc_after_deletion": 0.8254000544548035,
  "ensemble_acc_before_deletion": 0.8662000298500061,
  "epsilon": "\u221e",
  "indicator": 1,
  "lengths_after_deletion": [
    1985,
    3317
  ],
  "rng": [
    3300797618,
    2167815377
  ],
  "shard_prediction_precision": 0.599432647228241,
  "shard_prediction_recall": 0.6691666841506958
}