{
  "accs_after_deletion": [
    0.816800057888031,
    0.8362000584602356
  ],
  "accs_before_deletion": [
    0.8606000542640686,
    0.86080002784729
  ],
  "delta": 6.982864657330156e-05,
  "ensemble_acc_after_deletion": 0.8254000544548035,
  "ensemble_acc_before_deletion": 0.8592000603675842,
  "epsilon": "\u221e",
  "indicator": 1,
  "lengths_after_deletion": [
    2581,
    3813
  ],
  "rng": [
    3317821807,
    3800829296
  ],
  "shard_prediction_precision": 0.6098822951316833,
  "shard_prediction_recall": 0.5698333382606506
}