{
  "accs_after_deletion": [
    0.8052000403404236,
    0.8266000151634216
  ],
  "accs_before_deletion": [
    0.8622000217437744,
    0.8632000684738159
  ],
  "delta": 6.982864657330156e-05,
  "ensemble_acc_after_deletion": 0.8106000423431396,
  "ensemble_acc_before_deletion": 0.8642000555992126,
  "epsilon": "\u221e",
  "indicator": 1,
  "lengths_after_deletion": [
    1485,
    2667
  ],
  "rng": [
    3357597785,
    1376013595
  ],
  "shard_prediction_precision": 0.5753057599067688,
  "shard_prediction_recall": 0.7524999976158142
}