{
  "accs_after_deletion": [
    0.7966000437736511,
    0.8294000625610352
  ],
  "accs_before_deletion": [
    0.8670000433921814,
    0.855400025844574
  ],
  "delta": 6.982864657330156e-05,
  "ensemble_acc_after_deletion": 0.813200056552887,
  "ensemble_acc_before_deletion": 0.8588000535964966,
  "epsilon": "\u221e",
  "indicator": 1,
  "lengths_after_deletion": [
    1987,
    3155
  ],
  "rng": [
    3460737323,
    3461405324
  ],
  "shard_prediction_precision": 0.5851560235023499,
  "shard_prediction_recall": 0.668833315372467
}