{
  "accs_after_deletion": [
    0.8228000402450562,
    0.8322000503540039
  ],
  "accs_before_deletion": [
    0.862000048160553,
    0.8632000684738159
  ],
  "delta": 6.982864657330156e-05,
  "ensemble_acc_after_deletion": 0.8256000280380249,
  "ensemble_acc_before_deletion": 0.8614000678062439,
  "epsilon": "\u221e",
  "indicator": 1,
  "lengths_after_deletion": [
    2586,
    3662
  ],
  "rng": [
    3563976743,
    1949524733
  ],
  "shard_prediction_precision": 0.5935326814651489,
  "shard_prediction_recall": 0.5690000057220459
}