{
  "accs_after_deletion": [
    0.8110000491142273,
    0.8340000510215759
  ],
  "accs_before_deletion": [
    0.865600049495697,
    0.8626000285148621
  ],
  "delta": 6.982864657330156e-05,
  "ensemble_acc_after_deletion": 0.8202000260353088,
  "ensemble_acc_before_deletion": 0.8660000562667847,
  "epsilon": "\u221e",
  "indicator": 1,
  "lengths_after_deletion": [
    2261,
    3500
  ],
  "rng": [
    3652744722,
    3858593649
  ],
  "shard_prediction_precision": 0.5992947816848755,
  "shard_prediction_recall": 0.6231666803359985
}