{
  "accs_after_deletion": [
    0.8190000653266907,
    0.8392000198364258
  ],
  "accs_before_deletion": [
    0.8692000508308411,
    0.8644000291824341
  ],
  "delta": 6.982864657330156e-05,
  "ensemble_acc_after_deletion": 0.829800009727478,
  "ensemble_acc_before_deletion": 0.8678000569343567,
  "epsilon": "\u221e",
  "indicator": 1,
  "lengths_after_deletion": [
    1864,
    3090
  ],
  "rng": [
    3654652326,
    3526527076
  ],
  "shard_prediction_precision": 0.5869997143745422,
  "shard_prediction_recall": 0.6893333196640015
}