{
  "accs_after_deletion": [
    0.8282000422477722,
    0.8396000266075134
  ],
  "accs_before_deletion": [
    0.8696000576019287,
    0.8636000156402588
  ],
  "delta": 6.982864657330156e-05,
  "ensemble_acc_after_deletion": 0.8344000577926636,
  "ensemble_acc_before_deletion": 0.8700000643730164,
  "epsilon": "\u221e",
  "indicator": 1,
  "lengths_after_deletion": [
    2485,
    3665
  ],
  "rng": [
    3796704609,
    2369206272
  ],
  "shard_prediction_precision": 0.6008546948432922,
  "shard_prediction_recall": 0.5858333110809326
}