{
  "accs_after_deletion": [
    0.807200014591217,
    0.8286000490188599
  ],
  "accs_before_deletion": [
    0.8664000630378723,
    0.8630000352859497
  ],
  "delta": 6.982864657330156e-05,
  "ensemble_acc_after_deletion": 0.8188000321388245,
  "ensemble_acc_before_deletion": 0.8594000339508057,
  "epsilon": "\u221e",
  "indicator": 1,
  "lengths_after_deletion": [
    1714,
    2978
  ],
  "rng": [
    3823653144,
    4155479059
  ],
  "shard_prediction_precision": 0.5864805579185486,
  "shard_prediction_recall": 0.7143333554267883
}