{
  "accs_after_deletion": [
    0.8184000253677368,
    0.8254000544548035
  ],
  "accs_before_deletion": [
    0.8604000210762024,
    0.8622000217437744
  ],
  "delta": 6.982864657330156e-05,
  "ensemble_acc_after_deletion": 0.8240000605583191,
  "ensemble_acc_before_deletion": 0.859000027179718,
  "epsilon": "\u221e",
  "indicator": 1,
  "lengths_after_deletion": [
    2082,
    3221
  ],
  "rng": [
    3826300737,
    3643869796
  ],
  "shard_prediction_precision": 0.5850380659103394,
  "shard_prediction_recall": 0.652999997138977
}