{
  "accs_after_deletion": [
    0.8088000416755676,
    0.8172000646591187
  ],
  "accs_before_deletion": [
    0.8598000407218933,
    0.8628000617027283
  ],
  "delta": 6.982864657330156e-05,
  "ensemble_acc_after_deletion": 0.8134000301361084,
  "ensemble_acc_before_deletion": 0.8634000420570374,
  "epsilon": "\u221e",
  "indicator": 1,
  "lengths_after_deletion": [
    1677,
    2851
  ],
  "rng": [
    3832149057,
    713287416
  ],
  "shard_prediction_precision": 0.578559935092926,
  "shard_prediction_recall": 0.7204999923706055
}