{
  "accs_after_deletion": [
    0.832800030708313,
    0.8454000353813171
  ],
  "accs_before_deletion": [
    0.8618000149726868,
    0.8678000569343567
  ],
  "delta": 6.982864657330156e-05,
  "ensemble_acc_after_deletion": 0.8416000604629517,
  "ensemble_acc_before_deletion": 0.8646000623703003,
  "epsilon": "\u221e",
  "indicator": 1,
  "lengths_after_deletion": [
    2390,
    3665
  ],
  "rng": [
    3878820890,
    2982211910
  ],
  "shard_prediction_precision": 0.607232928276062,
  "shard_prediction_recall": 0.6016666889190674
}