{
  "accs_after_deletion": [
    0.8082000613212585,
    0.8334000110626221
  ],
  "accs_before_deletion": [
    0.8566000461578369,
    0.860200047492981
  ],
  "delta": 6.982864657330156e-05,
  "ensemble_acc_after_deletion": 0.8282000422477722,
  "ensemble_acc_before_deletion": 0.855400025844574,
  "epsilon": "\u221e",
  "indicator": 1,
  "lengths_after_deletion": [
    2127,
    3178
  ],
  "rng": [
    3883374061,
    967236687
  ],
  "shard_prediction_precision": 0.5784914493560791,
  "shard_prediction_recall": 0.6455000042915344
}