{
  "accs_after_deletion": [
    0.8236000537872314,
    0.8416000604629517
  ],
  "accs_before_deletion": [
    0.8600000143051147,
    0.8622000217437744
  ],
  "delta": 6.982864657330156e-05,
  "ensemble_acc_after_deletion": 0.8350000381469727,
  "ensemble_acc_before_deletion": 0.8588000535964966,
  "epsilon": "\u221e",
  "indicator": 1,
  "lengths_after_deletion": [
    2323,
    3534
  ],
  "rng": [
    3890308742,
    858835
  ],
  "shard_prediction_precision": 0.5985674858093262,
  "shard_prediction_recall": 0.6128333210945129
}