{
  "accs_after_deletion": [
    0.8010000586509705,
    0.818600058555603
  ],
  "accs_before_deletion": [
    0.8624000549316406,
    0.8646000623703003
  ],
  "delta": 6.982864657330156e-05,
  "ensemble_acc_after_deletion": 0.803600013256073,
  "ensemble_acc_before_deletion": 0.8628000617027283,
  "epsilon": "\u221e",
  "indicator": 1,
  "lengths_after_deletion": [
    1977,
    3125
  ],
  "rng": [
    3935118515,
    2899982189
  ],
  "shard_prediction_precision": 0.5832124948501587,
  "shard_prediction_recall": 0.6704999804496765
}