{
  "accs_after_deletion": [
    0.8108000159263611,
    0.8372000455856323
  ],
  "accs_before_deletion": [
    0.8604000210762024,
    0.8580000400543213
  ],
  "delta": 6.982864657330156e-05,
  "ensemble_acc_after_deletion": 0.8278000354766846,
  "ensemble_acc_before_deletion": 0.8614000678062439,
  "epsilon": "\u221e",
  "indicator": 1,
  "lengths_after_deletion": [
    2298,
    3416
  ],
  "rng": [
    3937878158,
    3570756914
  ],
  "shard_prediction_precision": 0.5889277458190918,
  "shard_prediction_recall": 0.6169999837875366
}