{
  "accs_after_deletion": [
    0.820400059223175,
    0.8304000496864319
  ],
  "accs_before_deletion": [
    0.8672000169754028,
    0.8568000197410583
  ],
  "delta": 6.982864657330156e-05,
  "ensemble_acc_after_deletion": 0.8250000476837158,
  "ensemble_acc_before_deletion": 0.8630000352859497,
  "epsilon": "\u221e",
  "indicator": 1,
  "lengths_after_deletion": [
    2330,
    3497
  ],
  "rng": [
    3947090903,
    2320848823
  ],
  "shard_prediction_precision": 0.5945245623588562,
  "shard_prediction_recall": 0.6116666793823242
}