{
  "accs_after_deletion": [
    0.8170000314712524,
    0.8362000584602356
  ],
  "accs_before_deletion": [
    0.8690000176429749,
    0.8658000230789185
  ],
  "delta": 6.982864657330156e-05,
  "ensemble_acc_after_deletion": 0.8282000422477722,
  "ensemble_acc_before_deletion": 0.8640000224113464,
  "epsilon": "\u221e",
  "indicator": 1,
  "lengths_after_deletion": [
    2012,
    3310
  ],
  "rng": [
    3952472126,
    1083807087
  ],
  "shard_prediction_precision": 0.5971847772598267,
  "shard_prediction_recall": 0.6646666526794434
}