{
  "accs_after_deletion": [
    0.8110000491142273,
    0.8238000273704529
  ],
  "accs_before_deletion": [
    0.8642000555992126,
    0.8634000420570374
  ],
  "delta": 6.982864657330156e-05,
  "ensemble_acc_after_deletion": 0.8156000375747681,
  "ensemble_acc_before_deletion": 0.8642000555992126,
  "epsilon": "\u221e",
  "indicator": 1,
  "lengths_after_deletion": [
    1872,
    3089
  ],
  "rng": [
    398998094,
    1099919145
  ],
  "shard_prediction_precision": 0.5864469408988953,
  "shard_prediction_recall": 0.687999963760376
}