{
  "accs_after_deletion": [
    0.8184000253677368,
    0.8362000584602356
  ],
  "accs_before_deletion": [
    0.8634000420570374,
    0.8616000413894653
  ],
  "delta": 6.982864657330156e-05,
  "ensemble_acc_after_deletion": 0.8284000158309937,
  "ensemble_acc_before_deletion": 0.8622000217437744,
  "epsilon": "\u221e",
  "indicator": 1,
  "lengths_after_deletion": [
    2149,
    3345
  ],
  "rng": [
    4000009257,
    230499631
  ],
  "shard_prediction_precision": 0.5919151306152344,
  "shard_prediction_recall": 0.6418333053588867
}