{
  "accs_after_deletion": [
    0.8078000545501709,
    0.8240000605583191
  ],
  "accs_before_deletion": [
    0.8642000555992126,
    0.8588000535964966
  ],
  "delta": 6.982864657330156e-05,
  "ensemble_acc_after_deletion": 0.8180000185966492,
  "ensemble_acc_before_deletion": 0.8630000352859497,
  "epsilon": "\u221e",
  "indicator": 1,
  "lengths_after_deletion": [
    2005,
    3105
  ],
  "rng": [
    4004970751,
    3971709907
  ],
  "shard_prediction_precision": 0.5798258185386658,
  "shard_prediction_recall": 0.6658333539962769
}