{
  "accs_after_deletion": [
    0.83160001039505,
    0.8496000170707703
  ],
  "accs_before_deletion": [
    0.857200026512146,
    0.8604000210762024
  ],
  "delta": 6.982864657330156e-05,
  "ensemble_acc_after_deletion": 0.8418000340461731,
  "ensemble_acc_before_deletion": 0.855400025844574,
  "epsilon": "\u221e",
  "indicator": 1,
  "lengths_after_deletion": [
    2648,
    3787
  ],
  "rng": [
    4008893042,
    3827484752
  ],
  "shard_prediction_precision": 0.6023359894752502,
  "shard_prediction_recall": 0.5586666464805603
}