{
  "accs_after_deletion": [
    0.8178000450134277,
    0.8250000476837158
  ],
  "accs_before_deletion": [
    0.8578000664710999,
    0.8562000393867493
  ],
  "delta": 6.982864657330156e-05,
  "ensemble_acc_after_deletion": 0.8214000463485718,
  "ensemble_acc_before_deletion": 0.8596000671386719,
  "epsilon": "\u221e",
  "indicator": 1,
  "lengths_after_deletion": [
    1702,
    2990
  ],
  "rng": [
    4057483315,
    1750946335
  ],
  "shard_prediction_precision": 0.5881226062774658,
  "shard_prediction_recall": 0.7163333296775818
}