{
  "accs_after_deletion": [
    0.8208000659942627,
    0.8326000571250916
  ],
  "accs_before_deletion": [
    0.8628000617027283,
    0.8616000413894653
  ],
  "delta": 6.982864657330156e-05,
  "ensemble_acc_after_deletion": 0.820400059223175,
  "ensemble_acc_before_deletion": 0.8612000346183777,
  "epsilon": "\u221e",
  "indicator": 1,
  "lengths_after_deletion": [
    2556,
    3733
  ],
  "rng": [
    4063036545,
    962976887
  ],
  "shard_prediction_precision": 0.603046715259552,
  "shard_prediction_recall": 0.5740000009536743
}