{
  "accs_after_deletion": [
    0.8262000679969788,
    0.8320000171661377
  ],
  "accs_before_deletion": [
    0.8658000230789185,
    0.8622000217437744
  ],
  "delta": 6.982864657330156e-05,
  "ensemble_acc_after_deletion": 0.8326000571250916,
  "ensemble_acc_before_deletion": 0.8642000555992126,
  "epsilon": "\u221e",
  "indicator": 1,
  "lengths_after_deletion": [
    2681,
    3822
  ],
  "rng": [
    4094074285,
    1950362334
  ],
  "shard_prediction_precision": 0.6037838459014893,
  "shard_prediction_recall": 0.5531666874885559
}