{
  "accs_after_deletion": [
    0.8244000673294067,
    0.8462000489234924
  ],
  "accs_before_deletion": [
    0.8642000555992126,
    0.8626000285148621
  ],
  "delta": 6.982864657330156e-05,
  "ensemble_acc_after_deletion": 0.83760005235672,
  "ensemble_acc_before_deletion": 0.8618000149726868,
  "epsilon": "\u221e",
  "indicator": 1,
  "lengths_after_deletion": [
    2498,
    3678
  ],
  "rng": [
    4141245886,
    871518568
  ],
  "shard_prediction_precision": 0.6013049483299255,
  "shard_prediction_recall": 0.5836666822433472
}