{
  "accs_after_deletion": [
    0.8232000470161438,
    0.8350000381469727
  ],
  "accs_before_deletion": [
    0.8664000630378723,
    0.8646000623703003
  ],
  "delta": 6.982864657330156e-05,
  "ensemble_acc_after_deletion": 0.8290000557899475,
  "ensemble_acc_before_deletion": 0.8646000623703003,
  "epsilon": "\u221e",
  "indicator": 1,
  "lengths_after_deletion": [
    1956,
    3191
  ],
  "rng": [
    4217416903,
    2111383190
  ],
  "shard_prediction_precision": 0.5901065468788147,
  "shard_prediction_recall": 0.6739999651908875
}