{
  "accs_after_deletion": [
    0.8156000375747681,
    0.8308000564575195
  ],
  "accs_before_deletion": [
    0.860200047492981,
    0.8634000420570374
  ],
  "delta": 6.982864657330156e-05,
  "ensemble_acc_after_deletion": 0.8252000212669373,
  "ensemble_acc_before_deletion": 0.8586000204086304,
  "epsilon": "\u221e",
  "indicator": 1,
  "lengths_after_deletion": [
    2121,
    3352
  ],
  "rng": [
    4224365898,
    2419782939
  ],
  "shard_prediction_precision": 0.5943006277084351,
  "shard_prediction_recall": 0.6464999914169312
}