{
  "accs_after_deletion": [
    0.8152000308036804,
    0.8392000198364258
  ],
  "accs_before_deletion": [
    0.86080002784729,
    0.8594000339508057
  ],
  "delta": 6.982864657330156e-05,
  "ensemble_acc_after_deletion": 0.8288000226020813,
  "ensemble_acc_before_deletion": 0.8592000603675842,
  "epsilon": "\u221e",
  "indicator": 1,
  "lengths_after_deletion": [
    2482,
    3732
  ],
  "rng": [
    4237122609,
    2624819225
  ],
  "shard_prediction_precision": 0.6080193519592285,
  "shard_prediction_recall": 0.5863333344459534
}