{
  "accs_after_deletion": [
    0.812000036239624,
    0.8324000239372253
  ],
  "accs_before_deletion": [
    0.8642000555992126,
    0.867400050163269
  ],
  "delta": 6.982864657330156e-05,
  "ensemble_acc_after_deletion": 0.8196000456809998,
  "ensemble_acc_before_deletion": 0.8662000298500061,
  "epsilon": "\u221e",
  "indicator": 1,
  "lengths_after_deletion": [
    1628,
    2748
  ],
  "rng": [
    44080558,
    88572413
  ],
  "shard_prediction_precision": 0.5734522342681885,
  "shard_prediction_recall": 0.7286666631698608
}