{
  "accs_after_deletion": [
    0.8106000423431396,
    0.8330000638961792
  ],
  "accs_before_deletion": [
    0.8596000671386719,
    0.8650000691413879
  ],
  "delta": 6.982864657330156e-05,
  "ensemble_acc_after_deletion": 0.8254000544548035,
  "ensemble_acc_before_deletion": 0.86080002784729,
  "epsilon": "\u221e",
  "indicator": 1,
  "lengths_after_deletion": [
    2489,
    3725
  ],
  "rng": [
    47150047,
    3363896616
  ],
  "shard_prediction_precision": 0.6068095564842224,
  "shard_prediction_recall": 0.5851666331291199
}