{
  "accs_after_deletion": [
    0.8198000192642212,
    0.8332000374794006
  ],
  "accs_before_deletion": [
    0.8664000630378723,
    0.8580000400543213
  ],
  "delta": 6.982864657330156e-05,
  "ensemble_acc_after_deletion": 0.8280000686645508,
  "ensemble_acc_before_deletion": 0.8640000224113464,
  "epsilon": "\u221e",
  "indicator": 1,
  "lengths_after_deletion": [
    2359,
    3539
  ],
  "rng": [
    557463830,
    303618335
  ],
  "shard_prediction_precision": 0.5966896414756775,
  "shard_prediction_recall": 0.6068333387374878
}