{
  "accs_after_deletion": [
    0.8224000334739685,
    0.8288000226020813
  ],
  "accs_before_deletion": [
    0.8556000590324402,
    0.8584000468254089
  ],
  "delta": 6.982864657330156e-05,
  "ensemble_acc_after_deletion": 0.8250000476837158,
  "ensemble_acc_before_deletion": 0.8618000149726868,
  "epsilon": "\u221e",
  "indicator": 1,
  "lengths_after_deletion": [
    2330,
    3478
  ],
  "rng": [
    61687745,
    4040799077
  ],
  "shard_prediction_precision": 0.5927003026008606,
  "shard_prediction_recall": 0.6116666793823242
}