{
  "accs_after_deletion": [
    0.8182000517845154,
    0.8340000510215759
  ],
  "accs_before_deletion": [
    0.8624000549316406,
    0.8612000346183777
  ],
  "delta": 6.982864657330156e-05,
  "ensemble_acc_after_deletion": 0.8256000280380249,
  "ensemble_acc_before_deletion": 0.8622000217437744,
  "epsilon": "\u221e",
  "indicator": 1,
  "lengths_after_deletion": [
    2822,
    3972
  ],
  "rng": [
    661314894,
    3324694406
  ],
  "shard_prediction_precision": 0.610449492931366,
  "shard_prediction_recall": 0.5296666622161865
}