{
  "accs_after_deletion": [
    0.8154000639915466,
    0.8334000110626221
  ],
  "accs_before_deletion": [
    0.8650000691413879,
    0.8660000562667847
  ],
  "delta": 6.982864657330156e-05,
  "ensemble_acc_after_deletion": 0.8270000219345093,
  "ensemble_acc_before_deletion": 0.8628000617027283,
  "epsilon": "\u221e",
  "indicator": 1,
  "lengths_after_deletion": [
    2107,
    3307
  ],
  "rng": [
    678879741,
    2001567378
  ],
  "shard_prediction_precision": 0.5911023616790771,
  "shard_prediction_recall": 0.6488333344459534
}