{
  "accs_after_deletion": [
    0.8300000429153442,
    0.8516000509262085
  ],
  "accs_before_deletion": [
    0.8626000285148621,
    0.8676000237464905
  ],
  "delta": 6.982864657330156e-05,
  "ensemble_acc_after_deletion": 0.839400053024292,
  "ensemble_acc_before_deletion": 0.862000048160553,
  "epsilon": "\u221e",
  "indicator": 1,
  "lengths_after_deletion": [
    2968,
    4171
  ],
  "rng": [
    695394704,
    1290797651
  ],
  "shard_prediction_precision": 0.6237399578094482,
  "shard_prediction_recall": 0.5053333044052124
}