{
  "accs_after_deletion": [
    0.7994000315666199,
    0.8246000409126282
  ],
  "accs_before_deletion": [
    0.8580000400543213,
    0.8632000684738159
  ],
  "delta": 6.982864657330156e-05,
  "ensemble_acc_after_deletion": 0.8216000199317932,
  "ensemble_acc_before_deletion": 0.8600000143051147,
  "epsilon": "\u221e",
  "indicator": 1,
  "lengths_after_deletion": [
    1427,
    2634
  ],
  "rng": [
    813142886,
    1443507091
  ],
  "shard_prediction_precision": 0.5760171413421631,
  "shard_prediction_recall": 0.7621666789054871
}