{
  "accs_after_deletion": [
    0.8146000504493713,
    0.8436000347137451
  ],
  "accs_before_deletion": [
    0.863800048828125,
    0.8662000298500061
  ],
  "delta": 6.982864657330156e-05,
  "ensemble_acc_after_deletion": 0.8284000158309937,
  "ensemble_acc_before_deletion": 0.8660000562667847,
  "epsilon": "\u221e",
  "indicator": 1,
  "lengths_after_deletion": [
    1914,
    3190
  ],
  "rng": [
    92908537,
    1469182090
  ],
  "shard_prediction_precision": 0.5925174355506897,
  "shard_prediction_recall": 0.6809999942779541
}