{
  "accs_after_deletion": [
    0.8218000531196594,
    0.8390000462532043
  ],
  "accs_before_deletion": [
    0.8644000291824341,
    0.8612000346183777
  ],
  "delta": 6.982864657330156e-05,
  "ensemble_acc_after_deletion": 0.8284000158309937,
  "ensemble_acc_before_deletion": 0.8652000427246094,
  "epsilon": "\u221e",
  "indicator": 1,
  "lengths_after_deletion": [
    2023,
    3253
  ],
  "rng": [
    947646493,
    1956582234
  ],
  "shard_prediction_precision": 0.5914633870124817,
  "shard_prediction_recall": 0.6628333330154419
}