{
  "accs_after_deletion": [
    0.8030000329017639,
    0.8164000511169434
  ],
  "accs_before_deletion": [
    0.8678000569343567,
    0.8568000197410583
  ],
  "delta": 6.982864657330156e-05,
  "ensemble_acc_after_deletion": 0.8082000613212585,
  "ensemble_acc_before_deletion": 0.8600000143051147,
  "epsilon": "\u221e",
  "indicator": 1,
  "lengths_after_deletion": [
    1652,
    2762
  ],
  "rng": [
    949762352,
    712759085
  ],
  "shard_prediction_precision": 0.5731611251831055,
  "shard_prediction_recall": 0.7246666550636292
}