{
  "accs_after_deletion": [
    0.8178000450134277,
    0.8402000665664673
  ],
  "accs_before_deletion": [
    0.8618000149726868,
    0.8630000352859497
  ],
  "delta": 6.982864657330156e-05,
  "ensemble_acc_after_deletion": 0.831000030040741,
  "ensemble_acc_before_deletion": 0.8612000346183777,
  "epsilon": "\u221e",
  "indicator": 1,
  "lengths_after_deletion": [
    2753,
    3926
  ],
  "rng": [
    954100671,
    278014240
  ],
  "shard_prediction_precision": 0.610223650932312,
  "shard_prediction_recall": 0.5411666631698608
}