{
  "accs_after_deletion": [
    0.41700002551078796,
    0.4400000274181366,
    0.4336000084877014,
    0.4386000335216522,
    0.41940000653266907,
    0.4426000118255615
  ],
  "accs_before_deletion": [
    0.4870000183582306,
    0.48740002512931824,
    0.48020002245903015,
    0.4918000102043152,
    0.49000000953674316,
    0.5
  ],
  "delta": 5.0886316442113006e-05,
  "ensemble_acc_after_deletion": 0.4928000271320343,
  "ensemble_acc_before_deletion": 0.5508000254631042,
  "epsilon": "\u221e",
  "indicator": 1,
  "lengths_after_deletion": [
    3196,
    3197,
    3186,
    4068,
    3988,
    4105
  ],
  "rng": [
    102574152,
    581252731
  ],
  "shard_prediction_precision": 0.2559025287628174,
  "shard_prediction_recall": 0.2800000011920929
}