{
  "accs_after_deletion": [
    0.4134000241756439,
    0.4398000240325928,
    0.44120001792907715,
    0.45600003004074097,
    0.4480000138282776,
    0.4508000314235687
  ],
  "accs_before_deletion": [
    0.4838000237941742,
    0.48740002512931824,
    0.47700002789497375,
    0.48760002851486206,
    0.4992000162601471,
    0.49080002307891846
  ],
  "delta": 5.0886316442113006e-05,
  "ensemble_acc_after_deletion": 0.4984000325202942,
  "ensemble_acc_before_deletion": 0.5473999977111816,
  "epsilon": "\u221e",
  "indicator": 1,
  "lengths_after_deletion": [
    3460,
    3462,
    3541,
    4350,
    4372,
    4269
  ],
  "rng": [
    1026069041,
    2382292763
  ],
  "shard_prediction_precision": 0.2540128827095032,
  "shard_prediction_recall": 0.25979167222976685
}