{
  "accs_after_deletion": [
    0.4474000334739685,
    0.43800002336502075,
    0.45600003004074097,
    0.445000022649765,
    0.459600031375885,
    0.43800002336502075
  ],
  "accs_before_deletion": [
    0.4830000102519989,
    0.48260003328323364,
    0.48180001974105835,
    0.4878000319004059,
    0.5042000412940979,
    0.4798000156879425
  ],
  "delta": 5.0886316442113006e-05,
  "ensemble_acc_after_deletion": 0.5190000534057617,
  "ensemble_acc_before_deletion": 0.551800012588501,
  "epsilon": "\u221e",
  "indicator": 1,
  "lengths_after_deletion": [
    3474,
    3404,
    3402,
    4297,
    4256,
    4379
  ],
  "rng": [
    1065416509,
    2938359601
  ],
  "shard_prediction_precision": 0.2575036287307739,
  "shard_prediction_recall": 0.26595833897590637
}