{
  "accs_after_deletion": [
    0.41840001940727234,
    0.42820000648498535,
    0.4300000071525574,
    0.443200021982193,
    0.4328000247478485,
    0.44760000705718994
  ],
  "accs_before_deletion": [
    0.4952000379562378,
    0.5002000331878662,
    0.4974000155925751,
    0.4872000217437744,
    0.4816000163555145,
    0.5
  ],
  "delta": 5.0886316442113006e-05,
  "ensemble_acc_after_deletion": 0.49160003662109375,
  "ensemble_acc_before_deletion": 0.5540000200271606,
  "epsilon": "\u221e",
  "indicator": 1,
  "lengths_after_deletion": [
    3311,
    3262,
    3256,
    4146,
    4156,
    4347
  ],
  "rng": [
    1100984692,
    686725012
  ],
  "shard_prediction_precision": 0.2629104256629944,
  "shard_prediction_recall": 0.2795833349227905
}