{
  "accs_after_deletion": [
    0.4326000213623047,
    0.4524000287055969,
    0.4408000111579895,
    0.4700000286102295,
    0.4556000232696533,
    0.4644000232219696
  ],
  "accs_before_deletion": [
    0.4740000367164612,
    0.504800021648407,
    0.4872000217437744,
    0.49900001287460327,
    0.4820000231266022,
    0.4928000271320343
  ],
  "delta": 5.0886316442113006e-05,
  "ensemble_acc_after_deletion": 0.5162000060081482,
  "ensemble_acc_before_deletion": 0.5586000084877014,
  "epsilon": "\u221e",
  "indicator": 1,
  "lengths_after_deletion": [
    3530,
    3348,
    3408,
    4221,
    4297,
    4366
  ],
  "rng": [
    1105612856,
    1242029885
  ],
  "shard_prediction_precision": 0.2600483298301697,
  "shard_prediction_recall": 0.26904165744781494
}