{
  "accs_after_deletion": [
    0.4360000193119049,
    0.4368000328540802,
    0.4482000172138214,
    0.44680002331733704,
    0.4410000145435333,
    0.45500001311302185
  ],
  "accs_before_deletion": [
    0.48760002851486206,
    0.4870000183582306,
    0.4936000108718872,
    0.4896000325679779,
    0.4896000325679779,
    0.5020000338554382
  ],
  "delta": 5.0886316442113006e-05,
  "ensemble_acc_after_deletion": 0.5012000203132629,
  "ensemble_acc_before_deletion": 0.5582000017166138,
  "epsilon": "\u221e",
  "indicator": 1,
  "lengths_after_deletion": [
    3491,
    3333,
    3383,
    4287,
    4379,
    4432
  ],
  "rng": [
    11317196,
    2442631498
  ],
  "shard_prediction_precision": 0.2614699602127075,
  "shard_prediction_recall": 0.26904165744781494
}