{
  "accs_after_deletion": [
    0.43880000710487366,
    0.4394000172615051,
    0.44700002670288086,
    0.4382000267505646,
    0.4394000172615051,
    0.43240001797676086
  ],
  "accs_before_deletion": [
    0.4970000088214874,
    0.5020000338554382,
    0.48920002579689026,
    0.490200012922287,
    0.4772000312805176,
    0.5106000304222107
  ],
  "delta": 5.0886316442113006e-05,
  "ensemble_acc_after_deletion": 0.5052000284194946,
  "ensemble_acc_before_deletion": 0.557200014591217,
  "epsilon": "\u221e",
  "indicator": 0,
  "lengths_after_deletion": [
    3161,
    3281,
    3322,
    4242,
    4169,
    4177
  ],
  "rng": [
    1143520924,
    1748941529
  ],
  "shard_prediction_precision": 0.2584216892719269,
  "shard_prediction_recall": 0.2761666774749756
}