{
  "accs_after_deletion": [
    0.44440001249313354,
    0.44540002942085266,
    0.42920002341270447,
    0.4406000077724457,
    0.45680001378059387,
    0.459600031375885
  ],
  "accs_before_deletion": [
    0.4936000108718872,
    0.4806000292301178,
    0.48900002241134644,
    0.48500001430511475,
    0.48920002579689026,
    0.4978000223636627
  ],
  "delta": 5.0886316442113006e-05,
  "ensemble_acc_after_deletion": 0.5100000500679016,
  "ensemble_acc_before_deletion": 0.5498000383377075,
  "epsilon": "\u221e",
  "indicator": 1,
  "lengths_after_deletion": [
    3522,
    3402,
    3318,
    4199,
    4258,
    4297
  ],
  "rng": [
    1145484389,
    3147419602
  ],
  "shard_prediction_precision": 0.2554391324520111,
  "shard_prediction_recall": 0.26612499356269836
}