{
  "accs_after_deletion": [
    0.45180001854896545,
    0.4390000104904175,
    0.4302000105381012,
    0.4580000340938568,
    0.4678000211715698,
    0.46540001034736633
  ],
  "accs_before_deletion": [
    0.4808000326156616,
    0.4888000190258026,
    0.48100003600120544,
    0.4904000163078308,
    0.49800002574920654,
    0.5012000203132629
  ],
  "delta": 5.0886316442113006e-05,
  "ensemble_acc_after_deletion": 0.5166000127792358,
  "ensemble_acc_before_deletion": 0.5454000234603882,
  "epsilon": "\u221e",
  "indicator": 1,
  "lengths_after_deletion": [
    3552,
    3422,
    3450,
    4391,
    4384,
    4502
  ],
  "rng": [
    1205537465,
    2253495217
  ],
  "shard_prediction_precision": 0.2618626058101654,
  "shard_prediction_recall": 0.26512500643730164
}