{
  "accs_after_deletion": [
    0.43880000710487366,
    0.43700000643730164,
    0.4350000321865082,
    0.4448000192642212,
    0.44140002131462097,
    0.4376000165939331
  ],
  "accs_before_deletion": [
    0.5024000406265259,
    0.49240002036094666,
    0.4848000109195709,
    0.4952000379562378,
    0.49400001764297485,
    0.48360002040863037
  ],
  "delta": 5.0886316442113006e-05,
  "ensemble_acc_after_deletion": 0.4974000155925751,
  "ensemble_acc_before_deletion": 0.5464000105857849,
  "epsilon": "\u221e",
  "indicator": 1,
  "lengths_after_deletion": [
    3290,
    3174,
    3349,
    4288,
    4201,
    4017
  ],
  "rng": [
    1207884399,
    3669320844
  ],
  "shard_prediction_precision": 0.2538841962814331,
  "shard_prediction_recall": 0.27166667580604553
}