{
  "accs_after_deletion": [
    0.4442000091075897,
    0.46140003204345703,
    0.4336000084877014,
    0.44940000772476196,
    0.45160001516342163,
    0.4594000279903412
  ],
  "accs_before_deletion": [
    0.49720001220703125,
    0.4788000285625458,
    0.4872000217437744,
    0.4910000264644623,
    0.49080002307891846,
    0.4926000237464905
  ],
  "delta": 5.0886316442113006e-05,
  "ensemble_acc_after_deletion": 0.5082000494003296,
  "ensemble_acc_before_deletion": 0.5548000335693359,
  "epsilon": "\u221e",
  "indicator": 1,
  "lengths_after_deletion": [
    3527,
    3643,
    3584,
    4366,
    4468,
    4441
  ],
  "rng": [
    1216303007,
    1940832698
  ],
  "shard_prediction_precision": 0.25789496302604675,
  "shard_prediction_recall": 0.2575833201408386
}