{
  "accs_after_deletion": [
    0.4440000355243683,
    0.44860002398490906,
    0.4442000091075897,
    0.4458000063896179,
    0.4586000144481659,
    0.4490000307559967
  ],
  "accs_before_deletion": [
    0.4910000264644623,
    0.5008000135421753,
    0.5016000270843506,
    0.49480003118515015,
    0.490200012922287,
    0.5060000419616699
  ],
  "delta": 5.0886316442113006e-05,
  "ensemble_acc_after_deletion": 0.511400043964386,
  "ensemble_acc_before_deletion": 0.5656000375747681,
  "epsilon": "\u221e",
  "indicator": 1,
  "lengths_after_deletion": [
    3484,
    3205,
    3350,
    4219,
    4101,
    4276
  ],
  "rng": [
    1226233016,
    3456868807
  ],
  "shard_prediction_precision": 0.25290757417678833,
  "shard_prediction_recall": 0.2672916650772095
}