{
  "accs_after_deletion": [
    0.43620002269744873,
    0.43540000915527344,
    0.4086000323295593,
    0.443200021982193,
    0.45760002732276917,
    0.4382000267505646
  ],
  "accs_before_deletion": [
    0.5049999952316284,
    0.5108000040054321,
    0.4864000082015991,
    0.5,
    0.4880000352859497,
    0.49000000953674316
  ],
  "delta": 5.0886316442113006e-05,
  "ensemble_acc_after_deletion": 0.4970000088214874,
  "ensemble_acc_before_deletion": 0.5578000545501709,
  "epsilon": "\u221e",
  "indicator": 1,
  "lengths_after_deletion": [
    3145,
    3158,
    3250,
    4183,
    4166,
    4035
  ],
  "rng": [
    1354586271,
    3664628471
  ],
  "shard_prediction_precision": 0.25894948840141296,
  "shard_prediction_recall": 0.281208336353302
}