{
  "accs_after_deletion": [
    0.4536000192165375,
    0.46060001850128174,
    0.45420002937316895,
    0.4618000090122223,
    0.46060001850128174,
    0.454800009727478
  ],
  "accs_before_deletion": [
    0.48440003395080566,
    0.4942000210285187,
    0.47680002450942993,
    0.5014000535011292,
    0.4838000237941742,
    0.49820002913475037
  ],
  "delta": 5.0886316442113006e-05,
  "ensemble_acc_after_deletion": 0.5178000330924988,
  "ensemble_acc_before_deletion": 0.5490000247955322,
  "epsilon": "\u221e",
  "indicator": 1,
  "lengths_after_deletion": [
    4091,
    3841,
    3911,
    4885,
    4640,
    4868
  ],
  "rng": [
    1361817219,
    2276806898
  ],
  "shard_prediction_precision": 0.2620841860771179,
  "shard_prediction_recall": 0.23766666650772095
}