{
  "accs_after_deletion": [
    0.4564000070095062,
    0.4426000118255615,
    0.43700000643730164,
    0.4406000077724457,
    0.445000022649765,
    0.451200008392334
  ],
  "accs_before_deletion": [
    0.4914000332355499,
    0.49480003118515015,
    0.4806000292301178,
    0.4782000184059143,
    0.47760000824928284,
    0.5016000270843506
  ],
  "delta": 5.0886316442113006e-05,
  "ensemble_acc_after_deletion": 0.504800021648407,
  "ensemble_acc_before_deletion": 0.5491999983787537,
  "epsilon": "\u221e",
  "indicator": 1,
  "lengths_after_deletion": [
    3452,
    3250,
    3551,
    4212,
    4358,
    4388
  ],
  "rng": [
    1373002420,
    310981046
  ],
  "shard_prediction_precision": 0.26245513558387756,
  "shard_prediction_recall": 0.2710833251476288
}