{
  "accs_after_deletion": [
    0.43060001730918884,
    0.42900002002716064,
    0.43340003490448,
    0.4312000274658203,
    0.4344000220298767,
    0.43800002336502075
  ],
  "accs_before_deletion": [
    0.49800002574920654,
    0.4894000291824341,
    0.4856000244617462,
    0.49400001764297485,
    0.49880000948905945,
    0.4918000102043152
  ],
  "delta": 5.0886316442113006e-05,
  "ensemble_acc_after_deletion": 0.4944000244140625,
  "ensemble_acc_before_deletion": 0.5522000193595886,
  "epsilon": "\u221e",
  "indicator": 1,
  "lengths_after_deletion": [
    3426,
    3442,
    3390,
    4231,
    4309,
    4214
  ],
  "rng": [
    1396666257,
    4066146232
  ],
  "shard_prediction_precision": 0.25772371888160706,
  "shard_prediction_recall": 0.2683333158493042
}