{
  "accs_after_deletion": [
    0.4402000308036804,
    0.45600003004074097,
    0.44280001521110535,
    0.44680002331733704,
    0.45180001854896545,
    0.44940000772476196
  ],
  "accs_before_deletion": [
    0.48680001497268677,
    0.48840001225471497,
    0.4772000312805176,
    0.5008000135421753,
    0.4944000244140625,
    0.4880000352859497
  ],
  "delta": 5.0886316442113006e-05,
  "ensemble_acc_after_deletion": 0.5112000107765198,
  "ensemble_acc_before_deletion": 0.551800012588501,
  "epsilon": "\u221e",
  "indicator": 1,
  "lengths_after_deletion": [
    3482,
    3592,
    3576,
    4399,
    4355,
    4315
  ],
  "rng": [
    1419942487,
    433764272
  ],
  "shard_prediction_precision": 0.24916602671146393,
  "shard_prediction_recall": 0.25208333134651184
}