{
  "accs_after_deletion": [
    0.46060001850128174,
    0.45440003275871277,
    0.45680001378059387,
    0.44520002603530884,
    0.467600017786026,
    0.4706000089645386
  ],
  "accs_before_deletion": [
    0.48580002784729004,
    0.49880000948905945,
    0.47840002179145813,
    0.49880000948905945,
    0.5034000277519226,
    0.5103999972343445
  ],
  "delta": 5.0886316442113006e-05,
  "ensemble_acc_after_deletion": 0.5206000208854675,
  "ensemble_acc_before_deletion": 0.5570000410079956,
  "epsilon": "\u221e",
  "indicator": 1,
  "lengths_after_deletion": [
    3798,
    3724,
    3931,
    4682,
    4745,
    4668
  ],
  "rng": [
    1460070381,
    3299336040
  ],
  "shard_prediction_precision": 0.25899696350097656,
  "shard_prediction_recall": 0.242291659116745
}