{
  "accs_after_deletion": [
    0.45180001854896545,
    0.43400001525878906,
    0.43300002813339233,
    0.44860002398490906,
    0.44200003147125244,
    0.4514000117778778
  ],
  "accs_before_deletion": [
    0.4872000217437744,
    0.48740002512931824,
    0.49820002913475037,
    0.49480003118515015,
    0.4944000244140625,
    0.4846000373363495
  ],
  "delta": 5.0886316442113006e-05,
  "ensemble_acc_after_deletion": 0.5016000270843506,
  "ensemble_acc_before_deletion": 0.5574000477790833,
  "epsilon": "\u221e",
  "indicator": 1,
  "lengths_after_deletion": [
    3536,
    3376,
    3326,
    4317,
    4356,
    4320
  ],
  "rng": [
    1535195341,
    2438575957
  ],
  "shard_prediction_precision": 0.25261417031288147,
  "shard_prediction_recall": 0.2607083320617676
}