{
  "accs_after_deletion": [
    0.44120001792907715,
    0.4416000247001648,
    0.445000022649765,
    0.453000009059906,
    0.43560001254081726,
    0.4482000172138214
  ],
  "accs_before_deletion": [
    0.49980002641677856,
    0.48900002241134644,
    0.4824000298976898,
    0.492000013589859,
    0.5042000412940979,
    0.513200044631958
  ],
  "delta": 5.0886316442113006e-05,
  "ensemble_acc_after_deletion": 0.5124000310897827,
  "ensemble_acc_before_deletion": 0.5578000545501709,
  "epsilon": "\u221e",
  "indicator": 1,
  "lengths_after_deletion": [
    3326,
    3282,
    3263,
    4132,
    4268,
    4220
  ],
  "rng": [
    1538067223,
    658681502
  ],
  "shard_prediction_precision": 0.25708574056625366,
  "shard_prediction_recall": 0.2732499837875366
}