{
  "accs_after_deletion": [
    0.4336000084877014,
    0.44220003485679626,
    0.44440001249313354,
    0.45280003547668457,
    0.44140002131462097,
    0.41840001940727234
  ],
  "accs_before_deletion": [
    0.48280003666877747,
    0.48600003123283386,
    0.4814000129699707,
    0.48000001907348633,
    0.5,
    0.4918000102043152
  ],
  "delta": 5.0886316442113006e-05,
  "ensemble_acc_after_deletion": 0.5139999985694885,
  "ensemble_acc_before_deletion": 0.5486000180244446,
  "epsilon": "\u221e",
  "indicator": 0,
  "lengths_after_deletion": [
    3516,
    3331,
    3503,
    4351,
    4252,
    4307
  ],
  "rng": [
    157382867,
    2916441543
  ],
  "shard_prediction_precision": 0.2561438977718353,
  "shard_prediction_recall": 0.2640416622161865
}