{
  "accs_after_deletion": [
    0.4350000321865082,
    0.430400013923645,
    0.4052000045776367,
    0.4270000159740448,
    0.42920002341270447,
    0.4222000241279602
  ],
  "accs_before_deletion": [
    0.48600003123283386,
    0.4886000156402588,
    0.4870000183582306,
    0.47300001978874207,
    0.4910000264644623,
    0.4894000291824341
  ],
  "delta": 5.0886316442113006e-05,
  "ensemble_acc_after_deletion": 0.48180001974105835,
  "ensemble_acc_before_deletion": 0.5574000477790833,
  "epsilon": "\u221e",
  "indicator": 1,
  "lengths_after_deletion": [
    3169,
    3105,
    3155,
    3944,
    4058,
    4084
  ],
  "rng": [
    1583313164,
    3236220167
  ],
  "shard_prediction_precision": 0.25542759895324707,
  "shard_prediction_recall": 0.28187498450279236
}