{
  "accs_after_deletion": [
    0.42160001397132874,
    0.44680002331733704,
    0.4366000294685364,
    0.44860002398490906,
    0.44440001249313354,
    0.44600000977516174
  ],
  "accs_before_deletion": [
    0.4816000163555145,
    0.49220001697540283,
    0.490200012922287,
    0.47860002517700195,
    0.4734000265598297,
    0.498600035905838
  ],
  "delta": 5.0886316442113006e-05,
  "ensemble_acc_after_deletion": 0.503600001335144,
  "ensemble_acc_before_deletion": 0.5524000525474548,
  "epsilon": "\u221e",
  "indicator": 1,
  "lengths_after_deletion": [
    3278,
    3380,
    3270,
    4094,
    4191,
    4240
  ],
  "rng": [
    158524194,
    2133989294
  ],
  "shard_prediction_precision": 0.25963908433914185,
  "shard_prediction_recall": 0.2763749957084656
}