{
  "accs_after_deletion": [
    0.43340003490448,
    0.42500001192092896,
    0.4230000078678131,
    0.4310000240802765,
    0.42820000648498535,
    0.4358000159263611
  ],
  "accs_before_deletion": [
    0.4750000238418579,
    0.5026000142097473,
    0.4872000217437744,
    0.48820000886917114,
    0.49400001764297485,
    0.49240002036094666
  ],
  "delta": 5.0886316442113006e-05,
  "ensemble_acc_after_deletion": 0.501800000667572,
  "ensemble_acc_before_deletion": 0.5560000538825989,
  "epsilon": "\u221e",
  "indicator": 1,
  "lengths_after_deletion": [
    3273,
    3187,
    3170,
    4107,
    3998,
    4044
  ],
  "rng": [
    163192465,
    1092163683
  ],
  "shard_prediction_precision": 0.2567407786846161,
  "shard_prediction_recall": 0.28049999475479126
}