{
  "accs_after_deletion": [
    0.45340001583099365,
    0.43640002608299255,
    0.4198000133037567,
    0.4294000267982483,
    0.4392000138759613,
    0.43800002336502075
  ],
  "accs_before_deletion": [
    0.4942000210285187,
    0.5060000419616699,
    0.49380001425743103,
    0.4758000373840332,
    0.4894000291824341,
    0.4912000298500061
  ],
  "delta": 5.0886316442113006e-05,
  "ensemble_acc_after_deletion": 0.5026000142097473,
  "ensemble_acc_before_deletion": 0.5582000017166138,
  "epsilon": "\u221e",
  "indicator": 0,
  "lengths_after_deletion": [
    3431,
    3386,
    3350,
    4232,
    4213,
    4389
  ],
  "rng": [
    1697107800,
    462310557
  ],
  "shard_prediction_precision": 0.25945037603378296,
  "shard_prediction_recall": 0.27024999260902405
}