{
  "accs_after_deletion": [
    0.44680002331733704,
    0.4254000186920166,
    0.43340003490448,
    0.4336000084877014,
    0.42760002613067627,
    0.43800002336502075
  ],
  "accs_before_deletion": [
    0.48500001430511475,
    0.5038000345230103,
    0.49340003728866577,
    0.4872000217437744,
    0.4734000265598297,
    0.4930000305175781
  ],
  "delta": 5.0886316442113006e-05,
  "ensemble_acc_after_deletion": 0.5042000412940979,
  "ensemble_acc_before_deletion": 0.5496000051498413,
  "epsilon": "\u221e",
  "indicator": 0,
  "lengths_after_deletion": [
    3414,
    3168,
    3386,
    4234,
    4114,
    4166
  ],
  "rng": [
    1702767683,
    2394387543
  ],
  "shard_prediction_precision": 0.2553883492946625,
  "shard_prediction_recall": 0.27154165506362915
}