{
  "accs_after_deletion": [
    0.44280001521110535,
    0.4554000198841095,
    0.4556000232696533,
    0.4808000326156616,
    0.45580002665519714,
    0.4402000308036804
  ],
  "accs_before_deletion": [
    0.4848000109195709,
    0.5022000074386597,
    0.47520002722740173,
    0.49800002574920654,
    0.5042000412940979,
    0.4962000250816345
  ],
  "delta": 5.0886316442113006e-05,
  "ensemble_acc_after_deletion": 0.5106000304222107,
  "ensemble_acc_before_deletion": 0.5600000023841858,
  "epsilon": "\u221e",
  "indicator": 1,
  "lengths_after_deletion": [
    3811,
    3750,
    3876,
    4704,
    4766,
    4678
  ],
  "rng": [
    1727444303,
    1896994931
  ],
  "shard_prediction_precision": 0.2587999105453491,
  "shard_prediction_recall": 0.24170832335948944
}