{
  "accs_after_deletion": [
    0.43560001254081726,
    0.42500001192092896,
    0.4538000226020813,
    0.4474000334739685,
    0.4508000314235687,
    0.43720000982284546
  ],
  "accs_before_deletion": [
    0.4742000102996826,
    0.5020000338554382,
    0.4958000183105469,
    0.5042000412940979,
    0.48980003595352173,
    0.4838000237941742
  ],
  "delta": 5.0886316442113006e-05,
  "ensemble_acc_after_deletion": 0.5052000284194946,
  "ensemble_acc_before_deletion": 0.5508000254631042,
  "epsilon": "\u221e",
  "indicator": 1,
  "lengths_after_deletion": [
    3444,
    3478,
    3458,
    4374,
    4385,
    4317
  ],
  "rng": [
    1740402576,
    4166989097
  ],
  "shard_prediction_precision": 0.2548484206199646,
  "shard_prediction_recall": 0.2606250047683716
}