{
  "accs_after_deletion": [
    0.4416000247001648,
    0.4328000247478485,
    0.42020002007484436,
    0.44220003485679626,
    0.4318000078201294,
    0.44380003213882446
  ],
  "accs_before_deletion": [
    0.4952000379562378,
    0.4926000237464905,
    0.48740002512931824,
    0.4872000217437744,
    0.4930000305175781,
    0.4862000346183777
  ],
  "delta": 5.0886316442113006e-05,
  "ensemble_acc_after_deletion": 0.49480003118515015,
  "ensemble_acc_before_deletion": 0.5486000180244446,
  "epsilon": "\u221e",
  "indicator": 1,
  "lengths_after_deletion": [
    3380,
    3424,
    3378,
    4189,
    4330,
    4244
  ],
  "rng": [
    1757344161,
    2792658704
  ],
  "shard_prediction_precision": 0.2534424364566803,
  "shard_prediction_recall": 0.2645833194255829
}