{
  "accs_after_deletion": [
    0.43460002541542053,
    0.4382000267505646,
    0.43720000982284546,
    0.44280001521110535,
    0.45100003480911255,
    0.44520002603530884
  ],
  "accs_before_deletion": [
    0.4756000339984894,
    0.4928000271320343,
    0.5052000284194946,
    0.49480003118515015,
    0.4994000196456909,
    0.48360002040863037
  ],
  "delta": 5.0886316442113006e-05,
  "ensemble_acc_after_deletion": 0.5042000412940979,
  "ensemble_acc_before_deletion": 0.5578000545501709,
  "epsilon": "\u221e",
  "indicator": 1,
  "lengths_after_deletion": [
    3302,
    3252,
    3254,
    4130,
    4207,
    4159
  ],
  "rng": [
    1803164289,
    3656872592
  ],
  "shard_prediction_precision": 0.2603906989097595,
  "shard_prediction_recall": 0.2787916660308838
}