{
  "accs_after_deletion": [
    0.430400013923645,
    0.443200021982193,
    0.4398000240325928,
    0.4278000295162201,
    0.4506000280380249,
    0.43620002269744873
  ],
  "accs_before_deletion": [
    0.48760002851486206,
    0.5054000020027161,
    0.45920002460479736,
    0.48660001158714294,
    0.4942000210285187,
    0.48580002784729004
  ],
  "delta": 5.0886316442113006e-05,
  "ensemble_acc_after_deletion": 0.5031999945640564,
  "ensemble_acc_before_deletion": 0.5509999990463257,
  "epsilon": "\u221e",
  "indicator": 1,
  "lengths_after_deletion": [
    3227,
    3181,
    3221,
    4171,
    4160,
    4084
  ],
  "rng": [
    1813592619,
    2477707737
  ],
  "shard_prediction_precision": 0.2592464089393616,
  "shard_prediction_recall": 0.28037500381469727
}