{
  "accs_after_deletion": [
    0.45980003476142883,
    0.4540000259876251,
    0.4562000334262848,
    0.44520002603530884,
    0.4610000252723694,
    0.4504000246524811
  ],
  "accs_before_deletion": [
    0.48760002851486206,
    0.47700002789497375,
    0.48740002512931824,
    0.48820000886917114,
    0.5006000399589539,
    0.4930000305175781
  ],
  "delta": 5.0886316442113006e-05,
  "ensemble_acc_after_deletion": 0.525600016117096,
  "ensemble_acc_before_deletion": 0.5452000498771667,
  "epsilon": "\u221e",
  "indicator": 0,
  "lengths_after_deletion": [
    3579,
    3594,
    3557,
    4379,
    4513,
    4483
  ],
  "rng": [
    1818393200,
    3748420488
  ],
  "shard_prediction_precision": 0.25863149762153625,
  "shard_prediction_recall": 0.2574999928474426
}