{
  "accs_after_deletion": [
    0.43340003490448,
    0.43880000710487366,
    0.4172000288963318,
    0.4506000280380249,
    0.42020002007484436,
    0.43460002541542053
  ],
  "accs_before_deletion": [
    0.49160003662109375,
    0.5014000535011292,
    0.49340003728866577,
    0.49560001492500305,
    0.5160000324249268,
    0.4936000108718872
  ],
  "delta": 5.0886316442113006e-05,
  "ensemble_acc_after_deletion": 0.4928000271320343,
  "ensemble_acc_before_deletion": 0.5630000233650208,
  "epsilon": "\u221e",
  "indicator": 1,
  "lengths_after_deletion": [
    3076,
    3000,
    3056,
    3959,
    3779,
    4024
  ],
  "rng": [
    1882098901,
    812094477
  ],
  "shard_prediction_precision": 0.255072683095932,
  "shard_prediction_recall": 0.28808334469795227
}