{
  "accs_after_deletion": [
    0.43320003151893616,
    0.43780001997947693,
    0.43300002813339233,
    0.4384000301361084,
    0.443200021982193,
    0.44140002131462097
  ],
  "accs_before_deletion": [
    0.5042000412940979,
    0.4936000108718872,
    0.48840001225471497,
    0.48740002512931824,
    0.47840002179145813,
    0.49340003728866577
  ],
  "delta": 5.0886316442113006e-05,
  "ensemble_acc_after_deletion": 0.4970000088214874,
  "ensemble_acc_before_deletion": 0.5562000274658203,
  "epsilon": "\u221e",
  "indicator": 1,
  "lengths_after_deletion": [
    3299,
    3270,
    3293,
    4117,
    4014,
    4269
  ],
  "rng": [
    1915157939,
    892376292
  ],
  "shard_prediction_precision": 0.2560027837753296,
  "shard_prediction_recall": 0.2745416760444641
}