{
  "accs_after_deletion": [
    0.4488000273704529,
    0.44940000772476196,
    0.45100003480911255,
    0.4686000347137451,
    0.45160001516342163,
    0.4538000226020813
  ],
  "accs_before_deletion": [
    0.5044000148773193,
    0.4942000210285187,
    0.4708000123500824,
    0.5010000467300415,
    0.48660001158714294,
    0.492000013589859
  ],
  "delta": 5.0886316442113006e-05,
  "ensemble_acc_after_deletion": 0.5198000073432922,
  "ensemble_acc_before_deletion": 0.5520000457763672,
  "epsilon": "\u221e",
  "indicator": 1,
  "lengths_after_deletion": [
    3665,
    3618,
    3754,
    4522,
    4587,
    4514
  ],
  "rng": [
    1967169844,
    640185734
  ],
  "shard_prediction_precision": 0.26135390996932983,
  "shard_prediction_recall": 0.2541666626930237
}