{
  "accs_after_deletion": [
    0.43540000915527344,
    0.43060001730918884,
    0.41520002484321594,
    0.4350000321865082,
    0.43700000643730164,
    0.4474000334739685
  ],
  "accs_before_deletion": [
    0.4946000277996063,
    0.5120000243186951,
    0.49240002036094666,
    0.5,
    0.4742000102996826,
    0.496800035238266
  ],
  "delta": 5.0886316442113006e-05,
  "ensemble_acc_after_deletion": 0.4970000088214874,
  "ensemble_acc_before_deletion": 0.5612000226974487,
  "epsilon": "\u221e",
  "indicator": 1,
  "lengths_after_deletion": [
    3328,
    3110,
    3272,
    4208,
    3999,
    4109
  ],
  "rng": [
    1981954765,
    2852612335
  ],
  "shard_prediction_precision": 0.2559482455253601,
  "shard_prediction_recall": 0.2770000100135803
}