{
  "accs_after_deletion": [
    0.44520002603530884,
    0.4628000259399414,
    0.43620002269744873,
    0.4588000178337097,
    0.4262000322341919,
    0.4328000247478485
  ],
  "accs_before_deletion": [
    0.48600003123283386,
    0.49480003118515015,
    0.4926000237464905,
    0.503000020980835,
    0.4790000319480896,
    0.49240002036094666
  ],
  "delta": 5.0886316442113006e-05,
  "ensemble_acc_after_deletion": 0.5062000155448914,
  "ensemble_acc_before_deletion": 0.5570000410079956,
  "epsilon": "\u221e",
  "indicator": 0,
  "lengths_after_deletion": [
    3540,
    3484,
    3479,
    4405,
    4284,
    4532
  ],
  "rng": [
    1991082454,
    2511607249
  ],
  "shard_prediction_precision": 0.2554374635219574,
  "shard_prediction_recall": 0.25837498903274536
}