{
  "accs_after_deletion": [
    0.42500001192092896,
    0.43380001187324524,
    0.4488000273704529,
    0.44540002942085266,
    0.4506000280380249,
    0.45840001106262207
  ],
  "accs_before_deletion": [
    0.4816000163555145,
    0.48840001225471497,
    0.4886000156402588,
    0.48840001225471497,
    0.4864000082015991,
    0.48580002784729004
  ],
  "delta": 5.0886316442113006e-05,
  "ensemble_acc_after_deletion": 0.503600001335144,
  "ensemble_acc_before_deletion": 0.5428000092506409,
  "epsilon": "\u221e",
  "indicator": 1,
  "lengths_after_deletion": [
    3411,
    3471,
    3596,
    4333,
    4270,
    4352
  ],
  "rng": [
    1994703718,
    2798447537
  ],
  "shard_prediction_precision": 0.25375503301620483,
  "shard_prediction_recall": 0.25975000858306885
}