{
  "accs_after_deletion": [
    0.43720000982284546,
    0.46060001850128174,
    0.43960002064704895,
    0.4318000078201294,
    0.44680002331733704,
    0.45420002937316895
  ],
  "accs_before_deletion": [
    0.49480003118515015,
    0.4958000183105469,
    0.4848000109195709,
    0.49000000953674316,
    0.4910000264644623,
    0.49240002036094666
  ],
  "delta": 5.0886316442113006e-05,
  "ensemble_acc_after_deletion": 0.5134000182151794,
  "ensemble_acc_before_deletion": 0.5446000099182129,
  "epsilon": "\u221e",
  "indicator": 0,
  "lengths_after_deletion": [
    3557,
    3669,
    3766,
    4355,
    4555,
    4540
  ],
  "rng": [
    1998572168,
    1278544364
  ],
  "shard_prediction_precision": 0.25014856457710266,
  "shard_prediction_recall": 0.24554166197776794
}