{
  "accs_after_deletion": [
    0.4426000118255615,
    0.4296000301837921,
    0.44540002942085266,
    0.4508000314235687,
    0.4456000328063965,
    0.4466000199317932
  ],
  "accs_before_deletion": [
    0.4662000238895416,
    0.49060001969337463,
    0.48340001702308655,
    0.49400001764297485,
    0.5002000331878662,
    0.4918000102043152
  ],
  "delta": 5.0886316442113006e-05,
  "ensemble_acc_after_deletion": 0.5012000203132629,
  "ensemble_acc_before_deletion": 0.5470000505447388,
  "epsilon": "\u221e",
  "indicator": 1,
  "lengths_after_deletion": [
    3543,
    3428,
    3495,
    4380,
    4254,
    4542
  ],
  "rng": [
    2039263440,
    2281116076
  ],
  "shard_prediction_precision": 0.25995567440986633,
  "shard_prediction_recall": 0.26383334398269653
}