{
  "accs_after_deletion": [
    0.43060001730918884,
    0.4134000241756439,
    0.4288000166416168,
    0.44600000977516174,
    0.44680002331733704,
    0.4280000329017639
  ],
  "accs_before_deletion": [
    0.5004000067710876,
    0.4872000217437744,
    0.49240002036094666,
    0.48680001497268677,
    0.4896000325679779,
    0.49220001697540283
  ],
  "delta": 5.0886316442113006e-05,
  "ensemble_acc_after_deletion": 0.49640002846717834,
  "ensemble_acc_before_deletion": 0.5509999990463257,
  "epsilon": "\u221e",
  "indicator": 1,
  "lengths_after_deletion": [
    3150,
    3177,
    3180,
    4060,
    4100,
    4007
  ],
  "rng": [
    2041051410,
    1800277299
  ],
  "shard_prediction_precision": 0.2551470100879669,
  "shard_prediction_recall": 0.2798750102519989
}