{
  "accs_after_deletion": [
    0.4496000111103058,
    0.44120001792907715,
    0.4480000138282776,
    0.44440001249313354,
    0.43140003085136414,
    0.4504000246524811
  ],
  "accs_before_deletion": [
    0.49220001697540283,
    0.4976000189781189,
    0.48180001974105835,
    0.5020000338554382,
    0.4886000156402588,
    0.5008000135421753
  ],
  "delta": 5.0886316442113006e-05,
  "ensemble_acc_after_deletion": 0.5110000371932983,
  "ensemble_acc_before_deletion": 0.5614000558853149,
  "epsilon": "\u221e",
  "indicator": 0,
  "lengths_after_deletion": [
    3426,
    3353,
    3419,
    4315,
    4291,
    4305
  ],
  "rng": [
    2071046419,
    1603257462
  ],
  "shard_prediction_precision": 0.2588485777378082,
  "shard_prediction_recall": 0.2684583365917206
}