{
  "accs_after_deletion": [
    0.435200035572052,
    0.43780001997947693,
    0.430400013923645,
    0.4506000280380249,
    0.4562000334262848,
    0.45680001378059387
  ],
  "accs_before_deletion": [
    0.4926000237464905,
    0.48600003123283386,
    0.4872000217437744,
    0.5002000331878662,
    0.4782000184059143,
    0.48900002241134644
  ],
  "delta": 5.0886316442113006e-05,
  "ensemble_acc_after_deletion": 0.5049999952316284,
  "ensemble_acc_before_deletion": 0.5446000099182129,
  "epsilon": "\u221e",
  "indicator": 1,
  "lengths_after_deletion": [
    3509,
    3539,
    3394,
    4373,
    4344,
    4463
  ],
  "rng": [
    207482606,
    2628957221
  ],
  "shard_prediction_precision": 0.25539422035217285,
  "shard_prediction_recall": 0.2594166696071625
}