{
  "accs_after_deletion": [
    0.44200003147125244,
    0.4320000112056732,
    0.4350000321865082,
    0.44860002398490906,
    0.4256000220775604,
    0.4604000151157379
  ],
  "accs_before_deletion": [
    0.4936000108718872,
    0.48680001497268677,
    0.46980002522468567,
    0.4816000163555145,
    0.49080002307891846,
    0.48660001158714294
  ],
  "delta": 5.0886316442113006e-05,
  "ensemble_acc_after_deletion": 0.49900001287460327,
  "ensemble_acc_before_deletion": 0.5460000038146973,
  "epsilon": "\u221e",
  "indicator": 1,
  "lengths_after_deletion": [
    3522,
    3644,
    3573,
    4479,
    4348,
    4581
  ],
  "rng": [
    2137877245,
    3913707440
  ],
  "shard_prediction_precision": 0.2573680579662323,
  "shard_prediction_recall": 0.25579166412353516
}