{
  "accs_after_deletion": [
    0.44280001521110535,
    0.4482000172138214,
    0.4508000314235687,
    0.46240001916885376,
    0.4524000287055969,
    0.46220001578330994
  ],
  "accs_before_deletion": [
    0.49160003662109375,
    0.5056000351905823,
    0.4830000102519989,
    0.49980002641677856,
    0.5067999958992004,
    0.47840002179145813
  ],
  "delta": 5.0886316442113006e-05,
  "ensemble_acc_after_deletion": 0.5170000195503235,
  "ensemble_acc_before_deletion": 0.5574000477790833,
  "epsilon": "\u221e",
  "indicator": 1,
  "lengths_after_deletion": [
    3585,
    3557,
    3633,
    4488,
    4515,
    4465
  ],
  "rng": [
    214523465,
    2680345987
  ],
  "shard_prediction_precision": 0.2603442966938019,
  "shard_prediction_recall": 0.257708340883255
}