{
  "accs_after_deletion": [
    0.4390000104904175,
    0.4326000213623047,
    0.4398000240325928,
    0.45820000767707825,
    0.4538000226020813,
    0.46560001373291016
  ],
  "accs_before_deletion": [
    0.5004000067710876,
    0.48740002512931824,
    0.4782000184059143,
    0.49900001287460327,
    0.48740002512931824,
    0.49720001220703125
  ],
  "delta": 5.0886316442113006e-05,
  "ensemble_acc_after_deletion": 0.5082000494003296,
  "ensemble_acc_before_deletion": 0.5530000329017639,
  "epsilon": "\u221e",
  "indicator": 1,
  "lengths_after_deletion": [
    3230,
    3386,
    3343,
    4176,
    4176,
    4259
  ],
  "rng": [
    2199686126,
    2399291351
  ],
  "shard_prediction_precision": 0.25981125235557556,
  "shard_prediction_recall": 0.27529165148735046
}