{
  "accs_after_deletion": [
    0.4272000193595886,
    0.43060001730918884,
    0.43060001730918884,
    0.4272000193595886,
    0.4382000267505646,
    0.43320003151893616
  ],
  "accs_before_deletion": [
    0.4848000109195709,
    0.5049999952316284,
    0.49000000953674316,
    0.4832000136375427,
    0.48500001430511475,
    0.4796000123023987
  ],
  "delta": 5.0886316442113006e-05,
  "ensemble_acc_after_deletion": 0.4936000108718872,
  "ensemble_acc_before_deletion": 0.5442000031471252,
  "epsilon": "\u221e",
  "indicator": 1,
  "lengths_after_deletion": [
    3196,
    3134,
    3246,
    4039,
    4009,
    3984
  ],
  "rng": [
    2214866250,
    2697315485
  ],
  "shard_prediction_precision": 0.24821916222572327,
  "shard_prediction_recall": 0.27295833826065063
}