{
  "accs_after_deletion": [
    0.4488000273704529,
    0.44280001521110535,
    0.4368000328540802,
    0.4386000335216522,
    0.4456000328063965,
    0.4424000084400177
  ],
  "accs_before_deletion": [
    0.5022000074386597,
    0.4930000305175781,
    0.5031999945640564,
    0.5060000419616699,
    0.49880000948905945,
    0.4952000379562378
  ],
  "delta": 5.0886316442113006e-05,
  "ensemble_acc_after_deletion": 0.49880000948905945,
  "ensemble_acc_before_deletion": 0.5604000091552734,
  "epsilon": "\u221e",
  "indicator": 0,
  "lengths_after_deletion": [
    3269,
    3180,
    3201,
    4099,
    4094,
    4194
  ],
  "rng": [
    2294155125,
    1228935965
  ],
  "shard_prediction_precision": 0.2608712613582611,
  "shard_prediction_recall": 0.28220832347869873
}