{
  "accs_after_deletion": [
    0.4398000240325928,
    0.4434000253677368,
    0.42160001397132874,
    0.44860002398490906,
    0.45980003476142883,
    0.4580000340938568
  ],
  "accs_before_deletion": [
    0.5022000074386597,
    0.48100003600120544,
    0.49880000948905945,
    0.4830000102519989,
    0.501800000667572,
    0.4918000102043152
  ],
  "delta": 5.0886316442113006e-05,
  "ensemble_acc_after_deletion": 0.5026000142097473,
  "ensemble_acc_before_deletion": 0.5614000558853149,
  "epsilon": "\u221e",
  "indicator": 1,
  "lengths_after_deletion": [
    3389,
    3414,
    3309,
    4236,
    4335,
    4286
  ],
  "rng": [
    2381077904,
    3393120285
  ],
  "shard_prediction_precision": 0.2547640800476074,
  "shard_prediction_recall": 0.265708327293396
}