{
  "accs_after_deletion": [
    0.44540002942085266,
    0.4416000247001648,
    0.44780001044273376,
    0.46400001645088196,
    0.4506000280380249,
    0.4492000341415405
  ],
  "accs_before_deletion": [
    0.503000020980835,
    0.4960000216960907,
    0.47840002179145813,
    0.49080002307891846,
    0.4912000298500061,
    0.4928000271320343
  ],
  "delta": 5.0886316442113006e-05,
  "ensemble_acc_after_deletion": 0.511400043964386,
  "ensemble_acc_before_deletion": 0.5491999983787537,
  "epsilon": "\u221e",
  "indicator": 1,
  "lengths_after_deletion": [
    3490,
    3487,
    3537,
    4349,
    4391,
    4517
  ],
  "rng": [
    2382904727,
    2869996885
  ],
  "shard_prediction_precision": 0.25902843475341797,
  "shard_prediction_recall": 0.2615000009536743
}