{
  "accs_after_deletion": [
    0.44620001316070557,
    0.4522000253200531,
    0.43700000643730164,
    0.4344000220298767,
    0.4508000314235687,
    0.4546000361442566
  ],
  "accs_before_deletion": [
    0.4978000223636627,
    0.4952000379562378,
    0.4724000096321106,
    0.4788000285625458,
    0.5072000026702881,
    0.49380001425743103
  ],
  "delta": 5.0886316442113006e-05,
  "ensemble_acc_after_deletion": 0.49900001287460327,
  "ensemble_acc_before_deletion": 0.5524000525474548,
  "epsilon": "\u221e",
  "indicator": 1,
  "lengths_after_deletion": [
    3444,
    3377,
    3477,
    4267,
    4436,
    4369
  ],
  "rng": [
    2480536232,
    2999148659
  ],
  "shard_prediction_precision": 0.25862768292427063,
  "shard_prediction_recall": 0.2654166519641876
}