{
  "accs_after_deletion": [
    0.43780001997947693,
    0.4384000301361084,
    0.4344000220298767,
    0.4466000199317932,
    0.4350000321865082,
    0.4390000104904175
  ],
  "accs_before_deletion": [
    0.4930000305175781,
    0.4862000346183777,
    0.49380001425743103,
    0.4848000109195709,
    0.4816000163555145,
    0.4816000163555145
  ],
  "delta": 5.0886316442113006e-05,
  "ensemble_acc_after_deletion": 0.501800000667572,
  "ensemble_acc_before_deletion": 0.5527999997138977,
  "epsilon": "\u221e",
  "indicator": 1,
  "lengths_after_deletion": [
    3425,
    3324,
    3321,
    4269,
    4195,
    4154
  ],
  "rng": [
    2482540187,
    1085835867
  ],
  "shard_prediction_precision": 0.2513827383518219,
  "shard_prediction_recall": 0.26512500643730164
}