{
  "accs_after_deletion": [
    0.4374000132083893,
    0.41600000858306885,
    0.44600000977516174,
    0.4418000280857086,
    0.44440001249313354,
    0.4448000192642212
  ],
  "accs_before_deletion": [
    0.49880000948905945,
    0.5128000378608704,
    0.4838000237941742,
    0.49900001287460327,
    0.4854000210762024,
    0.4910000264644623
  ],
  "delta": 5.0886316442113006e-05,
  "ensemble_acc_after_deletion": 0.503000020980835,
  "ensemble_acc_before_deletion": 0.5594000220298767,
  "epsilon": "\u221e",
  "indicator": 1,
  "lengths_after_deletion": [
    3518,
    3290,
    3385,
    4365,
    4367,
    4336
  ],
  "rng": [
    2492612255,
    2114624672
  ],
  "shard_prediction_precision": 0.2586604356765747,
  "shard_prediction_recall": 0.26662498712539673
}