{
  "accs_after_deletion": [
    0.44860002398490906,
    0.4594000279903412,
    0.4360000193119049,
    0.4522000253200531,
    0.45980003476142883,
    0.457800030708313
  ],
  "accs_before_deletion": [
    0.49560001492500305,
    0.4976000189781189,
    0.48180001974105835,
    0.5044000148773193,
    0.506600022315979,
    0.4864000082015991
  ],
  "delta": 5.0886316442113006e-05,
  "ensemble_acc_after_deletion": 0.5162000060081482,
  "ensemble_acc_before_deletion": 0.5552000403404236,
  "epsilon": "\u221e",
  "indicator": 1,
  "lengths_after_deletion": [
    3402,
    3389,
    3351,
    4307,
    4319,
    4210
  ],
  "rng": [
    2526667061,
    1795679404
  ],
  "shard_prediction_precision": 0.2539365291595459,
  "shard_prediction_recall": 0.26475000381469727
}