{
  "accs_after_deletion": [
    0.4488000273704529,
    0.44840002059936523,
    0.4384000301361084,
    0.43960002064704895,
    0.4562000334262848,
    0.4524000287055969
  ],
  "accs_before_deletion": [
    0.4930000305175781,
    0.49340003728866577,
    0.49960002303123474,
    0.5098000168800354,
    0.5100000500679016,
    0.4970000088214874
  ],
  "delta": 5.0886316442113006e-05,
  "ensemble_acc_after_deletion": 0.5121999979019165,
  "ensemble_acc_before_deletion": 0.5652000308036804,
  "epsilon": "\u221e",
  "indicator": 1,
  "lengths_after_deletion": [
    3457,
    3362,
    3395,
    4273,
    4281,
    4301
  ],
  "rng": [
    2572236454,
    4035443723
  ],
  "shard_prediction_precision": 0.25614696741104126,
  "shard_prediction_recall": 0.26608332991600037
}