{
  "accs_after_deletion": [
    0.43640002608299255,
    0.43800002336502075,
    0.430400013923645,
    0.43460002541542053,
    0.4350000321865082,
    0.43140003085136414
  ],
  "accs_before_deletion": [
    0.48180001974105835,
    0.5016000270843506,
    0.4812000095844269,
    0.5020000338554382,
    0.4788000285625458,
    0.48360002040863037
  ],
  "delta": 5.0886316442113006e-05,
  "ensemble_acc_after_deletion": 0.5042000412940979,
  "ensemble_acc_before_deletion": 0.5446000099182129,
  "epsilon": "\u221e",
  "indicator": 0,
  "lengths_after_deletion": [
    3304,
    3276,
    3304,
    4225,
    4085,
    4247
  ],
  "rng": [
    2601943299,
    309715537
  ],
  "shard_prediction_precision": 0.2587738037109375,
  "shard_prediction_recall": 0.27558332681655884
}