{
  "accs_after_deletion": [
    0.43700000643730164,
    0.4220000207424164,
    0.41860002279281616,
    0.4326000213623047,
    0.42760002613067627,
    0.43560001254081726
  ],
  "accs_before_deletion": [
    0.4904000163078308,
    0.5016000270843506,
    0.4864000082015991,
    0.4878000319004059,
    0.46880000829696655,
    0.49000000953674316
  ],
  "delta": 5.0886316442113006e-05,
  "ensemble_acc_after_deletion": 0.48420003056526184,
  "ensemble_acc_before_deletion": 0.5496000051498413,
  "epsilon": "\u221e",
  "indicator": 1,
  "lengths_after_deletion": [
    3158,
    3076,
    3291,
    3968,
    4025,
    4102
  ],
  "rng": [
    2647130747,
    1218561865
  ],
  "shard_prediction_precision": 0.25447309017181396,
  "shard_prediction_recall": 0.2797083258628845
}