{
  "accs_after_deletion": [
    0.4586000144481659,
    0.4514000117778778,
    0.4602000117301941,
    0.45420002937316895,
    0.451200008392334,
    0.4464000165462494
  ],
  "accs_before_deletion": [
    0.490200012922287,
    0.5042000412940979,
    0.49340003728866577,
    0.48180001974105835,
    0.4896000325679779,
    0.5004000067710876
  ],
  "delta": 5.0886316442113006e-05,
  "ensemble_acc_after_deletion": 0.5134000182151794,
  "ensemble_acc_before_deletion": 0.5552000403404236,
  "epsilon": "\u221e",
  "indicator": 0,
  "lengths_after_deletion": [
    3829,
    3605,
    3716,
    4511,
    4611,
    4524
  ],
  "rng": [
    2708832581,
    4079766355
  ],
  "shard_prediction_precision": 0.2585330307483673,
  "shard_prediction_recall": 0.249958336353302
}