{
  "accs_after_deletion": [
    0.42600002884864807,
    0.4406000077724457,
    0.4300000071525574,
    0.44520002603530884,
    0.42920002341270447,
    0.44200003147125244
  ],
  "accs_before_deletion": [
    0.5046000480651855,
    0.4978000223636627,
    0.5044000148773193,
    0.4912000298500061,
    0.498600035905838,
    0.49320003390312195
  ],
  "delta": 5.0886316442113006e-05,
  "ensemble_acc_after_deletion": 0.49640002846717834,
  "ensemble_acc_before_deletion": 0.5598000288009644,
  "epsilon": "\u221e",
  "indicator": 1,
  "lengths_after_deletion": [
    3311,
    3302,
    3187,
    4120,
    4236,
    4112
  ],
  "rng": [
    274149535,
    3409524654
  ],
  "shard_prediction_precision": 0.25750041007995605,
  "shard_prediction_recall": 0.2760833203792572
}