{
  "accs_after_deletion": [
    0.4310000240802765,
    0.44440001249313354,
    0.44140002131462097,
    0.4488000273704529,
    0.4508000314235687,
    0.4318000078201294
  ],
  "accs_before_deletion": [
    0.48900002241134644,
    0.5031999945640564,
    0.49320003390312195,
    0.4766000211238861,
    0.4958000183105469,
    0.4674000144004822
  ],
  "delta": 5.0886316442113006e-05,
  "ensemble_acc_after_deletion": 0.501800000667572,
  "ensemble_acc_before_deletion": 0.5482000112533569,
  "epsilon": "\u221e",
  "indicator": 1,
  "lengths_after_deletion": [
    3199,
    3336,
    3154,
    4163,
    4102,
    4074
  ],
  "rng": [
    2743031481,
    3616269145
  ],
  "shard_prediction_precision": 0.25581395626068115,
  "shard_prediction_recall": 0.27683332562446594
}