{
  "accs_after_deletion": [
    0.43080002069473267,
    0.4464000165462494,
    0.43700000643730164,
    0.4466000199317932,
    0.44380003213882446,
    0.45660001039505005
  ],
  "accs_before_deletion": [
    0.48100003600120544,
    0.5040000081062317,
    0.4788000285625458,
    0.4846000373363495,
    0.48580002784729004,
    0.4726000130176544
  ],
  "delta": 5.0886316442113006e-05,
  "ensemble_acc_after_deletion": 0.5056000351905823,
  "ensemble_acc_before_deletion": 0.5498000383377075,
  "epsilon": "\u221e",
  "indicator": 1,
  "lengths_after_deletion": [
    3528,
    3306,
    3401,
    4239,
    4387,
    4213
  ],
  "rng": [
    2748312316,
    1300792965
  ],
  "shard_prediction_precision": 0.25407207012176514,
  "shard_prediction_recall": 0.26387500762939453
}