{
  "accs_after_deletion": [
    0.4524000287055969,
    0.4466000199317932,
    0.43480002880096436,
    0.45160001516342163,
    0.4418000280857086,
    0.4458000063896179
  ],
  "accs_before_deletion": [
    0.48260003328323364,
    0.5090000033378601,
    0.49640002846717834,
    0.49340003728866577,
    0.47440001368522644,
    0.4690000116825104
  ],
  "delta": 5.0886316442113006e-05,
  "ensemble_acc_after_deletion": 0.5062000155448914,
  "ensemble_acc_before_deletion": 0.5506000518798828,
  "epsilon": "\u221e",
  "indicator": 1,
  "lengths_after_deletion": [
    3543,
    3451,
    3299,
    4414,
    4259,
    4320
  ],
  "rng": [
    2761160551,
    4027502928
  ],
  "shard_prediction_precision": 0.2561706006526947,
  "shard_prediction_recall": 0.26379165053367615
}