{
  "accs_after_deletion": [
    0.41940000653266907,
    0.4458000063896179,
    0.44040003418922424,
    0.44940000772476196,
    0.43060001730918884,
    0.4398000240325928
  ],
  "accs_before_deletion": [
    0.48760002851486206,
    0.5026000142097473,
    0.4928000271320343,
    0.4724000096321106,
    0.48500001430511475,
    0.48420003056526184
  ],
  "delta": 5.0886316442113006e-05,
  "ensemble_acc_after_deletion": 0.506600022315979,
  "ensemble_acc_before_deletion": 0.5460000038146973,
  "epsilon": "\u221e",
  "indicator": 1,
  "lengths_after_deletion": [
    3247,
    3176,
    3311,
    4069,
    4075,
    4014
  ],
  "rng": [
    2774561549,
    1883133071
  ],
  "shard_prediction_precision": 0.2496935874223709,
  "shard_prediction_recall": 0.27162498235702515
}