{
  "accs_after_deletion": [
    0.4536000192165375,
    0.4394000172615051,
    0.4360000193119049,
    0.4408000111579895,
    0.44440001249313354,
    0.4588000178337097
  ],
  "accs_before_deletion": [
    0.49820002913475037,
    0.5008000135421753,
    0.48920002579689026,
    0.4974000155925751,
    0.48820000886917114,
    0.4894000291824341
  ],
  "delta": 5.0886316442113006e-05,
  "ensemble_acc_after_deletion": 0.5038000345230103,
  "ensemble_acc_before_deletion": 0.551800012588501,
  "epsilon": "\u221e",
  "indicator": 1,
  "lengths_after_deletion": [
    3468,
    3381,
    3399,
    4366,
    4352,
    4343
  ],
  "rng": [
    2874891472,
    3193567672
  ],
  "shard_prediction_precision": 0.2638613283634186,
  "shard_prediction_recall": 0.27145832777023315
}