{
  "accs_after_deletion": [
    0.4400000274181366,
    0.43720000982284546,
    0.4394000172615051,
    0.45260003209114075,
    0.4474000334739685,
    0.43240001797676086
  ],
  "accs_before_deletion": [
    0.5,
    0.4978000223636627,
    0.48920002579689026,
    0.5046000480651855,
    0.49880000948905945,
    0.4904000163078308
  ],
  "delta": 5.0886316442113006e-05,
  "ensemble_acc_after_deletion": 0.49540001153945923,
  "ensemble_acc_before_deletion": 0.5598000288009644,
  "epsilon": "\u221e",
  "indicator": 1,
  "lengths_after_deletion": [
    3121,
    3258,
    3386,
    4179,
    4056,
    4181
  ],
  "rng": [
    2894776560,
    2139750065
  ],
  "shard_prediction_precision": 0.25543203949928284,
  "shard_prediction_recall": 0.2747916579246521
}