{
  "accs_after_deletion": [
    0.44220003485679626,
    0.4570000171661377,
    0.457800030708313,
    0.4562000334262848,
    0.4750000238418579,
    0.45980003476142883
  ],
  "accs_before_deletion": [
    0.4812000095844269,
    0.5067999958992004,
    0.4976000189781189,
    0.4910000264644623,
    0.4960000216960907,
    0.480400025844574
  ],
  "delta": 5.0886316442113006e-05,
  "ensemble_acc_after_deletion": 0.5106000304222107,
  "ensemble_acc_before_deletion": 0.5586000084877014,
  "epsilon": "\u221e",
  "indicator": 1,
  "lengths_after_deletion": [
    3562,
    3681,
    3534,
    4484,
    4691,
    4396
  ],
  "rng": [
    2992885140,
    1638325274
  ],
  "shard_prediction_precision": 0.2616269290447235,
  "shard_prediction_recall": 0.257833331823349
}