{
  "accs_after_deletion": [
    0.4318000078201294,
    0.4212000072002411,
    0.43140003085136414,
    0.4278000295162201,
    0.4320000112056732,
    0.43340003490448
  ],
  "accs_before_deletion": [
    0.5034000277519226,
    0.49220001697540283,
    0.49060001969337463,
    0.4878000319004059,
    0.490200012922287,
    0.5026000142097473
  ],
  "delta": 5.0886316442113006e-05,
  "ensemble_acc_after_deletion": 0.4942000210285187,
  "ensemble_acc_before_deletion": 0.5560000538825989,
  "epsilon": "\u221e",
  "indicator": 1,
  "lengths_after_deletion": [
    3325,
    3183,
    3202,
    4038,
    4074,
    4180
  ],
  "rng": [
    3003006312,
    730069704
  ],
  "shard_prediction_precision": 0.25328871607780457,
  "shard_prediction_recall": 0.27437499165534973
}