{
  "accs_after_deletion": [
    0.4424000084400177,
    0.45180001854896545,
    0.4434000253677368,
    0.45920002460479736,
    0.4636000096797943,
    0.4580000340938568
  ],
  "accs_before_deletion": [
    0.4958000183105469,
    0.4952000379562378,
    0.49560001492500305,
    0.4832000136375427,
    0.48660001158714294,
    0.5112000107765198
  ],
  "delta": 5.0886316442113006e-05,
  "ensemble_acc_after_deletion": 0.5126000046730042,
  "ensemble_acc_before_deletion": 0.5534000396728516,
  "epsilon": "\u221e",
  "indicator": 1,
  "lengths_after_deletion": [
    3519,
    3591,
    3590,
    4428,
    4362,
    4397
  ],
  "rng": [
    3035634238,
    241107987
  ],
  "shard_prediction_precision": 0.2574959397315979,
  "shard_prediction_recall": 0.25870832800865173
}