{
  "accs_after_deletion": [
    0.43540000915527344,
    0.4408000111579895,
    0.4424000084400177,
    0.4612000286579132,
    0.428600013256073,
    0.4368000328540802
  ],
  "accs_before_deletion": [
    0.49800002574920654,
    0.48680001497268677,
    0.48820000886917114,
    0.5110000371932983,
    0.4960000216960907,
    0.49320003390312195
  ],
  "delta": 5.0886316442113006e-05,
  "ensemble_acc_after_deletion": 0.49800002574920654,
  "ensemble_acc_before_deletion": 0.5582000017166138,
  "epsilon": "\u221e",
  "indicator": 1,
  "lengths_after_deletion": [
    3667,
    3602,
    3468,
    4377,
    4442,
    4400
  ],
  "rng": [
    3086602676,
    3306332221
  ],
  "shard_prediction_precision": 0.25607219338417053,
  "shard_prediction_recall": 0.2565416693687439
}