{
  "accs_after_deletion": [
    0.43460002541542053,
    0.4358000159263611,
    0.43620002269744873,
    0.4394000172615051,
    0.4472000300884247,
    0.45840001106262207
  ],
  "accs_before_deletion": [
    0.5038000345230103,
    0.482200026512146,
    0.4806000292301178,
    0.4960000216960907,
    0.5060000419616699,
    0.4848000109195709
  ],
  "delta": 5.0886316442113006e-05,
  "ensemble_acc_after_deletion": 0.5138000249862671,
  "ensemble_acc_before_deletion": 0.5516000390052795,
  "epsilon": "\u221e",
  "indicator": 1,
  "lengths_after_deletion": [
    3440,
    3289,
    3395,
    4345,
    4300,
    4098
  ],
  "rng": [
    316768354,
    2759330309
  ],
  "shard_prediction_precision": 0.2639557719230652,
  "shard_prediction_recall": 0.2764166593551636
}