{
  "accs_after_deletion": [
    0.43540000915527344,
    0.4326000213623047,
    0.42180001735687256,
    0.43800002336502075,
    0.4374000132083893,
    0.43220001459121704
  ],
  "accs_before_deletion": [
    0.47700002789497375,
    0.5024000406265259,
    0.48740002512931824,
    0.47440001368522644,
    0.4796000123023987,
    0.4830000102519989
  ],
  "delta": 5.0886316442113006e-05,
  "ensemble_acc_after_deletion": 0.4944000244140625,
  "ensemble_acc_before_deletion": 0.5428000092506409,
  "epsilon": "\u221e",
  "indicator": 1,
  "lengths_after_deletion": [
    3085,
    3029,
    2983,
    3861,
    3877,
    3863
  ],
  "rng": [
    3168108203,
    176411688
  ],
  "shard_prediction_precision": 0.2510438859462738,
  "shard_prediction_recall": 0.2855833172798157
}