{
  "accs_after_deletion": [
    0.44440001249313354,
    0.406000018119812,
    0.43240001797676086,
    0.44280001521110535,
    0.42760002613067627,
    0.45160001516342163
  ],
  "accs_before_deletion": [
    0.4872000217437744,
    0.4910000264644623,
    0.49660003185272217,
    0.49080002307891846,
    0.5042000412940979,
    0.48920002579689026
  ],
  "delta": 5.0886316442113006e-05,
  "ensemble_acc_after_deletion": 0.4960000216960907,
  "ensemble_acc_before_deletion": 0.5562000274658203,
  "epsilon": "\u221e",
  "indicator": 1,
  "lengths_after_deletion": [
    3512,
    3219,
    3256,
    4129,
    4086,
    4198
  ],
  "rng": [
    3219527415,
    2732082029
  ],
  "shard_prediction_precision": 0.25691404938697815,
  "shard_prediction_recall": 0.27404165267944336
}