{
  "accs_after_deletion": [
    0.43380001187324524,
    0.4508000314235687,
    0.4386000335216522,
    0.4538000226020813,
    0.4474000334739685,
    0.46400001645088196
  ],
  "accs_before_deletion": [
    0.4788000285625458,
    0.48980003595352173,
    0.49000000953674316,
    0.48980003595352173,
    0.4962000250816345,
    0.48740002512931824
  ],
  "delta": 5.0886316442113006e-05,
  "ensemble_acc_after_deletion": 0.5126000046730042,
  "ensemble_acc_before_deletion": 0.5458000302314758,
  "epsilon": "\u221e",
  "indicator": 1,
  "lengths_after_deletion": [
    3445,
    3393,
    3321,
    4319,
    4153,
    4300
  ],
  "rng": [
    3230205090,
    3437118872
  ],
  "shard_prediction_precision": 0.2569308876991272,
  "shard_prediction_recall": 0.2683750092983246
}