{
  "accs_after_deletion": [
    0.44040003418922424,
    0.42980003356933594,
    0.4230000078678131,
    0.44140002131462097,
    0.44380003213882446,
    0.4456000328063965
  ],
  "accs_before_deletion": [
    0.4918000102043152,
    0.4944000244140625,
    0.48000001907348633,
    0.4790000319480896,
    0.49400001764297485,
    0.4796000123023987
  ],
  "delta": 5.0886316442113006e-05,
  "ensemble_acc_after_deletion": 0.5024000406265259,
  "ensemble_acc_before_deletion": 0.5508000254631042,
  "epsilon": "\u221e",
  "indicator": 1,
  "lengths_after_deletion": [
    3384,
    3382,
    3432,
    4245,
    4298,
    4274
  ],
  "rng": [
    3276508283,
    2541321698
  ],
  "shard_prediction_precision": 0.25459274649620056,
  "shard_prediction_recall": 0.26504164934158325
}