{
  "accs_after_deletion": [
    0.4634000360965729,
    0.45840001106262207,
    0.45340001583099365,
    0.45500001311302185,
    0.4410000145435333,
    0.4490000307559967
  ],
  "accs_before_deletion": [
    0.49900001287460327,
    0.4846000373363495,
    0.49660003185272217,
    0.4832000136375427,
    0.4978000223636627,
    0.4870000183582306
  ],
  "delta": 5.0886316442113006e-05,
  "ensemble_acc_after_deletion": 0.5208000540733337,
  "ensemble_acc_before_deletion": 0.5514000058174133,
  "epsilon": "\u221e",
  "indicator": 0,
  "lengths_after_deletion": [
    3683,
    3766,
    3590,
    4471,
    4643,
    4648
  ],
  "rng": [
    3279231677,
    4002719000
  ],
  "shard_prediction_precision": 0.25897669792175293,
  "shard_prediction_recall": 0.25033333897590637
}