{
  "accs_after_deletion": [
    0.43320003151893616,
    0.4442000091075897,
    0.43620002269744873,
    0.45420002937316895,
    0.44520002603530884,
    0.44380003213882446
  ],
  "accs_before_deletion": [
    0.5054000020027161,
    0.49560001492500305,
    0.4952000379562378,
    0.4862000346183777,
    0.49540001153945923,
    0.48180001974105835
  ],
  "delta": 5.0886316442113006e-05,
  "ensemble_acc_after_deletion": 0.5034000277519226,
  "ensemble_acc_before_deletion": 0.5514000058174133,
  "epsilon": "\u221e",
  "indicator": 1,
  "lengths_after_deletion": [
    3578,
    3551,
    3652,
    4365,
    4433,
    4453
  ],
  "rng": [
    3300881347,
    3151183816
  ],
  "shard_prediction_precision": 0.25275367498397827,
  "shard_prediction_recall": 0.2524166703224182
}