{
  "accs_after_deletion": [
    0.4384000301361084,
    0.42900002002716064,
    0.41600000858306885,
    0.44760000705718994,
    0.45440003275871277,
    0.428600013256073
  ],
  "accs_before_deletion": [
    0.4816000163555145,
    0.4780000150203705,
    0.48820000886917114,
    0.4796000123023987,
    0.4974000155925751,
    0.48820000886917114
  ],
  "delta": 5.0886316442113006e-05,
  "ensemble_acc_after_deletion": 0.5024000406265259,
  "ensemble_acc_before_deletion": 0.5462000370025635,
  "epsilon": "\u221e",
  "indicator": 1,
  "lengths_after_deletion": [
    3312,
    3392,
    3306,
    4213,
    4231,
    4304
  ],
  "rng": [
    3358500121,
    3895793611
  ],
  "shard_prediction_precision": 0.25885429978370667,
  "shard_prediction_recall": 0.2722499966621399
}