{
  "accs_after_deletion": [
    0.4280000329017639,
    0.4386000335216522,
    0.4336000084877014,
    0.4252000153064728,
    0.4490000307559967,
    0.4382000267505646
  ],
  "accs_before_deletion": [
    0.501800000667572,
    0.5024000406265259,
    0.4808000326156616,
    0.4930000305175781,
    0.49340003728866577,
    0.4872000217437744
  ],
  "delta": 5.0886316442113006e-05,
  "ensemble_acc_after_deletion": 0.49660003185272217,
  "ensemble_acc_before_deletion": 0.550000011920929,
  "epsilon": "\u221e",
  "indicator": 1,
  "lengths_after_deletion": [
    3179,
    3117,
    3225,
    4008,
    4050,
    4019
  ],
  "rng": [
    340821504,
    17510431
  ],
  "shard_prediction_precision": 0.2527081370353699,
  "shard_prediction_recall": 0.27799999713897705
}