{
  "accs_after_deletion": [
    0.45420002937316895,
    0.4302000105381012,
    0.4310000240802765,
    0.4474000334739685,
    0.43620002269744873,
    0.45100003480911255
  ],
  "accs_before_deletion": [
    0.48820000886917114,
    0.49720001220703125,
    0.4978000223636627,
    0.5042000412940979,
    0.49960002303123474,
    0.4894000291824341
  ],
  "delta": 5.0886316442113006e-05,
  "ensemble_acc_after_deletion": 0.504800021648407,
  "ensemble_acc_before_deletion": 0.557200014591217,
  "epsilon": "\u221e",
  "indicator": 1,
  "lengths_after_deletion": [
    3528,
    3444,
    3440,
    4319,
    4388,
    4429
  ],
  "rng": [
    3425485686,
    687902458
  ],
  "shard_prediction_precision": 0.25822019577026367,
  "shard_prediction_recall": 0.2630833387374878
}