{
  "accs_after_deletion": [
    0.4318000078201294,
    0.4270000159740448,
    0.415800005197525,
    0.44460001587867737,
    0.4410000145435333,
    0.4390000104904175
  ],
  "accs_before_deletion": [
    0.4958000183105469,
    0.48820000886917114,
    0.4740000367164612,
    0.48100003600120544,
    0.5012000203132629,
    0.47280001640319824
  ],
  "delta": 5.0886316442113006e-05,
  "ensemble_acc_after_deletion": 0.49980002641677856,
  "ensemble_acc_before_deletion": 0.5514000058174133,
  "epsilon": "\u221e",
  "indicator": 1,
  "lengths_after_deletion": [
    3259,
    3316,
    3368,
    4054,
    4202,
    4194
  ],
  "rng": [
    3456147099,
    3532149179
  ],
  "shard_prediction_precision": 0.2564533054828644,
  "shard_prediction_recall": 0.273624986410141
}