{
  "accs_after_deletion": [
    0.4634000360965729,
    0.45440003275871277,
    0.4492000341415405,
    0.459600031375885,
    0.47940000891685486,
    0.46800002455711365
  ],
  "accs_before_deletion": [
    0.4838000237941742,
    0.5040000081062317,
    0.4792000353336334,
    0.4928000271320343,
    0.503600001335144,
    0.49720001220703125
  ],
  "delta": 5.0886316442113006e-05,
  "ensemble_acc_after_deletion": 0.525600016117096,
  "ensemble_acc_before_deletion": 0.551800012588501,
  "epsilon": "\u221e",
  "indicator": 1,
  "lengths_after_deletion": [
    3876,
    3856,
    3832,
    4739,
    4727,
    4621
  ],
  "rng": [
    3483428325,
    2170305520
  ],
  "shard_prediction_precision": 0.25437378883361816,
  "shard_prediction_recall": 0.2368749976158142
}