{
  "accs_after_deletion": [
    0.420600026845932,
    0.4180000126361847,
    0.4166000187397003,
    0.43140003085136414,
    0.4384000301361084,
    0.4366000294685364
  ],
  "accs_before_deletion": [
    0.4888000190258026,
    0.48520001769065857,
    0.47540003061294556,
    0.4886000156402588,
    0.4976000189781189,
    0.48100003600120544
  ],
  "delta": 5.0886316442113006e-05,
  "ensemble_acc_after_deletion": 0.490200012922287,
  "ensemble_acc_before_deletion": 0.5478000044822693,
  "epsilon": "\u221e",
  "indicator": 1,
  "lengths_after_deletion": [
    3418,
    3355,
    3391,
    4219,
    4222,
    4214
  ],
  "rng": [
    3493147584,
    940192318
  ],
  "shard_prediction_precision": 0.25578808784484863,
  "shard_prediction_recall": 0.2683750092983246
}