{
  "accs_after_deletion": [
    0.4336000084877014,
    0.43080002069473267,
    0.44300001859664917,
    0.4650000333786011,
    0.4506000280380249,
    0.45020002126693726
  ],
  "accs_before_deletion": [
    0.4856000244617462,
    0.49400001764297485,
    0.4946000277996063,
    0.4894000291824341,
    0.48980003595352173,
    0.49400001764297485
  ],
  "delta": 5.0886316442113006e-05,
  "ensemble_acc_after_deletion": 0.5014000535011292,
  "ensemble_acc_before_deletion": 0.5618000030517578,
  "epsilon": "\u221e",
  "indicator": 1,
  "lengths_after_deletion": [
    3356,
    3370,
    3470,
    4203,
    4235,
    4145
  ],
  "rng": [
    3513456475,
    3449993564
  ],
  "shard_prediction_precision": 0.2564529478549957,
  "shard_prediction_recall": 0.2694999873638153
}