{
  "accs_after_deletion": [
    0.4434000253677368,
    0.4376000165939331,
    0.4310000240802765,
    0.43320003151893616,
    0.44460001587867737,
    0.4392000138759613
  ],
  "accs_before_deletion": [
    0.4862000346183777,
    0.4936000108718872,
    0.4816000163555145,
    0.48660001158714294,
    0.4812000095844269,
    0.48980003595352173
  ],
  "delta": 5.0886316442113006e-05,
  "ensemble_acc_after_deletion": 0.4958000183105469,
  "ensemble_acc_before_deletion": 0.5468000173568726,
  "epsilon": "\u221e",
  "indicator": 1,
  "lengths_after_deletion": [
    3478,
    3419,
    3459,
    4396,
    4316,
    4287
  ],
  "rng": [
    3525727414,
    1718430335
  ],
  "shard_prediction_precision": 0.26013389229774475,
  "shard_prediction_recall": 0.2671250104904175
}