{
  "accs_after_deletion": [
    0.45760002732276917,
    0.4408000111579895,
    0.4392000138759613,
    0.43140003085136414,
    0.44760000705718994,
    0.4390000104904175
  ],
  "accs_before_deletion": [
    0.48920002579689026,
    0.48920002579689026,
    0.49080002307891846,
    0.4806000292301178,
    0.49820002913475037,
    0.4888000190258026
  ],
  "delta": 5.0886316442113006e-05,
  "ensemble_acc_after_deletion": 0.5044000148773193,
  "ensemble_acc_before_deletion": 0.5498000383377075,
  "epsilon": "\u221e",
  "indicator": 0,
  "lengths_after_deletion": [
    3446,
    3423,
    3407,
    4211,
    4318,
    4266
  ],
  "rng": [
    3544548343,
    898533108
  ],
  "shard_prediction_precision": 0.2640298306941986,
  "shard_prediction_recall": 0.27425000071525574
}