{
  "accs_after_deletion": [
    0.43540000915527344,
    0.46320003271102905,
    0.45340001583099365,
    0.4514000117778778,
    0.4300000071525574,
    0.4564000070095062
  ],
  "accs_before_deletion": [
    0.5031999945640564,
    0.49560001492500305,
    0.5038000345230103,
    0.5062000155448914,
    0.4766000211238861,
    0.4974000155925751
  ],
  "delta": 5.0886316442113006e-05,
  "ensemble_acc_after_deletion": 0.5085999965667725,
  "ensemble_acc_before_deletion": 0.5624000430107117,
  "epsilon": "\u221e",
  "indicator": 0,
  "lengths_after_deletion": [
    3494,
    3495,
    3408,
    4339,
    4299,
    4287
  ],
  "rng": [
    3628960865,
    1432107273
  ],
  "shard_prediction_precision": 0.2578815221786499,
  "shard_prediction_recall": 0.26516667008399963
}