{
  "accs_after_deletion": [
    0.43880000710487366,
    0.4522000253200531,
    0.4280000329017639,
    0.4458000063896179,
    0.4480000138282776,
    0.44600000977516174
  ],
  "accs_before_deletion": [
    0.4918000102043152,
    0.5060000419616699,
    0.4974000155925751,
    0.4984000325202942,
    0.4880000352859497,
    0.4872000217437744
  ],
  "delta": 5.0886316442113006e-05,
  "ensemble_acc_after_deletion": 0.4958000183105469,
  "ensemble_acc_before_deletion": 0.5610000491142273,
  "epsilon": "\u221e",
  "indicator": 1,
  "lengths_after_deletion": [
    3426,
    3286,
    3288,
    4328,
    4268,
    4217
  ],
  "rng": [
    3634254262,
    2694763256
  ],
  "shard_prediction_precision": 0.26013419032096863,
  "shard_prediction_recall": 0.27300000190734863
}