{
  "accs_after_deletion": [
    0.4406000077724457,
    0.4492000341415405,
    0.4418000280857086,
    0.4482000172138214,
    0.4442000091075897,
    0.4448000192642212
  ],
  "accs_before_deletion": [
    0.48840001225471497,
    0.49660003185272217,
    0.4782000184059143,
    0.47860002517700195,
    0.5,
    0.503000020980835
  ],
  "delta": 5.0886316442113006e-05,
  "ensemble_acc_after_deletion": 0.5103999972343445,
  "ensemble_acc_before_deletion": 0.5618000030517578,
  "epsilon": "\u221e",
  "indicator": 1,
  "lengths_after_deletion": [
    3341,
    3503,
    3425,
    4188,
    4337,
    4322
  ],
  "rng": [
    3654961056,
    3375865983
  ],
  "shard_prediction_precision": 0.26048868894577026,
  "shard_prediction_recall": 0.27008333802223206
}