{
  "accs_after_deletion": [
    0.43880000710487366,
    0.44200003147125244,
    0.4252000153064728,
    0.4302000105381012,
    0.4394000172615051,
    0.43160003423690796
  ],
  "accs_before_deletion": [
    0.4936000108718872,
    0.49320003390312195,
    0.49980002641677856,
    0.4992000162601471,
    0.4962000250816345,
    0.49320003390312195
  ],
  "delta": 5.0886316442113006e-05,
  "ensemble_acc_after_deletion": 0.501800000667572,
  "ensemble_acc_before_deletion": 0.5582000017166138,
  "epsilon": "\u221e",
  "indicator": 0,
  "lengths_after_deletion": [
    3219,
    3030,
    3049,
    3981,
    3953,
    3935
  ],
  "rng": [
    3679657482,
    860684225
  ],
  "shard_prediction_precision": 0.2533075213432312,
  "shard_prediction_recall": 0.28320834040641785
}