{
  "accs_after_deletion": [
    0.43320003151893616,
    0.43300002813339233,
    0.4148000180721283,
    0.4174000322818756,
    0.42480000853538513,
    0.43960002064704895
  ],
  "accs_before_deletion": [
    0.5052000284194946,
    0.48980003595352173,
    0.5062000155448914,
    0.4756000339984894,
    0.48580002784729004,
    0.4894000291824341
  ],
  "delta": 5.0886316442113006e-05,
  "ensemble_acc_after_deletion": 0.4848000109195709,
  "ensemble_acc_before_deletion": 0.5558000206947327,
  "epsilon": "\u221e",
  "indicator": 1,
  "lengths_after_deletion": [
    3323,
    3422,
    3237,
    4263,
    4213,
    4303
  ],
  "rng": [
    3718843820,
    2419553564
  ],
  "shard_prediction_precision": 0.26193588972091675,
  "shard_prediction_recall": 0.27545833587646484
}