{
  "accs_after_deletion": [
    0.4262000322341919,
    0.44120001792907715,
    0.4424000084400177,
    0.43080002069473267,
    0.4496000111103058,
    0.43880000710487366
  ],
  "accs_before_deletion": [
    0.5080000162124634,
    0.4820000231266022,
    0.47520002722740173,
    0.47760000824928284,
    0.48760002851486206,
    0.49220001697540283
  ],
  "delta": 5.0886316442113006e-05,
  "ensemble_acc_after_deletion": 0.5012000203132629,
  "ensemble_acc_before_deletion": 0.5478000044822693,
  "epsilon": "\u221e",
  "indicator": 1,
  "lengths_after_deletion": [
    3470,
    3393,
    3693,
    4271,
    4451,
    4446
  ],
  "rng": [
    3727870853,
    3695504200
  ],
  "shard_prediction_precision": 0.2602982223033905,
  "shard_prediction_recall": 0.2632916569709778
}