{
  "accs_after_deletion": [
    0.4386000335216522,
    0.4254000186920166,
    0.4156000316143036,
    0.4278000295162201,
    0.42660000920295715,
    0.43460002541542053
  ],
  "accs_before_deletion": [
    0.47700002789497375,
    0.4888000190258026,
    0.4960000216960907,
    0.4872000217437744,
    0.4806000292301178,
    0.5016000270843506
  ],
  "delta": 5.0886316442113006e-05,
  "ensemble_acc_after_deletion": 0.4970000088214874,
  "ensemble_acc_before_deletion": 0.5496000051498413,
  "epsilon": "\u221e",
  "indicator": 1,
  "lengths_after_deletion": [
    3183,
    3037,
    3007,
    3969,
    3871,
    3992
  ],
  "rng": [
    3794002206,
    3309677908
  ],
  "shard_prediction_precision": 0.24761517345905304,
  "shard_prediction_recall": 0.27795833349227905
}