{
  "accs_after_deletion": [
    0.4546000361442566,
    0.45840001106262207,
    0.44040003418922424,
    0.4182000160217285,
    0.4618000090122223,
    0.4570000171661377
  ],
  "accs_before_deletion": [
    0.47680002450942993,
    0.49240002036094666,
    0.4782000184059143,
    0.4928000271320343,
    0.48820000886917114,
    0.49060001969337463
  ],
  "delta": 5.0886316442113006e-05,
  "ensemble_acc_after_deletion": 0.5126000046730042,
  "ensemble_acc_before_deletion": 0.5446000099182129,
  "epsilon": "\u221e",
  "indicator": 0,
  "lengths_after_deletion": [
    3566,
    3510,
    3613,
    4531,
    4387,
    4495
  ],
  "rng": [
    3794558015,
    2390753121
  ],
  "shard_prediction_precision": 0.2578040063381195,
  "shard_prediction_recall": 0.2567083239555359
}