{
  "accs_after_deletion": [
    0.43240001797676086,
    0.43480002880096436,
    0.42820000648498535,
    0.46320003271102905,
    0.4498000144958496,
    0.4482000172138214
  ],
  "accs_before_deletion": [
    0.49660003185272217,
    0.4978000223636627,
    0.48000001907348633,
    0.4796000123023987,
    0.5004000067710876,
    0.48360002040863037
  ],
  "delta": 5.0886316442113006e-05,
  "ensemble_acc_after_deletion": 0.5022000074386597,
  "ensemble_acc_before_deletion": 0.5568000078201294,
  "epsilon": "\u221e",
  "indicator": 1,
  "lengths_after_deletion": [
    3317,
    3419,
    3451,
    4261,
    4273,
    4220
  ],
  "rng": [
    3802049924,
    602011799
  ],
  "shard_prediction_precision": 0.25719302892684937,
  "shard_prediction_recall": 0.2685416638851166
}