{
  "accs_after_deletion": [
    0.43380001187324524,
    0.4392000138759613,
    0.4336000084877014,
    0.45340001583099365,
    0.4540000259876251,
    0.43540000915527344
  ],
  "accs_before_deletion": [
    0.5046000480651855,
    0.5004000067710876,
    0.48920002579689026,
    0.49640002846717834,
    0.49660003185272217,
    0.4976000189781189
  ],
  "delta": 5.0886316442113006e-05,
  "ensemble_acc_after_deletion": 0.49340003728866577,
  "ensemble_acc_before_deletion": 0.5631999969482422,
  "epsilon": "\u221e",
  "indicator": 1,
  "lengths_after_deletion": [
    3351,
    3318,
    3462,
    4432,
    4205,
    4311
  ],
  "rng": [
    3839399887,
    2866348269
  ],
  "shard_prediction_precision": 0.25913888216018677,
  "shard_prediction_recall": 0.26908332109451294
}