{
  "accs_after_deletion": [
    0.4296000301837921,
    0.4180000126361847,
    0.43340003490448,
    0.45580002665519714,
    0.44460001587867737,
    0.4408000111579895
  ],
  "accs_before_deletion": [
    0.4918000102043152,
    0.4960000216960907,
    0.5004000067710876,
    0.4862000346183777,
    0.47460001707077026,
    0.49480003118515015
  ],
  "delta": 5.0886316442113006e-05,
  "ensemble_acc_after_deletion": 0.5046000480651855,
  "ensemble_acc_before_deletion": 0.5594000220298767,
  "epsilon": "\u221e",
  "indicator": 1,
  "lengths_after_deletion": [
    3522,
    3276,
    3293,
    4231,
    4243,
    4260
  ],
  "rng": [
    3887425624,
    2148863131
  ],
  "shard_prediction_precision": 0.25739821791648865,
  "shard_prediction_recall": 0.27000001072883606
}