{
  "accs_after_deletion": [
    0.4256000220775604,
    0.4140000343322754,
    0.42160001397132874,
    0.4498000144958496,
    0.4360000193119049,
    0.42580002546310425
  ],
  "accs_before_deletion": [
    0.4974000155925751,
    0.49980002641677856,
    0.49540001153945923,
    0.4856000244617462,
    0.4838000237941742,
    0.4856000244617462
  ],
  "delta": 5.0886316442113006e-05,
  "ensemble_acc_after_deletion": 0.4886000156402588,
  "ensemble_acc_before_deletion": 0.5522000193595886,
  "epsilon": "\u221e",
  "indicator": 1,
  "lengths_after_deletion": [
    3183,
    3074,
    3139,
    3986,
    4047,
    4055
  ],
  "rng": [
    3912509850,
    1200956958
  ],
  "shard_prediction_precision": 0.25509124994277954,
  "shard_prediction_recall": 0.28183332085609436
}