{
  "accs_after_deletion": [
    0.4384000301361084,
    0.4406000077724457,
    0.4504000246524811,
    0.4386000335216522,
    0.4570000171661377,
    0.43780001997947693
  ],
  "accs_before_deletion": [
    0.4896000325679779,
    0.503000020980835,
    0.49660003185272217,
    0.4928000271320343,
    0.49220001697540283,
    0.49400001764297485
  ],
  "delta": 5.0886316442113006e-05,
  "ensemble_acc_after_deletion": 0.5024000406265259,
  "ensemble_acc_before_deletion": 0.5512000322341919,
  "epsilon": "\u221e",
  "indicator": 1,
  "lengths_after_deletion": [
    3610,
    3419,
    3736,
    4412,
    4464,
    4487
  ],
  "rng": [
    3925694613,
    3354599909
  ],
  "shard_prediction_precision": 0.26059821248054504,
  "shard_prediction_recall": 0.2592083215713501
}