{
  "accs_after_deletion": [
    0.4390000104904175,
    0.4612000286579132,
    0.4442000091075897,
    0.45440003275871277,
    0.46160003542900085,
    0.4456000328063965
  ],
  "accs_before_deletion": [
    0.4878000319004059,
    0.49240002036094666,
    0.4936000108718872,
    0.490200012922287,
    0.503000020980835,
    0.4790000319480896
  ],
  "delta": 5.0886316442113006e-05,
  "ensemble_acc_after_deletion": 0.5138000249862671,
  "ensemble_acc_before_deletion": 0.5558000206947327,
  "epsilon": "\u221e",
  "indicator": 1,
  "lengths_after_deletion": [
    3477,
    3452,
    3486,
    4454,
    4411,
    4432
  ],
  "rng": [
    3939407861,
    3509153708
  ],
  "shard_prediction_precision": 0.26222825050354004,
  "shard_prediction_recall": 0.2653749883174896
}