{
  "accs_after_deletion": [
    0.4466000199317932,
    0.4506000280380249,
    0.4296000301837921,
    0.4540000259876251,
    0.4318000078201294,
    0.4474000334739685
  ],
  "accs_before_deletion": [
    0.4928000271320343,
    0.4888000190258026,
    0.4798000156879425,
    0.47700002789497375,
    0.4832000136375427,
    0.49560001492500305
  ],
  "delta": 5.0886316442113006e-05,
  "ensemble_acc_after_deletion": 0.5044000148773193,
  "ensemble_acc_before_deletion": 0.5448000431060791,
  "epsilon": "\u221e",
  "indicator": 1,
  "lengths_after_deletion": [
    3416,
    3469,
    3391,
    4274,
    4292,
    4296
  ],
  "rng": [
    3947952790,
    1148702013
  ],
  "shard_prediction_precision": 0.256455659866333,
  "shard_prediction_recall": 0.265666663646698
}