{
  "accs_after_deletion": [
    0.4296000301837921,
    0.45100003480911255,
    0.42980003356933594,
    0.4456000328063965,
    0.45020002126693726,
    0.4498000144958496
  ],
  "accs_before_deletion": [
    0.49320003390312195,
    0.48520001769065857,
    0.4814000129699707,
    0.48760002851486206,
    0.484000027179718,
    0.49560001492500305
  ],
  "delta": 5.0886316442113006e-05,
  "ensemble_acc_after_deletion": 0.5026000142097473,
  "ensemble_acc_before_deletion": 0.5478000044822693,
  "epsilon": "\u221e",
  "indicator": 1,
  "lengths_after_deletion": [
    3405,
    3548,
    3588,
    4350,
    4436,
    4321
  ],
  "rng": [
    3962015939,
    2305716315
  ],
  "shard_prediction_precision": 0.2477414757013321,
  "shard_prediction_recall": 0.2513749897480011
}