{
  "accs_after_deletion": [
    0.42480000853538513,
    0.42160001397132874,
    0.42260003089904785,
    0.4492000341415405,
    0.4482000172138214,
    0.43480002880096436
  ],
  "accs_before_deletion": [
    0.5010000467300415,
    0.48520001769065857,
    0.4886000156402588,
    0.504800021648407,
    0.4912000298500061,
    0.4782000184059143
  ],
  "delta": 5.0886316442113006e-05,
  "ensemble_acc_after_deletion": 0.4894000291824341,
  "ensemble_acc_before_deletion": 0.5522000193595886,
  "epsilon": "\u221e",
  "indicator": 1,
  "lengths_after_deletion": [
    2960,
    3047,
    2962,
    3942,
    3831,
    3800
  ],
  "rng": [
    4000405645,
    1584319433
  ],
  "shard_prediction_precision": 0.2535873055458069,
  "shard_prediction_recall": 0.2901249825954437
}