{
  "accs_after_deletion": [
    0.42340001463890076,
    0.4374000132083893,
    0.4296000301837921,
    0.4376000165939331,
    0.4374000132083893,
    0.43080002069473267
  ],
  "accs_before_deletion": [
    0.4984000325202942,
    0.49480003118515015,
    0.47620001435279846,
    0.4976000189781189,
    0.4848000109195709,
    0.48740002512931824
  ],
  "delta": 5.0886316442113006e-05,
  "ensemble_acc_after_deletion": 0.49800002574920654,
  "ensemble_acc_before_deletion": 0.5588000416755676,
  "epsilon": "\u221e",
  "indicator": 1,
  "lengths_after_deletion": [
    3421,
    3313,
    3485,
    4308,
    4255,
    4168
  ],
  "rng": [
    4016829077,
    1691796005
  ],
  "shard_prediction_precision": 0.25780439376831055,
  "shard_prediction_recall": 0.26908332109451294
}