{
  "accs_after_deletion": [
    0.44040003418922424,
    0.42820000648498535,
    0.41940000653266907,
    0.4408000111579895,
    0.4390000104904175,
    0.4240000247955322
  ],
  "accs_before_deletion": [
    0.48840001225471497,
    0.4780000150203705,
    0.4872000217437744,
    0.4978000223636627,
    0.4816000163555145,
    0.48760002851486206
  ],
  "delta": 5.0886316442113006e-05,
  "ensemble_acc_after_deletion": 0.4946000277996063,
  "ensemble_acc_before_deletion": 0.5482000112533569,
  "epsilon": "\u221e",
  "indicator": 1,
  "lengths_after_deletion": [
    3438,
    3467,
    3342,
    4275,
    4234,
    4258
  ],
  "rng": [
    4032690318,
    4088989270
  ],
  "shard_prediction_precision": 0.2535820007324219,
  "shard_prediction_recall": 0.2639999985694885
}