{
  "accs_after_deletion": [
    0.4466000199317932,
    0.459600031375885,
    0.4442000091075897,
    0.44600000977516174,
    0.45680001378059387,
    0.4508000314235687
  ],
  "accs_before_deletion": [
    0.4824000298976898,
    0.4880000352859497,
    0.4896000325679779,
    0.484000027179718,
    0.48820000886917114,
    0.4942000210285187
  ],
  "delta": 5.0886316442113006e-05,
  "ensemble_acc_after_deletion": 0.5106000304222107,
  "ensemble_acc_before_deletion": 0.5470000505447388,
  "epsilon": "\u221e",
  "indicator": 1,
  "lengths_after_deletion": [
    3751,
    3567,
    3625,
    4518,
    4641,
    4557
  ],
  "rng": [
    4053635094,
    2399288080
  ],
  "shard_prediction_precision": 0.25658711791038513,
  "shard_prediction_recall": 0.24954167008399963
}