{
  "accs_after_deletion": [
    0.4318000078201294,
    0.43560001254081726,
    0.43800002336502075,
    0.4318000078201294,
    0.4524000287055969,
    0.4634000360965729
  ],
  "accs_before_deletion": [
    0.498600035905838,
    0.4958000183105469,
    0.4930000305175781,
    0.5031999945640564,
    0.49380001425743103,
    0.48340001702308655
  ],
  "delta": 5.0886316442113006e-05,
  "ensemble_acc_after_deletion": 0.5034000277519226,
  "ensemble_acc_before_deletion": 0.5610000491142273,
  "epsilon": "\u221e",
  "indicator": 1,
  "lengths_after_deletion": [
    3461,
    3455,
    3452,
    4367,
    4323,
    4257
  ],
  "rng": [
    4098174863,
    2354019383
  ],
  "shard_prediction_precision": 0.2551752030849457,
  "shard_prediction_recall": 0.26245832443237305
}