{
  "accs_after_deletion": [
    0.46640002727508545,
    0.4424000084400177,
    0.42240002751350403,
    0.45180001854896545,
    0.43780001997947693,
    0.4458000063896179
  ],
  "accs_before_deletion": [
    0.4978000223636627,
    0.484000027179718,
    0.4952000379562378,
    0.48440003395080566,
    0.4782000184059143,
    0.4856000244617462
  ],
  "delta": 5.0886316442113006e-05,
  "ensemble_acc_after_deletion": 0.5080000162124634,
  "ensemble_acc_before_deletion": 0.5512000322341919,
  "epsilon": "\u221e",
  "indicator": 1,
  "lengths_after_deletion": [
    3491,
    3441,
    3480,
    4251,
    4328,
    4409
  ],
  "rng": [
    4105492217,
    2300215904
  ],
  "shard_prediction_precision": 0.25532519817352295,
  "shard_prediction_recall": 0.2617083191871643
}