{
  "accs_after_deletion": [
    0.4374000132083893,
    0.43320003151893616,
    0.4312000274658203,
    0.4538000226020813,
    0.4556000232696533,
    0.47360002994537354
  ],
  "accs_before_deletion": [
    0.48100003600120544,
    0.4962000250816345,
    0.4790000319480896,
    0.5038000345230103,
    0.5064000487327576,
    0.490200012922287
  ],
  "delta": 5.0886316442113006e-05,
  "ensemble_acc_after_deletion": 0.5228000283241272,
  "ensemble_acc_before_deletion": 0.5526000261306763,
  "epsilon": "\u221e",
  "indicator": 1,
  "lengths_after_deletion": [
    3525,
    3432,
    3394,
    4262,
    4185,
    4326
  ],
  "rng": [
    4123269014,
    3309394979
  ],
  "shard_prediction_precision": 0.25221097469329834,
  "shard_prediction_recall": 0.2614166736602783
}