{
  "accs_after_deletion": [
    0.4684000313282013,
    0.4456000328063965,
    0.454800009727478,
    0.45840001106262207,
    0.45280003547668457,
    0.44860002398490906
  ],
  "accs_before_deletion": [
    0.48840001225471497,
    0.47620001435279846,
    0.49380001425743103,
    0.4824000298976898,
    0.501800000667572,
    0.4812000095844269
  ],
  "delta": 5.0886316442113006e-05,
  "ensemble_acc_after_deletion": 0.516800045967102,
  "ensemble_acc_before_deletion": 0.5498000383377075,
  "epsilon": "\u221e",
  "indicator": 0,
  "lengths_after_deletion": [
    3854,
    3752,
    3838,
    4686,
    4814,
    4667
  ],
  "rng": [
    4124782298,
    1172530463
  ],
  "shard_prediction_precision": 0.26182499527931213,
  "shard_prediction_recall": 0.24424999952316284
}