{
  "accs_after_deletion": [
    0.4376000165939331,
    0.44200003147125244,
    0.46820002794265747,
    0.4328000247478485,
    0.459600031375885,
    0.4546000361442566
  ],
  "accs_before_deletion": [
    0.4872000217437744,
    0.48840001225471497,
    0.4958000183105469,
    0.4894000291824341,
    0.49480003118515015,
    0.48900002241134644
  ],
  "delta": 5.0886316442113006e-05,
  "ensemble_acc_after_deletion": 0.5139999985694885,
  "ensemble_acc_before_deletion": 0.5540000200271606,
  "epsilon": "\u221e",
  "indicator": 0,
  "lengths_after_deletion": [
    3499,
    3508,
    3510,
    4339,
    4386,
    4378
  ],
  "rng": [
    413548775,
    4150336607
  ],
  "shard_prediction_precision": 0.25931093096733093,
  "shard_prediction_recall": 0.26341667771339417
}