{
  "accs_after_deletion": [
    0.4522000253200531,
    0.4678000211715698,
    0.4634000360965729,
    0.46140003204345703,
    0.4570000171661377,
    0.46140003204345703
  ],
  "accs_before_deletion": [
    0.4878000319004059,
    0.49380001425743103,
    0.4886000156402588,
    0.4774000346660614,
    0.4974000155925751,
    0.49500003457069397
  ],
  "delta": 5.0886316442113006e-05,
  "ensemble_acc_after_deletion": 0.5220000147819519,
  "ensemble_acc_before_deletion": 0.5540000200271606,
  "epsilon": "\u221e",
  "indicator": 0,
  "lengths_after_deletion": [
    3734,
    3699,
    3661,
    4556,
    4626,
    4626
  ],
  "rng": [
    4138510794,
    2618188407
  ],
  "shard_prediction_precision": 0.2625335454940796,
  "shard_prediction_recall": 0.2526666522026062
}