{
  "accs_after_deletion": [
    0.4294000267982483,
    0.4150000214576721,
    0.420600026845932,
    0.43140003085136414,
    0.41920003294944763,
    0.4402000308036804
  ],
  "accs_before_deletion": [
    0.4820000231266022,
    0.503600001335144,
    0.48820000886917114,
    0.49240002036094666,
    0.48520001769065857,
    0.482200026512146
  ],
  "delta": 5.0886316442113006e-05,
  "ensemble_acc_after_deletion": 0.4930000305175781,
  "ensemble_acc_before_deletion": 0.5478000044822693,
  "epsilon": "\u221e",
  "indicator": 1,
  "lengths_after_deletion": [
    3265,
    3179,
    3203,
    4150,
    4074,
    4185
  ],
  "rng": [
    4188214744,
    504082322
  ],
  "shard_prediction_precision": 0.25836417078971863,
  "shard_prediction_recall": 0.27929165959358215
}