{
  "accs_after_deletion": [
    0.44380003213882446,
    0.45100003480911255,
    0.43320003151893616,
    0.44200003147125244,
    0.44840002059936523,
    0.4442000091075897
  ],
  "accs_before_deletion": [
    0.49820002913475037,
    0.48900002241134644,
    0.49380001425743103,
    0.4914000332355499,
    0.48680001497268677,
    0.48980003595352173
  ],
  "delta": 5.0886316442113006e-05,
  "ensemble_acc_after_deletion": 0.5060000419616699,
  "ensemble_acc_before_deletion": 0.5491999983787537,
  "epsilon": "\u221e",
  "indicator": 1,
  "lengths_after_deletion": [
    3346,
    3216,
    3246,
    4097,
    4234,
    4012
  ],
  "rng": [
    4203624034,
    12903340
  ],
  "shard_prediction_precision": 0.2553676962852478,
  "shard_prediction_recall": 0.2750416696071625
}