{
  "accs_after_deletion": [
    0.4400000274181366,
    0.4132000207901001,
    0.4284000098705292,
    0.43720000982284546,
    0.4448000192642212,
    0.4374000132083893
  ],
  "accs_before_deletion": [
    0.4952000379562378,
    0.5022000074386597,
    0.47860002517700195,
    0.4832000136375427,
    0.4962000250816345,
    0.48660001158714294
  ],
  "delta": 5.0886316442113006e-05,
  "ensemble_acc_after_deletion": 0.4926000237464905,
  "ensemble_acc_before_deletion": 0.5462000370025635,
  "epsilon": "\u221e",
  "indicator": 1,
  "lengths_after_deletion": [
    3129,
    3091,
    3227,
    3974,
    4143,
    4030
  ],
  "rng": [
    4214804195,
    3444073105
  ],
  "shard_prediction_precision": 0.2540331780910492,
  "shard_prediction_recall": 0.27950000762939453
}