{
  "accs_after_deletion": [
    0.4172000288963318,
    0.4230000078678131,
    0.41280001401901245,
    0.43780001997947693,
    0.4336000084877014,
    0.4294000267982483
  ],
  "accs_before_deletion": [
    0.5090000033378601,
    0.496800035238266,
    0.4904000163078308,
    0.5024000406265259,
    0.4976000189781189,
    0.4970000088214874
  ],
  "delta": 5.0886316442113006e-05,
  "ensemble_acc_after_deletion": 0.48440003395080566,
  "ensemble_acc_before_deletion": 0.5600000023841858,
  "epsilon": "\u221e",
  "indicator": 1,
  "lengths_after_deletion": [
    3186,
    3183,
    3174,
    3944,
    3891,
    4109
  ],
  "rng": [
    4253805007,
    2665141890
  ],
  "shard_prediction_precision": 0.2571568489074707,
  "shard_prediction_recall": 0.2840833365917206
}