{
  "accs_after_deletion": [
    0.45160001516342163,
    0.44360002875328064,
    0.44520002603530884,
    0.4524000287055969,
    0.44840002059936523,
    0.4408000111579895
  ],
  "accs_before_deletion": [
    0.501800000667572,
    0.5064000487327576,
    0.4936000108718872,
    0.5014000535011292,
    0.49900001287460327,
    0.48760002851486206
  ],
  "delta": 5.0886316442113006e-05,
  "ensemble_acc_after_deletion": 0.5054000020027161,
  "ensemble_acc_before_deletion": 0.5574000477790833,
  "epsilon": "\u221e",
  "indicator": 1,
  "lengths_after_deletion": [
    3386,
    3467,
    3383,
    4375,
    4261,
    4380
  ],
  "rng": [
    45053827,
    3537108666
  ],
  "shard_prediction_precision": 0.255050927400589,
  "shard_prediction_recall": 0.2630000114440918
}