{
  "accs_after_deletion": [
    0.42180001735687256,
    0.41880002617836,
    0.42980003356933594,
    0.42740002274513245,
    0.41520002484321594,
    0.4256000220775604
  ],
  "accs_before_deletion": [
    0.5020000338554382,
    0.511400043964386,
    0.4942000210285187,
    0.49540001153945923,
    0.48660001158714294,
    0.49000000953674316
  ],
  "delta": 5.0886316442113006e-05,
  "ensemble_acc_after_deletion": 0.4780000150203705,
  "ensemble_acc_before_deletion": 0.5594000220298767,
  "epsilon": "\u221e",
  "indicator": 0,
  "lengths_after_deletion": [
    3073,
    2974,
    3035,
    3878,
    3882,
    3997
  ],
  "rng": [
    461086569,
    3882639494
  ],
  "shard_prediction_precision": 0.25897425413131714,
  "shard_prediction_recall": 0.2930833399295807
}