{
  "accs_after_deletion": [
    0.4424000084400177,
    0.43780001997947693,
    0.45100003480911255,
    0.4384000301361084,
    0.4406000077724457,
    0.44440001249313354
  ],
  "accs_before_deletion": [
    0.49500003457069397,
    0.5044000148773193,
    0.5046000480651855,
    0.4864000082015991,
    0.480400025844574,
    0.5046000480651855
  ],
  "delta": 5.0886316442113006e-05,
  "ensemble_acc_after_deletion": 0.4992000162601471,
  "ensemble_acc_before_deletion": 0.5556000471115112,
  "epsilon": "\u221e",
  "indicator": 0,
  "lengths_after_deletion": [
    3436,
    3445,
    3385,
    4242,
    4285,
    4304
  ],
  "rng": [
    52061982,
    102889207
  ],
  "shard_prediction_precision": 0.25784042477607727,
  "shard_prediction_recall": 0.26754167675971985
}