{
  "accs_after_deletion": [
    0.45320001244544983,
    0.4506000280380249,
    0.44620001316070557,
    0.45600003004074097,
    0.45420002937316895,
    0.4524000287055969
  ],
  "accs_before_deletion": [
    0.48760002851486206,
    0.48280003666877747,
    0.4886000156402588,
    0.49500003457069397,
    0.5010000467300415,
    0.4928000271320343
  ],
  "delta": 5.0886316442113006e-05,
  "ensemble_acc_after_deletion": 0.5210000276565552,
  "ensemble_acc_before_deletion": 0.5491999983787537,
  "epsilon": "\u221e",
  "indicator": 1,
  "lengths_after_deletion": [
    3496,
    3514,
    3548,
    4463,
    4429,
    4415
  ],
  "rng": [
    544728979,
    2874556074
  ],
  "shard_prediction_precision": 0.2574269771575928,
  "shard_prediction_recall": 0.2588749825954437
}