{
  "accs_after_deletion": [
    0.42100003361701965,
    0.4556000232696533,
    0.41280001401901245,
    0.43540000915527344,
    0.4384000301361084,
    0.4246000349521637
  ],
  "accs_before_deletion": [
    0.4978000223636627,
    0.482200026512146,
    0.48660001158714294,
    0.4854000210762024,
    0.49480003118515015,
    0.4856000244617462
  ],
  "delta": 5.0886316442113006e-05,
  "ensemble_acc_after_deletion": 0.4914000332355499,
  "ensemble_acc_before_deletion": 0.5502000451087952,
  "epsilon": "\u221e",
  "indicator": 1,
  "lengths_after_deletion": [
    3276,
    3357,
    3493,
    4058,
    4264,
    4263
  ],
  "rng": [
    66694647,
    3695525920
  ],
  "shard_prediction_precision": 0.25319308042526245,
  "shard_prediction_recall": 0.2667916715145111
}