{
  "accs_after_deletion": [
    0.46300002932548523,
    0.44300001859664917,
    0.4296000301837921,
    0.44600000977516174,
    0.4402000308036804,
    0.45600003004074097
  ],
  "accs_before_deletion": [
    0.492000013589859,
    0.5056000351905823,
    0.4878000319004059,
    0.48920002579689026,
    0.4914000332355499,
    0.4832000136375427
  ],
  "delta": 5.0886316442113006e-05,
  "ensemble_acc_after_deletion": 0.5120000243186951,
  "ensemble_acc_before_deletion": 0.5526000261306763,
  "epsilon": "\u221e",
  "indicator": 1,
  "lengths_after_deletion": [
    3482,
    3578,
    3465,
    4444,
    4393,
    4398
  ],
  "rng": [
    672484222,
    489601861
  ],
  "shard_prediction_precision": 0.26237624883651733,
  "shard_prediction_recall": 0.26499998569488525
}