{
  "accs_after_deletion": [
    0.42600002884864807,
    0.43560001254081726,
    0.4366000294685364,
    0.42100003361701965,
    0.4182000160217285,
    0.4408000111579895
  ],
  "accs_before_deletion": [
    0.496800035238266,
    0.4992000162601471,
    0.48340001702308655,
    0.503600001335144,
    0.5028000473976135,
    0.4856000244617462
  ],
  "delta": 5.0886316442113006e-05,
  "ensemble_acc_after_deletion": 0.4862000346183777,
  "ensemble_acc_before_deletion": 0.5558000206947327,
  "epsilon": "\u221e",
  "indicator": 0,
  "lengths_after_deletion": [
    3216,
    3182,
    3216,
    4057,
    4096,
    4096
  ],
  "rng": [
    682085361,
    1484871214
  ],
  "shard_prediction_precision": 0.25691547989845276,
  "shard_prediction_recall": 0.2797916531562805
}