{
  "accs_after_deletion": [
    0.4058000147342682,
    0.39820000529289246,
    0.4002000093460083,
    0.4288000166416168,
    0.4228000342845917,
    0.4302000105381012
  ],
  "accs_before_deletion": [
    0.4936000108718872,
    0.5046000480651855,
    0.49540001153945923,
    0.48000001907348633,
    0.48740002512931824,
    0.49060001969337463
  ],
  "delta": 5.0886316442113006e-05,
  "ensemble_acc_after_deletion": 0.48820000886917114,
  "ensemble_acc_before_deletion": 0.5598000288009644,
  "epsilon": "\u221e",
  "indicator": 1,
  "lengths_after_deletion": [
    2878,
    2772,
    2854,
    3575,
    3670,
    3775
  ],
  "rng": [
    690494703,
    2281168719
  ],
  "shard_prediction_precision": 0.25547829270362854,
  "shard_prediction_recall": 0.3031249940395355
}