{
  "accs_after_deletion": [
    0.45980003476142883,
    0.4612000286579132,
    0.4572000205516815,
    0.45660001039505005,
    0.4724000096321106,
    0.46000000834465027
  ],
  "accs_before_deletion": [
    0.4886000156402588,
    0.48500001430511475,
    0.4888000190258026,
    0.49800002574920654,
    0.49380001425743103,
    0.4872000217437744
  ],
  "delta": 5.0886316442113006e-05,
  "ensemble_acc_after_deletion": 0.5180000066757202,
  "ensemble_acc_before_deletion": 0.5552000403404236,
  "epsilon": "\u221e",
  "indicator": 1,
  "lengths_after_deletion": [
    3790,
    3792,
    3845,
    4650,
    4614,
    4756
  ],
  "rng": [
    696964483,
    2082828661
  ],
  "shard_prediction_precision": 0.2605861723423004,
  "shard_prediction_recall": 0.2448749989271164
}