{
  "accs_after_deletion": [
    0.4312000274658203,
    0.4386000335216522,
    0.4288000166416168,
    0.4384000301361084,
    0.43140003085136414,
    0.4588000178337097
  ],
  "accs_before_deletion": [
    0.5,
    0.5080000162124634,
    0.4896000325679779,
    0.4886000156402588,
    0.49500003457069397,
    0.4886000156402588
  ],
  "delta": 5.0886316442113006e-05,
  "ensemble_acc_after_deletion": 0.49660003185272217,
  "ensemble_acc_before_deletion": 0.5522000193595886,
  "epsilon": "\u221e",
  "indicator": 1,
  "lengths_after_deletion": [
    3227,
    3211,
    3370,
    4048,
    4159,
    4271
  ],
  "rng": [
    936994140,
    725823418
  ],
  "shard_prediction_precision": 0.25561949610710144,
  "shard_prediction_recall": 0.27387499809265137
}