{
  "accs_after_deletion": [
    0.4238000214099884,
    0.44360002875328064,
    0.4342000186443329,
    0.4406000077724457,
    0.44360002875328064,
    0.4288000166416168
  ],
  "accs_before_deletion": [
    0.490200012922287,
    0.48900002241134644,
    0.4944000244140625,
    0.4894000291824341,
    0.48900002241134644,
    0.4796000123023987
  ],
  "delta": 5.0886316442113006e-05,
  "ensemble_acc_after_deletion": 0.5,
  "ensemble_acc_before_deletion": 0.5508000254631042,
  "epsilon": "\u221e",
  "indicator": 1,
  "lengths_after_deletion": [
    3429,
    3471,
    3415,
    4329,
    4316,
    4293
  ],
  "rng": [
    938842756,
    1005955536
  ],
  "shard_prediction_precision": 0.25833436846733093,
  "shard_prediction_recall": 0.26637500524520874
}