{
  "accs_after_deletion": [
    0.4212000072002411,
    0.42420002818107605,
    0.4180000126361847,
    0.4490000307559967,
    0.4312000274658203,
    0.4408000111579895
  ],
  "accs_before_deletion": [
    0.49340003728866577,
    0.5046000480651855,
    0.49220001697540283,
    0.49220001697540283,
    0.4796000123023987,
    0.4974000155925751
  ],
  "delta": 5.0886316442113006e-05,
  "ensemble_acc_after_deletion": 0.4880000352859497,
  "ensemble_acc_before_deletion": 0.55840003490448,
  "epsilon": "\u221e",
  "indicator": 1,
  "lengths_after_deletion": [
    3289,
    3192,
    3209,
    4012,
    4132,
    4147
  ],
  "rng": [
    942450877,
    3192691242
  ],
  "shard_prediction_precision": 0.2525077760219574,
  "shard_prediction_recall": 0.2737500071525574
}