{
  "accs_after_deletion": [
    0.4508000314235687,
    0.4458000063896179,
    0.4472000300884247,
    0.46960002183914185,
    0.4546000361442566,
    0.45680001378059387
  ],
  "accs_before_deletion": [
    0.4862000346183777,
    0.492000013589859,
    0.49160003662109375,
    0.5026000142097473,
    0.4976000189781189,
    0.49240002036094666
  ],
  "delta": 5.0886316442113006e-05,
  "ensemble_acc_after_deletion": 0.5182000398635864,
  "ensemble_acc_before_deletion": 0.5546000003814697,
  "epsilon": "\u221e",
  "indicator": 1,
  "lengths_after_deletion": [
    3522,
    3476,
    3570,
    4426,
    4365,
    4383
  ],
  "rng": [
    952703050,
    242800749
  ],
  "shard_prediction_precision": 0.2585951089859009,
  "shard_prediction_recall": 0.2613750100135803
}