{
  "accs_after_deletion": [
    0.44280001521110535,
    0.44680002331733704,
    0.4408000111579895,
    0.4540000259876251,
    0.4604000151157379,
    0.44200003147125244
  ],
  "accs_before_deletion": [
    0.5044000148773193,
    0.4806000292301178,
    0.48920002579689026,
    0.4838000237941742,
    0.4854000210762024,
    0.49160003662109375
  ],
  "delta": 5.0886316442113006e-05,
  "ensemble_acc_after_deletion": 0.5108000040054321,
  "ensemble_acc_before_deletion": 0.5504000186920166,
  "epsilon": "\u221e",
  "indicator": 1,
  "lengths_after_deletion": [
    3547,
    3719,
    3621,
    4398,
    4456,
    4533
  ],
  "rng": [
    961870313,
    2201022634
  ],
  "shard_prediction_precision": 0.2563432455062866,
  "shard_prediction_recall": 0.25341665744781494
}