{
  "accs_after_deletion": [
    0.45740002393722534,
    0.45740002393722534,
    0.4734000265598297,
    0.469400018453598,
    0.4686000347137451,
    0.4588000178337097
  ],
  "accs_before_deletion": [
    0.4782000184059143,
    0.4758000373840332,
    0.49240002036094666,
    0.49660003185272217,
    0.4974000155925751,
    0.4910000264644623
  ],
  "delta": 5.0886316442113006e-05,
  "ensemble_acc_after_deletion": 0.5234000086784363,
  "ensemble_acc_before_deletion": 0.5472000241279602,
  "epsilon": "\u221e",
  "indicator": 1,
  "lengths_after_deletion": [
    3849,
    3830,
    3768,
    4718,
    4712,
    4688
  ],
  "rng": [
    970983560,
    815645353
  ],
  "shard_prediction_precision": 0.2566079795360565,
  "shard_prediction_recall": 0.23987500369548798
}