{
  "accs_after_deletion": [
    0.4546000361442566,
    0.4358000159263611,
    0.44380003213882446,
    0.4538000226020813,
    0.4440000355243683,
    0.469400018453598
  ],
  "accs_before_deletion": [
    0.5016000270843506,
    0.4734000265598297,
    0.5020000338554382,
    0.492000013589859,
    0.4914000332355499,
    0.4992000162601471
  ],
  "delta": 5.0886316442113006e-05,
  "ensemble_acc_after_deletion": 0.5106000304222107,
  "ensemble_acc_before_deletion": 0.556600034236908,
  "epsilon": "\u221e",
  "indicator": 1,
  "lengths_after_deletion": [
    3341,
    3356,
    3346,
    4332,
    4177,
    4233
  ],
  "rng": [
    985996590,
    305389861
  ],
  "shard_prediction_precision": 0.25948840379714966,
  "shard_prediction_recall": 0.27262499928474426
}