{
  "accs_after_deletion": [
    0.9170000553131104,
    0.9058000445365906,
    0.9064000248908997,
    0.907800018787384,
    0.9122000336647034,
    0.9132000207901001
  ],
  "accs_before_deletion": [
    0.9254000186920166,
    0.9218000173568726,
    0.9176000356674194,
    0.9182000160217285,
    0.9204000234603882,
    0.9224000573158264
  ],
  "delta": 6.982864657330156e-05,
  "ensemble_acc_after_deletion": 0.9356000423431396,
  "ensemble_acc_before_deletion": 0.9440000653266907,
  "epsilon": 5.810340633240526,
  "indicator": 1,
  "lengths_after_deletion": [
    2535,
    2556,
    2531,
    2634,
    2580,
    2608
  ],
  "rng": [
    1004066622,
    1149694247
  ],
  "shard_prediction_precision": 0.17542323470115662,
  "shard_prediction_recall": 0.2003333419561386
}