{
  "accs_after_deletion": [
    0.9064000248908997,
    0.9142000675201416,
    0.9082000255584717,
    0.9056000709533691,
    0.9014000296592712,
    0.9012000560760498
  ],
  "accs_before_deletion": [
    0.9172000288963318,
    0.9250000715255737,
    0.9234000444412231,
    0.9258000254631042,
    0.9204000234603882,
    0.9240000247955322
  ],
  "delta": 6.982864657330156e-05,
  "ensemble_acc_after_deletion": 0.9362000226974487,
  "ensemble_acc_before_deletion": 0.9470000267028809,
  "epsilon": 5.810340633240526,
  "indicator": 0,
  "lengths_after_deletion": [
    3423,
    3401,
    3410,
    3544,
    3514,
    3473
  ],
  "rng": [
    1010774932,
    3895373345
  ],
  "shard_prediction_precision": 0.18641287088394165,
  "shard_prediction_recall": 0.1577777862548828
}