{
  "accs_after_deletion": [
    0.9128000140190125,
    0.9200000166893005,
    0.915600061416626,
    0.9186000227928162,
    0.9146000146865845,
    0.9182000160217285
  ],
  "accs_before_deletion": [
    0.9056000709533691,
    0.9136000275611877,
    0.9246000647544861,
    0.914400041103363,
    0.9278000593185425,
    0.9172000288963318
  ],
  "delta": 6.982864657330156e-05,
  "ensemble_acc_after_deletion": 0.9426000714302063,
  "ensemble_acc_before_deletion": 0.9404000639915466,
  "epsilon": 5.810340633240526,
  "indicator": 1,
  "lengths_after_deletion": [
    2909,
    2867,
    2889,
    2966,
    2881,
    2975
  ],
  "rng": [
    1035781039,
    4270462547
  ],
  "shard_prediction_precision": 0.17825311422348022,
  "shard_prediction_recall": 0.18333333730697632
}