{
  "accs_after_deletion": [
    0.9136000275611877,
    0.9240000247955322,
    0.9114000201225281,
    0.9226000308990479,
    0.9190000295639038,
    0.91920006275177
  ],
  "accs_before_deletion": [
    0.9110000729560852,
    0.9212000370025635,
    0.9154000282287598,
    0.9258000254631042,
    0.9228000640869141,
    0.9262000322341919
  ],
  "delta": 6.982864657330156e-05,
  "ensemble_acc_after_deletion": 0.9434000253677368,
  "ensemble_acc_before_deletion": 0.9430000185966492,
  "epsilon": 5.810340633240526,
  "indicator": 1,
  "lengths_after_deletion": [
    2715,
    2644,
    2624,
    2852,
    2836,
    2787
  ],
  "rng": [
    1081475787,
    1877547409
  ],
  "shard_prediction_precision": 0.18227407336235046,
  "shard_prediction_recall": 0.19788889586925507
}