{
  "accs_after_deletion": [
    0.9194000363349915,
    0.9142000675201416,
    0.9112000465393066,
    0.9266000390052795,
    0.913800060749054,
    0.9118000268936157
  ],
  "accs_before_deletion": [
    0.9230000376701355,
    0.9168000221252441,
    0.9178000688552856,
    0.9160000681877136,
    0.9226000308990479,
    0.9266000390052795
  ],
  "delta": 6.982864657330156e-05,
  "ensemble_acc_after_deletion": 0.9438000321388245,
  "ensemble_acc_before_deletion": 0.9466000199317932,
  "epsilon": 5.810340633240526,
  "indicator": 1,
  "lengths_after_deletion": [
    3120,
    3269,
    3183,
    3258,
    3284,
    3251
  ],
  "rng": [
    1114138226,
    1993808599
  ],
  "shard_prediction_precision": 0.17902013659477234,
  "shard_prediction_recall": 0.16544444859027863
}