{
  "accs_after_deletion": [
    0.9092000722885132,
    0.9028000235557556,
    0.9128000140190125,
    0.907200038433075,
    0.9052000641822815,
    0.9084000587463379
  ],
  "accs_before_deletion": [
    0.9244000315666199,
    0.9246000647544861,
    0.9162000417709351,
    0.9152000546455383,
    0.9146000146865845,
    0.9282000660896301
  ],
  "delta": 6.982864657330156e-05,
  "ensemble_acc_after_deletion": 0.9410000443458557,
  "ensemble_acc_before_deletion": 0.9468000531196594,
  "epsilon": 5.810340633240526,
  "indicator": 0,
  "lengths_after_deletion": [
    3374,
    3313,
    3340,
    3395,
    3418,
    3409
  ],
  "rng": [
    1202643144,
    1526624362
  ],
  "shard_prediction_precision": 0.17421115934848785,
  "shard_prediction_recall": 0.15244445204734802
}