{
  "accs_after_deletion": [
    0.9290000200271606,
    0.907800018787384,
    0.9106000661849976,
    0.9198000431060791,
    0.9166000485420227,
    0.9198000431060791
  ],
  "accs_before_deletion": [
    0.9200000166893005,
    0.9150000214576721,
    0.9098000526428223,
    0.9164000153541565,
    0.9244000315666199,
    0.9282000660896301
  ],
  "delta": 6.982864657330156e-05,
  "ensemble_acc_after_deletion": 0.9404000639915466,
  "ensemble_acc_before_deletion": 0.9464000463485718,
  "epsilon": 5.810340633240526,
  "indicator": 1,
  "lengths_after_deletion": [
    2669,
    2723,
    2722,
    2791,
    2761,
    2807
  ],
  "rng": [
    131723848,
    1387505916
  ],
  "shard_prediction_precision": 0.1769857108592987,
  "shard_prediction_recall": 0.19200000166893005
}