{
  "accs_after_deletion": [
    0.9110000729560852,
    0.9214000701904297,
    0.9100000262260437,
    0.917400062084198,
    0.9158000349998474,
    0.9198000431060791
  ],
  "accs_before_deletion": [
    0.9268000721931458,
    0.9190000295639038,
    0.9212000370025635,
    0.9230000376701355,
    0.9250000715255737,
    0.9232000708580017
  ],
  "delta": 6.982864657330156e-05,
  "ensemble_acc_after_deletion": 0.9440000653266907,
  "ensemble_acc_before_deletion": 0.9472000598907471,
  "epsilon": 5.810340633240526,
  "indicator": 1,
  "lengths_after_deletion": [
    3313,
    3297,
    3295,
    3396,
    3344,
    3445
  ],
  "rng": [
    1317997667,
    1037045505
  ],
  "shard_prediction_precision": 0.17944687604904175,
  "shard_prediction_recall": 0.15861111879348755
}