{
  "accs_after_deletion": [
    0.9140000343322754,
    0.9186000227928162,
    0.9198000431060791,
    0.9204000234603882,
    0.9172000288963318,
    0.9250000715255737
  ],
  "accs_before_deletion": [
    0.9266000390052795,
    0.9206000566482544,
    0.91920006275177,
    0.9280000329017639,
    0.9218000173568726,
    0.9164000153541565
  ],
  "delta": 6.982864657330156e-05,
  "ensemble_acc_after_deletion": 0.9464000463485718,
  "ensemble_acc_before_deletion": 0.9470000267028809,
  "epsilon": 5.810340633240526,
  "indicator": 1,
  "lengths_after_deletion": [
    3754,
    3714,
    3774,
    3769,
    3830,
    3784
  ],
  "rng": [
    1334693223,
    1109124827
  ],
  "shard_prediction_precision": 0.17517757415771484,
  "shard_prediction_recall": 0.1301666647195816
}