{
  "accs_after_deletion": [
    0.90420001745224,
    0.90420001745224,
    0.9158000349998474,
    0.9046000242233276,
    0.9010000228881836,
    0.9146000146865845
  ],
  "accs_before_deletion": [
    0.9162000417709351,
    0.9202000498771667,
    0.9248000383377075,
    0.9218000173568726,
    0.9110000729560852,
    0.9134000539779663
  ],
  "delta": 6.982864657330156e-05,
  "ensemble_acc_after_deletion": 0.9380000233650208,
  "ensemble_acc_before_deletion": 0.9440000653266907,
  "epsilon": 5.810340633240526,
  "indicator": 0,
  "lengths_after_deletion": [
    3183,
    3115,
    3110,
    3176,
    3278,
    3200
  ],
  "rng": [
    1373178964,
    1973366508
  ],
  "shard_prediction_precision": 0.1761719286441803,
  "shard_prediction_recall": 0.1657777726650238
}