{
  "accs_after_deletion": [
    0.9244000315666199,
    0.9116000533103943,
    0.9188000559806824,
    0.9290000200271606,
    0.9242000579833984,
    0.9256000518798828
  ],
  "accs_before_deletion": [
    0.9116000533103943,
    0.9260000586509705,
    0.9152000546455383,
    0.9246000647544861,
    0.9226000308990479,
    0.9234000444412231
  ],
  "delta": 6.982864657330156e-05,
  "ensemble_acc_after_deletion": 0.9484000205993652,
  "ensemble_acc_before_deletion": 0.9468000531196594,
  "epsilon": 5.810340633240526,
  "indicator": 1,
  "lengths_after_deletion": [
    2808,
    2881,
    2959,
    2955,
    2935,
    3000
  ],
  "rng": [
    1413677759,
    3698476091
  ],
  "shard_prediction_precision": 0.17533311247825623,
  "shard_prediction_recall": 0.1798333376646042
}