{
  "accs_after_deletion": [
    0.921000063419342,
    0.9142000675201416,
    0.913800060749054,
    0.9084000587463379,
    0.9046000242233276,
    0.9110000729560852
  ],
  "accs_before_deletion": [
    0.9310000538825989,
    0.9198000431060791,
    0.9162000417709351,
    0.9146000146865845,
    0.9176000356674194,
    0.9184000492095947
  ],
  "delta": 6.982864657330156e-05,
  "ensemble_acc_after_deletion": 0.9372000694274902,
  "ensemble_acc_before_deletion": 0.9478000402450562,
  "epsilon": 5.810340633240526,
  "indicator": 0,
  "lengths_after_deletion": [
    3005,
    2905,
    2921,
    2999,
    3015,
    3078
  ],
  "rng": [
    142526632,
    1645635875
  ],
  "shard_prediction_precision": 0.17619074881076813,
  "shard_prediction_recall": 0.17694444954395294
}