{
  "accs_after_deletion": [
    0.9134000539779663,
    0.9074000716209412,
    0.9000000357627869,
    0.9034000635147095,
    0.907200038433075,
    0.9202000498771667
  ],
  "accs_before_deletion": [
    0.9170000553131104,
    0.9172000288963318,
    0.9204000234603882,
    0.9300000667572021,
    0.917400062084198,
    0.9290000200271606
  ],
  "delta": 6.982864657330156e-05,
  "ensemble_acc_after_deletion": 0.9408000707626343,
  "ensemble_acc_before_deletion": 0.9480000734329224,
  "epsilon": 5.810340633240526,
  "indicator": 1,
  "lengths_after_deletion": [
    2337,
    2314,
    2383,
    2409,
    2395,
    2376
  ],
  "rng": [
    1430637378,
    3305968134
  ],
  "shard_prediction_precision": 0.17437803745269775,
  "shard_prediction_recall": 0.21105556190013885
}