{
  "accs_after_deletion": [
    0.9212000370025635,
    0.90420001745224,
    0.9180000424385071,
    0.917400062084198,
    0.913800060749054,
    0.9164000153541565
  ],
  "accs_before_deletion": [
    0.921000063419342,
    0.9172000288963318,
    0.9312000274658203,
    0.915600061416626,
    0.9230000376701355,
    0.9234000444412231
  ],
  "delta": 6.982864657330156e-05,
  "ensemble_acc_after_deletion": 0.9446000456809998,
  "ensemble_acc_before_deletion": 0.9458000659942627,
  "epsilon": 5.810340633240526,
  "indicator": 1,
  "lengths_after_deletion": [
    2873,
    2884,
    2955,
    2964,
    2905,
    2942
  ],
  "rng": [
    1458109405,
    4117016793
  ],
  "shard_prediction_precision": 0.17556962370872498,
  "shard_prediction_recall": 0.18022222816944122
}