{
  "accs_after_deletion": [
    0.9026000499725342,
    0.9074000716209412,
    0.9052000641822815,
    0.9176000356674194,
    0.913800060749054,
    0.9128000140190125
  ],
  "accs_before_deletion": [
    0.9196000695228577,
    0.9254000186920166,
    0.9222000241279602,
    0.9278000593185425,
    0.9152000546455383,
    0.9198000431060791
  ],
  "delta": 6.982864657330156e-05,
  "ensemble_acc_after_deletion": 0.9368000626564026,
  "ensemble_acc_before_deletion": 0.9482000470161438,
  "epsilon": 5.810340633240526,
  "indicator": 1,
  "lengths_after_deletion": [
    2832,
    2775,
    2780,
    2824,
    2862,
    2869
  ],
  "rng": [
    1501116140,
    2023381485
  ],
  "shard_prediction_precision": 0.1807115226984024,
  "shard_prediction_recall": 0.1913333386182785
}