{
  "accs_after_deletion": [
    0.9076000452041626,
    0.9068000316619873,
    0.8992000222206116,
    0.9036000370979309,
    0.9020000696182251,
    0.9130000472068787
  ],
  "accs_before_deletion": [
    0.9226000308990479,
    0.9202000498771667,
    0.915600061416626,
    0.9128000140190125,
    0.9246000647544861,
    0.9182000160217285
  ],
  "delta": 6.982864657330156e-05,
  "ensemble_acc_after_deletion": 0.940000057220459,
  "ensemble_acc_before_deletion": 0.9450000524520874,
  "epsilon": 5.810340633240526,
  "indicator": 1,
  "lengths_after_deletion": [
    2051,
    1952,
    1931,
    1997,
    2011,
    2034
  ],
  "rng": [
    1507091,
    3787174164
  ],
  "shard_prediction_precision": 0.17449216544628143,
  "shard_prediction_recall": 0.23288889229297638
}