{
  "accs_after_deletion": [
    0.906000018119812,
    0.907200038433075,
    0.909000039100647,
    0.900600016117096,
    0.9026000499725342,
    0.9020000696182251
  ],
  "accs_before_deletion": [
    0.9214000701904297,
    0.9150000214576721,
    0.9194000363349915,
    0.9164000153541565,
    0.91920006275177,
    0.9272000193595886
  ],
  "delta": 6.982864657330156e-05,
  "ensemble_acc_after_deletion": 0.9336000680923462,
  "ensemble_acc_before_deletion": 0.9466000199317932,
  "epsilon": 5.810340633240526,
  "indicator": 0,
  "lengths_after_deletion": [
    3207,
    3145,
    3146,
    3241,
    3216,
    3241
  ],
  "rng": [
    1554676106,
    1720916268
  ],
  "shard_prediction_precision": 0.18168294429779053,
  "shard_prediction_recall": 0.1696111112833023
}