{
  "accs_after_deletion": [
    0.9132000207901001,
    0.9146000146865845,
    0.9026000499725342,
    0.9218000173568726,
    0.909600019454956,
    0.9124000668525696
  ],
  "accs_before_deletion": [
    0.9236000180244446,
    0.9208000302314758,
    0.9242000579833984,
    0.9168000221252441,
    0.9290000200271606,
    0.9116000533103943
  ],
  "delta": 6.982864657330156e-05,
  "ensemble_acc_after_deletion": 0.9358000159263611,
  "ensemble_acc_before_deletion": 0.9462000727653503,
  "epsilon": 5.810340633240526,
  "indicator": 1,
  "lengths_after_deletion": [
    3429,
    3430,
    3461,
    3475,
    3514,
    3469
  ],
  "rng": [
    1562921086,
    2317783096
  ],
  "shard_prediction_precision": 0.179739847779274,
  "shard_prediction_recall": 0.15199999511241913
}