{
  "accs_after_deletion": [
    0.9208000302314758,
    0.9158000349998474,
    0.9084000587463379,
    0.9146000146865845,
    0.9216000437736511,
    0.9212000370025635
  ],
  "accs_before_deletion": [
    0.9066000580787659,
    0.9236000180244446,
    0.9220000505447388,
    0.9220000505447388,
    0.9166000485420227,
    0.9240000247955322
  ],
  "delta": 6.982864657330156e-05,
  "ensemble_acc_after_deletion": 0.9442000389099121,
  "ensemble_acc_before_deletion": 0.9424000382423401,
  "epsilon": 5.810340633240526,
  "indicator": 1,
  "lengths_after_deletion": [
    2682,
    2588,
    2633,
    2688,
    2704,
    2736
  ],
  "rng": [
    161089238,
    1394146643
  ],
  "shard_prediction_precision": 0.17607292532920837,
  "shard_prediction_recall": 0.195333331823349
}