{
  "accs_after_deletion": [
    0.9154000282287598,
    0.9160000681877136,
    0.9150000214576721,
    0.9222000241279602,
    0.921000063419342,
    0.9176000356674194
  ],
  "accs_before_deletion": [
    0.9152000546455383,
    0.9124000668525696,
    0.9130000472068787,
    0.9232000708580017,
    0.9120000600814819,
    0.9190000295639038
  ],
  "delta": 6.982864657330156e-05,
  "ensemble_acc_after_deletion": 0.9450000524520874,
  "ensemble_acc_before_deletion": 0.9442000389099121,
  "epsilon": 5.810340633240526,
  "indicator": 1,
  "lengths_after_deletion": [
    3180,
    3227,
    3275,
    3355,
    3276,
    3320
  ],
  "rng": [
    1640327239,
    946356781
  ],
  "shard_prediction_precision": 0.17767459154129028,
  "shard_prediction_recall": 0.16155555844306946
}