{
  "accs_after_deletion": [
    0.9176000356674194,
    0.9142000675201416,
    0.9116000533103943,
    0.9044000506401062,
    0.9100000262260437,
    0.9296000599861145
  ],
  "accs_before_deletion": [
    0.9202000498771667,
    0.917400062084198,
    0.932200014591217,
    0.9208000302314758,
    0.9222000241279602,
    0.9330000281333923
  ],
  "delta": 6.982864657330156e-05,
  "ensemble_acc_after_deletion": 0.9406000375747681,
  "ensemble_acc_before_deletion": 0.9488000273704529,
  "epsilon": 5.810340633240526,
  "indicator": 1,
  "lengths_after_deletion": [
    2999,
    3060,
    3034,
    3208,
    3105,
    3165
  ],
  "rng": [
    1658121493,
    2547774410
  ],
  "shard_prediction_precision": 0.17935624718666077,
  "shard_prediction_recall": 0.17366667091846466
}