{
  "accs_after_deletion": [
    0.9098000526428223,
    0.9146000146865845,
    0.9206000566482544,
    0.9054000377655029,
    0.9172000288963318,
    0.9208000302314758
  ],
  "accs_before_deletion": [
    0.9190000295639038,
    0.9230000376701355,
    0.913800060749054,
    0.9208000302314758,
    0.9262000322341919,
    0.9256000518798828
  ],
  "delta": 6.982864657330156e-05,
  "ensemble_acc_after_deletion": 0.9420000314712524,
  "ensemble_acc_before_deletion": 0.9464000463485718,
  "epsilon": 5.810340633240526,
  "indicator": 0,
  "lengths_after_deletion": [
    4195,
    4169,
    4285,
    4294,
    4261,
    4290
  ],
  "rng": [
    1698438913,
    964610343
  ],
  "shard_prediction_precision": 0.1886541098356247,
  "shard_prediction_recall": 0.11011110991239548
}