{
  "accs_after_deletion": [
    0.9266000390052795,
    0.9130000472068787,
    0.913800060749054,
    0.9122000336647034,
    0.9134000539779663,
    0.9218000173568726
  ],
  "accs_before_deletion": [
    0.9258000254631042,
    0.9054000377655029,
    0.9220000505447388,
    0.9198000431060791,
    0.9252000451087952,
    0.9198000431060791
  ],
  "delta": 6.982864657330156e-05,
  "ensemble_acc_after_deletion": 0.9434000253677368,
  "ensemble_acc_before_deletion": 0.9444000720977783,
  "epsilon": 5.810340633240526,
  "indicator": 0,
  "lengths_after_deletion": [
    3326,
    3263,
    3300,
    3447,
    3397,
    3379
  ],
  "rng": [
    1709361049,
    3159659076
  ],
  "shard_prediction_precision": 0.17837361991405487,
  "shard_prediction_recall": 0.15744444727897644
}