{
  "accs_after_deletion": [
    0.9162000417709351,
    0.913800060749054,
    0.9252000451087952,
    0.9168000221252441,
    0.900600016117096,
    0.9070000648498535
  ],
  "accs_before_deletion": [
    0.912600040435791,
    0.9182000160217285,
    0.9222000241279602,
    0.9230000376701355,
    0.9204000234603882,
    0.9200000166893005
  ],
  "delta": 6.982864657330156e-05,
  "ensemble_acc_after_deletion": 0.9414000511169434,
  "ensemble_acc_before_deletion": 0.9446000456809998,
  "epsilon": 5.810340633240526,
  "indicator": 0,
  "lengths_after_deletion": [
    3299,
    3290,
    3277,
    3381,
    3352,
    3290
  ],
  "rng": [
    1765972174,
    3295889254
  ],
  "shard_prediction_precision": 0.17962883412837982,
  "shard_prediction_recall": 0.16077777743339539
}