{
  "accs_after_deletion": [
    0.9152000546455383,
    0.8986000418663025,
    0.9122000336647034,
    0.9088000655174255,
    0.9036000370979309,
    0.9268000721931458
  ],
  "accs_before_deletion": [
    0.9260000586509705,
    0.9106000661849976,
    0.9220000505447388,
    0.9202000498771667,
    0.9214000701904297,
    0.9116000533103943
  ],
  "delta": 6.982864657330156e-05,
  "ensemble_acc_after_deletion": 0.9350000619888306,
  "ensemble_acc_before_deletion": 0.945400059223175,
  "epsilon": 5.810340633240526,
  "indicator": 1,
  "lengths_after_deletion": [
    3766,
    3759,
    3639,
    3754,
    3737,
    3791
  ],
  "rng": [
    1788630669,
    3087380398
  ],
  "shard_prediction_precision": 0.18134868144989014,
  "shard_prediction_recall": 0.13655555248260498
}