{
  "accs_after_deletion": [
    0.9206000566482544,
    0.9232000708580017,
    0.9204000234603882,
    0.9178000688552856,
    0.9206000566482544,
    0.9092000722885132
  ],
  "accs_before_deletion": [
    0.9170000553131104,
    0.921000063419342,
    0.9152000546455383,
    0.9232000708580017,
    0.91920006275177,
    0.9226000308990479
  ],
  "delta": 6.982864657330156e-05,
  "ensemble_acc_after_deletion": 0.9478000402450562,
  "ensemble_acc_before_deletion": 0.9470000267028809,
  "epsilon": 5.810340633240526,
  "indicator": 0,
  "lengths_after_deletion": [
    1970,
    2076,
    2034,
    2148,
    2107,
    2124
  ],
  "rng": [
    179814107,
    1072475953
  ],
  "shard_prediction_precision": 0.1800263375043869,
  "shard_prediction_recall": 0.23544444143772125
}