{
  "accs_after_deletion": [
    0.9170000553131104,
    0.9082000255584717,
    0.9012000560760498,
    0.9074000716209412,
    0.9102000594139099,
    0.9176000356674194
  ],
  "accs_before_deletion": [
    0.9310000538825989,
    0.9226000308990479,
    0.9222000241279602,
    0.9262000322341919,
    0.9158000349998474,
    0.9256000518798828
  ],
  "delta": 6.982864657330156e-05,
  "ensemble_acc_after_deletion": 0.9414000511169434,
  "ensemble_acc_before_deletion": 0.9478000402450562,
  "epsilon": 5.810340633240526,
  "indicator": 1,
  "lengths_after_deletion": [
    2948,
    2947,
    2851,
    2986,
    3021,
    3006
  ],
  "rng": [
    1840831632,
    3407827104
  ],
  "shard_prediction_precision": 0.1797598898410797,
  "shard_prediction_recall": 0.1821666657924652
}