{
  "accs_after_deletion": [
    0.9206000566482544,
    0.9208000302314758,
    0.9170000553131104,
    0.9188000559806824,
    0.9114000201225281,
    0.9254000186920166
  ],
  "accs_before_deletion": [
    0.9220000505447388,
    0.9130000472068787,
    0.9246000647544861,
    0.9340000152587891,
    0.9202000498771667,
    0.9270000457763672
  ],
  "delta": 6.982864657330156e-05,
  "ensemble_acc_after_deletion": 0.9456000328063965,
  "ensemble_acc_before_deletion": 0.9482000470161438,
  "epsilon": 5.810340633240526,
  "indicator": 0,
  "lengths_after_deletion": [
    2541,
    2543,
    2493,
    2592,
    2570,
    2647
  ],
  "rng": [
    1852657159,
    1551299779
  ],
  "shard_prediction_precision": 0.1804598867893219,
  "shard_prediction_recall": 0.20666666328907013
}