{
  "accs_after_deletion": [
    0.9224000573158264,
    0.9224000573158264,
    0.9196000695228577,
    0.9254000186920166,
    0.9242000579833984,
    0.9236000180244446
  ],
  "accs_before_deletion": [
    0.9288000464439392,
    0.9136000275611877,
    0.9258000254631042,
    0.9258000254631042,
    0.9202000498771667,
    0.9366000294685364
  ],
  "delta": 6.982864657330156e-05,
  "ensemble_acc_after_deletion": 0.9432000517845154,
  "ensemble_acc_before_deletion": 0.9456000328063965,
  "epsilon": 5.810340633240526,
  "indicator": 1,
  "lengths_after_deletion": [
    2544,
    2477,
    2468,
    2606,
    2608,
    2642
  ],
  "rng": [
    1906867961,
    597621747
  ],
  "shard_prediction_precision": 0.17734205722808838,
  "shard_prediction_recall": 0.20350000262260437
}