{
  "accs_after_deletion": [
    0.9282000660896301,
    0.921000063419342,
    0.9058000445365906,
    0.9262000322341919,
    0.9140000343322754,
    0.9190000295639038
  ],
  "accs_before_deletion": [
    0.9204000234603882,
    0.9276000261306763,
    0.910800039768219,
    0.9240000247955322,
    0.9230000376701355,
    0.9302000403404236
  ],
  "delta": 6.982864657330156e-05,
  "ensemble_acc_after_deletion": 0.9452000260353088,
  "ensemble_acc_before_deletion": 0.9470000267028809,
  "epsilon": 5.810340633240526,
  "indicator": 1,
  "lengths_after_deletion": [
    2180,
    2270,
    2174,
    2364,
    2245,
    2270
  ],
  "rng": [
    192475664,
    1548306878
  ],
  "shard_prediction_precision": 0.17637906968593597,
  "shard_prediction_recall": 0.2204444408416748
}