{
  "accs_after_deletion": [
    0.915600061416626,
    0.914400041103363,
    0.9054000377655029,
    0.9162000417709351,
    0.8990000486373901,
    0.9220000505447388
  ],
  "accs_before_deletion": [
    0.9146000146865845,
    0.9182000160217285,
    0.9130000472068787,
    0.9194000363349915,
    0.9130000472068787,
    0.9204000234603882
  ],
  "delta": 6.982864657330156e-05,
  "ensemble_acc_after_deletion": 0.9364000558853149,
  "ensemble_acc_before_deletion": 0.9448000192642212,
  "epsilon": 5.810340633240526,
  "indicator": 1,
  "lengths_after_deletion": [
    2782,
    2860,
    2916,
    2969,
    2925,
    2972
  ],
  "rng": [
    1925728923,
    4065730821
  ],
  "shard_prediction_precision": 0.18168605864048004,
  "shard_prediction_recall": 0.1875
}