{
  "accs_after_deletion": [
    0.9204000234603882,
    0.9128000140190125,
    0.9244000315666199,
    0.9162000417709351,
    0.9204000234603882,
    0.9248000383377075
  ],
  "accs_before_deletion": [
    0.9248000383377075,
    0.9216000437736511,
    0.9286000728607178,
    0.9240000247955322,
    0.917400062084198,
    0.9266000390052795
  ],
  "delta": 6.982864657330156e-05,
  "ensemble_acc_after_deletion": 0.9432000517845154,
  "ensemble_acc_before_deletion": 0.9470000267028809,
  "epsilon": 5.810340633240526,
  "indicator": 1,
  "lengths_after_deletion": [
    3007,
    2990,
    2943,
    3060,
    2970,
    3039
  ],
  "rng": [
    1930495620,
    2211353705
  ],
  "shard_prediction_precision": 0.17492079734802246,
  "shard_prediction_recall": 0.17483334243297577
}