{
  "accs_after_deletion": [
    0.9134000539779663,
    0.91920006275177,
    0.9150000214576721,
    0.9220000505447388,
    0.9106000661849976,
    0.9124000668525696
  ],
  "accs_before_deletion": [
    0.91920006275177,
    0.9262000322341919,
    0.9190000295639038,
    0.9270000457763672,
    0.921000063419342,
    0.9158000349998474
  ],
  "delta": 6.982864657330156e-05,
  "ensemble_acc_after_deletion": 0.9376000165939331,
  "ensemble_acc_before_deletion": 0.9456000328063965,
  "epsilon": 5.810340633240526,
  "indicator": 0,
  "lengths_after_deletion": [
    3948,
    4045,
    4005,
    4108,
    4091,
    4092
  ],
  "rng": [
    1941307238,
    2096140001
  ],
  "shard_prediction_precision": 0.17880626022815704,
  "shard_prediction_recall": 0.11633333563804626
}