{
  "accs_after_deletion": [
    0.9170000553131104,
    0.9160000681877136,
    0.9116000533103943,
    0.914400041103363,
    0.9168000221252441,
    0.9220000505447388
  ],
  "accs_before_deletion": [
    0.9292000532150269,
    0.9208000302314758,
    0.9146000146865845,
    0.9208000302314758,
    0.9110000729560852,
    0.9266000390052795
  ],
  "delta": 6.982864657330156e-05,
  "ensemble_acc_after_deletion": 0.9404000639915466,
  "ensemble_acc_before_deletion": 0.9430000185966492,
  "epsilon": 5.810340633240526,
  "indicator": 1,
  "lengths_after_deletion": [
    3920,
    3925,
    3866,
    3954,
    3932,
    4057
  ],
  "rng": [
    1957850157,
    2734630674
  ],
  "shard_prediction_precision": 0.18240725994110107,
  "shard_prediction_recall": 0.12511111795902252
}