{
  "accs_after_deletion": [
    0.9112000465393066,
    0.921000063419342,
    0.9142000675201416,
    0.9124000668525696,
    0.9118000268936157,
    0.9178000688552856
  ],
  "accs_before_deletion": [
    0.9202000498771667,
    0.9288000464439392,
    0.9230000376701355,
    0.9200000166893005,
    0.9234000444412231,
    0.9308000206947327
  ],
  "delta": 6.982864657330156e-05,
  "ensemble_acc_after_deletion": 0.9420000314712524,
  "ensemble_acc_before_deletion": 0.9476000666618347,
  "epsilon": 5.810340633240526,
  "indicator": 0,
  "lengths_after_deletion": [
    2222,
    2236,
    2206,
    2300,
    2337,
    2278
  ],
  "rng": [
    1962960470,
    3426823110
  ],
  "shard_prediction_precision": 0.17822577059268951,
  "shard_prediction_recall": 0.22200000286102295
}