{
  "accs_after_deletion": [
    0.9204000234603882,
    0.9182000160217285,
    0.9146000146865845,
    0.9130000472068787,
    0.9122000336647034,
    0.9226000308990479
  ],
  "accs_before_deletion": [
    0.9202000498771667,
    0.9230000376701355,
    0.9220000505447388,
    0.9278000593185425,
    0.9220000505447388,
    0.9140000343322754
  ],
  "delta": 6.982864657330156e-05,
  "ensemble_acc_after_deletion": 0.9402000308036804,
  "ensemble_acc_before_deletion": 0.9450000524520874,
  "epsilon": 5.810340633240526,
  "indicator": 0,
  "lengths_after_deletion": [
    2640,
    2644,
    2556,
    2661,
    2638,
    2683
  ],
  "rng": [
    2121900794,
    1221476701
  ],
  "shard_prediction_precision": 0.17216770350933075,
  "shard_prediction_recall": 0.19300000369548798
}