{
  "accs_after_deletion": [
    0.909600019454956,
    0.909600019454956,
    0.9158000349998474,
    0.9184000492095947,
    0.909000039100647,
    0.9152000546455383
  ],
  "accs_before_deletion": [
    0.9134000539779663,
    0.9148000478744507,
    0.9122000336647034,
    0.9162000417709351,
    0.9238000512123108,
    0.932200014591217
  ],
  "delta": 6.982864657330156e-05,
  "ensemble_acc_after_deletion": 0.9392000436782837,
  "ensemble_acc_before_deletion": 0.9432000517845154,
  "epsilon": 5.810340633240526,
  "indicator": 1,
  "lengths_after_deletion": [
    1943,
    1934,
    1973,
    2059,
    2038,
    2027
  ],
  "rng": [
    2122693468,
    3173558217
  ],
  "shard_prediction_precision": 0.17668358981609344,
  "shard_prediction_recall": 0.2358333319425583
}