{
  "accs_after_deletion": [
    0.9120000600814819,
    0.9240000247955322,
    0.9116000533103943,
    0.9196000695228577,
    0.9130000472068787,
    0.9262000322341919
  ],
  "accs_before_deletion": [
    0.9170000553131104,
    0.9186000227928162,
    0.9228000640869141,
    0.931600034236908,
    0.9180000424385071,
    0.9170000553131104
  ],
  "delta": 6.982864657330156e-05,
  "ensemble_acc_after_deletion": 0.9438000321388245,
  "ensemble_acc_before_deletion": 0.9432000517845154,
  "epsilon": 5.810340633240526,
  "indicator": 1,
  "lengths_after_deletion": [
    2912,
    2846,
    2906,
    2988,
    2884,
    2871
  ],
  "rng": [
    2127322337,
    505995979
  ],
  "shard_prediction_precision": 0.1710858941078186,
  "shard_prediction_recall": 0.1767222285270691
}