{
  "accs_after_deletion": [
    0.9166000485420227,
    0.9048000574111938,
    0.9110000729560852,
    0.9224000573158264,
    0.907200038433075,
    0.9190000295639038
  ],
  "accs_before_deletion": [
    0.9186000227928162,
    0.9124000668525696,
    0.9242000579833984,
    0.9260000586509705,
    0.9228000640869141,
    0.9230000376701355
  ],
  "delta": 6.982864657330156e-05,
  "ensemble_acc_after_deletion": 0.9378000497817993,
  "ensemble_acc_before_deletion": 0.9470000267028809,
  "epsilon": 5.810340633240526,
  "indicator": 1,
  "lengths_after_deletion": [
    3289,
    3302,
    3301,
    3382,
    3364,
    3406
  ],
  "rng": [
    2152958705,
    1870774239
  ],
  "shard_prediction_precision": 0.1798696368932724,
  "shard_prediction_recall": 0.15944445133209229
}