{
  "accs_after_deletion": [
    0.9186000227928162,
    0.9026000499725342,
    0.9068000316619873,
    0.9250000715255737,
    0.9128000140190125,
    0.914400041103363
  ],
  "accs_before_deletion": [
    0.9140000343322754,
    0.9130000472068787,
    0.9220000505447388,
    0.9124000668525696,
    0.9248000383377075,
    0.9220000505447388
  ],
  "delta": 6.982864657330156e-05,
  "ensemble_acc_after_deletion": 0.9428000450134277,
  "ensemble_acc_before_deletion": 0.9442000389099121,
  "epsilon": 5.810340633240526,
  "indicator": 1,
  "lengths_after_deletion": [
    2136,
    2107,
    2141,
    2157,
    2202,
    2219
  ],
  "rng": [
    2164360568,
    883440298
  ],
  "shard_prediction_precision": 0.17675144970417023,
  "shard_prediction_recall": 0.2262222319841385
}