{
  "accs_after_deletion": [
    0.9190000295639038,
    0.9082000255584717,
    0.9128000140190125,
    0.9290000200271606,
    0.9116000533103943,
    0.9168000221252441
  ],
  "accs_before_deletion": [
    0.9226000308990479,
    0.912600040435791,
    0.9212000370025635,
    0.9240000247955322,
    0.9252000451087952,
    0.9168000221252441
  ],
  "delta": 6.982864657330156e-05,
  "ensemble_acc_after_deletion": 0.9452000260353088,
  "ensemble_acc_before_deletion": 0.9500000476837158,
  "epsilon": 5.810340633240526,
  "indicator": 1,
  "lengths_after_deletion": [
    3038,
    2970,
    3005,
    3155,
    3142,
    3155
  ],
  "rng": [
    225036253,
    2803295063
  ],
  "shard_prediction_precision": 0.17981180548667908,
  "shard_prediction_recall": 0.17516666650772095
}