{
  "accs_after_deletion": [
    0.9182000160217285,
    0.9120000600814819,
    0.9118000268936157,
    0.9114000201225281,
    0.8916000127792358,
    0.9184000492095947
  ],
  "accs_before_deletion": [
    0.9248000383377075,
    0.9242000579833984,
    0.9228000640869141,
    0.9264000654220581,
    0.9140000343322754,
    0.9298000335693359
  ],
  "delta": 6.982864657330156e-05,
  "ensemble_acc_after_deletion": 0.9412000179290771,
  "ensemble_acc_before_deletion": 0.9494000673294067,
  "epsilon": 5.810340633240526,
  "indicator": 0,
  "lengths_after_deletion": [
    3181,
    3206,
    3137,
    3287,
    3229,
    3331
  ],
  "rng": [
    2270838254,
    4147121015
  ],
  "shard_prediction_precision": 0.1758975237607956,
  "shard_prediction_recall": 0.16250000894069672
}