{
  "accs_after_deletion": [
    0.9046000242233276,
    0.896600067615509,
    0.9122000336647034,
    0.902400016784668,
    0.9026000499725342,
    0.9094000458717346
  ],
  "accs_before_deletion": [
    0.9258000254631042,
    0.9160000681877136,
    0.9182000160217285,
    0.9114000201225281,
    0.9296000599861145,
    0.917400062084198
  ],
  "delta": 6.982864657330156e-05,
  "ensemble_acc_after_deletion": 0.9356000423431396,
  "ensemble_acc_before_deletion": 0.9438000321388245,
  "epsilon": 5.810340633240526,
  "indicator": 1,
  "lengths_after_deletion": [
    1881,
    1916,
    1937,
    2009,
    1997,
    1936
  ],
  "rng": [
    2271612930,
    1111669034
  ],
  "shard_prediction_precision": 0.17735570669174194,
  "shard_prediction_recall": 0.2396666705608368
}