{
  "accs_after_deletion": [
    0.91920006275177,
    0.9188000559806824,
    0.9244000315666199,
    0.9116000533103943,
    0.9270000457763672,
    0.9206000566482544
  ],
  "accs_before_deletion": [
    0.9262000322341919,
    0.9158000349998474,
    0.9220000505447388,
    0.9206000566482544,
    0.9254000186920166,
    0.9278000593185425
  ],
  "delta": 6.982864657330156e-05,
  "ensemble_acc_after_deletion": 0.9474000334739685,
  "ensemble_acc_before_deletion": 0.9446000456809998,
  "epsilon": 5.810340633240526,
  "indicator": 0,
  "lengths_after_deletion": [
    2892,
    2955,
    2997,
    3080,
    2964,
    3068
  ],
  "rng": [
    2292321767,
    3144046934
  ],
  "shard_prediction_precision": 0.1798381805419922,
  "shard_prediction_recall": 0.1802777796983719
}