{
  "accs_after_deletion": [
    0.9010000228881836,
    0.909000039100647,
    0.9026000499725342,
    0.9200000166893005,
    0.907200038433075,
    0.909600019454956
  ],
  "accs_before_deletion": [
    0.9188000559806824,
    0.913800060749054,
    0.9202000498771667,
    0.9268000721931458,
    0.9222000241279602,
    0.9238000512123108
  ],
  "delta": 6.982864657330156e-05,
  "ensemble_acc_after_deletion": 0.9422000646591187,
  "ensemble_acc_before_deletion": 0.9432000517845154,
  "epsilon": 5.810340633240526,
  "indicator": 1,
  "lengths_after_deletion": [
    2241,
    2240,
    2175,
    2272,
    2321,
    2306
  ],
  "rng": [
    2377739155,
    2337570308
  ],
  "shard_prediction_precision": 0.17767877876758575,
  "shard_prediction_recall": 0.22155556082725525
}