{
  "accs_after_deletion": [
    0.9136000275611877,
    0.9110000729560852,
    0.9152000546455383,
    0.9280000329017639,
    0.9082000255584717,
    0.9114000201225281
  ],
  "accs_before_deletion": [
    0.9252000451087952,
    0.9098000526428223,
    0.9216000437736511,
    0.9328000545501709,
    0.9236000180244446,
    0.9186000227928162
  ],
  "delta": 6.982864657330156e-05,
  "ensemble_acc_after_deletion": 0.9500000476837158,
  "ensemble_acc_before_deletion": 0.9444000720977783,
  "epsilon": 5.810340633240526,
  "indicator": 1,
  "lengths_after_deletion": [
    1761,
    1715,
    1847,
    1898,
    1904,
    1886
  ],
  "rng": [
    2429103399,
    143494567
  ],
  "shard_prediction_precision": 0.17527711391448975,
  "shard_prediction_recall": 0.2433333396911621
}