{
  "accs_after_deletion": [
    0.921000063419342,
    0.9166000485420227,
    0.9228000640869141,
    0.9268000721931458,
    0.9140000343322754,
    0.9088000655174255
  ],
  "accs_before_deletion": [
    0.9286000728607178,
    0.9220000505447388,
    0.9148000478744507,
    0.9244000315666199,
    0.9190000295639038,
    0.9232000708580017
  ],
  "delta": 6.982864657330156e-05,
  "ensemble_acc_after_deletion": 0.9446000456809998,
  "ensemble_acc_before_deletion": 0.9460000395774841,
  "epsilon": 5.810340633240526,
  "indicator": 0,
  "lengths_after_deletion": [
    2388,
    2348,
    2379,
    2514,
    2490,
    2563
  ],
  "rng": [
    2452875420,
    70062004
  ],
  "shard_prediction_precision": 0.1806923747062683,
  "shard_prediction_recall": 0.21400000154972076
}