{
  "accs_after_deletion": [
    0.9146000146865845,
    0.91920006275177,
    0.9058000445365906,
    0.907200038433075,
    0.9200000166893005,
    0.913800060749054
  ],
  "accs_before_deletion": [
    0.91920006275177,
    0.9256000518798828,
    0.9120000600814819,
    0.9274000525474548,
    0.9260000586509705,
    0.9206000566482544
  ],
  "delta": 6.982864657330156e-05,
  "ensemble_acc_after_deletion": 0.9426000714302063,
  "ensemble_acc_before_deletion": 0.9468000531196594,
  "epsilon": 5.810340633240526,
  "indicator": 1,
  "lengths_after_deletion": [
    3375,
    3410,
    3391,
    3412,
    3502,
    3450
  ],
  "rng": [
    2506033145,
    1392684771
  ],
  "shard_prediction_precision": 0.17755497992038727,
  "shard_prediction_recall": 0.1525000035762787
}