{
  "accs_after_deletion": [
    0.9146000146865845,
    0.9092000722885132,
    0.9046000242233276,
    0.9172000288963318,
    0.9112000465393066,
    0.9204000234603882
  ],
  "accs_before_deletion": [
    0.9234000444412231,
    0.9186000227928162,
    0.9208000302314758,
    0.9198000431060791,
    0.9198000431060791,
    0.921000063419342
  ],
  "delta": 6.982864657330156e-05,
  "ensemble_acc_after_deletion": 0.9410000443458557,
  "ensemble_acc_before_deletion": 0.9466000199317932,
  "epsilon": 5.810340633240526,
  "indicator": 1,
  "lengths_after_deletion": [
    3093,
    3140,
    3144,
    3214,
    3225,
    3257
  ],
  "rng": [
    2506162218,
    1320429684
  ],
  "shard_prediction_precision": 0.1754002422094345,
  "shard_prediction_recall": 0.16494444012641907
}