{
  "accs_after_deletion": [
    0.9232000708580017,
    0.9222000241279602,
    0.921000063419342,
    0.921000063419342,
    0.9168000221252441,
    0.9166000485420227
  ],
  "accs_before_deletion": [
    0.9202000498771667,
    0.914400041103363,
    0.917400062084198,
    0.9168000221252441,
    0.9114000201225281,
    0.9236000180244446
  ],
  "delta": 6.982864657330156e-05,
  "ensemble_acc_after_deletion": 0.941800057888031,
  "ensemble_acc_before_deletion": 0.9416000247001648,
  "epsilon": 5.810340633240526,
  "indicator": 0,
  "lengths_after_deletion": [
    3663,
    3661,
    3601,
    3619,
    3784,
    3762
  ],
  "rng": [
    2626346901,
    3466234615
  ],
  "shard_prediction_precision": 0.18001438677310944,
  "shard_prediction_recall": 0.13911111652851105
}