{
  "accs_after_deletion": [
    0.9270000457763672,
    0.9146000146865845,
    0.9010000228881836,
    0.9184000492095947,
    0.9164000153541565,
    0.9172000288963318
  ],
  "accs_before_deletion": [
    0.9214000701904297,
    0.9256000518798828,
    0.9190000295639038,
    0.9212000370025635,
    0.9206000566482544,
    0.9302000403404236
  ],
  "delta": 6.982864657330156e-05,
  "ensemble_acc_after_deletion": 0.9432000517845154,
  "ensemble_acc_before_deletion": 0.9470000267028809,
  "epsilon": 5.810340633240526,
  "indicator": 1,
  "lengths_after_deletion": [
    2623,
    2599,
    2564,
    2795,
    2742,
    2695
  ],
  "rng": [
    2631010906,
    1621421688
  ],
  "shard_prediction_precision": 0.182264044880867,
  "shard_prediction_recall": 0.20233333110809326
}