{
  "accs_after_deletion": [
    0.9152000546455383,
    0.9058000445365906,
    0.9008000493049622,
    0.9070000648498535,
    0.9116000533103943,
    0.9012000560760498
  ],
  "accs_before_deletion": [
    0.9282000660896301,
    0.9258000254631042,
    0.9194000363349915,
    0.9116000533103943,
    0.9230000376701355,
    0.9164000153541565
  ],
  "delta": 6.982864657330156e-05,
  "ensemble_acc_after_deletion": 0.932200014591217,
  "ensemble_acc_before_deletion": 0.9478000402450562,
  "epsilon": 5.810340633240526,
  "indicator": 0,
  "lengths_after_deletion": [
    3707,
    3655,
    3676,
    3725,
    3754,
    3748
  ],
  "rng": [
    2642444907,
    93402625
  ],
  "shard_prediction_precision": 0.1745176464319229,
  "shard_prediction_recall": 0.13316667079925537
}