{
  "accs_after_deletion": [
    0.9262000322341919,
    0.9180000424385071,
    0.9112000465393066,
    0.9230000376701355,
    0.9182000160217285,
    0.9184000492095947
  ],
  "accs_before_deletion": [
    0.9092000722885132,
    0.9102000594139099,
    0.9154000282287598,
    0.9252000451087952,
    0.9170000553131104,
    0.9218000173568726
  ],
  "delta": 6.982864657330156e-05,
  "ensemble_acc_after_deletion": 0.9408000707626343,
  "ensemble_acc_before_deletion": 0.945400059223175,
  "epsilon": 5.810340633240526,
  "indicator": 1,
  "lengths_after_deletion": [
    2857,
    2969,
    2864,
    2947,
    3033,
    3059
  ],
  "rng": [
    2759906846,
    2702762399
  ],
  "shard_prediction_precision": 0.17497673630714417,
  "shard_prediction_recall": 0.1776111125946045
}