{
  "accs_after_deletion": [
    0.9306000471115112,
    0.9212000370025635,
    0.915600061416626,
    0.9122000336647034,
    0.9184000492095947,
    0.9224000573158264
  ],
  "accs_before_deletion": [
    0.9302000403404236,
    0.9248000383377075,
    0.914400041103363,
    0.9250000715255737,
    0.9242000579833984,
    0.9306000471115112
  ],
  "delta": 6.982864657330156e-05,
  "ensemble_acc_after_deletion": 0.9472000598907471,
  "ensemble_acc_before_deletion": 0.9450000524520874,
  "epsilon": 5.810340633240526,
  "indicator": 0,
  "lengths_after_deletion": [
    2309,
    2307,
    2323,
    2478,
    2296,
    2331
  ],
  "rng": [
    2792581602,
    14893158
  ],
  "shard_prediction_precision": 0.1769447922706604,
  "shard_prediction_recall": 0.21583333611488342
}