{
  "accs_after_deletion": [
    0.8952000141143799,
    0.9010000228881836,
    0.9092000722885132,
    0.9098000526428223,
    0.9056000709533691,
    0.8690000176429749
  ],
  "accs_before_deletion": [
    0.9106000661849976,
    0.9132000207901001,
    0.9164000153541565,
    0.9206000566482544,
    0.9254000186920166,
    0.9180000424385071
  ],
  "delta": 6.982864657330156e-05,
  "ensemble_acc_after_deletion": 0.9386000633239746,
  "ensemble_acc_before_deletion": 0.9478000402450562,
  "epsilon": 5.810340633240526,
  "indicator": 0,
  "lengths_after_deletion": [
    2146,
    2113,
    2071,
    2223,
    2215,
    2132
  ],
  "rng": [
    2800953506,
    765276057
  ],
  "shard_prediction_precision": 0.1796969622373581,
  "shard_prediction_recall": 0.23061111569404602
}