{
  "accs_after_deletion": [
    0.9110000729560852,
    0.9234000444412231,
    0.917400062084198,
    0.9118000268936157,
    0.9242000579833984,
    0.9266000390052795
  ],
  "accs_before_deletion": [
    0.9176000356674194,
    0.9088000655174255,
    0.9196000695228577,
    0.9230000376701355,
    0.9236000180244446,
    0.9206000566482544
  ],
  "delta": 6.982864657330156e-05,
  "ensemble_acc_after_deletion": 0.9472000598907471,
  "ensemble_acc_before_deletion": 0.9430000185966492,
  "epsilon": 5.810340633240526,
  "indicator": 1,
  "lengths_after_deletion": [
    3351,
    3284,
    3384,
    3356,
    3449,
    3344
  ],
  "rng": [
    2812583911,
    1964599804
  ],
  "shard_prediction_precision": 0.18184688687324524,
  "shard_prediction_recall": 0.15994444489479065
}