{
  "accs_after_deletion": [
    0.9188000559806824,
    0.9050000309944153,
    0.909000039100647,
    0.9084000587463379,
    0.9062000513076782,
    0.9152000546455383
  ],
  "accs_before_deletion": [
    0.9172000288963318,
    0.9280000329017639,
    0.9274000525474548,
    0.9228000640869141,
    0.9238000512123108,
    0.9162000417709351
  ],
  "delta": 6.982864657330156e-05,
  "ensemble_acc_after_deletion": 0.9424000382423401,
  "ensemble_acc_before_deletion": 0.9466000199317932,
  "epsilon": 5.810340633240526,
  "indicator": 0,
  "lengths_after_deletion": [
    2416,
    2426,
    2468,
    2611,
    2499,
    2517
  ],
  "rng": [
    2845404339,
    1152141657
  ],
  "shard_prediction_precision": 0.17732515931129456,
  "shard_prediction_recall": 0.20749999582767487
}