{
  "accs_after_deletion": [
    0.9086000323295593,
    0.9180000424385071,
    0.9094000458717346,
    0.9214000701904297,
    0.9124000668525696,
    0.9236000180244446
  ],
  "accs_before_deletion": [
    0.912600040435791,
    0.9226000308990479,
    0.9178000688552856,
    0.9228000640869141,
    0.9158000349998474,
    0.9250000715255737
  ],
  "delta": 6.982864657330156e-05,
  "ensemble_acc_after_deletion": 0.9432000517845154,
  "ensemble_acc_before_deletion": 0.9430000185966492,
  "epsilon": 5.810340633240526,
  "indicator": 1,
  "lengths_after_deletion": [
    2474,
    2597,
    2541,
    2659,
    2665,
    2658
  ],
  "rng": [
    2904952803,
    4257747135
  ],
  "shard_prediction_precision": 0.1795550435781479,
  "shard_prediction_recall": 0.20355555415153503
}