{
  "accs_after_deletion": [
    0.9266000390052795,
    0.8988000154495239,
    0.9132000207901001,
    0.9236000180244446,
    0.9114000201225281,
    0.9100000262260437
  ],
  "accs_before_deletion": [
    0.9266000390052795,
    0.9184000492095947,
    0.9264000654220581,
    0.9258000254631042,
    0.9186000227928162,
    0.9260000586509705
  ],
  "delta": 6.982864657330156e-05,
  "ensemble_acc_after_deletion": 0.9410000443458557,
  "ensemble_acc_before_deletion": 0.9496000409126282,
  "epsilon": 5.810340633240526,
  "indicator": 1,
  "lengths_after_deletion": [
    3238,
    3205,
    3131,
    3348,
    3275,
    3295
  ],
  "rng": [
    2932303305,
    1423914106
  ],
  "shard_prediction_precision": 0.1814877688884735,
  "shard_prediction_recall": 0.16644445061683655
}