{
  "accs_after_deletion": [
    0.9092000722885132,
    0.9160000681877136,
    0.9164000153541565,
    0.9160000681877136,
    0.9158000349998474,
    0.9286000728607178
  ],
  "accs_before_deletion": [
    0.9266000390052795,
    0.9188000559806824,
    0.9106000661849976,
    0.9186000227928162,
    0.9172000288963318,
    0.9346000552177429
  ],
  "delta": 6.982864657330156e-05,
  "ensemble_acc_after_deletion": 0.9464000463485718,
  "ensemble_acc_before_deletion": 0.9446000456809998,
  "epsilon": 5.810340633240526,
  "indicator": 1,
  "lengths_after_deletion": [
    3774,
    3850,
    3924,
    3985,
    3897,
    3918
  ],
  "rng": [
    2960241768,
    4246585049
  ],
  "shard_prediction_precision": 0.17965538799762726,
  "shard_prediction_recall": 0.12627777457237244
}