{
  "accs_after_deletion": [
    0.9026000499725342,
    0.912600040435791,
    0.9230000376701355,
    0.9206000566482544,
    0.9116000533103943,
    0.9166000485420227
  ],
  "accs_before_deletion": [
    0.9082000255584717,
    0.9246000647544861,
    0.9074000716209412,
    0.9266000390052795,
    0.9152000546455383,
    0.9198000431060791
  ],
  "delta": 6.982864657330156e-05,
  "ensemble_acc_after_deletion": 0.9392000436782837,
  "ensemble_acc_before_deletion": 0.9446000456809998,
  "epsilon": 5.810340633240526,
  "indicator": 1,
  "lengths_after_deletion": [
    4285,
    4195,
    4242,
    4316,
    4281,
    4324
  ],
  "rng": [
    3061756714,
    1207098485
  ],
  "shard_prediction_precision": 0.18113353848457336,
  "shard_prediction_recall": 0.10422222316265106
}