{
  "accs_after_deletion": [
    0.9088000655174255,
    0.910800039768219,
    0.9188000559806824,
    0.9172000288963318,
    0.9136000275611877,
    0.9178000688552856
  ],
  "accs_before_deletion": [
    0.9330000281333923,
    0.9112000465393066,
    0.9234000444412231,
    0.9206000566482544,
    0.9234000444412231,
    0.9240000247955322
  ],
  "delta": 6.982864657330156e-05,
  "ensemble_acc_after_deletion": 0.9410000443458557,
  "ensemble_acc_before_deletion": 0.9468000531196594,
  "epsilon": 5.810340633240526,
  "indicator": 1,
  "lengths_after_deletion": [
    4215,
    4229,
    4224,
    4275,
    4285,
    4265
  ],
  "rng": [
    3097621084,
    757991611
  ],
  "shard_prediction_precision": 0.18340153992176056,
  "shard_prediction_recall": 0.10705555975437164
}