{
  "accs_after_deletion": [
    0.9182000160217285,
    0.9150000214576721,
    0.9240000247955322,
    0.9186000227928162,
    0.9148000478744507,
    0.9166000485420227
  ],
  "accs_before_deletion": [
    0.9256000518798828,
    0.9228000640869141,
    0.9172000288963318,
    0.9212000370025635,
    0.913800060749054,
    0.9130000472068787
  ],
  "delta": 6.982864657330156e-05,
  "ensemble_acc_after_deletion": 0.9426000714302063,
  "ensemble_acc_before_deletion": 0.9492000341415405,
  "epsilon": 5.810340633240526,
  "indicator": 0,
  "lengths_after_deletion": [
    3072,
    3042,
    3064,
    3151,
    3071,
    3102
  ],
  "rng": [
    3105222792,
    1617383526
  ],
  "shard_prediction_precision": 0.17784889042377472,
  "shard_prediction_recall": 0.1728888899087906
}