{
  "accs_after_deletion": [
    0.907800018787384,
    0.9148000478744507,
    0.9168000221252441,
    0.9236000180244446,
    0.9136000275611877,
    0.9254000186920166
  ],
  "accs_before_deletion": [
    0.9196000695228577,
    0.9190000295639038,
    0.9212000370025635,
    0.9296000599861145,
    0.9188000559806824,
    0.9286000728607178
  ],
  "delta": 6.982864657330156e-05,
  "ensemble_acc_after_deletion": 0.9458000659942627,
  "ensemble_acc_before_deletion": 0.9490000605583191,
  "epsilon": 5.810340633240526,
  "indicator": 1,
  "lengths_after_deletion": [
    2772,
    2765,
    2843,
    2850,
    2797,
    2903
  ],
  "rng": [
    3107694468,
    2411983284
  ],
  "shard_prediction_precision": 0.17886734008789062,
  "shard_prediction_recall": 0.18950000405311584
}