{
  "accs_after_deletion": [
    0.8888000249862671,
    0.9084000587463379,
    0.9132000207901001,
    0.9166000485420227,
    0.9120000600814819,
    0.9228000640869141
  ],
  "accs_before_deletion": [
    0.917400062084198,
    0.9084000587463379,
    0.9266000390052795,
    0.9236000180244446,
    0.9256000518798828,
    0.9230000376701355
  ],
  "delta": 6.982864657330156e-05,
  "ensemble_acc_after_deletion": 0.9394000172615051,
  "ensemble_acc_before_deletion": 0.9468000531196594,
  "epsilon": 5.810340633240526,
  "indicator": 1,
  "lengths_after_deletion": [
    2283,
    2208,
    2255,
    2296,
    2379,
    2408
  ],
  "rng": [
    3119848596,
    1406811609
  ],
  "shard_prediction_precision": 0.18000991642475128,
  "shard_prediction_recall": 0.22172223031520844
}