{
  "accs_after_deletion": [
    0.9218000173568726,
    0.9166000485420227,
    0.9236000180244446,
    0.9112000465393066,
    0.9064000248908997,
    0.9182000160217285
  ],
  "accs_before_deletion": [
    0.91920006275177,
    0.9148000478744507,
    0.9224000573158264,
    0.932200014591217,
    0.9230000376701355,
    0.9160000681877136
  ],
  "delta": 6.982864657330156e-05,
  "ensemble_acc_after_deletion": 0.9398000240325928,
  "ensemble_acc_before_deletion": 0.943600058555603,
  "epsilon": 5.810340633240526,
  "indicator": 0,
  "lengths_after_deletion": [
    3862,
    3864,
    3940,
    3880,
    3875,
    3903
  ],
  "rng": [
    3127428144,
    1490011073
  ],
  "shard_prediction_precision": 0.17884191870689392,
  "shard_prediction_recall": 0.12594445049762726
}