{
  "accs_after_deletion": [
    0.9190000295639038,
    0.9190000295639038,
    0.906000018119812,
    0.9232000708580017,
    0.9124000668525696,
    0.9220000505447388
  ],
  "accs_before_deletion": [
    0.915600061416626,
    0.9228000640869141,
    0.9178000688552856,
    0.9288000464439392,
    0.9226000308990479,
    0.9062000513076782
  ],
  "delta": 6.982864657330156e-05,
  "ensemble_acc_after_deletion": 0.9384000301361084,
  "ensemble_acc_before_deletion": 0.9456000328063965,
  "epsilon": 5.810340633240526,
  "indicator": 1,
  "lengths_after_deletion": [
    2829,
    2853,
    2801,
    2977,
    2883,
    2927
  ],
  "rng": [
    314857118,
    3605363481
  ],
  "shard_prediction_precision": 0.1754404753446579,
  "shard_prediction_recall": 0.18255555629730225
}