{
  "accs_after_deletion": [
    0.9116000533103943,
    0.9132000207901001,
    0.9186000227928162,
    0.9130000472068787,
    0.9104000329971313,
    0.9260000586509705
  ],
  "accs_before_deletion": [
    0.9132000207901001,
    0.9238000512123108,
    0.9236000180244446,
    0.9130000472068787,
    0.9128000140190125,
    0.9230000376701355
  ],
  "delta": 6.982864657330156e-05,
  "ensemble_acc_after_deletion": 0.9376000165939331,
  "ensemble_acc_before_deletion": 0.9414000511169434,
  "epsilon": 5.810340633240526,
  "indicator": 1,
  "lengths_after_deletion": [
    4333,
    4273,
    4251,
    4371,
    4268,
    4340
  ],
  "rng": [
    3155946989,
    3099817704
  ],
  "shard_prediction_precision": 0.18093270063400269,
  "shard_prediction_recall": 0.10216666758060455
}