{
  "accs_after_deletion": [
    0.9216000437736511,
    0.9208000302314758,
    0.9154000282287598,
    0.9142000675201416,
    0.9152000546455383,
    0.9202000498771667
  ],
  "accs_before_deletion": [
    0.9212000370025635,
    0.921000063419342,
    0.9208000302314758,
    0.9252000451087952,
    0.9262000322341919,
    0.9280000329017639
  ],
  "delta": 6.982864657330156e-05,
  "ensemble_acc_after_deletion": 0.9432000517845154,
  "ensemble_acc_before_deletion": 0.9440000653266907,
  "epsilon": 5.810340633240526,
  "indicator": 0,
  "lengths_after_deletion": [
    3254,
    3245,
    3243,
    3365,
    3348,
    3295
  ],
  "rng": [
    3186592352,
    2928184571
  ],
  "shard_prediction_precision": 0.1750769317150116,
  "shard_prediction_recall": 0.15805555880069733
}