{
  "accs_after_deletion": [
    0.915600061416626,
    0.9062000513076782,
    0.9142000675201416,
    0.9168000221252441,
    0.9200000166893005,
    0.9220000505447388
  ],
  "accs_before_deletion": [
    0.9166000485420227,
    0.9152000546455383,
    0.9116000533103943,
    0.9232000708580017,
    0.9086000323295593,
    0.9234000444412231
  ],
  "delta": 6.982864657330156e-05,
  "ensemble_acc_after_deletion": 0.9408000707626343,
  "ensemble_acc_before_deletion": 0.938800036907196,
  "epsilon": 5.810340633240526,
  "indicator": 1,
  "lengths_after_deletion": [
    3438,
    3391,
    3375,
    3477,
    3547,
    3404
  ],
  "rng": [
    3213213572,
    2375751938
  ],
  "shard_prediction_precision": 0.18154607713222504,
  "shard_prediction_recall": 0.1550000011920929
}