{
  "accs_after_deletion": [
    0.9034000635147095,
    0.914400041103363,
    0.9008000493049622,
    0.9084000587463379,
    0.9110000729560852,
    0.9184000492095947
  ],
  "accs_before_deletion": [
    0.9308000206947327,
    0.9134000539779663,
    0.9140000343322754,
    0.9240000247955322,
    0.91920006275177,
    0.9286000728607178
  ],
  "delta": 6.982864657330156e-05,
  "ensemble_acc_after_deletion": 0.937000036239624,
  "ensemble_acc_before_deletion": 0.9464000463485718,
  "epsilon": 5.810340633240526,
  "indicator": 1,
  "lengths_after_deletion": [
    3095,
    3178,
    3101,
    3227,
    3176,
    3221
  ],
  "rng": [
    3267952913,
    1241733969
  ],
  "shard_prediction_precision": 0.179214209318161,
  "shard_prediction_recall": 0.16927777230739594
}