{
  "accs_after_deletion": [
    0.9070000648498535,
    0.9082000255584717,
    0.9054000377655029,
    0.9160000681877136,
    0.9132000207901001,
    0.9208000302314758
  ],
  "accs_before_deletion": [
    0.9206000566482544,
    0.9190000295639038,
    0.9152000546455383,
    0.9254000186920166,
    0.9114000201225281,
    0.9204000234603882
  ],
  "delta": 6.982864657330156e-05,
  "ensemble_acc_after_deletion": 0.9384000301361084,
  "ensemble_acc_before_deletion": 0.9408000707626343,
  "epsilon": 5.810340633240526,
  "indicator": 1,
  "lengths_after_deletion": [
    2231,
    2193,
    2159,
    2252,
    2321,
    2264
  ],
  "rng": [
    3280275481,
    2650631731
  ],
  "shard_prediction_precision": 0.1740921139717102,
  "shard_prediction_recall": 0.2183888852596283
}