{
  "accs_after_deletion": [
    0.9222000241279602,
    0.9194000363349915,
    0.921000063419342,
    0.9230000376701355,
    0.9216000437736511,
    0.9212000370025635
  ],
  "accs_before_deletion": [
    0.9266000390052795,
    0.9168000221252441,
    0.9186000227928162,
    0.935200035572052,
    0.9216000437736511,
    0.9208000302314758
  ],
  "delta": 6.982864657330156e-05,
  "ensemble_acc_after_deletion": 0.9458000659942627,
  "ensemble_acc_before_deletion": 0.9496000409126282,
  "epsilon": 5.810340633240526,
  "indicator": 1,
  "lengths_after_deletion": [
    3372,
    3403,
    3404,
    3459,
    3377,
    3526
  ],
  "rng": [
    3285661186,
    813390821
  ],
  "shard_prediction_precision": 0.17394398152828217,
  "shard_prediction_recall": 0.1493888944387436
}