{
  "accs_after_deletion": [
    0.9064000248908997,
    0.9206000566482544,
    0.8974000215530396,
    0.9140000343322754,
    0.9182000160217285,
    0.9052000641822815
  ],
  "accs_before_deletion": [
    0.9176000356674194,
    0.9230000376701355,
    0.9114000201225281,
    0.9172000288963318,
    0.9258000254631042,
    0.9292000532150269
  ],
  "delta": 6.982864657330156e-05,
  "ensemble_acc_after_deletion": 0.9442000389099121,
  "ensemble_acc_before_deletion": 0.9420000314712524,
  "epsilon": 5.810340633240526,
  "indicator": 1,
  "lengths_after_deletion": [
    2350,
    2369,
    2400,
    2512,
    2545,
    2443
  ],
  "rng": [
    3289081608,
    3156967353
  ],
  "shard_prediction_precision": 0.1758570820093155,
  "shard_prediction_recall": 0.20888888835906982
}