{
  "accs_after_deletion": [
    0.9082000255584717,
    0.909000039100647,
    0.909600019454956,
    0.9166000485420227,
    0.9180000424385071,
    0.9176000356674194
  ],
  "accs_before_deletion": [
    0.9106000661849976,
    0.921000063419342,
    0.9222000241279602,
    0.9102000594139099,
    0.9244000315666199,
    0.9348000288009644
  ],
  "delta": 6.982864657330156e-05,
  "ensemble_acc_after_deletion": 0.941800057888031,
  "ensemble_acc_before_deletion": 0.9434000253677368,
  "epsilon": 5.810340633240526,
  "indicator": 1,
  "lengths_after_deletion": [
    2729,
    2693,
    2738,
    2810,
    2821,
    2743
  ],
  "rng": [
    3319978870,
    818896505
  ],
  "shard_prediction_precision": 0.1801602840423584,
  "shard_prediction_recall": 0.19483333826065063
}