{
  "accs_after_deletion": [
    0.9122000336647034,
    0.9112000465393066,
    0.9058000445365906,
    0.912600040435791,
    0.9004000425338745,
    0.9028000235557556
  ],
  "accs_before_deletion": [
    0.9288000464439392,
    0.9234000444412231,
    0.9120000600814819,
    0.9268000721931458,
    0.9146000146865845,
    0.9202000498771667
  ],
  "delta": 6.982864657330156e-05,
  "ensemble_acc_after_deletion": 0.9354000687599182,
  "ensemble_acc_before_deletion": 0.9428000450134277,
  "epsilon": 5.810340633240526,
  "indicator": 0,
  "lengths_after_deletion": [
    3736,
    3720,
    3699,
    3810,
    3777,
    3824
  ],
  "rng": [
    3333955894,
    3160183218
  ],
  "shard_prediction_precision": 0.18155427277088165,
  "shard_prediction_recall": 0.1354999989271164
}