{
  "accs_after_deletion": [
    0.9132000207901001,
    0.9018000364303589,
    0.917400062084198,
    0.9018000364303589,
    0.9154000282287598,
    0.909000039100647
  ],
  "accs_before_deletion": [
    0.9246000647544861,
    0.9118000268936157,
    0.9260000586509705,
    0.9198000431060791,
    0.9184000492095947,
    0.9246000647544861
  ],
  "delta": 6.982864657330156e-05,
  "ensemble_acc_after_deletion": 0.9364000558853149,
  "ensemble_acc_before_deletion": 0.9468000531196594,
  "epsilon": 5.810340633240526,
  "indicator": 0,
  "lengths_after_deletion": [
    3966,
    3988,
    3992,
    3978,
    4000,
    4089
  ],
  "rng": [
    3377815722,
    3439967017
  ],
  "shard_prediction_precision": 0.17794276773929596,
  "shard_prediction_recall": 0.1185000017285347
}