{
  "accs_after_deletion": [
    0.9114000201225281,
    0.9086000323295593,
    0.9124000668525696,
    0.9132000207901001,
    0.913800060749054,
    0.9226000308990479
  ],
  "accs_before_deletion": [
    0.9182000160217285,
    0.9206000566482544,
    0.9128000140190125,
    0.917400062084198,
    0.9246000647544861,
    0.9242000579833984
  ],
  "delta": 6.982864657330156e-05,
  "ensemble_acc_after_deletion": 0.9460000395774841,
  "ensemble_acc_before_deletion": 0.9440000653266907,
  "epsilon": 5.810340633240526,
  "indicator": 1,
  "lengths_after_deletion": [
    2904,
    2999,
    2951,
    3022,
    3029,
    3156
  ],
  "rng": [
    3393390865,
    2789399658
  ],
  "shard_prediction_precision": 0.17910698056221008,
  "shard_prediction_recall": 0.1784999966621399
}