{
  "accs_after_deletion": [
    0.8992000222206116,
    0.8988000154495239,
    0.907800018787384,
    0.9158000349998474,
    0.906000018119812,
    0.9130000472068787
  ],
  "accs_before_deletion": [
    0.9166000485420227,
    0.9268000721931458,
    0.9242000579833984,
    0.9256000518798828,
    0.9190000295639038,
    0.9120000600814819
  ],
  "delta": 6.982864657330156e-05,
  "ensemble_acc_after_deletion": 0.9320000410079956,
  "ensemble_acc_before_deletion": 0.9482000470161438,
  "epsilon": 5.810340633240526,
  "indicator": 1,
  "lengths_after_deletion": [
    3316,
    3339,
    3274,
    3406,
    3452,
    3446
  ],
  "rng": [
    3417112283,
    1993059410
  ],
  "shard_prediction_precision": 0.1816451996564865,
  "shard_prediction_recall": 0.1591111123561859
}