{
  "accs_after_deletion": [
    0.9036000370979309,
    0.9020000696182251,
    0.9034000635147095,
    0.9062000513076782,
    0.9052000641822815,
    0.9088000655174255
  ],
  "accs_before_deletion": [
    0.9230000376701355,
    0.9250000715255737,
    0.9212000370025635,
    0.9222000241279602,
    0.9154000282287598,
    0.9190000295639038
  ],
  "delta": 6.982864657330156e-05,
  "ensemble_acc_after_deletion": 0.9280000329017639,
  "ensemble_acc_before_deletion": 0.9438000321388245,
  "epsilon": 5.810340633240526,
  "indicator": 1,
  "lengths_after_deletion": [
    2362,
    2236,
    2316,
    2451,
    2359,
    2286
  ],
  "rng": [
    3457662184,
    738062528
  ],
  "shard_prediction_precision": 0.17776261270046234,
  "shard_prediction_recall": 0.21716666221618652
}