{
  "accs_after_deletion": [
    0.9162000417709351,
    0.9130000472068787,
    0.9134000539779663,
    0.9172000288963318,
    0.9238000512123108,
    0.9160000681877136
  ],
  "accs_before_deletion": [
    0.9234000444412231,
    0.914400041103363,
    0.9166000485420227,
    0.9146000146865845,
    0.9220000505447388,
    0.9194000363349915
  ],
  "delta": 6.982864657330156e-05,
  "ensemble_acc_after_deletion": 0.9420000314712524,
  "ensemble_acc_before_deletion": 0.9448000192642212,
  "epsilon": 5.810340633240526,
  "indicator": 1,
  "lengths_after_deletion": [
    2943,
    2920,
    2944,
    2987,
    2946,
    3011
  ],
  "rng": [
    3471406975,
    2335980984
  ],
  "shard_prediction_precision": 0.1777631640434265,
  "shard_prediction_recall": 0.18022222816944122
}