{
  "accs_after_deletion": [
    0.915600061416626,
    0.9050000309944153,
    0.9148000478744507,
    0.913800060749054,
    0.9198000431060791,
    0.9206000566482544
  ],
  "accs_before_deletion": [
    0.9172000288963318,
    0.9146000146865845,
    0.9158000349998474,
    0.9232000708580017,
    0.9190000295639038,
    0.921000063419342
  ],
  "delta": 6.982864657330156e-05,
  "ensemble_acc_after_deletion": 0.941800057888031,
  "ensemble_acc_before_deletion": 0.9432000517845154,
  "epsilon": 5.810340633240526,
  "indicator": 1,
  "lengths_after_deletion": [
    2944,
    2946,
    2979,
    3132,
    3030,
    3097
  ],
  "rng": [
    348941502,
    1397574919
  ],
  "shard_prediction_precision": 0.18089748919010162,
  "shard_prediction_recall": 0.17961111664772034
}