{
  "accs_after_deletion": [
    0.9238000512123108,
    0.9162000417709351,
    0.9154000282287598,
    0.912600040435791,
    0.9190000295639038,
    0.9220000505447388
  ],
  "accs_before_deletion": [
    0.917400062084198,
    0.9124000668525696,
    0.9264000654220581,
    0.9198000431060791,
    0.9178000688552856,
    0.9176000356674194
  ],
  "delta": 6.982864657330156e-05,
  "ensemble_acc_after_deletion": 0.9396000504493713,
  "ensemble_acc_before_deletion": 0.9464000463485718,
  "epsilon": 5.810340633240526,
  "indicator": 0,
  "lengths_after_deletion": [
    3036,
    3133,
    3000,
    3135,
    3069,
    3179
  ],
  "rng": [
    3491724074,
    497152068
  ],
  "shard_prediction_precision": 0.17549289762973785,
  "shard_prediction_recall": 0.17011111974716187
}