{
  "accs_after_deletion": [
    0.915600061416626,
    0.9172000288963318,
    0.9100000262260437,
    0.9082000255584717,
    0.9286000728607178,
    0.9170000553131104
  ],
  "accs_before_deletion": [
    0.9260000586509705,
    0.9140000343322754,
    0.9142000675201416,
    0.9314000606536865,
    0.91920006275177,
    0.9208000302314758
  ],
  "delta": 6.982864657330156e-05,
  "ensemble_acc_after_deletion": 0.9450000524520874,
  "ensemble_acc_before_deletion": 0.9476000666618347,
  "epsilon": 5.810340633240526,
  "indicator": 1,
  "lengths_after_deletion": [
    2555,
    2550,
    2558,
    2633,
    2665,
    2623
  ],
  "rng": [
    3513936164,
    571884911
  ],
  "shard_prediction_precision": 0.1754506379365921,
  "shard_prediction_recall": 0.19900000095367432
}