{
  "accs_after_deletion": [
    0.9190000295639038,
    0.9118000268936157,
    0.9158000349998474,
    0.9130000472068787,
    0.9264000654220581,
    0.9124000668525696
  ],
  "accs_before_deletion": [
    0.9238000512123108,
    0.9230000376701355,
    0.9172000288963318,
    0.9220000505447388,
    0.9260000586509705,
    0.9264000654220581
  ],
  "delta": 6.982864657330156e-05,
  "ensemble_acc_after_deletion": 0.9438000321388245,
  "ensemble_acc_before_deletion": 0.9460000395774841,
  "epsilon": 5.810340633240526,
  "indicator": 1,
  "lengths_after_deletion": [
    3456,
    3456,
    3483,
    3592,
    3571,
    3493
  ],
  "rng": [
    3533465968,
    356241642
  ],
  "shard_prediction_precision": 0.18061408400535583,
  "shard_prediction_recall": 0.15000000596046448
}