{
  "accs_after_deletion": [
    0.9056000709533691,
    0.9162000417709351,
    0.9130000472068787,
    0.9148000478744507,
    0.9136000275611877,
    0.9172000288963318
  ],
  "accs_before_deletion": [
    0.9274000525474548,
    0.9230000376701355,
    0.9168000221252441,
    0.9208000302314758,
    0.9222000241279602,
    0.9284000396728516
  ],
  "delta": 6.982864657330156e-05,
  "ensemble_acc_after_deletion": 0.9448000192642212,
  "ensemble_acc_before_deletion": 0.945400059223175,
  "epsilon": 5.810340633240526,
  "indicator": 1,
  "lengths_after_deletion": [
    2448,
    2408,
    2454,
    2470,
    2573,
    2493
  ],
  "rng": [
    3562255467,
    4062931225
  ],
  "shard_prediction_precision": 0.17651508748531342,
  "shard_prediction_recall": 0.2074444442987442
}