{
  "accs_after_deletion": [
    0.9040000438690186,
    0.9004000425338745,
    0.9086000323295593,
    0.9052000641822815,
    0.8920000195503235,
    0.9032000303268433
  ],
  "accs_before_deletion": [
    0.9266000390052795,
    0.9122000336647034,
    0.9250000715255737,
    0.9106000661849976,
    0.9212000370025635,
    0.914400041103363
  ],
  "delta": 6.982864657330156e-05,
  "ensemble_acc_after_deletion": 0.9320000410079956,
  "ensemble_acc_before_deletion": 0.9422000646591187,
  "epsilon": 5.810340633240526,
  "indicator": 0,
  "lengths_after_deletion": [
    1826,
    1924,
    1834,
    1907,
    1893,
    1924
  ],
  "rng": [
    3564791450,
    1548554020
  ],
  "shard_prediction_precision": 0.17511744797229767,
  "shard_prediction_recall": 0.24022223055362701
}