{
  "accs_after_deletion": [
    0.9016000628471375,
    0.9172000288963318,
    0.8962000608444214,
    0.9062000513076782,
    0.9116000533103943,
    0.8974000215530396
  ],
  "accs_before_deletion": [
    0.9200000166893005,
    0.9300000667572021,
    0.9218000173568726,
    0.9228000640869141,
    0.9128000140190125,
    0.9244000315666199
  ],
  "delta": 6.982864657330156e-05,
  "ensemble_acc_after_deletion": 0.9340000152587891,
  "ensemble_acc_before_deletion": 0.9424000382423401,
  "epsilon": 5.810340633240526,
  "indicator": 1,
  "lengths_after_deletion": [
    1983,
    1972,
    1964,
    2097,
    2007,
    2056
  ],
  "rng": [
    3623319587,
    3786616433
  ],
  "shard_prediction_precision": 0.17842063307762146,
  "shard_prediction_recall": 0.23711110651493073
}