{
  "accs_after_deletion": [
    0.9152000546455383,
    0.9020000696182251,
    0.9182000160217285,
    0.9120000600814819,
    0.9050000309944153,
    0.9088000655174255
  ],
  "accs_before_deletion": [
    0.9168000221252441,
    0.9176000356674194,
    0.9170000553131104,
    0.9184000492095947,
    0.9202000498771667,
    0.9180000424385071
  ],
  "delta": 6.982864657330156e-05,
  "ensemble_acc_after_deletion": 0.935200035572052,
  "ensemble_acc_before_deletion": 0.9410000443458557,
  "epsilon": 5.810340633240526,
  "indicator": 0,
  "lengths_after_deletion": [
    3446,
    3363,
    3410,
    3524,
    3513,
    3480
  ],
  "rng": [
    3631289602,
    227600822
  ],
  "shard_prediction_precision": 0.1799004077911377,
  "shard_prediction_recall": 0.15255555510520935
}