{
  "accs_after_deletion": [
    0.9178000688552856,
    0.9116000533103943,
    0.9232000708580017,
    0.9236000180244446,
    0.9150000214576721,
    0.9152000546455383
  ],
  "accs_before_deletion": [
    0.9214000701904297,
    0.9162000417709351,
    0.9366000294685364,
    0.9206000566482544,
    0.9256000518798828,
    0.9228000640869141
  ],
  "delta": 6.982864657330156e-05,
  "ensemble_acc_after_deletion": 0.9416000247001648,
  "ensemble_acc_before_deletion": 0.9486000537872314,
  "epsilon": 5.810340633240526,
  "indicator": 1,
  "lengths_after_deletion": [
    2565,
    2626,
    2656,
    2630,
    2674,
    2728
  ],
  "rng": [
    3692671835,
    3064647525
  ],
  "shard_prediction_precision": 0.1766313761472702,
  "shard_prediction_recall": 0.19744445383548737
}