{
  "accs_after_deletion": [
    0.9184000492095947,
    0.9246000647544861,
    0.9154000282287598,
    0.9270000457763672,
    0.9150000214576721,
    0.9136000275611877
  ],
  "accs_before_deletion": [
    0.9238000512123108,
    0.9274000525474548,
    0.9208000302314758,
    0.9314000606536865,
    0.9164000153541565,
    0.9284000396728516
  ],
  "delta": 6.982864657330156e-05,
  "ensemble_acc_after_deletion": 0.941800057888031,
  "ensemble_acc_before_deletion": 0.9486000537872314,
  "epsilon": 5.810340633240526,
  "indicator": 0,
  "lengths_after_deletion": [
    2282,
    2330,
    2354,
    2451,
    2392,
    2511
  ],
  "rng": [
    3694019155,
    3403270744
  ],
  "shard_prediction_precision": 0.1744464933872223,
  "shard_prediction_recall": 0.2101111114025116
}