{
  "accs_after_deletion": [
    0.8934000134468079,
    0.884600043296814,
    0.8936000466346741,
    0.8980000615119934,
    0.8876000642776489,
    0.8994000554084778
  ],
  "accs_before_deletion": [
    0.9232000708580017,
    0.9256000518798828,
    0.9170000553131104,
    0.9258000254631042,
    0.9116000533103943,
    0.9202000498771667
  ],
  "delta": 6.982864657330156e-05,
  "ensemble_acc_after_deletion": 0.9242000579833984,
  "ensemble_acc_before_deletion": 0.9444000720977783,
  "epsilon": 5.810340633240526,
  "indicator": 1,
  "lengths_after_deletion": [
    2458,
    2471,
    2528,
    2540,
    2566,
    2584
  ],
  "rng": [
    3705895278,
    3030042361
  ],
  "shard_prediction_precision": 0.1744113564491272,
  "shard_prediction_recall": 0.20205555856227875
}