{
  "accs_after_deletion": [
    0.9100000262260437,
    0.9136000275611877,
    0.9038000702857971,
    0.8998000621795654,
    0.9122000336647034,
    0.9158000349998474
  ],
  "accs_before_deletion": [
    0.9146000146865845,
    0.9240000247955322,
    0.910800039768219,
    0.9204000234603882,
    0.9234000444412231,
    0.9242000579833984
  ],
  "delta": 6.982864657330156e-05,
  "ensemble_acc_after_deletion": 0.9372000694274902,
  "ensemble_acc_before_deletion": 0.9452000260353088,
  "epsilon": 5.810340633240526,
  "indicator": 1,
  "lengths_after_deletion": [
    2811,
    2761,
    2734,
    2886,
    2920,
    2847
  ],
  "rng": [
    3741759754,
    1840834510
  ],
  "shard_prediction_precision": 0.1812404841184616,
  "shard_prediction_recall": 0.19172222912311554
}