{
  "accs_after_deletion": [
    0.9212000370025635,
    0.9172000288963318,
    0.9206000566482544,
    0.9150000214576721,
    0.9258000254631042,
    0.9284000396728516
  ],
  "accs_before_deletion": [
    0.9234000444412231,
    0.9162000417709351,
    0.9164000153541565,
    0.9254000186920166,
    0.9248000383377075,
    0.9178000688552856
  ],
  "delta": 6.982864657330156e-05,
  "ensemble_acc_after_deletion": 0.9442000389099121,
  "ensemble_acc_before_deletion": 0.9462000727653503,
  "epsilon": 5.810340633240526,
  "indicator": 1,
  "lengths_after_deletion": [
    3023,
    3084,
    2945,
    3102,
    3140,
    3230
  ],
  "rng": [
    3760646434,
    2520007713
  ],
  "shard_prediction_precision": 0.18173494935035706,
  "shard_prediction_recall": 0.17644444108009338
}