{
  "accs_after_deletion": [
    0.9086000323295593,
    0.9198000431060791,
    0.9226000308990479,
    0.9128000140190125,
    0.9084000587463379,
    0.9084000587463379
  ],
  "accs_before_deletion": [
    0.91920006275177,
    0.9172000288963318,
    0.9246000647544861,
    0.921000063419342,
    0.9206000566482544,
    0.9306000471115112
  ],
  "delta": 6.982864657330156e-05,
  "ensemble_acc_after_deletion": 0.9384000301361084,
  "ensemble_acc_before_deletion": 0.9480000734329224,
  "epsilon": 5.810340633240526,
  "indicator": 0,
  "lengths_after_deletion": [
    3665,
    3717,
    3748,
    3774,
    3769,
    3810
  ],
  "rng": [
    3772657681,
    2029433292
  ],
  "shard_prediction_precision": 0.17895984649658203,
  "shard_prediction_recall": 0.13438889384269714
}