{
  "accs_after_deletion": [
    0.907800018787384,
    0.9098000526428223,
    0.9100000262260437,
    0.917400062084198,
    0.9242000579833984,
    0.9236000180244446
  ],
  "accs_before_deletion": [
    0.9236000180244446,
    0.9092000722885132,
    0.9152000546455383,
    0.9218000173568726,
    0.9168000221252441,
    0.9212000370025635
  ],
  "delta": 6.982864657330156e-05,
  "ensemble_acc_after_deletion": 0.9402000308036804,
  "ensemble_acc_before_deletion": 0.9462000727653503,
  "epsilon": 5.810340633240526,
  "indicator": 1,
  "lengths_after_deletion": [
    2690,
    2689,
    2700,
    2813,
    2727,
    2709
  ],
  "rng": [
    3837512541,
    1674268798
  ],
  "shard_prediction_precision": 0.17629116773605347,
  "shard_prediction_recall": 0.1926666647195816
}