{
  "accs_after_deletion": [
    0.9186000227928162,
    0.9134000539779663,
    0.9164000153541565,
    0.9222000241279602,
    0.9094000458717346,
    0.9002000689506531
  ],
  "accs_before_deletion": [
    0.9290000200271606,
    0.9230000376701355,
    0.9202000498771667,
    0.9240000247955322,
    0.9238000512123108,
    0.9258000254631042
  ],
  "delta": 6.982864657330156e-05,
  "ensemble_acc_after_deletion": 0.9394000172615051,
  "ensemble_acc_before_deletion": 0.9494000673294067,
  "epsilon": 5.810340633240526,
  "indicator": 0,
  "lengths_after_deletion": [
    3054,
    3074,
    2991,
    3165,
    3170,
    3080
  ],
  "rng": [
    3848396220,
    1865963135
  ],
  "shard_prediction_precision": 0.1834421157836914,
  "shard_prediction_recall": 0.17800000309944153
}