{
  "accs_after_deletion": [
    0.9114000201225281,
    0.9124000668525696,
    0.9044000506401062,
    0.9134000539779663,
    0.9066000580787659,
    0.914400041103363
  ],
  "accs_before_deletion": [
    0.9218000173568726,
    0.9302000403404236,
    0.9194000363349915,
    0.9214000701904297,
    0.9256000518798828,
    0.914400041103363
  ],
  "delta": 6.982864657330156e-05,
  "ensemble_acc_after_deletion": 0.9380000233650208,
  "ensemble_acc_before_deletion": 0.9464000463485718,
  "epsilon": 5.810340633240526,
  "indicator": 1,
  "lengths_after_deletion": [
    2784,
    2844,
    2786,
    2877,
    2841,
    2878
  ],
  "rng": [
    3864199026,
    3262309399
  ],
  "shard_prediction_precision": 0.17440758645534515,
  "shard_prediction_recall": 0.18400000035762787
}