{
  "accs_after_deletion": [
    0.9110000729560852,
    0.9198000431060791,
    0.907200038433075,
    0.9248000383377075,
    0.9180000424385071,
    0.9068000316619873
  ],
  "accs_before_deletion": [
    0.9216000437736511,
    0.9124000668525696,
    0.9076000452041626,
    0.9206000566482544,
    0.912600040435791,
    0.9152000546455383
  ],
  "delta": 6.982864657330156e-05,
  "ensemble_acc_after_deletion": 0.940000057220459,
  "ensemble_acc_before_deletion": 0.941800057888031,
  "epsilon": 5.810340633240526,
  "indicator": 1,
  "lengths_after_deletion": [
    2610,
    2666,
    2642,
    2648,
    2666,
    2759
  ],
  "rng": [
    3904428640,
    4134825925
  ],
  "shard_prediction_precision": 0.1735718995332718,
  "shard_prediction_recall": 0.1929444521665573
}