{
  "accs_after_deletion": [
    0.9122000336647034,
    0.9118000268936157,
    0.9130000472068787,
    0.9020000696182251,
    0.9040000438690186,
    0.9094000458717346
  ],
  "accs_before_deletion": [
    0.9206000566482544,
    0.9198000431060791,
    0.9140000343322754,
    0.9196000695228577,
    0.9218000173568726,
    0.9312000274658203
  ],
  "delta": 6.982864657330156e-05,
  "ensemble_acc_after_deletion": 0.9332000613212585,
  "ensemble_acc_before_deletion": 0.9424000382423401,
  "epsilon": 5.810340633240526,
  "indicator": 0,
  "lengths_after_deletion": [
    2669,
    2763,
    2724,
    2791,
    2818,
    2809
  ],
  "rng": [
    3954119287,
    1174533255
  ],
  "shard_prediction_precision": 0.17708225548267365,
  "shard_prediction_recall": 0.19111111760139465
}