{
  "accs_after_deletion": [
    0.9178000688552856,
    0.9122000336647034,
    0.90420001745224,
    0.9162000417709351,
    0.9128000140190125,
    0.9300000667572021
  ],
  "accs_before_deletion": [
    0.9272000193595886,
    0.914400041103363,
    0.9200000166893005,
    0.9244000315666199,
    0.9152000546455383,
    0.91920006275177
  ],
  "delta": 6.982864657330156e-05,
  "ensemble_acc_after_deletion": 0.9444000720977783,
  "ensemble_acc_before_deletion": 0.9434000253677368,
  "epsilon": 5.810340633240526,
  "indicator": 1,
  "lengths_after_deletion": [
    2206,
    2173,
    2220,
    2210,
    2322,
    2251
  ],
  "rng": [
    3962058589,
    2494612599
  ],
  "shard_prediction_precision": 0.17592182755470276,
  "shard_prediction_recall": 0.2210555523633957
}