{
  "accs_after_deletion": [
    0.9230000376701355,
    0.906000018119812,
    0.9128000140190125,
    0.917400062084198,
    0.912600040435791,
    0.917400062084198
  ],
  "accs_before_deletion": [
    0.9196000695228577,
    0.9186000227928162,
    0.9116000533103943,
    0.9182000160217285,
    0.9242000579833984,
    0.9286000728607178
  ],
  "delta": 6.982864657330156e-05,
  "ensemble_acc_after_deletion": 0.9372000694274902,
  "ensemble_acc_before_deletion": 0.9410000443458557,
  "epsilon": 5.810340633240526,
  "indicator": 1,
  "lengths_after_deletion": [
    3445,
    3509,
    3552,
    3561,
    3550,
    3546
  ],
  "rng": [
    3964048779,
    1296399931
  ],
  "shard_prediction_precision": 0.1802925169467926,
  "shard_prediction_recall": 0.14861111342906952
}