{
  "accs_after_deletion": [
    0.896600067615509,
    0.9110000729560852,
    0.9124000668525696,
    0.9112000465393066,
    0.9002000689506531,
    0.9160000681877136
  ],
  "accs_before_deletion": [
    0.9168000221252441,
    0.9194000363349915,
    0.9296000599861145,
    0.9180000424385071,
    0.9208000302314758,
    0.9260000586509705
  ],
  "delta": 6.982864657330156e-05,
  "ensemble_acc_after_deletion": 0.9364000558853149,
  "ensemble_acc_before_deletion": 0.9456000328063965,
  "epsilon": 5.810340633240526,
  "indicator": 1,
  "lengths_after_deletion": [
    2841,
    2911,
    2917,
    3081,
    2895,
    2958
  ],
  "rng": [
    3983522694,
    2117556758
  ],
  "shard_prediction_precision": 0.18040984869003296,
  "shard_prediction_recall": 0.1843888908624649
}