{
  "accs_after_deletion": [
    0.9054000377655029,
    0.9110000729560852,
    0.909000039100647,
    0.9050000309944153,
    0.912600040435791,
    0.9170000553131104
  ],
  "accs_before_deletion": [
    0.9122000336647034,
    0.9200000166893005,
    0.9186000227928162,
    0.9220000505447388,
    0.9236000180244446,
    0.9266000390052795
  ],
  "delta": 6.982864657330156e-05,
  "ensemble_acc_after_deletion": 0.9412000179290771,
  "ensemble_acc_before_deletion": 0.9448000192642212,
  "epsilon": 5.810340633240526,
  "indicator": 1,
  "lengths_after_deletion": [
    3063,
    3035,
    2986,
    3194,
    3116,
    3117
  ],
  "rng": [
    3991417567,
    519145587
  ],
  "shard_prediction_precision": 0.17365200817584991,
  "shard_prediction_recall": 0.1687222272157669
}