{
  "accs_after_deletion": [
    0.9082000255584717,
    0.9194000363349915,
    0.9128000140190125,
    0.9070000648498535,
    0.9178000688552856,
    0.9238000512123108
  ],
  "accs_before_deletion": [
    0.9190000295639038,
    0.9240000247955322,
    0.9258000254631042,
    0.9182000160217285,
    0.9248000383377075,
    0.9230000376701355
  ],
  "delta": 6.982864657330156e-05,
  "ensemble_acc_after_deletion": 0.9380000233650208,
  "ensemble_acc_before_deletion": 0.9428000450134277,
  "epsilon": 5.810340633240526,
  "indicator": 1,
  "lengths_after_deletion": [
    3416,
    3456,
    3458,
    3563,
    3468,
    3466
  ],
  "rng": [
    401659342,
    3816516510
  ],
  "shard_prediction_precision": 0.1781453937292099,
  "shard_prediction_recall": 0.15016667544841766
}