{
  "accs_after_deletion": [
    0.9318000674247742,
    0.9146000146865845,
    0.9148000478744507,
    0.9098000526428223,
    0.9040000438690186,
    0.9100000262260437
  ],
  "accs_before_deletion": [
    0.9260000586509705,
    0.9260000586509705,
    0.9272000193595886,
    0.9168000221252441,
    0.9168000221252441,
    0.9130000472068787
  ],
  "delta": 6.982864657330156e-05,
  "ensemble_acc_after_deletion": 0.9402000308036804,
  "ensemble_acc_before_deletion": 0.9464000463485718,
  "epsilon": 5.810340633240526,
  "indicator": 0,
  "lengths_after_deletion": [
    2480,
    2475,
    2469,
    2497,
    2459,
    2506
  ],
  "rng": [
    4033131451,
    773050829
  ],
  "shard_prediction_precision": 0.17476555705070496,
  "shard_prediction_recall": 0.20499999821186066
}