{
  "accs_after_deletion": [
    0.9194000363349915,
    0.913800060749054,
    0.9116000533103943,
    0.915600061416626,
    0.9182000160217285,
    0.9230000376701355
  ],
  "accs_before_deletion": [
    0.9258000254631042,
    0.9100000262260437,
    0.9220000505447388,
    0.9150000214576721,
    0.9270000457763672,
    0.9252000451087952
  ],
  "delta": 6.982864657330156e-05,
  "ensemble_acc_after_deletion": 0.9398000240325928,
  "ensemble_acc_before_deletion": 0.9460000395774841,
  "epsilon": 5.810340633240526,
  "indicator": 1,
  "lengths_after_deletion": [
    2226,
    2262,
    2303,
    2310,
    2390,
    2387
  ],
  "rng": [
    4033903806,
    4117202935
  ],
  "shard_prediction_precision": 0.1792333424091339,
  "shard_prediction_recall": 0.2202777862548828
}