{
  "accs_after_deletion": [
    0.9182000160217285,
    0.9128000140190125,
    0.9106000661849976,
    0.9264000654220581,
    0.9098000526428223,
    0.9162000417709351
  ],
  "accs_before_deletion": [
    0.9224000573158264,
    0.9162000417709351,
    0.9232000708580017,
    0.9294000267982483,
    0.9228000640869141,
    0.9216000437736511
  ],
  "delta": 6.982864657330156e-05,
  "ensemble_acc_after_deletion": 0.9424000382423401,
  "ensemble_acc_before_deletion": 0.945400059223175,
  "epsilon": 5.810340633240526,
  "indicator": 1,
  "lengths_after_deletion": [
    3105,
    3186,
    3122,
    3177,
    3226,
    3220
  ],
  "rng": [
    4061590379,
    2790795890
  ],
  "shard_prediction_precision": 0.18120725452899933,
  "shard_prediction_recall": 0.17077778279781342
}