{
  "accs_after_deletion": [
    0.9252000451087952,
    0.912600040435791,
    0.907800018787384,
    0.9186000227928162,
    0.9212000370025635,
    0.9196000695228577
  ],
  "accs_before_deletion": [
    0.921000063419342,
    0.9238000512123108,
    0.9182000160217285,
    0.921000063419342,
    0.9162000417709351,
    0.9284000396728516
  ],
  "delta": 6.982864657330156e-05,
  "ensemble_acc_after_deletion": 0.9428000450134277,
  "ensemble_acc_before_deletion": 0.9460000395774841,
  "epsilon": 5.810340633240526,
  "indicator": 1,
  "lengths_after_deletion": [
    3008,
    3000,
    2959,
    3026,
    2998,
    3005
  ],
  "rng": [
    4114007198,
    2909354002
  ],
  "shard_prediction_precision": 0.17762719094753265,
  "shard_prediction_recall": 0.17766666412353516
}