{
  "accs_after_deletion": [
    0.9132000207901001,
    0.9092000722885132,
    0.907200038433075,
    0.9222000241279602,
    0.9110000729560852,
    0.915600061416626
  ],
  "accs_before_deletion": [
    0.9226000308990479,
    0.9264000654220581,
    0.9280000329017639,
    0.9282000660896301,
    0.9196000695228577,
    0.9242000579833984
  ],
  "delta": 6.982864657330156e-05,
  "ensemble_acc_after_deletion": 0.9432000517845154,
  "ensemble_acc_before_deletion": 0.9484000205993652,
  "epsilon": 5.810340633240526,
  "indicator": 1,
  "lengths_after_deletion": [
    2609,
    2622,
    2659,
    2758,
    2640,
    2721
  ],
  "rng": [
    416655803,
    2793030283
  ],
  "shard_prediction_precision": 0.1773798167705536,
  "shard_prediction_recall": 0.19699999690055847
}