{
  "accs_after_deletion": [
    0.9088000655174255,
    0.9100000262260437,
    0.9200000166893005,
    0.9164000153541565,
    0.9182000160217285,
    0.91920006275177
  ],
  "accs_before_deletion": [
    0.9270000457763672,
    0.9218000173568726,
    0.9182000160217285,
    0.9228000640869141,
    0.9268000721931458,
    0.9182000160217285
  ],
  "delta": 6.982864657330156e-05,
  "ensemble_acc_after_deletion": 0.9430000185966492,
  "ensemble_acc_before_deletion": 0.9444000720977783,
  "epsilon": 5.810340633240526,
  "indicator": 1,
  "lengths_after_deletion": [
    2906,
    2901,
    2841,
    2990,
    2960,
    2966
  ],
  "rng": [
    4182646506,
    2618516630
  ],
  "shard_prediction_precision": 0.17612279951572418,
  "shard_prediction_recall": 0.1803888976573944
}