{
  "accs_after_deletion": [
    0.9172000288963318,
    0.9098000526428223,
    0.9140000343322754,
    0.9168000221252441,
    0.9142000675201416,
    0.9146000146865845
  ],
  "accs_before_deletion": [
    0.9262000322341919,
    0.9218000173568726,
    0.9176000356674194,
    0.9262000322341919,
    0.9164000153541565,
    0.921000063419342
  ],
  "delta": 6.982864657330156e-05,
  "ensemble_acc_after_deletion": 0.9460000395774841,
  "ensemble_acc_before_deletion": 0.9458000659942627,
  "epsilon": 5.810340633240526,
  "indicator": 1,
  "lengths_after_deletion": [
    2989,
    3002,
    2999,
    3104,
    3041,
    3145
  ],
  "rng": [
    4189618444,
    3939826330
  ],
  "shard_prediction_precision": 0.17765237390995026,
  "shard_prediction_recall": 0.17488889396190643
}