{
  "accs_after_deletion": [
    0.9182000160217285,
    0.9172000288963318,
    0.917400062084198,
    0.91920006275177,
    0.9220000505447388,
    0.9204000234603882
  ],
  "accs_before_deletion": [
    0.9266000390052795,
    0.9256000518798828,
    0.9232000708580017,
    0.9282000660896301,
    0.9208000302314758,
    0.9190000295639038
  ],
  "delta": 6.982864657330156e-05,
  "ensemble_acc_after_deletion": 0.9398000240325928,
  "ensemble_acc_before_deletion": 0.9464000463485718,
  "epsilon": 5.810340633240526,
  "indicator": 1,
  "lengths_after_deletion": [
    3198,
    3277,
    3184,
    3285,
    3346,
    3342
  ],
  "rng": [
    4203061777,
    4285259038
  ],
  "shard_prediction_precision": 0.182062566280365,
  "shard_prediction_recall": 0.16555555164813995
}