{
  "accs_after_deletion": [
    0.9188000559806824,
    0.9020000696182251,
    0.9034000635147095,
    0.8962000608444214,
    0.9106000661849976,
    0.9120000600814819
  ],
  "accs_before_deletion": [
    0.9194000363349915,
    0.9226000308990479,
    0.9180000424385071,
    0.9220000505447388,
    0.9280000329017639,
    0.9194000363349915
  ],
  "delta": 6.982864657330156e-05,
  "ensemble_acc_after_deletion": 0.9340000152587891,
  "ensemble_acc_before_deletion": 0.945400059223175,
  "epsilon": 5.810340633240526,
  "indicator": 0,
  "lengths_after_deletion": [
    2722,
    2804,
    2874,
    2933,
    2856,
    2925
  ],
  "rng": [
    4221770991,
    613810190
  ],
  "shard_prediction_precision": 0.1786508560180664,
  "shard_prediction_recall": 0.18744444847106934
}