{
  "accs_after_deletion": [
    0.9092000722885132,
    0.9026000499725342,
    0.9178000688552856,
    0.9198000431060791,
    0.9102000594139099,
    0.9124000668525696
  ],
  "accs_before_deletion": [
    0.9214000701904297,
    0.9190000295639038,
    0.9310000538825989,
    0.9238000512123108,
    0.9186000227928162,
    0.9220000505447388
  ],
  "delta": 6.982864657330156e-05,
  "ensemble_acc_after_deletion": 0.9450000524520874,
  "ensemble_acc_before_deletion": 0.945400059223175,
  "epsilon": 5.810340633240526,
  "indicator": 1,
  "lengths_after_deletion": [
    2530,
    2583,
    2509,
    2554,
    2566,
    2595
  ],
  "rng": [
    4247163883,
    2948299516
  ],
  "shard_prediction_precision": 0.1810966432094574,
  "shard_prediction_recall": 0.2078888863325119
}