{
  "accs_after_deletion": [
    0.9100000262260437,
    0.9012000560760498,
    0.906000018119812,
    0.9080000519752502,
    0.9022000432014465,
    0.9128000140190125
  ],
  "accs_before_deletion": [
    0.9268000721931458,
    0.9160000681877136,
    0.9236000180244446,
    0.9120000600814819,
    0.9180000424385071,
    0.9170000553131104
  ],
  "delta": 6.982864657330156e-05,
  "ensemble_acc_after_deletion": 0.9362000226974487,
  "ensemble_acc_before_deletion": 0.9422000646591187,
  "epsilon": 5.810340633240526,
  "indicator": 1,
  "lengths_after_deletion": [
    3744,
    3658,
    3630,
    3818,
    3754,
    3763
  ],
  "rng": [
    4269202240,
    2198061989
  ],
  "shard_prediction_precision": 0.1831585019826889,
  "shard_prediction_recall": 0.138722226023674
}