{
  "accs_after_deletion": [
    0.9236000180244446,
    0.9044000506401062,
    0.9186000227928162,
    0.9262000322341919,
    0.9150000214576721,
    0.9200000166893005
  ],
  "accs_before_deletion": [
    0.931600034236908,
    0.907200038433075,
    0.9212000370025635,
    0.9186000227928162,
    0.9232000708580017,
    0.9230000376701355
  ],
  "delta": 6.982864657330156e-05,
  "ensemble_acc_after_deletion": 0.941800057888031,
  "ensemble_acc_before_deletion": 0.943600058555603,
  "epsilon": 5.810340633240526,
  "indicator": 1,
  "lengths_after_deletion": [
    1578,
    1587,
    1619,
    1654,
    1719,
    1695
  ],
  "rng": [
    435137317,
    3308591701
  ],
  "shard_prediction_precision": 0.17423895001411438,
  "shard_prediction_recall": 0.2531111240386963
}