{
  "accs_after_deletion": [
    0.9178000688552856,
    0.8996000289916992,
    0.9142000675201416,
    0.9208000302314758,
    0.9032000303268433,
    0.9296000599861145
  ],
  "accs_before_deletion": [
    0.9170000553131104,
    0.9208000302314758,
    0.9204000234603882,
    0.9212000370025635,
    0.9140000343322754,
    0.9290000200271606
  ],
  "delta": 6.982864657330156e-05,
  "ensemble_acc_after_deletion": 0.9408000707626343,
  "ensemble_acc_before_deletion": 0.9480000734329224,
  "epsilon": 5.810340633240526,
  "indicator": 1,
  "lengths_after_deletion": [
    2973,
    2981,
    2998,
    3090,
    3110,
    3002
  ],
  "rng": [
    440943327,
    1327386102
  ],
  "shard_prediction_precision": 0.17617392539978027,
  "shard_prediction_recall": 0.17466667294502258
}