{
  "accs_after_deletion": [
    0.9190000295639038,
    0.9188000559806824,
    0.9146000146865845,
    0.9186000227928162,
    0.9122000336647034,
    0.91920006275177
  ],
  "accs_before_deletion": [
    0.9256000518798828,
    0.9176000356674194,
    0.9188000559806824,
    0.9172000288963318,
    0.9262000322341919,
    0.9262000322341919
  ],
  "delta": 6.982864657330156e-05,
  "ensemble_acc_after_deletion": 0.9414000511169434,
  "ensemble_acc_before_deletion": 0.9484000205993652,
  "epsilon": 5.810340633240526,
  "indicator": 0,
  "lengths_after_deletion": [
    2579,
    2494,
    2547,
    2649,
    2604,
    2682
  ],
  "rng": [
    61888166,
    3305961979
  ],
  "shard_prediction_precision": 0.1773538738489151,
  "shard_prediction_recall": 0.20144444704055786
}