{
  "accs_after_deletion": [
    0.9188000559806824,
    0.9102000594139099,
    0.9084000587463379,
    0.9128000140190125,
    0.902400016784668,
    0.9136000275611877
  ],
  "accs_before_deletion": [
    0.9292000532150269,
    0.9272000193595886,
    0.9158000349998474,
    0.9164000153541565,
    0.9190000295639038,
    0.9260000586509705
  ],
  "delta": 6.982864657330156e-05,
  "ensemble_acc_after_deletion": 0.9426000714302063,
  "ensemble_acc_before_deletion": 0.9472000598907471,
  "epsilon": 5.810340633240526,
  "indicator": 0,
  "lengths_after_deletion": [
    3476,
    3472,
    3483,
    3589,
    3534,
    3538
  ],
  "rng": [
    622031200,
    3365164427
  ],
  "shard_prediction_precision": 0.17628119885921478,
  "shard_prediction_recall": 0.1459999978542328
}