{
  "accs_after_deletion": [
    0.9244000315666199,
    0.9154000282287598,
    0.9212000370025635,
    0.9136000275611877,
    0.9084000587463379,
    0.9240000247955322
  ],
  "accs_before_deletion": [
    0.9252000451087952,
    0.910800039768219,
    0.907800018787384,
    0.9170000553131104,
    0.9166000485420227,
    0.9234000444412231
  ],
  "delta": 6.982864657330156e-05,
  "ensemble_acc_after_deletion": 0.9420000314712524,
  "ensemble_acc_before_deletion": 0.9430000185966492,
  "epsilon": 5.810340633240526,
  "indicator": 0,
  "lengths_after_deletion": [
    4737,
    4775,
    4755,
    4837,
    4805,
    4807
  ],
  "rng": [
    704346504,
    593694892
  ],
  "shard_prediction_precision": 0.18231740593910217,
  "shard_prediction_recall": 0.07377777993679047
}