{
  "accs_after_deletion": [
    0.9178000688552856,
    0.9258000254631042,
    0.9020000696182251,
    0.9214000701904297,
    0.9182000160217285,
    0.9220000505447388
  ],
  "accs_before_deletion": [
    0.9178000688552856,
    0.9232000708580017,
    0.9104000329971313,
    0.9224000573158264,
    0.9230000376701355,
    0.9250000715255737
  ],
  "delta": 6.982864657330156e-05,
  "ensemble_acc_after_deletion": 0.9442000389099121,
  "ensemble_acc_before_deletion": 0.9446000456809998,
  "epsilon": 5.810340633240526,
  "indicator": 1,
  "lengths_after_deletion": [
    2647,
    2725,
    2733,
    2744,
    2721,
    2772
  ],
  "rng": [
    726800346,
    3908550764
  ],
  "shard_prediction_precision": 0.17478889226913452,
  "shard_prediction_recall": 0.1908888965845108
}