{
  "accs_after_deletion": [
    0.910800039768219,
    0.9116000533103943,
    0.9206000566482544,
    0.9190000295639038,
    0.9148000478744507,
    0.9202000498771667
  ],
  "accs_before_deletion": [
    0.9196000695228577,
    0.9226000308990479,
    0.9148000478744507,
    0.917400062084198,
    0.9206000566482544,
    0.9220000505447388
  ],
  "delta": 6.982864657330156e-05,
  "ensemble_acc_after_deletion": 0.9422000646591187,
  "ensemble_acc_before_deletion": 0.9430000185966492,
  "epsilon": 5.810340633240526,
  "indicator": 1,
  "lengths_after_deletion": [
    1851,
    1851,
    1872,
    1948,
    1947,
    1974
  ],
  "rng": [
    729711805,
    107287559
  ],
  "shard_prediction_precision": 0.17864561080932617,
  "shard_prediction_recall": 0.24372223019599915
}