{
  "accs_after_deletion": [
    0.9150000214576721,
    0.9158000349998474,
    0.917400062084198,
    0.9208000302314758,
    0.9182000160217285,
    0.9232000708580017
  ],
  "accs_before_deletion": [
    0.9208000302314758,
    0.915600061416626,
    0.9154000282287598,
    0.921000063419342,
    0.9212000370025635,
    0.9164000153541565
  ],
  "delta": 6.982864657330156e-05,
  "ensemble_acc_after_deletion": 0.943600058555603,
  "ensemble_acc_before_deletion": 0.9464000463485718,
  "epsilon": 5.810340633240526,
  "indicator": 1,
  "lengths_after_deletion": [
    3078,
    3075,
    3061,
    3217,
    3179,
    3161
  ],
  "rng": [
    756314661,
    4184863168
  ],
  "shard_prediction_precision": 0.17934876680374146,
  "shard_prediction_recall": 0.17166666686534882
}