{
  "accs_after_deletion": [
    0.9080000519752502,
    0.9114000201225281,
    0.9048000574111938,
    0.91920006275177,
    0.9084000587463379,
    0.9106000661849976
  ],
  "accs_before_deletion": [
    0.9212000370025635,
    0.9220000505447388,
    0.9248000383377075,
    0.9164000153541565,
    0.9134000539779663,
    0.9186000227928162
  ],
  "delta": 6.982864657330156e-05,
  "ensemble_acc_after_deletion": 0.9360000491142273,
  "ensemble_acc_before_deletion": 0.9424000382423401,
  "epsilon": 5.810340633240526,
  "indicator": 1,
  "lengths_after_deletion": [
    3420,
    3461,
    3362,
    3534,
    3502,
    3512
  ],
  "rng": [
    768721620,
    1097600044
  ],
  "shard_prediction_precision": 0.18324676156044006,
  "shard_prediction_recall": 0.1548333317041397
}