{
  "accs_after_deletion": [
    0.917400062084198,
    0.9200000166893005,
    0.9150000214576721,
    0.9248000383377075,
    0.9070000648498535,
    0.9162000417709351
  ],
  "accs_before_deletion": [
    0.9194000363349915,
    0.9214000701904297,
    0.917400062084198,
    0.9252000451087952,
    0.909600019454956,
    0.9248000383377075
  ],
  "delta": 6.982864657330156e-05,
  "ensemble_acc_after_deletion": 0.9442000389099121,
  "ensemble_acc_before_deletion": 0.9434000253677368,
  "epsilon": 5.810340633240526,
  "indicator": 0,
  "lengths_after_deletion": [
    1744,
    1720,
    1757,
    1816,
    1707,
    1827
  ],
  "rng": [
    830826960,
    332645248
  ],
  "shard_prediction_precision": 0.17535097897052765,
  "shard_prediction_recall": 0.24772222340106964
}