{
  "accs_after_deletion": [
    0.9152000546455383,
    0.9124000668525696,
    0.9128000140190125,
    0.9154000282287598,
    0.9168000221252441,
    0.9142000675201416
  ],
  "accs_before_deletion": [
    0.9260000586509705,
    0.9250000715255737,
    0.9218000173568726,
    0.9218000173568726,
    0.9240000247955322,
    0.921000063419342
  ],
  "delta": 6.982864657330156e-05,
  "ensemble_acc_after_deletion": 0.9406000375747681,
  "ensemble_acc_before_deletion": 0.9458000659942627,
  "epsilon": 5.810340633240526,
  "indicator": 1,
  "lengths_after_deletion": [
    4079,
    4071,
    4034,
    4142,
    4164,
    4083
  ],
  "rng": [
    875532776,
    3460993206
  ],
  "shard_prediction_precision": 0.1794871687889099,
  "shard_prediction_recall": 0.11394444853067398
}