{
  "accs_after_deletion": [
    0.9102000594139099,
    0.9052000641822815,
    0.9124000668525696,
    0.9290000200271606,
    0.9188000559806824,
    0.917400062084198
  ],
  "accs_before_deletion": [
    0.9166000485420227,
    0.9200000166893005,
    0.9152000546455383,
    0.9242000579833984,
    0.9158000349998474,
    0.9266000390052795
  ],
  "delta": 6.982864657330156e-05,
  "ensemble_acc_after_deletion": 0.9380000233650208,
  "ensemble_acc_before_deletion": 0.9456000328063965,
  "epsilon": 5.810340633240526,
  "indicator": 1,
  "lengths_after_deletion": [
    3762,
    3676,
    3639,
    3804,
    3736,
    3707
  ],
  "rng": [
    921813722,
    112156767
  ],
  "shard_prediction_precision": 0.1836063265800476,
  "shard_prediction_recall": 0.13950000703334808
}