{
  "accs_after_deletion": [
    0.912600040435791,
    0.9140000343322754,
    0.9172000288963318,
    0.9164000153541565,
    0.9170000553131104,
    0.9222000241279602
  ],
  "accs_before_deletion": [
    0.9198000431060791,
    0.9204000234603882,
    0.9128000140190125,
    0.9160000681877136,
    0.9180000424385071,
    0.9276000261306763
  ],
  "delta": 6.982864657330156e-05,
  "ensemble_acc_after_deletion": 0.9420000314712524,
  "ensemble_acc_before_deletion": 0.9482000470161438,
  "epsilon": 5.810340633240526,
  "indicator": 1,
  "lengths_after_deletion": [
    3324,
    3218,
    3335,
    3368,
    3314,
    3331
  ],
  "rng": [
    945949007,
    1205627372
  ],
  "shard_prediction_precision": 0.17566728591918945,
  "shard_prediction_recall": 0.1572222262620926
}