{
  "accs_after_deletion": [
    0.9260000586509705,
    0.910800039768219,
    0.9168000221252441,
    0.90420001745224,
    0.9188000559806824,
    0.9080000519752502
  ],
  "accs_before_deletion": [
    0.9242000579833984,
    0.9216000437736511,
    0.9168000221252441,
    0.9258000254631042,
    0.9220000505447388,
    0.9172000288963318
  ],
  "delta": 6.982864657330156e-05,
  "ensemble_acc_after_deletion": 0.9404000639915466,
  "ensemble_acc_before_deletion": 0.945400059223175,
  "epsilon": 5.810340633240526,
  "indicator": 0,
  "lengths_after_deletion": [
    2802,
    2805,
    2766,
    2811,
    2903,
    2868
  ],
  "rng": [
    952352798,
    3641792515
  ],
  "shard_prediction_precision": 0.1761092245578766,
  "shard_prediction_recall": 0.1863333284854889
}