{
  "accs_after_deletion": [
    0.406000018119812,
    0.3996000289916992
  ],
  "accs_before_deletion": [
    0.4196000099182129,
    0.42740002274513245
  ],
  "delta": 5.0886316442113006e-05,
  "ensemble_acc_after_deletion": 0.4100000262260437,
  "ensemble_acc_before_deletion": 0.41780000925064087,
  "epsilon": "\u221e",
  "indicator": 0,
  "lengths_after_deletion": [
    3910,
    4586
  ],
  "rng": [
    0,
    1526170384
  ],
  "shard_prediction_precision": 0.5450426340103149,
  "shard_prediction_recall": 0.5112500190734863
}