{
  "accs_after_deletion": [
    0.4028000235557556,
    0.4090000092983246
  ],
  "accs_before_deletion": [
    0.4214000105857849,
    0.44380003213882446
  ],
  "delta": 5.0886316442113006e-05,
  "ensemble_acc_after_deletion": 0.3996000289916992,
  "ensemble_acc_before_deletion": 0.4336000084877014,
  "epsilon": "\u221e",
  "indicator": 1,
  "lengths_after_deletion": [
    3845,
    4720
  ],
  "rng": [
    1073771505,
    683349425
  ],
  "shard_prediction_precision": 0.5588433146476746,
  "shard_prediction_recall": 0.5193750262260437
}