{
  "accs_after_deletion": [
    0.39240002632141113,
    0.39020001888275146
  ],
  "accs_before_deletion": [
    0.4394000172615051,
    0.44040003418922424
  ],
  "delta": 5.0886316442113006e-05,
  "ensemble_acc_after_deletion": 0.3862000107765198,
  "ensemble_acc_before_deletion": 0.4408000111579895,
  "epsilon": "\u221e",
  "indicator": 0,
  "lengths_after_deletion": [
    3591,
    4408
  ],
  "rng": [
    1109876540,
    3439767064
  ],
  "shard_prediction_precision": 0.5510561466217041,
  "shard_prediction_recall": 0.5511250495910645
}