{
  "accs_after_deletion": [
    0.38680002093315125,
    0.3850000202655792
  ],
  "accs_before_deletion": [
    0.4256000220775604,
    0.42260003089904785
  ],
  "delta": 5.0886316442113006e-05,
  "ensemble_acc_after_deletion": 0.3912000060081482,
  "ensemble_acc_before_deletion": 0.43220001459121704,
  "epsilon": "\u221e",
  "indicator": 0,
  "lengths_after_deletion": [
    3511,
    4399
  ],
  "rng": [
    1129093650,
    959118452
  ],
  "shard_prediction_precision": 0.5548825860023499,
  "shard_prediction_recall": 0.5611250400543213
}