{
  "accs_after_deletion": [
    0.39340001344680786,
    0.40400001406669617
  ],
  "accs_before_deletion": [
    0.43340003490448,
    0.4326000213623047
  ],
  "delta": 5.0886316442113006e-05,
  "ensemble_acc_after_deletion": 0.4092000126838684,
  "ensemble_acc_before_deletion": 0.4318000078201294,
  "epsilon": "\u221e",
  "indicator": 1,
  "lengths_after_deletion": [
    3535,
    4270
  ],
  "rng": [
    1172893175,
    1889228826
  ],
  "shard_prediction_precision": 0.544844388961792,
  "shard_prediction_recall": 0.5581250190734863
}