{
  "accs_after_deletion": [
    0.3976000249385834,
    0.39900001883506775
  ],
  "accs_before_deletion": [
    0.43160003423690796,
    0.43300002813339233
  ],
  "delta": 5.0886316442113006e-05,
  "ensemble_acc_after_deletion": 0.40940001606941223,
  "ensemble_acc_before_deletion": 0.43400001525878906,
  "epsilon": "\u221e",
  "indicator": 1,
  "lengths_after_deletion": [
    3785,
    4578
  ],
  "rng": [
    1191630370,
    1927009351
  ],
  "shard_prediction_precision": 0.5519182682037354,
  "shard_prediction_recall": 0.5268750190734863
}