{
  "accs_after_deletion": [
    0.3864000141620636,
    0.3994000256061554
  ],
  "accs_before_deletion": [
    0.43320003151893616,
    0.4172000288963318
  ],
  "delta": 5.0886316442113006e-05,
  "ensemble_acc_after_deletion": 0.38540002703666687,
  "ensemble_acc_before_deletion": 0.43340003490448,
  "epsilon": "\u221e",
  "indicator": 1,
  "lengths_after_deletion": [
    3561,
    4361
  ],
  "rng": [
    1411213887,
    3961984684
  ],
  "shard_prediction_precision": 0.5495172739028931,
  "shard_prediction_recall": 0.5548750162124634
}