{
  "accs_after_deletion": [
    0.40960001945495605,
    0.41200003027915955
  ],
  "accs_before_deletion": [
    0.4288000166416168,
    0.42240002751350403
  ],
  "delta": 5.0886316442113006e-05,
  "ensemble_acc_after_deletion": 0.41680002212524414,
  "ensemble_acc_before_deletion": 0.42340001463890076,
  "epsilon": "\u221e",
  "indicator": 1,
  "lengths_after_deletion": [
    3828,
    4573
  ],
  "rng": [
    1476613307,
    2008962382
  ],
  "shard_prediction_precision": 0.5490195751190186,
  "shard_prediction_recall": 0.5215000510215759
}