{
  "accs_after_deletion": [
    0.3968000113964081,
    0.406000018119812
  ],
  "accs_before_deletion": [
    0.4394000172615051,
    0.41040003299713135
  ],
  "delta": 5.0886316442113006e-05,
  "ensemble_acc_after_deletion": 0.4118000268936157,
  "ensemble_acc_before_deletion": 0.43160003423690796,
  "epsilon": "\u221e",
  "indicator": 1,
  "lengths_after_deletion": [
    3439,
    4258
  ],
  "rng": [
    1498689153,
    2871426069
  ],
  "shard_prediction_precision": 0.5493195056915283,
  "shard_prediction_recall": 0.5701250433921814
}