{
  "accs_after_deletion": [
    0.3856000304222107,
    0.3986000120639801
  ],
  "accs_before_deletion": [
    0.4382000267505646,
    0.4284000098705292
  ],
  "delta": 5.0886316442113006e-05,
  "ensemble_acc_after_deletion": 0.40560001134872437,
  "ensemble_acc_before_deletion": 0.43720000982284546,
  "epsilon": "\u221e",
  "indicator": 1,
  "lengths_after_deletion": [
    3427,
    4258
  ],
  "rng": [
    1556802124,
    4083024838
  ],
  "shard_prediction_precision": 0.5499699115753174,
  "shard_prediction_recall": 0.5716250538825989
}