{
  "accs_after_deletion": [
    0.3872000277042389,
    0.39420002698898315
  ],
  "accs_before_deletion": [
    0.4238000214099884,
    0.4172000288963318
  ],
  "delta": 5.0886316442113006e-05,
  "ensemble_acc_after_deletion": 0.3904000222682953,
  "ensemble_acc_before_deletion": 0.42320001125335693,
  "epsilon": "\u221e",
  "indicator": 1,
  "lengths_after_deletion": [
    3597,
    4463
  ],
  "rng": [
    1575369151,
    894874620
  ],
  "shard_prediction_precision": 0.5545340180397034,
  "shard_prediction_recall": 0.5503750443458557
}