{
  "accs_after_deletion": [
    0.37640002369880676,
    0.3952000141143799
  ],
  "accs_before_deletion": [
    0.41440001130104065,
    0.41360002756118774
  ],
  "delta": 5.0886316442113006e-05,
  "ensemble_acc_after_deletion": 0.3872000277042389,
  "ensemble_acc_before_deletion": 0.41440001130104065,
  "epsilon": "\u221e",
  "indicator": 1,
  "lengths_after_deletion": [
    3621,
    4511
  ],
  "rng": [
    1577466733,
    2841755814
  ],
  "shard_prediction_precision": 0.5565581917762756,
  "shard_prediction_recall": 0.5473750233650208
}