{
  "accs_after_deletion": [
    0.3920000195503235,
    0.39160001277923584
  ],
  "accs_before_deletion": [
    0.41440001130104065,
    0.4262000322341919
  ],
  "delta": 5.0886316442113006e-05,
  "ensemble_acc_after_deletion": 0.39480000734329224,
  "ensemble_acc_before_deletion": 0.4280000329017639,
  "epsilon": "\u221e",
  "indicator": 0,
  "lengths_after_deletion": [
    3684,
    4291
  ],
  "rng": [
    1607622550,
    2015022702
  ],
  "shard_prediction_precision": 0.5378193259239197,
  "shard_prediction_recall": 0.5394999980926514
}