{
  "accs_after_deletion": [
    0.40800002217292786,
    0.40240001678466797
  ],
  "accs_before_deletion": [
    0.4294000267982483,
    0.42640000581741333
  ],
  "delta": 5.0886316442113006e-05,
  "ensemble_acc_after_deletion": 0.4026000201702118,
  "ensemble_acc_before_deletion": 0.42980003356933594,
  "epsilon": "\u221e",
  "indicator": 0,
  "lengths_after_deletion": [
    3656,
    4422
  ],
  "rng": [
    1615207813,
    3892896139
  ],
  "shard_prediction_precision": 0.5483464002609253,
  "shard_prediction_recall": 0.5430000424385071
}