{
  "accs_after_deletion": [
    0.3972000181674957,
    0.4050000309944153
  ],
  "accs_before_deletion": [
    0.4106000065803528,
    0.43540000915527344
  ],
  "delta": 5.0886316442113006e-05,
  "ensemble_acc_after_deletion": 0.396200031042099,
  "ensemble_acc_before_deletion": 0.4172000288963318,
  "epsilon": "\u221e",
  "indicator": 1,
  "lengths_after_deletion": [
    3644,
    4399
  ],
  "rng": [
    1618199305,
    3586632591
  ],
  "shard_prediction_precision": 0.5474424958229065,
  "shard_prediction_recall": 0.5445000529289246
}