{
  "accs_after_deletion": [
    0.4098000228404999,
    0.40640002489089966
  ],
  "accs_before_deletion": [
    0.4320000112056732,
    0.43220001459121704
  ],
  "delta": 5.0886316442113006e-05,
  "ensemble_acc_after_deletion": 0.4214000105857849,
  "ensemble_acc_before_deletion": 0.4466000199317932,
  "epsilon": "\u221e",
  "indicator": 0,
  "lengths_after_deletion": [
    3728,
    4648
  ],
  "rng": [
    1648319929,
    2292067951
  ],
  "shard_prediction_precision": 0.5603357553482056,
  "shard_prediction_recall": 0.534000039100647
}