{
  "accs_after_deletion": [
    0.4106000065803528,
    0.394400030374527
  ],
  "accs_before_deletion": [
    0.4262000322341919,
    0.426800012588501
  ],
  "delta": 5.0886316442113006e-05,
  "ensemble_acc_after_deletion": 0.4012000262737274,
  "ensemble_acc_before_deletion": 0.4222000241279602,
  "epsilon": "\u221e",
  "indicator": 0,
  "lengths_after_deletion": [
    3854,
    4560
  ],
  "rng": [
    1676908754,
    906405794
  ],
  "shard_prediction_precision": 0.5465331077575684,
  "shard_prediction_recall": 0.518250048160553
}