{
  "accs_after_deletion": [
    0.40620002150535583,
    0.39980003237724304
  ],
  "accs_before_deletion": [
    0.42180001735687256,
    0.4236000180244446
  ],
  "delta": 5.0886316442113006e-05,
  "ensemble_acc_after_deletion": 0.40720000863075256,
  "ensemble_acc_before_deletion": 0.43320003151893616,
  "epsilon": "\u221e",
  "indicator": 0,
  "lengths_after_deletion": [
    3491,
    4399
  ],
  "rng": [
    1718297794,
    1264133593
  ],
  "shard_prediction_precision": 0.5559802651405334,
  "shard_prediction_recall": 0.5636250376701355
}