{
  "accs_after_deletion": [
    0.39320001006126404,
    0.406000018119812
  ],
  "accs_before_deletion": [
    0.4288000166416168,
    0.4254000186920166
  ],
  "delta": 5.0886316442113006e-05,
  "ensemble_acc_after_deletion": 0.39900001883506775,
  "ensemble_acc_before_deletion": 0.4410000145435333,
  "epsilon": "\u221e",
  "indicator": 1,
  "lengths_after_deletion": [
    3573,
    4354
  ],
  "rng": [
    1720845983,
    2174999976
  ],
  "shard_prediction_precision": 0.5483710765838623,
  "shard_prediction_recall": 0.5533750057220459
}