{
  "accs_after_deletion": [
    0.39080002903938293,
    0.3936000168323517
  ],
  "accs_before_deletion": [
    0.42020002007484436,
    0.42020002007484436
  ],
  "delta": 5.0886316442113006e-05,
  "ensemble_acc_after_deletion": 0.4004000127315521,
  "ensemble_acc_before_deletion": 0.4270000159740448,
  "epsilon": "\u221e",
  "indicator": 1,
  "lengths_after_deletion": [
    3469,
    4282
  ],
  "rng": [
    172847879,
    3664202455
  ],
  "shard_prediction_precision": 0.549278736114502,
  "shard_prediction_recall": 0.5663750171661377
}