{
  "accs_after_deletion": [
    0.41120001673698425,
    0.4236000180244446
  ],
  "accs_before_deletion": [
    0.41040003299713135,
    0.4400000274181366
  ],
  "delta": 5.0886316442113006e-05,
  "ensemble_acc_after_deletion": 0.42240002751350403,
  "ensemble_acc_before_deletion": 0.4244000315666199,
  "epsilon": "\u221e",
  "indicator": 1,
  "lengths_after_deletion": [
    3568,
    4372
  ],
  "rng": [
    1735868047,
    3221720400
  ],
  "shard_prediction_precision": 0.5498759746551514,
  "shard_prediction_recall": 0.5540000200271606
}