{
  "accs_after_deletion": [
    0.38020002841949463,
    0.3954000174999237
  ],
  "accs_before_deletion": [
    0.42480000853538513,
    0.430400013923645
  ],
  "delta": 5.0886316442113006e-05,
  "ensemble_acc_after_deletion": 0.3988000154495239,
  "ensemble_acc_before_deletion": 0.4262000322341919,
  "epsilon": "\u221e",
  "indicator": 1,
  "lengths_after_deletion": [
    3678,
    4398
  ],
  "rng": [
    1788000461,
    3722957365
  ],
  "shard_prediction_precision": 0.5454315543174744,
  "shard_prediction_recall": 0.5402500033378601
}