{
  "accs_after_deletion": [
    0.3874000310897827,
    0.38920003175735474
  ],
  "accs_before_deletion": [
    0.42180001735687256,
    0.4172000288963318
  ],
  "delta": 5.0886316442113006e-05,
  "ensemble_acc_after_deletion": 0.3898000121116638,
  "ensemble_acc_before_deletion": 0.4328000247478485,
  "epsilon": "\u221e",
  "indicator": 1,
  "lengths_after_deletion": [
    3378,
    4209
  ],
  "rng": [
    178970720,
    1508575636
  ],
  "shard_prediction_precision": 0.5493878126144409,
  "shard_prediction_recall": 0.577750027179718
}