{
  "accs_after_deletion": [
    0.4018000066280365,
    0.4090000092983246
  ],
  "accs_before_deletion": [
    0.4220000207424164,
    0.43160003423690796
  ],
  "delta": 5.0886316442113006e-05,
  "ensemble_acc_after_deletion": 0.4086000323295593,
  "ensemble_acc_before_deletion": 0.4302000105381012,
  "epsilon": "\u221e",
  "indicator": 1,
  "lengths_after_deletion": [
    3649,
    4522
  ],
  "rng": [
    1843835100,
    49285033
  ],
  "shard_prediction_precision": 0.5557542443275452,
  "shard_prediction_recall": 0.5438750386238098
}