{
  "accs_after_deletion": [
    0.40220001339912415,
    0.40080001950263977
  ],
  "accs_before_deletion": [
    0.41780000925064087,
    0.43340003490448
  ],
  "delta": 5.0886316442113006e-05,
  "ensemble_acc_after_deletion": 0.40960001945495605,
  "ensemble_acc_before_deletion": 0.4272000193595886,
  "epsilon": "\u221e",
  "indicator": 0,
  "lengths_after_deletion": [
    3811,
    4553
  ],
  "rng": [
    1889180132,
    3776597742
  ],
  "shard_prediction_precision": 0.5485856533050537,
  "shard_prediction_recall": 0.5236250162124634
}