{
  "accs_after_deletion": [
    0.3898000121116638,
    0.40460002422332764
  ],
  "accs_before_deletion": [
    0.4196000099182129,
    0.4228000342845917
  ],
  "delta": 5.0886316442113006e-05,
  "ensemble_acc_after_deletion": 0.4066000282764435,
  "ensemble_acc_before_deletion": 0.42660000920295715,
  "epsilon": "\u221e",
  "indicator": 1,
  "lengths_after_deletion": [
    3763,
    4525
  ],
  "rng": [
    19833426,
    1240645563
  ],
  "shard_prediction_precision": 0.5494035482406616,
  "shard_prediction_recall": 0.5296249985694885
}