{
  "accs_after_deletion": [
    0.41540002822875977,
    0.4052000045776367
  ],
  "accs_before_deletion": [
    0.426800012588501,
    0.4344000220298767
  ],
  "delta": 5.0886316442113006e-05,
  "ensemble_acc_after_deletion": 0.41040003299713135,
  "ensemble_acc_before_deletion": 0.43540000915527344,
  "epsilon": "\u221e",
  "indicator": 0,
  "lengths_after_deletion": [
    3467,
    4311
  ],
  "rng": [
    2007364298,
    2924974015
  ],
  "shard_prediction_precision": 0.5513256788253784,
  "shard_prediction_recall": 0.5666249990463257
}