{
  "accs_after_deletion": [
    0.3782000243663788,
    0.3832000195980072
  ],
  "accs_before_deletion": [
    0.42020002007484436,
    0.4172000288963318
  ],
  "delta": 5.0886316442113006e-05,
  "ensemble_acc_after_deletion": 0.3774000108242035,
  "ensemble_acc_before_deletion": 0.42080003023147583,
  "epsilon": "\u221e",
  "indicator": 1,
  "lengths_after_deletion": [
    3452,
    4323
  ],
  "rng": [
    2051479239,
    3933382235
  ],
  "shard_prediction_precision": 0.5529482960700989,
  "shard_prediction_recall": 0.5685000419616699
}