{
  "accs_after_deletion": [
    0.4036000072956085,
    0.39480000734329224
  ],
  "accs_before_deletion": [
    0.4252000153064728,
    0.4190000295639038
  ],
  "delta": 5.0886316442113006e-05,
  "ensemble_acc_after_deletion": 0.41040003299713135,
  "ensemble_acc_before_deletion": 0.4342000186443329,
  "epsilon": "\u221e",
  "indicator": 0,
  "lengths_after_deletion": [
    3605,
    4510
  ],
  "rng": [
    2053271650,
    4283671886
  ],
  "shard_prediction_precision": 0.5573874711990356,
  "shard_prediction_recall": 0.5493749976158142
}