{
  "accs_after_deletion": [
    0.3720000088214874,
    0.3846000134944916
  ],
  "accs_before_deletion": [
    0.44040003418922424,
    0.41940000653266907
  ],
  "delta": 5.0886316442113006e-05,
  "ensemble_acc_after_deletion": 0.37220001220703125,
  "ensemble_acc_before_deletion": 0.42600002884864807,
  "epsilon": "\u221e",
  "indicator": 1,
  "lengths_after_deletion": [
    3633,
    4290
  ],
  "rng": [
    2058327505,
    511993143
  ],
  "shard_prediction_precision": 0.5406710505485535,
  "shard_prediction_recall": 0.5458750128746033
}