{
  "accs_after_deletion": [
    0.39980003237724304,
    0.3806000053882599
  ],
  "accs_before_deletion": [
    0.4394000172615051,
    0.4278000295162201
  ],
  "delta": 5.0886316442113006e-05,
  "ensemble_acc_after_deletion": 0.3952000141143799,
  "ensemble_acc_before_deletion": 0.4382000267505646,
  "epsilon": "\u221e",
  "indicator": 0,
  "lengths_after_deletion": [
    3570,
    4353
  ],
  "rng": [
    209711281,
    1981770554
  ],
  "shard_prediction_precision": 0.5484709739685059,
  "shard_prediction_recall": 0.5537500381469727
}