{
  "accs_after_deletion": [
    0.3720000088214874,
    0.3976000249385834
  ],
  "accs_before_deletion": [
    0.4256000220775604,
    0.41700002551078796
  ],
  "delta": 5.0886316442113006e-05,
  "ensemble_acc_after_deletion": 0.3864000141620636,
  "ensemble_acc_before_deletion": 0.4180000126361847,
  "epsilon": "\u221e",
  "indicator": 1,
  "lengths_after_deletion": [
    3462,
    4135
  ],
  "rng": [
    2111536875,
    398548662
  ],
  "shard_prediction_precision": 0.5400452017784119,
  "shard_prediction_recall": 0.5672500133514404
}