{
  "accs_after_deletion": [
    0.3976000249385834,
    0.4000000059604645
  ],
  "accs_before_deletion": [
    0.4180000126361847,
    0.4246000349521637
  ],
  "delta": 5.0886316442113006e-05,
  "ensemble_acc_after_deletion": 0.4092000126838684,
  "ensemble_acc_before_deletion": 0.4240000247955322,
  "epsilon": "\u221e",
  "indicator": 1,
  "lengths_after_deletion": [
    3732,
    4460
  ],
  "rng": [
    2133984720,
    446745920
  ],
  "shard_prediction_precision": 0.5466188788414001,
  "shard_prediction_recall": 0.5335000157356262
}