{
  "accs_after_deletion": [
    0.40960001945495605,
    0.40420001745224
  ],
  "accs_before_deletion": [
    0.41920003294944763,
    0.42740002274513245
  ],
  "delta": 5.0886316442113006e-05,
  "ensemble_acc_after_deletion": 0.40160003304481506,
  "ensemble_acc_before_deletion": 0.42240002751350403,
  "epsilon": "\u221e",
  "indicator": 0,
  "lengths_after_deletion": [
    3939,
    4708
  ],
  "rng": [
    2133529167,
    1828863645
  ],
  "shard_prediction_precision": 0.5522915720939636,
  "shard_prediction_recall": 0.5076250433921814
}