{
  "accs_after_deletion": [
    0.3938000202178955,
    0.4026000201702118
  ],
  "accs_before_deletion": [
    0.4230000078678131,
    0.42000001668930054
  ],
  "delta": 5.0886316442113006e-05,
  "ensemble_acc_after_deletion": 0.4036000072956085,
  "ensemble_acc_before_deletion": 0.4148000180721283,
  "epsilon": "\u221e",
  "indicator": 1,
  "lengths_after_deletion": [
    3530,
    4429
  ],
  "rng": [
    2234906075,
    3076173419
  ],
  "shard_prediction_precision": 0.555901050567627,
  "shard_prediction_recall": 0.5587500333786011
}