{
  "accs_after_deletion": [
    0.4114000201225281,
    0.39740002155303955
  ],
  "accs_before_deletion": [
    0.41520002484321594,
    0.42820000648498535
  ],
  "delta": 5.0886316442113006e-05,
  "ensemble_acc_after_deletion": 0.4012000262737274,
  "ensemble_acc_before_deletion": 0.4238000214099884,
  "epsilon": "\u221e",
  "indicator": 0,
  "lengths_after_deletion": [
    3533,
    4449
  ],
  "rng": [
    2247892421,
    706755546
  ],
  "shard_prediction_precision": 0.5571215152740479,
  "shard_prediction_recall": 0.5583750009536743
}