{
  "accs_after_deletion": [
    0.39500001072883606,
    0.4020000100135803
  ],
  "accs_before_deletion": [
    0.41920003294944763,
    0.42500001192092896
  ],
  "delta": 5.0886316442113006e-05,
  "ensemble_acc_after_deletion": 0.40540000796318054,
  "ensemble_acc_before_deletion": 0.42500001192092896,
  "epsilon": "\u221e",
  "indicator": 1,
  "lengths_after_deletion": [
    3705,
    4469
  ],
  "rng": [
    2248594631,
    2736484085
  ],
  "shard_prediction_precision": 0.548811674118042,
  "shard_prediction_recall": 0.5368750095367432
}