{
  "accs_after_deletion": [
    0.38020002841949463,
    0.39560002088546753
  ],
  "accs_before_deletion": [
    0.4244000315666199,
    0.4296000301837921
  ],
  "delta": 5.0886316442113006e-05,
  "ensemble_acc_after_deletion": 0.38380002975463867,
  "ensemble_acc_before_deletion": 0.4230000078678131,
  "epsilon": "\u221e",
  "indicator": 1,
  "lengths_after_deletion": [
    3705,
    4462
  ],
  "rng": [
    2316561280,
    1497626933
  ],
  "shard_prediction_precision": 0.5483212471008301,
  "shard_prediction_recall": 0.5368750095367432
}