{
  "accs_after_deletion": [
    0.4036000072956085,
    0.41380003094673157
  ],
  "accs_before_deletion": [
    0.41760000586509705,
    0.4296000301837921
  ],
  "delta": 5.0886316442113006e-05,
  "ensemble_acc_after_deletion": 0.41280001401901245,
  "ensemble_acc_before_deletion": 0.42240002751350403,
  "epsilon": "\u221e",
  "indicator": 1,
  "lengths_after_deletion": [
    3650,
    4573
  ],
  "rng": [
    2327854381,
    4233679403
  ],
  "shard_prediction_precision": 0.5593416690826416,
  "shard_prediction_recall": 0.5437500476837158
}