{
  "accs_after_deletion": [
    0.40060001611709595,
    0.40220001339912415
  ],
  "accs_before_deletion": [
    0.41380003094673157,
    0.420600026845932
  ],
  "delta": 5.0886316442113006e-05,
  "ensemble_acc_after_deletion": 0.39980003237724304,
  "ensemble_acc_before_deletion": 0.43460002541542053,
  "epsilon": "\u221e",
  "indicator": 1,
  "lengths_after_deletion": [
    3783,
    4512
  ],
  "rng": [
    2394783687,
    3372598709
  ],
  "shard_prediction_precision": 0.5473069548606873,
  "shard_prediction_recall": 0.5271250009536743
}