{
  "accs_after_deletion": [
    0.4050000309944153,
    0.394400030374527
  ],
  "accs_before_deletion": [
    0.42020002007484436,
    0.4156000316143036
  ],
  "delta": 5.0886316442113006e-05,
  "ensemble_acc_after_deletion": 0.40960001945495605,
  "ensemble_acc_before_deletion": 0.41260001063346863,
  "epsilon": "\u221e",
  "indicator": 0,
  "lengths_after_deletion": [
    3594,
    4315
  ],
  "rng": [
    2408513668,
    793804612
  ],
  "shard_prediction_precision": 0.5445556640625,
  "shard_prediction_recall": 0.5507500171661377
}