{
  "accs_after_deletion": [
    0.40480002760887146,
    0.4004000127315521
  ],
  "accs_before_deletion": [
    0.42480000853538513,
    0.42420002818107605
  ],
  "delta": 5.0886316442113006e-05,
  "ensemble_acc_after_deletion": 0.415800005197525,
  "ensemble_acc_before_deletion": 0.4270000159740448,
  "epsilon": "\u221e",
  "indicator": 0,
  "lengths_after_deletion": [
    3749,
    4561
  ],
  "rng": [
    2490687317,
    113536902
  ],
  "shard_prediction_precision": 0.5527958273887634,
  "shard_prediction_recall": 0.5313750505447388
}