{
  "accs_after_deletion": [
    0.387800008058548,
    0.40480002760887146
  ],
  "accs_before_deletion": [
    0.43320003151893616,
    0.4284000098705292
  ],
  "delta": 5.0886316442113006e-05,
  "ensemble_acc_after_deletion": 0.3984000086784363,
  "ensemble_acc_before_deletion": 0.443200021982193,
  "epsilon": "\u221e",
  "indicator": 1,
  "lengths_after_deletion": [
    3543,
    4355
  ],
  "rng": [
    2510114204,
    1525066247
  ],
  "shard_prediction_precision": 0.5501111149787903,
  "shard_prediction_recall": 0.5571250319480896
}