{
  "accs_after_deletion": [
    0.4020000100135803,
    0.4004000127315521
  ],
  "accs_before_deletion": [
    0.42240002751350403,
    0.4262000322341919
  ],
  "delta": 5.0886316442113006e-05,
  "ensemble_acc_after_deletion": 0.40220001339912415,
  "ensemble_acc_before_deletion": 0.42080003023147583,
  "epsilon": "\u221e",
  "indicator": 0,
  "lengths_after_deletion": [
    3585,
    4342
  ],
  "rng": [
    2519910694,
    3351043293
  ],
  "shard_prediction_precision": 0.5468846559524536,
  "shard_prediction_recall": 0.5518750548362732
}