{
  "accs_after_deletion": [
    0.3904000222682953,
    0.394400030374527
  ],
  "accs_before_deletion": [
    0.42080003023147583,
    0.426800012588501
  ],
  "delta": 5.0886316442113006e-05,
  "ensemble_acc_after_deletion": 0.39160001277923584,
  "ensemble_acc_before_deletion": 0.4246000349521637,
  "epsilon": "\u221e",
  "indicator": 1,
  "lengths_after_deletion": [
    3579,
    4402
  ],
  "rng": [
    2548482235,
    3842955817
  ],
  "shard_prediction_precision": 0.5513156652450562,
  "shard_prediction_recall": 0.5526250004768372
}