{
  "accs_after_deletion": [
    0.3906000256538391,
    0.37400001287460327
  ],
  "accs_before_deletion": [
    0.4098000228404999,
    0.42640000581741333
  ],
  "delta": 5.0886316442113006e-05,
  "ensemble_acc_after_deletion": 0.3790000081062317,
  "ensemble_acc_before_deletion": 0.41260001063346863,
  "epsilon": "\u221e",
  "indicator": 0,
  "lengths_after_deletion": [
    3486,
    4151
  ],
  "rng": [
    2571953795,
    3128700120
  ],
  "shard_prediction_precision": 0.5397584438323975,
  "shard_prediction_recall": 0.5642500519752502
}