{
  "accs_after_deletion": [
    0.3952000141143799,
    0.40160003304481506
  ],
  "accs_before_deletion": [
    0.43880000710487366,
    0.4166000187397003
  ],
  "delta": 5.0886316442113006e-05,
  "ensemble_acc_after_deletion": 0.3960000276565552,
  "ensemble_acc_before_deletion": 0.4300000071525574,
  "epsilon": "\u221e",
  "indicator": 1,
  "lengths_after_deletion": [
    3673,
    4369
  ],
  "rng": [
    2573621422,
    2695603754
  ],
  "shard_prediction_precision": 0.5437296032905579,
  "shard_prediction_recall": 0.5408750176429749
}