{
  "accs_after_deletion": [
    0.3862000107765198,
    0.39420002698898315
  ],
  "accs_before_deletion": [
    0.4222000241279602,
    0.4310000240802765
  ],
  "delta": 5.0886316442113006e-05,
  "ensemble_acc_after_deletion": 0.38120001554489136,
  "ensemble_acc_before_deletion": 0.4246000349521637,
  "epsilon": "\u221e",
  "indicator": 1,
  "lengths_after_deletion": [
    3482,
    4235
  ],
  "rng": [
    2634310667,
    2669978767
  ],
  "shard_prediction_precision": 0.5454545617103577,
  "shard_prediction_recall": 0.5647500157356262
}