{
  "accs_after_deletion": [
    0.42340001463890076,
    0.4190000295639038
  ],
  "accs_before_deletion": [
    0.41940000653266907,
    0.4390000104904175
  ],
  "delta": 5.0886316442113006e-05,
  "ensemble_acc_after_deletion": 0.4326000213623047,
  "ensemble_acc_before_deletion": 0.435200035572052,
  "epsilon": "\u221e",
  "indicator": 0,
  "lengths_after_deletion": [
    3783,
    4625
  ],
  "rng": [
    2689489821,
    694824692
  ],
  "shard_prediction_precision": 0.5554531216621399,
  "shard_prediction_recall": 0.5271250009536743
}