{
  "accs_after_deletion": [
    0.3736000061035156,
    0.3866000175476074
  ],
  "accs_before_deletion": [
    0.4190000295639038,
    0.43380001187324524
  ],
  "delta": 5.0886316442113006e-05,
  "ensemble_acc_after_deletion": 0.38840001821517944,
  "ensemble_acc_before_deletion": 0.4204000234603882,
  "epsilon": "\u221e",
  "indicator": 1,
  "lengths_after_deletion": [
    3877,
    4661
  ],
  "rng": [
    2703909685,
    2354445385
  ],
  "shard_prediction_precision": 0.5525328516960144,
  "shard_prediction_recall": 0.515375018119812
}