{
  "accs_after_deletion": [
    0.4066000282764435,
    0.41280001401901245
  ],
  "accs_before_deletion": [
    0.428600013256073,
    0.42080003023147583
  ],
  "delta": 5.0886316442113006e-05,
  "ensemble_acc_after_deletion": 0.4238000214099884,
  "ensemble_acc_before_deletion": 0.42660000920295715,
  "epsilon": "\u221e",
  "indicator": 1,
  "lengths_after_deletion": [
    3911,
    4593
  ],
  "rng": [
    2717767834,
    807754490
  ],
  "shard_prediction_precision": 0.5454909205436707,
  "shard_prediction_recall": 0.5111250281333923
}