{
  "accs_after_deletion": [
    0.3968000113964081,
    0.4284000098705292
  ],
  "accs_before_deletion": [
    0.4124000072479248,
    0.4270000159740448
  ],
  "delta": 5.0886316442113006e-05,
  "ensemble_acc_after_deletion": 0.4270000159740448,
  "ensemble_acc_before_deletion": 0.41940000653266907,
  "epsilon": "\u221e",
  "indicator": 1,
  "lengths_after_deletion": [
    3746,
    4581
  ],
  "rng": [
    2797368186,
    3604257660
  ],
  "shard_prediction_precision": 0.5544115900993347,
  "shard_prediction_recall": 0.5317500233650208
}