{
  "accs_after_deletion": [
    0.3954000174999237,
    0.41100001335144043
  ],
  "accs_before_deletion": [
    0.40960001945495605,
    0.4320000112056732
  ],
  "delta": 5.0886316442113006e-05,
  "ensemble_acc_after_deletion": 0.4066000282764435,
  "ensemble_acc_before_deletion": 0.4130000174045563,
  "epsilon": "\u221e",
  "indicator": 1,
  "lengths_after_deletion": [
    3653,
    4362
  ],
  "rng": [
    2810928534,
    10610058
  ],
  "shard_prediction_precision": 0.5443957448005676,
  "shard_prediction_recall": 0.5433750152587891
}