{
  "accs_after_deletion": [
    0.39240002632141113,
    0.3906000256538391
  ],
  "accs_before_deletion": [
    0.42320001125335693,
    0.4270000159740448
  ],
  "delta": 5.0886316442113006e-05,
  "ensemble_acc_after_deletion": 0.3862000107765198,
  "ensemble_acc_before_deletion": 0.4350000321865082,
  "epsilon": "\u221e",
  "indicator": 0,
  "lengths_after_deletion": [
    3575,
    4343
  ],
  "rng": [
    2871991694,
    3024186574
  ],
  "shard_prediction_precision": 0.5475130081176758,
  "shard_prediction_recall": 0.5531250238418579
}