{
  "accs_after_deletion": [
    0.37040001153945923,
    0.3904000222682953
  ],
  "accs_before_deletion": [
    0.420600026845932,
    0.4278000295162201
  ],
  "delta": 5.0886316442113006e-05,
  "ensemble_acc_after_deletion": 0.3662000298500061,
  "ensemble_acc_before_deletion": 0.43340003490448,
  "epsilon": "\u221e",
  "indicator": 1,
  "lengths_after_deletion": [
    3464,
    4107
  ],
  "rng": [
    2893543687,
    3349261677
  ],
  "shard_prediction_precision": 0.5381420850753784,
  "shard_prediction_recall": 0.5670000314712524
}