{
  "accs_after_deletion": [
    0.38280001282691956,
    0.40140002965927124
  ],
  "accs_before_deletion": [
    0.4394000172615051,
    0.4134000241756439
  ],
  "delta": 5.0886316442113006e-05,
  "ensemble_acc_after_deletion": 0.3904000222682953,
  "ensemble_acc_before_deletion": 0.42100003361701965,
  "epsilon": "\u221e",
  "indicator": 1,
  "lengths_after_deletion": [
    3614,
    4426
  ],
  "rng": [
    2943509032,
    324557931
  ],
  "shard_prediction_precision": 0.5510050058364868,
  "shard_prediction_recall": 0.5482500195503235
}