{
  "accs_after_deletion": [
    0.38520002365112305,
    0.39500001072883606
  ],
  "accs_before_deletion": [
    0.4212000072002411,
    0.4222000241279602
  ],
  "delta": 5.0886316442113006e-05,
  "ensemble_acc_after_deletion": 0.39100003242492676,
  "ensemble_acc_before_deletion": 0.42320001125335693,
  "epsilon": "\u221e",
  "indicator": 1,
  "lengths_after_deletion": [
    3752,
    4480
  ],
  "rng": [
    2956446264,
    676410205
  ],
  "shard_prediction_precision": 0.5468589067459106,
  "shard_prediction_recall": 0.531000018119812
}