{
  "accs_after_deletion": [
    0.38680002093315125,
    0.38440001010894775
  ],
  "accs_before_deletion": [
    0.4262000322341919,
    0.4310000240802765
  ],
  "delta": 5.0886316442113006e-05,
  "ensemble_acc_after_deletion": 0.39400002360343933,
  "ensemble_acc_before_deletion": 0.428600013256073,
  "epsilon": "\u221e",
  "indicator": 0,
  "lengths_after_deletion": [
    3473,
    4264
  ],
  "rng": [
    2961474396,
    1189934370
  ],
  "shard_prediction_precision": 0.5478640198707581,
  "shard_prediction_recall": 0.5658750534057617
}