{
  "accs_after_deletion": [
    0.3936000168323517,
    0.39640000462532043
  ],
  "accs_before_deletion": [
    0.4244000315666199,
    0.4312000274658203
  ],
  "delta": 5.0886316442113006e-05,
  "ensemble_acc_after_deletion": 0.40080001950263977,
  "ensemble_acc_before_deletion": 0.41680002212524414,
  "epsilon": "\u221e",
  "indicator": 1,
  "lengths_after_deletion": [
    3773,
    4590
  ],
  "rng": [
    297025367,
    2528457478
  ],
  "shard_prediction_precision": 0.5534895658493042,
  "shard_prediction_recall": 0.5283750295639038
}