{
  "accs_after_deletion": [
    0.37640002369880676,
    0.37880000472068787
  ],
  "accs_before_deletion": [
    0.42740002274513245,
    0.42020002007484436
  ],
  "delta": 5.0886316442113006e-05,
  "ensemble_acc_after_deletion": 0.3806000053882599,
  "ensemble_acc_before_deletion": 0.430400013923645,
  "epsilon": "\u221e",
  "indicator": 1,
  "lengths_after_deletion": [
    3696,
    4486
  ],
  "rng": [
    2984103994,
    607830556
  ],
  "shard_prediction_precision": 0.5505244135856628,
  "shard_prediction_recall": 0.5380000472068787
}