{
  "accs_after_deletion": [
    0.36420002579689026,
    0.3800000250339508
  ],
  "accs_before_deletion": [
    0.41860002279281616,
    0.4294000267982483
  ],
  "delta": 5.0886316442113006e-05,
  "ensemble_acc_after_deletion": 0.3692000210285187,
  "ensemble_acc_before_deletion": 0.42600002884864807,
  "epsilon": "\u221e",
  "indicator": 1,
  "lengths_after_deletion": [
    3474,
    4261
  ],
  "rng": [
    3013687720,
    4209700618
  ],
  "shard_prediction_precision": 0.5476104021072388,
  "shard_prediction_recall": 0.565750002861023
}