{
  "accs_after_deletion": [
    0.3832000195980072,
    0.3898000121116638
  ],
  "accs_before_deletion": [
    0.43240001797676086,
    0.415800005197525
  ],
  "delta": 5.0886316442113006e-05,
  "ensemble_acc_after_deletion": 0.3822000324726105,
  "ensemble_acc_before_deletion": 0.4196000099182129,
  "epsilon": "\u221e",
  "indicator": 1,
  "lengths_after_deletion": [
    3581,
    4407
  ],
  "rng": [
    3014969837,
    1756198355
  ],
  "shard_prediction_precision": 0.5515477061271667,
  "shard_prediction_recall": 0.5523750185966492
}