{
  "accs_after_deletion": [
    0.37620002031326294,
    0.4002000093460083
  ],
  "accs_before_deletion": [
    0.41540002822875977,
    0.42240002751350403
  ],
  "delta": 5.0886316442113006e-05,
  "ensemble_acc_after_deletion": 0.387800008058548,
  "ensemble_acc_before_deletion": 0.4214000105857849,
  "epsilon": "\u221e",
  "indicator": 1,
  "lengths_after_deletion": [
    3630,
    4345
  ],
  "rng": [
    3015895315,
    3014455616
  ],
  "shard_prediction_precision": 0.5445483326911926,
  "shard_prediction_recall": 0.54625004529953
}