{
  "accs_after_deletion": [
    0.36320000886917114,
    0.37700000405311584
  ],
  "accs_before_deletion": [
    0.4236000180244446,
    0.42500001192092896
  ],
  "delta": 5.0886316442113006e-05,
  "ensemble_acc_after_deletion": 0.36400002241134644,
  "ensemble_acc_before_deletion": 0.4390000104904175,
  "epsilon": "\u221e",
  "indicator": 1,
  "lengths_after_deletion": [
    3569,
    4244
  ],
  "rng": [
    3058131551,
    1458959826
  ],
  "shard_prediction_precision": 0.5412238836288452,
  "shard_prediction_recall": 0.5538750290870667
}