{
  "accs_after_deletion": [
    0.3850000202655792,
    0.406000018119812
  ],
  "accs_before_deletion": [
    0.4166000187397003,
    0.4382000267505646
  ],
  "delta": 5.0886316442113006e-05,
  "ensemble_acc_after_deletion": 0.39500001072883606,
  "ensemble_acc_before_deletion": 0.4302000105381012,
  "epsilon": "\u221e",
  "indicator": 1,
  "lengths_after_deletion": [
    3722,
    4421
  ],
  "rng": [
    3076268585,
    2908565250
  ],
  "shard_prediction_precision": 0.5444825887680054,
  "shard_prediction_recall": 0.5347500443458557
}