{
  "accs_after_deletion": [
    0.40540000796318054,
    0.38840001821517944
  ],
  "accs_before_deletion": [
    0.4164000153541565,
    0.4342000186443329
  ],
  "delta": 5.0886316442113006e-05,
  "ensemble_acc_after_deletion": 0.38680002093315125,
  "ensemble_acc_before_deletion": 0.4244000315666199,
  "epsilon": "\u221e",
  "indicator": 0,
  "lengths_after_deletion": [
    3659,
    4363
  ],
  "rng": [
    3188922423,
    1753125934
  ],
  "shard_prediction_precision": 0.5441213250160217,
  "shard_prediction_recall": 0.5426250100135803
}