{
  "accs_after_deletion": [
    0.41880002617836,
    0.3978000283241272
  ],
  "accs_before_deletion": [
    0.43140003085136414,
    0.4300000071525574
  ],
  "delta": 5.0886316442113006e-05,
  "ensemble_acc_after_deletion": 0.40640002489089966,
  "ensemble_acc_before_deletion": 0.43060001730918884,
  "epsilon": "\u221e",
  "indicator": 0,
  "lengths_after_deletion": [
    3504,
    4306
  ],
  "rng": [
    321136812,
    3023463450
  ],
  "shard_prediction_precision": 0.5489621758460999,
  "shard_prediction_recall": 0.562000036239624
}