{
  "accs_after_deletion": [
    0.39180001616477966,
    0.3988000154495239
  ],
  "accs_before_deletion": [
    0.4228000342845917,
    0.43240001797676086
  ],
  "delta": 5.0886316442113006e-05,
  "ensemble_acc_after_deletion": 0.3970000147819519,
  "ensemble_acc_before_deletion": 0.43320003151893616,
  "epsilon": "\u221e",
  "indicator": 1,
  "lengths_after_deletion": [
    3438,
    4213
  ],
  "rng": [
    3219578982,
    3243897990
  ],
  "shard_prediction_precision": 0.5464127659797668,
  "shard_prediction_recall": 0.5702500343322754
}