{
  "accs_after_deletion": [
    0.40420001745224,
    0.39820000529289246
  ],
  "accs_before_deletion": [
    0.4132000207901001,
    0.44040003418922424
  ],
  "delta": 5.0886316442113006e-05,
  "ensemble_acc_after_deletion": 0.4052000045776367,
  "ensemble_acc_before_deletion": 0.4360000193119049,
  "epsilon": "\u221e",
  "indicator": 0,
  "lengths_after_deletion": [
    3826,
    4577
  ],
  "rng": [
    3314087785,
    3875186103
  ],
  "shard_prediction_precision": 0.5494273900985718,
  "shard_prediction_recall": 0.5217500329017639
}