{
  "accs_after_deletion": [
    0.41540002822875977,
    0.40080001950263977
  ],
  "accs_before_deletion": [
    0.42020002007484436,
    0.43140003085136414
  ],
  "delta": 5.0886316442113006e-05,
  "ensemble_acc_after_deletion": 0.40160003304481506,
  "ensemble_acc_before_deletion": 0.4230000078678131,
  "epsilon": "\u221e",
  "indicator": 0,
  "lengths_after_deletion": [
    3922,
    4806
  ],
  "rng": [
    3402667671,
    3629143362
  ],
  "shard_prediction_precision": 0.5607810616493225,
  "shard_prediction_recall": 0.5097500085830688
}