{
  "accs_after_deletion": [
    0.38280001282691956,
    0.4044000208377838
  ],
  "accs_before_deletion": [
    0.4280000329017639,
    0.4182000160217285
  ],
  "delta": 5.0886316442113006e-05,
  "ensemble_acc_after_deletion": 0.3988000154495239,
  "ensemble_acc_before_deletion": 0.4228000342845917,
  "epsilon": "\u221e",
  "indicator": 1,
  "lengths_after_deletion": [
    3485,
    4394
  ],
  "rng": [
    3414260209,
    2062440473
  ],
  "shard_prediction_precision": 0.5559659600257874,
  "shard_prediction_recall": 0.5643750429153442
}