{
  "accs_after_deletion": [
    0.3992000222206116,
    0.4066000282764435
  ],
  "accs_before_deletion": [
    0.42740002274513245,
    0.43080002069473267
  ],
  "delta": 5.0886316442113006e-05,
  "ensemble_acc_after_deletion": 0.4114000201225281,
  "ensemble_acc_before_deletion": 0.42160001397132874,
  "epsilon": "\u221e",
  "indicator": 1,
  "lengths_after_deletion": [
    3490,
    4288
  ],
  "rng": [
    3489635436,
    953725273
  ],
  "shard_prediction_precision": 0.5485283136367798,
  "shard_prediction_recall": 0.5637500286102295
}