{
  "accs_after_deletion": [
    0.3882000148296356,
    0.3930000066757202
  ],
  "accs_before_deletion": [
    0.42020002007484436,
    0.41680002212524414
  ],
  "delta": 5.0886316442113006e-05,
  "ensemble_acc_after_deletion": 0.396200031042099,
  "ensemble_acc_before_deletion": 0.42080003023147583,
  "epsilon": "\u221e",
  "indicator": 1,
  "lengths_after_deletion": [
    3482,
    4328
  ],
  "rng": [
    3494526405,
    597411611
  ],
  "shard_prediction_precision": 0.5516483783721924,
  "shard_prediction_recall": 0.5647500157356262
}