{
  "accs_after_deletion": [
    0.4142000079154968,
    0.40240001678466797
  ],
  "accs_before_deletion": [
    0.4244000315666199,
    0.4074000120162964
  ],
  "delta": 5.0886316442113006e-05,
  "ensemble_acc_after_deletion": 0.41360002756118774,
  "ensemble_acc_before_deletion": 0.41940000653266907,
  "epsilon": "\u221e",
  "indicator": 0,
  "lengths_after_deletion": [
    3671,
    4368
  ],
  "rng": [
    3551477753,
    1052440664
  ],
  "shard_prediction_precision": 0.5437759160995483,
  "shard_prediction_recall": 0.5411249995231628
}