{
  "accs_after_deletion": [
    0.40300002694129944,
    0.4082000255584717
  ],
  "accs_before_deletion": [
    0.4182000160217285,
    0.42000001668930054
  ],
  "delta": 5.0886316442113006e-05,
  "ensemble_acc_after_deletion": 0.40640002489089966,
  "ensemble_acc_before_deletion": 0.42660000920295715,
  "epsilon": "\u221e",
  "indicator": 1,
  "lengths_after_deletion": [
    3595,
    4466
  ],
  "rng": [
    3654609653,
    3956239466
  ],
  "shard_prediction_precision": 0.5548557639122009,
  "shard_prediction_recall": 0.5506250262260437
}