{
  "accs_after_deletion": [
    0.3906000256538391,
    0.3874000310897827
  ],
  "accs_before_deletion": [
    0.415800005197525,
    0.4212000072002411
  ],
  "delta": 5.0886316442113006e-05,
  "ensemble_acc_after_deletion": 0.37880000472068787,
  "ensemble_acc_before_deletion": 0.42260003089904785,
  "epsilon": "\u221e",
  "indicator": 0,
  "lengths_after_deletion": [
    3627,
    4312
  ],
  "rng": [
    3663527217,
    2680743247
  ],
  "shard_prediction_precision": 0.5424885153770447,
  "shard_prediction_recall": 0.546625018119812
}