{
  "accs_after_deletion": [
    0.40400001406669617,
    0.4196000099182129
  ],
  "accs_before_deletion": [
    0.4240000247955322,
    0.4400000274181366
  ],
  "delta": 5.0886316442113006e-05,
  "ensemble_acc_after_deletion": 0.4134000241756439,
  "ensemble_acc_before_deletion": 0.435200035572052,
  "epsilon": "\u221e",
  "indicator": 1,
  "lengths_after_deletion": [
    3756,
    4552
  ],
  "rng": [
    3717903870,
    1740095760
  ],
  "shard_prediction_precision": 0.5517420768737793,
  "shard_prediction_recall": 0.530500054359436
}