{
  "accs_after_deletion": [
    0.4086000323295593,
    0.41200003027915955
  ],
  "accs_before_deletion": [
    0.4294000267982483,
    0.4278000295162201
  ],
  "delta": 5.0886316442113006e-05,
  "ensemble_acc_after_deletion": 0.41100001335144043,
  "ensemble_acc_before_deletion": 0.4376000165939331,
  "epsilon": "\u221e",
  "indicator": 1,
  "lengths_after_deletion": [
    3682,
    4389
  ],
  "rng": [
    3782286542,
    2556680652
  ],
  "shard_prediction_precision": 0.5445832014083862,
  "shard_prediction_recall": 0.5397500395774841
}