{
  "accs_after_deletion": [
    0.38600000739097595,
    0.3790000081062317
  ],
  "accs_before_deletion": [
    0.4236000180244446,
    0.4278000295162201
  ],
  "delta": 5.0886316442113006e-05,
  "ensemble_acc_after_deletion": 0.3874000310897827,
  "ensemble_acc_before_deletion": 0.43220001459121704,
  "epsilon": "\u221e",
  "indicator": 0,
  "lengths_after_deletion": [
    3704,
    4366
  ],
  "rng": [
    3859424545,
    3809519007
  ],
  "shard_prediction_precision": 0.5417402386665344,
  "shard_prediction_recall": 0.5370000004768372
}