{
  "accs_after_deletion": [
    0.4058000147342682,
    0.38700002431869507
  ],
  "accs_before_deletion": [
    0.42580002546310425,
    0.43620002269744873
  ],
  "delta": 5.0886316442113006e-05,
  "ensemble_acc_after_deletion": 0.40460002422332764,
  "ensemble_acc_before_deletion": 0.43060001730918884,
  "epsilon": "\u221e",
  "indicator": 0,
  "lengths_after_deletion": [
    3562,
    4329
  ],
  "rng": [
    3896466151,
    1941931964
  ],
  "shard_prediction_precision": 0.5472931265830994,
  "shard_prediction_recall": 0.5547500252723694
}