{
  "accs_after_deletion": [
    0.40420001745224,
    0.41200003027915955
  ],
  "accs_before_deletion": [
    0.4272000193595886,
    0.40880000591278076
  ],
  "delta": 5.0886316442113006e-05,
  "ensemble_acc_after_deletion": 0.4098000228404999,
  "ensemble_acc_before_deletion": 0.43340003490448,
  "epsilon": "\u221e",
  "indicator": 1,
  "lengths_after_deletion": [
    3763,
    4552
  ],
  "rng": [
    3932543538,
    366367549
  ],
  "shard_prediction_precision": 0.5513337850570679,
  "shard_prediction_recall": 0.5296249985694885
}