{
  "accs_after_deletion": [
    0.38600000739097595,
    0.3996000289916992
  ],
  "accs_before_deletion": [
    0.43160003423690796,
    0.4284000098705292
  ],
  "delta": 5.0886316442113006e-05,
  "ensemble_acc_after_deletion": 0.3890000283718109,
  "ensemble_acc_before_deletion": 0.42740002274513245,
  "epsilon": "\u221e",
  "indicator": 1,
  "lengths_after_deletion": [
    3688,
    4459
  ],
  "rng": [
    3970932646,
    1514857447
  ],
  "shard_prediction_precision": 0.5490894913673401,
  "shard_prediction_recall": 0.5390000343322754
}