{
  "accs_after_deletion": [
    0.39820000529289246,
    0.4198000133037567
  ],
  "accs_before_deletion": [
    0.4228000342845917,
    0.4342000186443329
  ],
  "delta": 5.0886316442113006e-05,
  "ensemble_acc_after_deletion": 0.4114000201225281,
  "ensemble_acc_before_deletion": 0.43300002813339233,
  "epsilon": "\u221e",
  "indicator": 1,
  "lengths_after_deletion": [
    3667,
    4503
  ],
  "rng": [
    3977872979,
    2458640553
  ],
  "shard_prediction_precision": 0.5533844232559204,
  "shard_prediction_recall": 0.5416250228881836
}