{
  "accs_after_deletion": [
    0.39320001006126404,
    0.39000001549720764
  ],
  "accs_before_deletion": [
    0.4182000160217285,
    0.42740002274513245
  ],
  "delta": 5.0886316442113006e-05,
  "ensemble_acc_after_deletion": 0.37860003113746643,
  "ensemble_acc_before_deletion": 0.4180000126361847,
  "epsilon": "\u221e",
  "indicator": 0,
  "lengths_after_deletion": [
    3782,
    4534
  ],
  "rng": [
    4006354280,
    1608607574
  ],
  "shard_prediction_precision": 0.5489328503608704,
  "shard_prediction_recall": 0.5272500514984131
}