{
  "accs_after_deletion": [
    0.40540000796318054,
    0.39580002427101135
  ],
  "accs_before_deletion": [
    0.4228000342845917,
    0.4240000247955322
  ],
  "delta": 5.0886316442113006e-05,
  "ensemble_acc_after_deletion": 0.40420001745224,
  "ensemble_acc_before_deletion": 0.4278000295162201,
  "epsilon": "\u221e",
  "indicator": 0,
  "lengths_after_deletion": [
    3857,
    4626
  ],
  "rng": [
    4030599002,
    909634828
  ],
  "shard_prediction_precision": 0.5511507391929626,
  "shard_prediction_recall": 0.5178750157356262
}