{
  "accs_after_deletion": [
    0.37800002098083496,
    0.3872000277042389
  ],
  "accs_before_deletion": [
    0.43080002069473267,
    0.4090000092983246
  ],
  "delta": 5.0886316442113006e-05,
  "ensemble_acc_after_deletion": 0.3790000081062317,
  "ensemble_acc_before_deletion": 0.4212000072002411,
  "epsilon": "\u221e",
  "indicator": 1,
  "lengths_after_deletion": [
    3554,
    4383
  ],
  "rng": [
    4045921514,
    2915039930
  ],
  "shard_prediction_precision": 0.5514076948165894,
  "shard_prediction_recall": 0.5557500123977661
}