{
  "accs_after_deletion": [
    0.39480000734329224,
    0.3984000086784363
  ],
  "accs_before_deletion": [
    0.3992000222206116,
    0.4212000072002411
  ],
  "delta": 5.0886316442113006e-05,
  "ensemble_acc_after_deletion": 0.39580002427101135,
  "ensemble_acc_before_deletion": 0.41600000858306885,
  "epsilon": "\u221e",
  "indicator": 1,
  "lengths_after_deletion": [
    3876,
    4520
  ],
  "rng": [
    4140662183,
    3118687725
  ],
  "shard_prediction_precision": 0.5423461198806763,
  "shard_prediction_recall": 0.515500009059906
}