{
  "accs_after_deletion": [
    0.39580002427101135,
    0.40420001745224
  ],
  "accs_before_deletion": [
    0.4212000072002411,
    0.428600013256073
  ],
  "delta": 5.0886316442113006e-05,
  "ensemble_acc_after_deletion": 0.4000000059604645,
  "ensemble_acc_before_deletion": 0.4182000160217285,
  "epsilon": "\u221e",
  "indicator": 1,
  "lengths_after_deletion": [
    3618,
    4466
  ],
  "rng": [
    415508574,
    603075448
  ],
  "shard_prediction_precision": 0.5535624027252197,
  "shard_prediction_recall": 0.5477500557899475
}