{
  "accs_after_deletion": [
    0.40940001606941223,
    0.39000001549720764
  ],
  "accs_before_deletion": [
    0.42340001463890076,
    0.42580002546310425
  ],
  "delta": 5.0886316442113006e-05,
  "ensemble_acc_after_deletion": 0.4074000120162964,
  "ensemble_acc_before_deletion": 0.4174000322818756,
  "epsilon": "\u221e",
  "indicator": 0,
  "lengths_after_deletion": [
    3707,
    4506
  ],
  "rng": [
    4163961370,
    328505892
  ],
  "shard_prediction_precision": 0.551303505897522,
  "shard_prediction_recall": 0.5366250276565552
}