{
  "accs_after_deletion": [
    0.4020000100135803,
    0.39640000462532043
  ],
  "accs_before_deletion": [
    0.42420002818107605,
    0.41440001130104065
  ],
  "delta": 5.0886316442113006e-05,
  "ensemble_acc_after_deletion": 0.3904000222682953,
  "ensemble_acc_before_deletion": 0.41840001940727234,
  "epsilon": "\u221e",
  "indicator": 0,
  "lengths_after_deletion": [
    3313,
    4152
  ],
  "rng": [
    4246017819,
    1118827005
  ],
  "shard_prediction_precision": 0.5491505861282349,
  "shard_prediction_recall": 0.5858750343322754
}