{
  "accs_after_deletion": [
    0.38100001215934753,
    0.41120001673698425
  ],
  "accs_before_deletion": [
    0.4214000105857849,
    0.4326000213623047
  ],
  "delta": 5.0886316442113006e-05,
  "ensemble_acc_after_deletion": 0.3992000222206116,
  "ensemble_acc_before_deletion": 0.4244000315666199,
  "epsilon": "\u221e",
  "indicator": 1,
  "lengths_after_deletion": [
    3755,
    4438
  ],
  "rng": [
    4274369248,
    1806689666
  ],
  "shard_prediction_precision": 0.5437427759170532,
  "shard_prediction_recall": 0.53062504529953
}