{
  "accs_after_deletion": [
    0.39400002360343933,
    0.3968000113964081
  ],
  "accs_before_deletion": [
    0.43240001797676086,
    0.4190000295639038
  ],
  "delta": 5.0886316442113006e-05,
  "ensemble_acc_after_deletion": 0.4114000201225281,
  "ensemble_acc_before_deletion": 0.4256000220775604,
  "epsilon": "\u221e",
  "indicator": 1,
  "lengths_after_deletion": [
    3498,
    4309
  ],
  "rng": [
    4280500641,
    2400462933
  ],
  "shard_prediction_precision": 0.5494934320449829,
  "shard_prediction_recall": 0.5627500414848328
}