{
  "accs_after_deletion": [
    0.4090000092983246,
    0.4262000322341919
  ],
  "accs_before_deletion": [
    0.4090000092983246,
    0.42340001463890076
  ],
  "delta": 5.0886316442113006e-05,
  "ensemble_acc_after_deletion": 0.42660000920295715,
  "ensemble_acc_before_deletion": 0.41520002484321594,
  "epsilon": "\u221e",
  "indicator": 1,
  "lengths_after_deletion": [
    4061,
    4776
  ],
  "rng": [
    463381616,
    3672269569
  ],
  "shard_prediction_precision": 0.549909234046936,
  "shard_prediction_recall": 0.4923750162124634
}