{
  "accs_after_deletion": [
    0.39500001072883606,
    0.3832000195980072
  ],
  "accs_before_deletion": [
    0.43340003490448,
    0.42100003361701965
  ],
  "delta": 5.0886316442113006e-05,
  "ensemble_acc_after_deletion": 0.39420002698898315,
  "ensemble_acc_before_deletion": 0.4240000247955322,
  "epsilon": "\u221e",
  "indicator": 0,
  "lengths_after_deletion": [
    3621,
    4460
  ],
  "rng": [
    487210848,
    3428525427
  ],
  "shard_prediction_precision": 0.5529738664627075,
  "shard_prediction_recall": 0.5473750233650208
}