{
  "accs_after_deletion": [
    0.40160003304481506,
    0.3968000113964081
  ],
  "accs_before_deletion": [
    0.4058000147342682,
    0.4198000133037567
  ],
  "delta": 5.0886316442113006e-05,
  "ensemble_acc_after_deletion": 0.39560002088546753,
  "ensemble_acc_before_deletion": 0.41260001063346863,
  "epsilon": "\u221e",
  "indicator": 0,
  "lengths_after_deletion": [
    3461,
    4363
  ],
  "rng": [
    512846427,
    1557173510
  ],
  "shard_prediction_precision": 0.5551614165306091,
  "shard_prediction_recall": 0.5673750042915344
}