{
  "accs_after_deletion": [
    0.40400001406669617,
    0.4108000099658966
  ],
  "accs_before_deletion": [
    0.42760002613067627,
    0.4514000117778778
  ],
  "delta": 5.0886316442113006e-05,
  "ensemble_acc_after_deletion": 0.4132000207901001,
  "ensemble_acc_before_deletion": 0.4498000144958496,
  "epsilon": "\u221e",
  "indicator": 1,
  "lengths_after_deletion": [
    3778,
    4750
  ],
  "rng": [
    522327759,
    802293383
  ],
  "shard_prediction_precision": 0.5650427937507629,
  "shard_prediction_recall": 0.5277500152587891
}