{
  "accs_after_deletion": [
    0.38520002365112305,
    0.3954000174999237
  ],
  "accs_before_deletion": [
    0.4148000180721283,
    0.43340003490448
  ],
  "delta": 5.0886316442113006e-05,
  "ensemble_acc_after_deletion": 0.40300002694129944,
  "ensemble_acc_before_deletion": 0.4244000315666199,
  "epsilon": "\u221e",
  "indicator": 1,
  "lengths_after_deletion": [
    3668,
    4493
  ],
  "rng": [
    532112110,
    1985997209
  ],
  "shard_prediction_precision": 0.5526215434074402,
  "shard_prediction_recall": 0.5415000319480896
}