{
  "accs_after_deletion": [
    0.3992000222206116,
    0.3992000222206116
  ],
  "accs_before_deletion": [
    0.42740002274513245,
    0.4320000112056732
  ],
  "delta": 5.0886316442113006e-05,
  "ensemble_acc_after_deletion": 0.4174000322818756,
  "ensemble_acc_before_deletion": 0.41840001940727234,
  "epsilon": "\u221e",
  "indicator": 0,
  "lengths_after_deletion": [
    3657,
    4559
  ],
  "rng": [
    562175780,
    4233649625
  ],
  "shard_prediction_precision": 0.5579394102096558,
  "shard_prediction_recall": 0.5428750514984131
}