{
  "accs_after_deletion": [
    0.4106000065803528,
    0.40960001945495605
  ],
  "accs_before_deletion": [
    0.4190000295639038,
    0.4230000078678131
  ],
  "delta": 5.0886316442113006e-05,
  "ensemble_acc_after_deletion": 0.41220003366470337,
  "ensemble_acc_before_deletion": 0.4284000098705292,
  "epsilon": "\u221e",
  "indicator": 0,
  "lengths_after_deletion": [
    3723,
    4574
  ],
  "rng": [
    58281199,
    2711076059
  ],
  "shard_prediction_precision": 0.5552382469177246,
  "shard_prediction_recall": 0.5346250534057617
}