{
  "accs_after_deletion": [
    0.41440001130104065,
    0.40940001606941223
  ],
  "accs_before_deletion": [
    0.4182000160217285,
    0.42500001192092896
  ],
  "delta": 5.0886316442113006e-05,
  "ensemble_acc_after_deletion": 0.4116000235080719,
  "ensemble_acc_before_deletion": 0.426800012588501,
  "epsilon": "\u221e",
  "indicator": 0,
  "lengths_after_deletion": [
    3880,
    4663
  ],
  "rng": [
    59070566,
    2978149967
  ],
  "shard_prediction_precision": 0.5525010228157043,
  "shard_prediction_recall": 0.51500004529953
}