{
  "accs_after_deletion": [
    0.40540000796318054,
    0.3952000141143799
  ],
  "accs_before_deletion": [
    0.42640000581741333,
    0.4300000071525574
  ],
  "delta": 5.0886316442113006e-05,
  "ensemble_acc_after_deletion": 0.40880000591278076,
  "ensemble_acc_before_deletion": 0.42600002884864807,
  "epsilon": "\u221e",
  "indicator": 0,
  "lengths_after_deletion": [
    3611,
    4404
  ],
  "rng": [
    650292735,
    2212498060
  ],
  "shard_prediction_precision": 0.5496556162834167,
  "shard_prediction_recall": 0.5486250519752502
}