{
  "accs_after_deletion": [
    0.3984000086784363,
    0.39580002427101135
  ],
  "accs_before_deletion": [
    0.43320003151893616,
    0.4244000315666199
  ],
  "delta": 5.0886316442113006e-05,
  "ensemble_acc_after_deletion": 0.3996000289916992,
  "ensemble_acc_before_deletion": 0.43060001730918884,
  "epsilon": "\u221e",
  "indicator": 0,
  "lengths_after_deletion": [
    3693,
    4526
  ],
  "rng": [
    662314265,
    1481725884
  ],
  "shard_prediction_precision": 0.55352783203125,
  "shard_prediction_recall": 0.5383750200271606
}