{
  "accs_after_deletion": [
    0.3898000121116638,
    0.4036000072956085
  ],
  "accs_before_deletion": [
    0.42580002546310425,
    0.41620001196861267
  ],
  "delta": 5.0886316442113006e-05,
  "ensemble_acc_after_deletion": 0.40560001134872437,
  "ensemble_acc_before_deletion": 0.41940000653266907,
  "epsilon": "\u221e",
  "indicator": 1,
  "lengths_after_deletion": [
    3794,
    4393
  ],
  "rng": [
    717847962,
    1203928602
  ],
  "shard_prediction_precision": 0.538333535194397,
  "shard_prediction_recall": 0.5257500410079956
}