{
  "accs_after_deletion": [
    0.39560002088546753,
    0.37140002846717834
  ],
  "accs_before_deletion": [
    0.43480002880096436,
    0.40780001878738403
  ],
  "delta": 5.0886316442113006e-05,
  "ensemble_acc_after_deletion": 0.38860002160072327,
  "ensemble_acc_before_deletion": 0.4252000153064728,
  "epsilon": "\u221e",
  "indicator": 0,
  "lengths_after_deletion": [
    3576,
    4383
  ],
  "rng": [
    741920983,
    258580488
  ],
  "shard_prediction_precision": 0.5501803755760193,
  "shard_prediction_recall": 0.5530000329017639
}