{
  "accs_after_deletion": [
    0.3970000147819519,
    0.4114000201225281
  ],
  "accs_before_deletion": [
    0.426800012588501,
    0.4124000072479248
  ],
  "delta": 5.0886316442113006e-05,
  "ensemble_acc_after_deletion": 0.41260001063346863,
  "ensemble_acc_before_deletion": 0.4270000159740448,
  "epsilon": "\u221e",
  "indicator": 1,
  "lengths_after_deletion": [
    3639,
    4315
  ],
  "rng": [
    753745730,
    888683115
  ],
  "shard_prediction_precision": 0.5420084595680237,
  "shard_prediction_recall": 0.5451250076293945
}