{
  "accs_after_deletion": [
    0.4004000127315521,
    0.4116000235080719
  ],
  "accs_before_deletion": [
    0.42740002274513245,
    0.42760002613067627
  ],
  "delta": 5.0886316442113006e-05,
  "ensemble_acc_after_deletion": 0.4146000146865845,
  "ensemble_acc_before_deletion": 0.43300002813339233,
  "epsilon": "\u221e",
  "indicator": 1,
  "lengths_after_deletion": [
    3893,
    4689
  ],
  "rng": [
    813317117,
    4231752388
  ],
  "shard_prediction_precision": 0.5536532998085022,
  "shard_prediction_recall": 0.5133750438690186
}