{
  "accs_after_deletion": [
    0.39400002360343933,
    0.40140002965927124
  ],
  "accs_before_deletion": [
    0.4326000213623047,
    0.42260003089904785
  ],
  "delta": 5.0886316442113006e-05,
  "ensemble_acc_after_deletion": 0.40480002760887146,
  "ensemble_acc_before_deletion": 0.43060001730918884,
  "epsilon": "\u221e",
  "indicator": 1,
  "lengths_after_deletion": [
    3588,
    4476
  ],
  "rng": [
    815165433,
    2479634984
  ],
  "shard_prediction_precision": 0.5559475421905518,
  "shard_prediction_recall": 0.5515000224113464
}