{
  "accs_after_deletion": [
    0.37720000743865967,
    0.37400001287460327
  ],
  "accs_before_deletion": [
    0.42020002007484436,
    0.4196000099182129
  ],
  "delta": 5.0886316442113006e-05,
  "ensemble_acc_after_deletion": 0.391400009393692,
  "ensemble_acc_before_deletion": 0.42160001397132874,
  "epsilon": "\u221e",
  "indicator": 0,
  "lengths_after_deletion": [
    3604,
    4389
  ],
  "rng": [
    960380481,
    379724154
  ],
  "shard_prediction_precision": 0.5490196347236633,
  "shard_prediction_recall": 0.549500048160553
}