{
  "accs_after_deletion": [
    0.38920003175735474,
    0.4068000316619873
  ],
  "accs_before_deletion": [
    0.4172000288963318,
    0.4252000153064728
  ],
  "delta": 5.0886316442113006e-05,
  "ensemble_acc_after_deletion": 0.3984000086784363,
  "ensemble_acc_before_deletion": 0.4076000154018402,
  "epsilon": "\u221e",
  "indicator": 1,
  "lengths_after_deletion": [
    3557,
    4366
  ],
  "rng": [
    993240253,
    1438927263
  ],
  "shard_prediction_precision": 0.5500804781913757,
  "shard_prediction_recall": 0.5553750395774841
}