{
  "accs_after_deletion": [
    0.9672000408172607,
    0.9648000597953796,
    0.9664000272750854,
    0.9664000272750854,
    0.9668000340461731,
    0.964400053024292
  ],
  "accs_before_deletion": [
    0.9732000231742859,
    0.9750000238418579,
    0.9724000692367554,
    0.9734000563621521,
    0.9704000353813171,
    0.9712000489234924
  ],
  "delta": 6.982864657330156e-05,
  "ensemble_acc_after_deletion": 0.9734000563621521,
  "ensemble_acc_before_deletion": 0.9780000448226929,
  "epsilon": "\u221e",
  "indicator": 0,
  "lengths_after_deletion": [
    2671,
    2656,
    2679,
    2889,
    2867,
    2871
  ],
  "rng": [
    0,
    204647532
  ],
  "shard_prediction_precision": 0.19858521223068237,
  "shard_prediction_recall": 0.2136666625738144
}