{
  "accs_after_deletion": [
    0.9668000340461731,
    0.9656000733375549,
    0.968000054359436,
    0.9722000360488892,
    0.9672000408172607,
    0.9714000225067139
  ],
  "accs_before_deletion": [
    0.9732000231742859,
    0.9726000428199768,
    0.9732000231742859,
    0.9742000699043274,
    0.9722000360488892,
    0.9742000699043274
  ],
  "delta": 6.982864657330156e-05,
  "ensemble_acc_after_deletion": 0.9770000576972961,
  "ensemble_acc_before_deletion": 0.9776000380516052,
  "epsilon": "\u221e",
  "indicator": 1,
  "lengths_after_deletion": [
    2795,
    2889,
    2944,
    3206,
    3171,
    3177
  ],
  "rng": [
    1041360050,
    3232224135
  ],
  "shard_prediction_precision": 0.2010887861251831,
  "shard_prediction_recall": 0.19905555248260498
}