{
  "accs_after_deletion": [
    0.9682000279426575,
    0.9664000272750854,
    0.9672000408172607,
    0.9712000489234924,
    0.9720000624656677,
    0.9702000617980957
  ],
  "accs_before_deletion": [
    0.9708000421524048,
    0.971000075340271,
    0.9736000299453735,
    0.9748000502586365,
    0.9762000441551208,
    0.9714000225067139
  ],
  "delta": 6.982864657330156e-05,
  "ensemble_acc_after_deletion": 0.9758000373840332,
  "ensemble_acc_before_deletion": 0.9790000319480896,
  "epsilon": "\u221e",
  "indicator": 1,
  "lengths_after_deletion": [
    2757,
    2785,
    2767,
    2978,
    2989,
    3001
  ],
  "rng": [
    1050265758,
    1977823840
  ],
  "shard_prediction_precision": 0.19761790335178375,
  "shard_prediction_recall": 0.20555555820465088
}