{
  "accs_after_deletion": [
    0.968000054359436,
    0.968000054359436,
    0.9640000462532043,
    0.9716000556945801,
    0.9636000394821167,
    0.9682000279426575
  ],
  "accs_before_deletion": [
    0.9756000638008118,
    0.9760000705718994,
    0.9722000360488892,
    0.9734000563621521,
    0.9714000225067139,
    0.9742000699043274
  ],
  "delta": 6.982864657330156e-05,
  "ensemble_acc_after_deletion": 0.9740000367164612,
  "ensemble_acc_before_deletion": 0.9788000583648682,
  "epsilon": "\u221e",
  "indicator": 1,
  "lengths_after_deletion": [
    3105,
    3088,
    3207,
    3398,
    3299,
    3379
  ],
  "rng": [
    1051776390,
    2012936746
  ],
  "shard_prediction_precision": 0.20128299295902252,
  "shard_prediction_recall": 0.18477778136730194
}