{
  "accs_after_deletion": [
    0.9688000679016113,
    0.9664000272750854,
    0.9698000550270081,
    0.9700000286102295,
    0.9660000205039978,
    0.968000054359436
  ],
  "accs_before_deletion": [
    0.9734000563621521,
    0.9724000692367554,
    0.9746000170707703,
    0.9706000685691833,
    0.9724000692367554,
    0.9730000495910645
  ],
  "delta": 6.982864657330156e-05,
  "ensemble_acc_after_deletion": 0.9752000570297241,
  "ensemble_acc_before_deletion": 0.9758000373840332,
  "epsilon": "\u221e",
  "indicator": 0,
  "lengths_after_deletion": [
    2516,
    2456,
    2398,
    2696,
    2759,
    2679
  ],
  "rng": [
    107430748,
    4021785736
  ],
  "shard_prediction_precision": 0.19491608440876007,
  "shard_prediction_recall": 0.22194445133209229
}