{
  "accs_after_deletion": [
    0.9648000597953796,
    0.9646000266075134,
    0.9646000266075134,
    0.9676000475883484,
    0.9658000469207764,
    0.9736000299453735
  ],
  "accs_before_deletion": [
    0.9746000170707703,
    0.9684000611305237,
    0.9740000367164612,
    0.9698000550270081,
    0.9730000495910645,
    0.9752000570297241
  ],
  "delta": 6.982864657330156e-05,
  "ensemble_acc_after_deletion": 0.9720000624656677,
  "ensemble_acc_before_deletion": 0.9768000245094299,
  "epsilon": "\u221e",
  "indicator": 1,
  "lengths_after_deletion": [
    2453,
    2426,
    2470,
    2605,
    2699,
    2662
  ],
  "rng": [
    1075530900,
    2215800058
  ],
  "shard_prediction_precision": 0.19284504652023315,
  "shard_prediction_recall": 0.2216111123561859
}