{
  "accs_after_deletion": [
    0.9678000211715698,
    0.967400074005127,
    0.9684000611305237,
    0.9658000469207764,
    0.966200053691864,
    0.9704000353813171
  ],
  "accs_before_deletion": [
    0.9740000367164612,
    0.9748000502586365,
    0.9734000563621521,
    0.9740000367164612,
    0.9734000563621521,
    0.9714000225067139
  ],
  "delta": 6.982864657330156e-05,
  "ensemble_acc_after_deletion": 0.9758000373840332,
  "ensemble_acc_before_deletion": 0.9768000245094299,
  "epsilon": "\u221e",
  "indicator": 0,
  "lengths_after_deletion": [
    3019,
    3030,
    2969,
    3197,
    3204,
    3247
  ],
  "rng": [
    1113988322,
    1321676856
  ],
  "shard_prediction_precision": 0.1962616890668869,
  "shard_prediction_recall": 0.1889999955892563
}