{
  "accs_after_deletion": [
    0.968000054359436,
    0.969200074672699,
    0.9628000259399414,
    0.9676000475883484,
    0.9654000401496887,
    0.9714000225067139
  ],
  "accs_before_deletion": [
    0.9736000299453735,
    0.9714000225067139,
    0.9696000218391418,
    0.9730000495910645,
    0.9746000170707703,
    0.9744000434875488
  ],
  "delta": 6.982864657330156e-05,
  "ensemble_acc_after_deletion": 0.9734000563621521,
  "ensemble_acc_before_deletion": 0.9762000441551208,
  "epsilon": "\u221e",
  "indicator": 1,
  "lengths_after_deletion": [
    3184,
    3205,
    3189,
    3432,
    3448,
    3434
  ],
  "rng": [
    1164862748,
    1751667409
  ],
  "shard_prediction_precision": 0.20114228129386902,
  "shard_prediction_recall": 0.18000000715255737
}