{
  "accs_after_deletion": [
    0.9682000279426575,
    0.9646000266075134,
    0.9640000462532043,
    0.9720000624656677,
    0.9694000482559204,
    0.9668000340461731
  ],
  "accs_before_deletion": [
    0.9754000306129456,
    0.9720000624656677,
    0.9734000563621521,
    0.9728000164031982,
    0.9714000225067139,
    0.9746000170707703
  ],
  "delta": 6.982864657330156e-05,
  "ensemble_acc_after_deletion": 0.9740000367164612,
  "ensemble_acc_before_deletion": 0.9780000448226929,
  "epsilon": "\u221e",
  "indicator": 1,
  "lengths_after_deletion": [
    2819,
    2759,
    2744,
    3053,
    2953,
    3062
  ],
  "rng": [
    1178860651,
    3984561234
  ],
  "shard_prediction_precision": 0.1979580819606781,
  "shard_prediction_recall": 0.20466667413711548
}