{
  "accs_after_deletion": [
    0.9598000645637512,
    0.9642000198364258,
    0.9656000733375549,
    0.9664000272750854,
    0.9624000191688538,
    0.9664000272750854
  ],
  "accs_before_deletion": [
    0.9754000306129456,
    0.9696000218391418,
    0.9742000699043274,
    0.9726000428199768,
    0.9704000353813171,
    0.9740000367164612
  ],
  "delta": 6.982864657330156e-05,
  "ensemble_acc_after_deletion": 0.9696000218391418,
  "ensemble_acc_before_deletion": 0.9770000576972961,
  "epsilon": "\u221e",
  "indicator": 1,
  "lengths_after_deletion": [
    2733,
    2742,
    2749,
    3016,
    2934,
    2964
  ],
  "rng": [
    1310580849,
    2136906452
  ],
  "shard_prediction_precision": 0.19891846179962158,
  "shard_prediction_recall": 0.20844444632530212
}