{
  "accs_after_deletion": [
    0.9688000679016113,
    0.9676000475883484,
    0.9622000455856323,
    0.9702000617980957,
    0.971000075340271,
    0.9698000550270081
  ],
  "accs_before_deletion": [
    0.9722000360488892,
    0.9720000624656677,
    0.9722000360488892,
    0.9732000231742859,
    0.9744000434875488,
    0.9754000306129456
  ],
  "delta": 6.982864657330156e-05,
  "ensemble_acc_after_deletion": 0.9738000631332397,
  "ensemble_acc_before_deletion": 0.9782000184059143,
  "epsilon": "\u221e",
  "indicator": 1,
  "lengths_after_deletion": [
    3208,
    3190,
    3153,
    3415,
    3398,
    3401
  ],
  "rng": [
    1311274515,
    3834838471
  ],
  "shard_prediction_precision": 0.2030181735754013,
  "shard_prediction_recall": 0.18311111629009247
}