{
  "accs_after_deletion": [
    0.9666000604629517,
    0.9638000726699829,
    0.9658000469207764,
    0.9712000489234924,
    0.9698000550270081,
    0.9682000279426575
  ],
  "accs_before_deletion": [
    0.9738000631332397,
    0.971000075340271,
    0.9704000353813171,
    0.9732000231742859,
    0.9742000699043274,
    0.9740000367164612
  ],
  "delta": 6.982864657330156e-05,
  "ensemble_acc_after_deletion": 0.9734000563621521,
  "ensemble_acc_before_deletion": 0.9772000312805176,
  "epsilon": "\u221e",
  "indicator": 1,
  "lengths_after_deletion": [
    3323,
    3356,
    3345,
    3498,
    3594,
    3616
  ],
  "rng": [
    1366370458,
    392542023
  ],
  "shard_prediction_precision": 0.20205658674240112,
  "shard_prediction_recall": 0.1713888943195343
}