{
  "accs_after_deletion": [
    0.9682000279426575,
    0.968000054359436,
    0.963200032711029,
    0.9630000591278076,
    0.9666000604629517,
    0.9638000726699829
  ],
  "accs_before_deletion": [
    0.9758000373840332,
    0.9776000380516052,
    0.9720000624656677,
    0.9728000164031982,
    0.9738000631332397,
    0.9722000360488892
  ],
  "delta": 6.982864657330156e-05,
  "ensemble_acc_after_deletion": 0.9726000428199768,
  "ensemble_acc_before_deletion": 0.978600025177002,
  "epsilon": "\u221e",
  "indicator": 0,
  "lengths_after_deletion": [
    2736,
    2754,
    2757,
    2934,
    2928,
    2994
  ],
  "rng": [
    140999921,
    2335983807
  ],
  "shard_prediction_precision": 0.19966132938861847,
  "shard_prediction_recall": 0.20961111783981323
}