{
  "accs_after_deletion": [
    0.9642000198364258,
    0.9676000475883484,
    0.9664000272750854,
    0.9688000679016113,
    0.9654000401496887,
    0.9688000679016113
  ],
  "accs_before_deletion": [
    0.9732000231742859,
    0.9752000570297241,
    0.9728000164031982,
    0.9734000563621521,
    0.9726000428199768,
    0.9716000556945801
  ],
  "delta": 6.982864657330156e-05,
  "ensemble_acc_after_deletion": 0.9718000292778015,
  "ensemble_acc_before_deletion": 0.9772000312805176,
  "epsilon": "\u221e",
  "indicator": 1,
  "lengths_after_deletion": [
    3129,
    3110,
    3144,
    3324,
    3317,
    3389
  ],
  "rng": [
    1424038058,
    715534706
  ],
  "shard_prediction_precision": 0.19973473250865936,
  "shard_prediction_recall": 0.18405555188655853
}