{
  "accs_after_deletion": [
    0.9638000726699829,
    0.96260005235672,
    0.961400032043457,
    0.9642000198364258,
    0.9652000665664673,
    0.9700000286102295
  ],
  "accs_before_deletion": [
    0.9738000631332397,
    0.9724000692367554,
    0.9718000292778015,
    0.9730000495910645,
    0.9714000225067139,
    0.9736000299453735
  ],
  "delta": 6.982864657330156e-05,
  "ensemble_acc_after_deletion": 0.969200074672699,
  "ensemble_acc_before_deletion": 0.9772000312805176,
  "epsilon": "\u221e",
  "indicator": 1,
  "lengths_after_deletion": [
    3281,
    3140,
    3185,
    3382,
    3403,
    3452
  ],
  "rng": [
    1432361694,
    29693189
  ],
  "shard_prediction_precision": 0.20040848851203918,
  "shard_prediction_recall": 0.17988888919353485
}