{
  "accs_after_deletion": [
    0.969200074672699,
    0.9684000611305237,
    0.9622000455856323,
    0.9660000205039978,
    0.9676000475883484,
    0.9688000679016113
  ],
  "accs_before_deletion": [
    0.9722000360488892,
    0.9738000631332397,
    0.9746000170707703,
    0.9730000495910645,
    0.9732000231742859,
    0.9744000434875488
  ],
  "delta": 6.982864657330156e-05,
  "ensemble_acc_after_deletion": 0.9736000299453735,
  "ensemble_acc_before_deletion": 0.9784000515937805,
  "epsilon": "\u221e",
  "indicator": 1,
  "lengths_after_deletion": [
    3567,
    3589,
    3529,
    3711,
    3770,
    3760
  ],
  "rng": [
    1433055245,
    18604042
  ],
  "shard_prediction_precision": 0.20953531563282013,
  "shard_prediction_recall": 0.16383333504199982
}