{
  "accs_after_deletion": [
    0.9660000205039978,
    0.967400074005127,
    0.9666000604629517,
    0.9670000672340393,
    0.9664000272750854,
    0.9724000692367554
  ],
  "accs_before_deletion": [
    0.9740000367164612,
    0.9744000434875488,
    0.9752000570297241,
    0.9738000631332397,
    0.9736000299453735,
    0.9746000170707703
  ],
  "delta": 6.982864657330156e-05,
  "ensemble_acc_after_deletion": 0.9738000631332397,
  "ensemble_acc_before_deletion": 0.9794000387191772,
  "epsilon": "\u221e",
  "indicator": 1,
  "lengths_after_deletion": [
    2622,
    2586,
    2532,
    2829,
    2877,
    2892
  ],
  "rng": [
    1437998264,
    2667534905
  ],
  "shard_prediction_precision": 0.19962364435195923,
  "shard_prediction_recall": 0.21805556118488312
}