{
  "accs_after_deletion": [
    0.9664000272750854,
    0.9652000665664673,
    0.9600000381469727,
    0.963200032711029,
    0.9702000617980957,
    0.964400053024292
  ],
  "accs_before_deletion": [
    0.9726000428199768,
    0.9738000631332397,
    0.9728000164031982,
    0.9700000286102295,
    0.9754000306129456,
    0.9704000353813171
  ],
  "delta": 6.982864657330156e-05,
  "ensemble_acc_after_deletion": 0.9728000164031982,
  "ensemble_acc_before_deletion": 0.9778000712394714,
  "epsilon": "\u221e",
  "indicator": 1,
  "lengths_after_deletion": [
    2808,
    2795,
    2749,
    3057,
    3023,
    3109
  ],
  "rng": [
    1447094192,
    3364489180
  ],
  "shard_prediction_precision": 0.20531991124153137,
  "shard_prediction_recall": 0.2105555534362793
}