{
  "accs_after_deletion": [
    0.967400074005127,
    0.968000054359436,
    0.968000054359436,
    0.9714000225067139,
    0.9630000591278076,
    0.9712000489234924
  ],
  "accs_before_deletion": [
    0.9732000231742859,
    0.9682000279426575,
    0.9780000448226929,
    0.9726000428199768,
    0.971000075340271,
    0.9746000170707703
  ],
  "delta": 6.982864657330156e-05,
  "ensemble_acc_after_deletion": 0.9742000699043274,
  "ensemble_acc_before_deletion": 0.9758000373840332,
  "epsilon": "\u221e",
  "indicator": 1,
  "lengths_after_deletion": [
    2622,
    2559,
    2540,
    2830,
    2804,
    2843
  ],
  "rng": [
    1522137857,
    1400469344
  ],
  "shard_prediction_precision": 0.19285930693149567,
  "shard_prediction_recall": 0.2121666669845581
}