{
  "accs_after_deletion": [
    0.963200032711029,
    0.9666000604629517,
    0.9700000286102295,
    0.9666000604629517,
    0.9676000475883484,
    0.9684000611305237
  ],
  "accs_before_deletion": [
    0.9730000495910645,
    0.9698000550270081,
    0.9750000238418579,
    0.9734000563621521,
    0.9708000421524048,
    0.9720000624656677
  ],
  "delta": 6.982864657330156e-05,
  "ensemble_acc_after_deletion": 0.9728000164031982,
  "ensemble_acc_before_deletion": 0.9766000509262085,
  "epsilon": "\u221e",
  "indicator": 1,
  "lengths_after_deletion": [
    3305,
    3232,
    3305,
    3535,
    3523,
    3530
  ],
  "rng": [
    1572467943,
    2330482100
  ],
  "shard_prediction_precision": 0.20443160831928253,
  "shard_prediction_recall": 0.17683333158493042
}