{
  "accs_after_deletion": [
    0.9706000685691833,
    0.9672000408172607,
    0.9688000679016113,
    0.9716000556945801,
    0.9706000685691833,
    0.9698000550270081
  ],
  "accs_before_deletion": [
    0.9746000170707703,
    0.9722000360488892,
    0.9734000563621521,
    0.9756000638008118,
    0.9736000299453735,
    0.9736000299453735
  ],
  "delta": 6.982864657330156e-05,
  "ensemble_acc_after_deletion": 0.9748000502586365,
  "ensemble_acc_before_deletion": 0.9774000644683838,
  "epsilon": "\u221e",
  "indicator": 1,
  "lengths_after_deletion": [
    3003,
    2968,
    3007,
    3251,
    3255,
    3243
  ],
  "rng": [
    159113613,
    2432744365
  ],
  "shard_prediction_precision": 0.19550743699073792,
  "shard_prediction_recall": 0.18761111795902252
}