{
  "accs_after_deletion": [
    0.9658000469207764,
    0.9654000401496887,
    0.9688000679016113,
    0.9728000164031982,
    0.9684000611305237,
    0.9682000279426575
  ],
  "accs_before_deletion": [
    0.9706000685691833,
    0.9698000550270081,
    0.9732000231742859,
    0.9728000164031982,
    0.9690000414848328,
    0.9718000292778015
  ],
  "delta": 6.982864657330156e-05,
  "ensemble_acc_after_deletion": 0.9738000631332397,
  "ensemble_acc_before_deletion": 0.9752000570297241,
  "epsilon": "\u221e",
  "indicator": 1,
  "lengths_after_deletion": [
    2688,
    2813,
    2667,
    2969,
    2850,
    3024
  ],
  "rng": [
    1600520167,
    2967028824
  ],
  "shard_prediction_precision": 0.19953657686710358,
  "shard_prediction_recall": 0.21050000190734863
}