{
  "accs_after_deletion": [
    0.964400053024292,
    0.9656000733375549,
    0.9654000401496887,
    0.9718000292778015,
    0.9672000408172607,
    0.9690000414848328
  ],
  "accs_before_deletion": [
    0.9740000367164612,
    0.9738000631332397,
    0.9722000360488892,
    0.9742000699043274,
    0.9702000617980957,
    0.9718000292778015
  ],
  "delta": 6.982864657330156e-05,
  "ensemble_acc_after_deletion": 0.9742000699043274,
  "ensemble_acc_before_deletion": 0.9774000644683838,
  "epsilon": "\u221e",
  "indicator": 1,
  "lengths_after_deletion": [
    3184,
    3248,
    3196,
    3469,
    3435,
    3520
  ],
  "rng": [
    1641081945,
    3710827908
  ],
  "shard_prediction_precision": 0.20617005228996277,
  "shard_prediction_recall": 0.18266667425632477
}