{
  "accs_after_deletion": [
    0.9656000733375549,
    0.9660000205039978,
    0.9648000597953796,
    0.964400053024292,
    0.9664000272750854,
    0.9682000279426575
  ],
  "accs_before_deletion": [
    0.9740000367164612,
    0.9720000624656677,
    0.9712000489234924,
    0.9728000164031982,
    0.9714000225067139,
    0.9712000489234924
  ],
  "delta": 6.982864657330156e-05,
  "ensemble_acc_after_deletion": 0.9716000556945801,
  "ensemble_acc_before_deletion": 0.9774000644683838,
  "epsilon": "\u221e",
  "indicator": 1,
  "lengths_after_deletion": [
    3326,
    3193,
    3256,
    3440,
    3496,
    3473
  ],
  "rng": [
    1653172613,
    2356241456
  ],
  "shard_prediction_precision": 0.20295903086662292,
  "shard_prediction_recall": 0.1783333420753479
}