{
  "accs_after_deletion": [
    0.966200053691864,
    0.959600031375885,
    0.961400032043457,
    0.968000054359436,
    0.9664000272750854,
    0.971000075340271
  ],
  "accs_before_deletion": [
    0.9724000692367554,
    0.9748000502586365,
    0.9722000360488892,
    0.9738000631332397,
    0.9696000218391418,
    0.9748000502586365
  ],
  "delta": 6.982864657330156e-05,
  "ensemble_acc_after_deletion": 0.9704000353813171,
  "ensemble_acc_before_deletion": 0.9782000184059143,
  "epsilon": "\u221e",
  "indicator": 1,
  "lengths_after_deletion": [
    3043,
    3080,
    3083,
    3263,
    3298,
    3312
  ],
  "rng": [
    1671724185,
    4293473414
  ],
  "shard_prediction_precision": 0.2011110484600067,
  "shard_prediction_recall": 0.18905556201934814
}