{
  "accs_after_deletion": [
    0.9642000198364258,
    0.9616000652313232,
    0.9638000726699829,
    0.9686000347137451,
    0.9664000272750854,
    0.9616000652313232
  ],
  "accs_before_deletion": [
    0.9718000292778015,
    0.9748000502586365,
    0.9724000692367554,
    0.9746000170707703,
    0.971000075340271,
    0.9716000556945801
  ],
  "delta": 6.982864657330156e-05,
  "ensemble_acc_after_deletion": 0.969200074672699,
  "ensemble_acc_before_deletion": 0.9778000712394714,
  "epsilon": "\u221e",
  "indicator": 1,
  "lengths_after_deletion": [
    3253,
    3127,
    3089,
    3364,
    3357,
    3365
  ],
  "rng": [
    1675525893,
    2501198446
  ],
  "shard_prediction_precision": 0.20547279715538025,
  "shard_prediction_recall": 0.18772222101688385
}