{
  "accs_after_deletion": [
    0.967400074005127,
    0.9656000733375549,
    0.9636000394821167,
    0.967400074005127,
    0.9682000279426575,
    0.9708000421524048
  ],
  "accs_before_deletion": [
    0.9758000373840332,
    0.9712000489234924,
    0.9712000489234924,
    0.9738000631332397,
    0.9720000624656677,
    0.9726000428199768
  ],
  "delta": 6.982864657330156e-05,
  "ensemble_acc_after_deletion": 0.9738000631332397,
  "ensemble_acc_before_deletion": 0.9778000712394714,
  "epsilon": "\u221e",
  "indicator": 1,
  "lengths_after_deletion": [
    3252,
    3216,
    3150,
    3485,
    3444,
    3553
  ],
  "rng": [
    1731889182,
    1344728728
  ],
  "shard_prediction_precision": 0.20496854186058044,
  "shard_prediction_recall": 0.18105556070804596
}