{
  "accs_after_deletion": [
    0.9706000685691833,
    0.9658000469207764,
    0.9664000272750854,
    0.9716000556945801,
    0.9684000611305237,
    0.9726000428199768
  ],
  "accs_before_deletion": [
    0.9730000495910645,
    0.9712000489234924,
    0.9740000367164612,
    0.9734000563621521,
    0.9718000292778015,
    0.9770000576972961
  ],
  "delta": 6.982864657330156e-05,
  "ensemble_acc_after_deletion": 0.9736000299453735,
  "ensemble_acc_before_deletion": 0.9788000583648682,
  "epsilon": "\u221e",
  "indicator": 1,
  "lengths_after_deletion": [
    3217,
    3275,
    3227,
    3471,
    3449,
    3535
  ],
  "rng": [
    1734650842,
    1419909227
  ],
  "shard_prediction_precision": 0.2013142853975296,
  "shard_prediction_recall": 0.1770000010728836
}