{
  "accs_after_deletion": [
    0.9684000611305237,
    0.9612000584602356,
    0.9622000455856323,
    0.9624000191688538,
    0.9634000658988953,
    0.9668000340461731
  ],
  "accs_before_deletion": [
    0.9734000563621521,
    0.9708000421524048,
    0.9780000448226929,
    0.9746000170707703,
    0.9708000421524048,
    0.9734000563621521
  ],
  "delta": 6.982864657330156e-05,
  "ensemble_acc_after_deletion": 0.9712000489234924,
  "ensemble_acc_before_deletion": 0.9790000319480896,
  "epsilon": "\u221e",
  "indicator": 1,
  "lengths_after_deletion": [
    3447,
    3417,
    3408,
    3626,
    3596,
    3622
  ],
  "rng": [
    1744252157,
    470845946
  ],
  "shard_prediction_precision": 0.20532116293907166,
  "shard_prediction_recall": 0.1697777807712555
}