{
  "accs_after_deletion": [
    0.9664000272750854,
    0.9668000340461731,
    0.9654000401496887,
    0.968000054359436,
    0.9670000672340393,
    0.9660000205039978
  ],
  "accs_before_deletion": [
    0.9718000292778015,
    0.9736000299453735,
    0.9752000570297241,
    0.9742000699043274,
    0.9726000428199768,
    0.9700000286102295
  ],
  "delta": 6.982864657330156e-05,
  "ensemble_acc_after_deletion": 0.9722000360488892,
  "ensemble_acc_before_deletion": 0.9782000184059143,
  "epsilon": "\u221e",
  "indicator": 1,
  "lengths_after_deletion": [
    2432,
    2343,
    2428,
    2734,
    2770,
    2681
  ],
  "rng": [
    1759248377,
    695180335
  ],
  "shard_prediction_precision": 0.20061129331588745,
  "shard_prediction_recall": 0.22972223162651062
}