{
  "accs_after_deletion": [
    0.9652000665664673,
    0.9636000394821167,
    0.9634000658988953,
    0.9664000272750854,
    0.9646000266075134,
    0.9670000672340393
  ],
  "accs_before_deletion": [
    0.9730000495910645,
    0.9716000556945801,
    0.9766000509262085,
    0.9724000692367554,
    0.971000075340271,
    0.9738000631332397
  ],
  "delta": 6.982864657330156e-05,
  "ensemble_acc_after_deletion": 0.9716000556945801,
  "ensemble_acc_before_deletion": 0.9778000712394714,
  "epsilon": "\u221e",
  "indicator": 1,
  "lengths_after_deletion": [
    3085,
    3148,
    3101,
    3335,
    3282,
    3399
  ],
  "rng": [
    1781119400,
    371676902
  ],
  "shard_prediction_precision": 0.20174174010753632,
  "shard_prediction_recall": 0.1866111159324646
}