{
  "accs_after_deletion": [
    0.9660000205039978,
    0.9664000272750854,
    0.9686000347137451,
    0.9696000218391418,
    0.9676000475883484,
    0.9666000604629517
  ],
  "accs_before_deletion": [
    0.9756000638008118,
    0.9734000563621521,
    0.9756000638008118,
    0.9756000638008118,
    0.9724000692367554,
    0.9716000556945801
  ],
  "delta": 6.982864657330156e-05,
  "ensemble_acc_after_deletion": 0.9744000434875488,
  "ensemble_acc_before_deletion": 0.9794000387191772,
  "epsilon": "\u221e",
  "indicator": 1,
  "lengths_after_deletion": [
    3222,
    3232,
    3203,
    3461,
    3422,
    3442
  ],
  "rng": [
    178355741,
    1482246957
  ],
  "shard_prediction_precision": 0.19908852875232697,
  "shard_prediction_recall": 0.1771666705608368
}