{
  "accs_after_deletion": [
    0.9670000672340393,
    0.9652000665664673,
    0.9682000279426575,
    0.967400074005127,
    0.9638000726699829,
    0.9652000665664673
  ],
  "accs_before_deletion": [
    0.9734000563621521,
    0.9770000576972961,
    0.9760000705718994,
    0.9736000299453735,
    0.971000075340271,
    0.9712000489234924
  ],
  "delta": 6.982864657330156e-05,
  "ensemble_acc_after_deletion": 0.9724000692367554,
  "ensemble_acc_before_deletion": 0.9782000184059143,
  "epsilon": "\u221e",
  "indicator": 0,
  "lengths_after_deletion": [
    2612,
    2567,
    2607,
    2880,
    2906,
    2798
  ],
  "rng": [
    1852720642,
    206813962
  ],
  "shard_prediction_precision": 0.196943461894989,
  "shard_prediction_recall": 0.21477778255939484
}