{
  "accs_after_deletion": [
    0.9686000347137451,
    0.9642000198364258,
    0.9664000272750854,
    0.9716000556945801,
    0.9678000211715698,
    0.9698000550270081
  ],
  "accs_before_deletion": [
    0.9748000502586365,
    0.9716000556945801,
    0.9702000617980957,
    0.9736000299453735,
    0.9708000421524048,
    0.9734000563621521
  ],
  "delta": 6.982864657330156e-05,
  "ensemble_acc_after_deletion": 0.9764000177383423,
  "ensemble_acc_before_deletion": 0.9780000448226929,
  "epsilon": "\u221e",
  "indicator": 1,
  "lengths_after_deletion": [
    3098,
    3173,
    3201,
    3449,
    3396,
    3438
  ],
  "rng": [
    1860579233,
    335470994
  ],
  "shard_prediction_precision": 0.20190827548503876,
  "shard_prediction_recall": 0.18222221732139587
}