{
  "accs_after_deletion": [
    0.9684000611305237,
    0.9648000597953796,
    0.9642000198364258,
    0.968000054359436,
    0.9684000611305237,
    0.9660000205039978
  ],
  "accs_before_deletion": [
    0.9740000367164612,
    0.9740000367164612,
    0.9728000164031982,
    0.9734000563621521,
    0.9724000692367554,
    0.9726000428199768
  ],
  "delta": 6.982864657330156e-05,
  "ensemble_acc_after_deletion": 0.9732000231742859,
  "ensemble_acc_before_deletion": 0.9778000712394714,
  "epsilon": "\u221e",
  "indicator": 1,
  "lengths_after_deletion": [
    2683,
    2704,
    2745,
    2982,
    2952,
    2950
  ],
  "rng": [
    1976210089,
    2213053247
  ],
  "shard_prediction_precision": 0.20343446731567383,
  "shard_prediction_recall": 0.214555561542511
}