{
  "accs_after_deletion": [
    0.959600031375885,
    0.9658000469207764,
    0.9642000198364258,
    0.9652000665664673,
    0.9656000733375549,
    0.9664000272750854
  ],
  "accs_before_deletion": [
    0.9728000164031982,
    0.9724000692367554,
    0.9750000238418579,
    0.9704000353813171,
    0.9712000489234924,
    0.9746000170707703
  ],
  "delta": 6.982864657330156e-05,
  "ensemble_acc_after_deletion": 0.9708000421524048,
  "ensemble_acc_before_deletion": 0.9778000712394714,
  "epsilon": "\u221e",
  "indicator": 1,
  "lengths_after_deletion": [
    3613,
    3680,
    3625,
    3949,
    3918,
    3855
  ],
  "rng": [
    1976660745,
    3287730222
  ],
  "shard_prediction_precision": 0.21145209670066833,
  "shard_prediction_recall": 0.15694443881511688
}