{
  "accs_after_deletion": [
    0.9646000266075134,
    0.9652000665664673,
    0.9666000604629517,
    0.9700000286102295,
    0.9648000597953796,
    0.9694000482559204
  ],
  "accs_before_deletion": [
    0.9716000556945801,
    0.9732000231742859,
    0.9734000563621521,
    0.9744000434875488,
    0.9698000550270081,
    0.9732000231742859
  ],
  "delta": 6.982864657330156e-05,
  "ensemble_acc_after_deletion": 0.9714000225067139,
  "ensemble_acc_before_deletion": 0.9776000380516052,
  "epsilon": "\u221e",
  "indicator": 1,
  "lengths_after_deletion": [
    3122,
    3196,
    3218,
    3432,
    3379,
    3477
  ],
  "rng": [
    1997618300,
    1051386543
  ],
  "shard_prediction_precision": 0.2009149193763733,
  "shard_prediction_recall": 0.1805555522441864
}