{
  "accs_after_deletion": [
    0.9634000658988953,
    0.96260005235672,
    0.96260005235672,
    0.966200053691864,
    0.964400053024292,
    0.9648000597953796
  ],
  "accs_before_deletion": [
    0.9724000692367554,
    0.9732000231742859,
    0.9718000292778015,
    0.9744000434875488,
    0.9666000604629517,
    0.9732000231742859
  ],
  "delta": 6.982864657330156e-05,
  "ensemble_acc_after_deletion": 0.9690000414848328,
  "ensemble_acc_before_deletion": 0.9770000576972961,
  "epsilon": "\u221e",
  "indicator": 1,
  "lengths_after_deletion": [
    2918,
    2778,
    2782,
    3032,
    3091,
    3005
  ],
  "rng": [
    2018117102,
    145373762
  ],
  "shard_prediction_precision": 0.19952158629894257,
  "shard_prediction_recall": 0.2038888931274414
}