{
  "accs_after_deletion": [
    0.9668000340461731,
    0.9678000211715698,
    0.9666000604629517,
    0.9686000347137451,
    0.9670000672340393,
    0.9688000679016113
  ],
  "accs_before_deletion": [
    0.9736000299453735,
    0.9732000231742859,
    0.9748000502586365,
    0.9724000692367554,
    0.9736000299453735,
    0.9716000556945801
  ],
  "delta": 6.982864657330156e-05,
  "ensemble_acc_after_deletion": 0.9730000495910645,
  "ensemble_acc_before_deletion": 0.9770000576972961,
  "epsilon": "\u221e",
  "indicator": 1,
  "lengths_after_deletion": [
    3538,
    3559,
    3551,
    3817,
    3770,
    3835
  ],
  "rng": [
    2039858003,
    2689125436
  ],
  "shard_prediction_precision": 0.20595836639404297,
  "shard_prediction_recall": 0.15938888490200043
}