{
  "accs_after_deletion": [
    0.9638000726699829,
    0.9666000604629517,
    0.9656000733375549,
    0.9688000679016113,
    0.9696000218391418,
    0.9656000733375549
  ],
  "accs_before_deletion": [
    0.9730000495910645,
    0.9734000563621521,
    0.9714000225067139,
    0.9744000434875488,
    0.9732000231742859,
    0.9734000563621521
  ],
  "delta": 6.982864657330156e-05,
  "ensemble_acc_after_deletion": 0.9736000299453735,
  "ensemble_acc_before_deletion": 0.9778000712394714,
  "epsilon": "\u221e",
  "indicator": 1,
  "lengths_after_deletion": [
    3354,
    3332,
    3304,
    3624,
    3574,
    3643
  ],
  "rng": [
    2048370347,
    2631505818
  ],
  "shard_prediction_precision": 0.20508933067321777,
  "shard_prediction_recall": 0.17283333837985992
}