{
  "accs_after_deletion": [
    0.9724000692367554,
    0.96260005235672,
    0.9676000475883484,
    0.9684000611305237,
    0.9664000272750854,
    0.9706000685691833
  ],
  "accs_before_deletion": [
    0.9740000367164612,
    0.9708000421524048,
    0.9712000489234924,
    0.9738000631332397,
    0.9720000624656677,
    0.9730000495910645
  ],
  "delta": 6.982864657330156e-05,
  "ensemble_acc_after_deletion": 0.9740000367164612,
  "ensemble_acc_before_deletion": 0.9772000312805176,
  "epsilon": "\u221e",
  "indicator": 1,
  "lengths_after_deletion": [
    3427,
    3354,
    3390,
    3663,
    3619,
    3707
  ],
  "rng": [
    2079233548,
    837842473
  ],
  "shard_prediction_precision": 0.20653638243675232,
  "shard_prediction_recall": 0.17027777433395386
}