{
  "accs_after_deletion": [
    0.9624000191688538,
    0.9548000693321228,
    0.9604000449180603,
    0.9646000266075134,
    0.960800051689148,
    0.9636000394821167
  ],
  "accs_before_deletion": [
    0.9750000238418579,
    0.9724000692367554,
    0.9752000570297241,
    0.9728000164031982,
    0.969200074672699,
    0.9736000299453735
  ],
  "delta": 6.982864657330156e-05,
  "ensemble_acc_after_deletion": 0.9706000685691833,
  "ensemble_acc_before_deletion": 0.9776000380516052,
  "epsilon": "\u221e",
  "indicator": 1,
  "lengths_after_deletion": [
    2399,
    2374,
    2378,
    2656,
    2641,
    2780
  ],
  "rng": [
    2087912670,
    15531158
  ],
  "shard_prediction_precision": 0.19988445937633514,
  "shard_prediction_recall": 0.23066666722297668
}