{
  "accs_after_deletion": [
    0.9676000475883484,
    0.9686000347137451,
    0.9688000679016113,
    0.969200074672699,
    0.9702000617980957,
    0.969200074672699
  ],
  "accs_before_deletion": [
    0.9724000692367554,
    0.9748000502586365,
    0.9748000502586365,
    0.9734000563621521,
    0.9746000170707703,
    0.9742000699043274
  ],
  "delta": 6.982864657330156e-05,
  "ensemble_acc_after_deletion": 0.9754000306129456,
  "ensemble_acc_before_deletion": 0.9776000380516052,
  "epsilon": "\u221e",
  "indicator": 1,
  "lengths_after_deletion": [
    3352,
    3332,
    3376,
    3613,
    3608,
    3726
  ],
  "rng": [
    2171974271,
    2762751362
  ],
  "shard_prediction_precision": 0.21176549792289734,
  "shard_prediction_recall": 0.17638888955116272
}