{
  "accs_after_deletion": [
    0.9654000401496887,
    0.9666000604629517,
    0.961400032043457,
    0.9736000299453735,
    0.968000054359436,
    0.9678000211715698
  ],
  "accs_before_deletion": [
    0.9730000495910645,
    0.9740000367164612,
    0.9746000170707703,
    0.9760000705718994,
    0.9728000164031982,
    0.971000075340271
  ],
  "delta": 6.982864657330156e-05,
  "ensemble_acc_after_deletion": 0.9724000692367554,
  "ensemble_acc_before_deletion": 0.9776000380516052,
  "epsilon": "\u221e",
  "indicator": 1,
  "lengths_after_deletion": [
    2905,
    2908,
    2928,
    3135,
    3168,
    3223
  ],
  "rng": [
    2206586109,
    204306800
  ],
  "shard_prediction_precision": 0.19765408337116241,
  "shard_prediction_recall": 0.1947222203016281
}