{
  "accs_after_deletion": [
    0.9684000611305237,
    0.9594000577926636,
    0.9668000340461731,
    0.9682000279426575,
    0.9684000611305237,
    0.9702000617980957
  ],
  "accs_before_deletion": [
    0.9750000238418579,
    0.9696000218391418,
    0.9718000292778015,
    0.9734000563621521,
    0.9748000502586365,
    0.971000075340271
  ],
  "delta": 6.982864657330156e-05,
  "ensemble_acc_after_deletion": 0.9734000563621521,
  "ensemble_acc_before_deletion": 0.9782000184059143,
  "epsilon": "\u221e",
  "indicator": 1,
  "lengths_after_deletion": [
    2394,
    2366,
    2369,
    2620,
    2556,
    2577
  ],
  "rng": [
    2217058101,
    3210670882
  ],
  "shard_prediction_precision": 0.1934368759393692,
  "shard_prediction_recall": 0.2269444465637207
}