{
  "accs_after_deletion": [
    0.9656000733375549,
    0.9678000211715698,
    0.9652000665664673,
    0.966200053691864,
    0.9652000665664673,
    0.971000075340271
  ],
  "accs_before_deletion": [
    0.9772000312805176,
    0.9722000360488892,
    0.9736000299453735,
    0.9714000225067139,
    0.9720000624656677,
    0.9740000367164612
  ],
  "delta": 6.982864657330156e-05,
  "ensemble_acc_after_deletion": 0.9730000495910645,
  "ensemble_acc_before_deletion": 0.9776000380516052,
  "epsilon": "\u221e",
  "indicator": 1,
  "lengths_after_deletion": [
    2690,
    2726,
    2730,
    2935,
    2918,
    3011
  ],
  "rng": [
    2295812307,
    837621762
  ],
  "shard_prediction_precision": 0.20352818071842194,
  "shard_prediction_recall": 0.21472223103046417
}