{
  "accs_after_deletion": [
    0.9694000482559204,
    0.966200053691864,
    0.9678000211715698,
    0.9722000360488892,
    0.9684000611305237,
    0.969200074672699
  ],
  "accs_before_deletion": [
    0.9744000434875488,
    0.9720000624656677,
    0.9750000238418579,
    0.9752000570297241,
    0.9704000353813171,
    0.9722000360488892
  ],
  "delta": 6.982864657330156e-05,
  "ensemble_acc_after_deletion": 0.9740000367164612,
  "ensemble_acc_before_deletion": 0.978600025177002,
  "epsilon": "\u221e",
  "indicator": 1,
  "lengths_after_deletion": [
    3168,
    3149,
    3077,
    3410,
    3423,
    3385
  ],
  "rng": [
    2362739547,
    4231167484
  ],
  "shard_prediction_precision": 0.2005125731229782,
  "shard_prediction_recall": 0.18255555629730225
}