{
  "accs_after_deletion": [
    0.9630000591278076,
    0.9660000205039978,
    0.96260005235672,
    0.9696000218391418,
    0.9622000455856323,
    0.966200053691864
  ],
  "accs_before_deletion": [
    0.9732000231742859,
    0.9726000428199768,
    0.9722000360488892,
    0.9732000231742859,
    0.9718000292778015,
    0.9728000164031982
  ],
  "delta": 6.982864657330156e-05,
  "ensemble_acc_after_deletion": 0.9716000556945801,
  "ensemble_acc_before_deletion": 0.9780000448226929,
  "epsilon": "\u221e",
  "indicator": 1,
  "lengths_after_deletion": [
    3325,
    3328,
    3226,
    3506,
    3553,
    3459
  ],
  "rng": [
    2365790615,
    27300141
  ],
  "shard_prediction_precision": 0.2017560601234436,
  "shard_prediction_recall": 0.17488889396190643
}