{
  "accs_after_deletion": [
    0.9646000266075134,
    0.9678000211715698,
    0.9682000279426575,
    0.9702000617980957,
    0.9686000347137451,
    0.9722000360488892
  ],
  "accs_before_deletion": [
    0.9722000360488892,
    0.9746000170707703,
    0.9706000685691833,
    0.9740000367164612,
    0.9718000292778015,
    0.9766000509262085
  ],
  "delta": 6.982864657330156e-05,
  "ensemble_acc_after_deletion": 0.9732000231742859,
  "ensemble_acc_before_deletion": 0.9784000515937805,
  "epsilon": "\u221e",
  "indicator": 1,
  "lengths_after_deletion": [
    3502,
    3470,
    3412,
    3773,
    3676,
    3716
  ],
  "rng": [
    241020922,
    2960756582
  ],
  "shard_prediction_precision": 0.2071828991174698,
  "shard_prediction_recall": 0.16633333265781403
}