{
  "accs_after_deletion": [
    0.9672000408172607,
    0.9646000266075134,
    0.968000054359436,
    0.9712000489234924,
    0.9672000408172607,
    0.9668000340461731
  ],
  "accs_before_deletion": [
    0.9748000502586365,
    0.9714000225067139,
    0.9732000231742859,
    0.9726000428199768,
    0.9734000563621521,
    0.9718000292778015
  ],
  "delta": 6.982864657330156e-05,
  "ensemble_acc_after_deletion": 0.9734000563621521,
  "ensemble_acc_before_deletion": 0.9774000644683838,
  "epsilon": "\u221e",
  "indicator": 1,
  "lengths_after_deletion": [
    2710,
    2647,
    2646,
    2964,
    2980,
    2963
  ],
  "rng": [
    242465580,
    4024492635
  ],
  "shard_prediction_precision": 0.2036668360233307,
  "shard_prediction_recall": 0.2160000056028366
}