{
  "accs_after_deletion": [
    0.9628000259399414,
    0.96260005235672,
    0.9684000611305237,
    0.9638000726699829,
    0.9678000211715698,
    0.9686000347137451
  ],
  "accs_before_deletion": [
    0.9726000428199768,
    0.9722000360488892,
    0.9752000570297241,
    0.9704000353813171,
    0.9696000218391418,
    0.9732000231742859
  ],
  "delta": 6.982864657330156e-05,
  "ensemble_acc_after_deletion": 0.9728000164031982,
  "ensemble_acc_before_deletion": 0.9770000576972961,
  "epsilon": "\u221e",
  "indicator": 1,
  "lengths_after_deletion": [
    2456,
    2525,
    2533,
    2808,
    2785,
    2767
  ],
  "rng": [
    2535181641,
    585933533
  ],
  "shard_prediction_precision": 0.2004372477531433,
  "shard_prediction_recall": 0.22411110997200012
}