{
  "accs_after_deletion": [
    0.9612000584602356,
    0.964400053024292,
    0.96260005235672,
    0.969200074672699,
    0.9684000611305237,
    0.9684000611305237
  ],
  "accs_before_deletion": [
    0.9716000556945801,
    0.9726000428199768,
    0.9722000360488892,
    0.9740000367164612,
    0.971000075340271,
    0.9738000631332397
  ],
  "delta": 6.982864657330156e-05,
  "ensemble_acc_after_deletion": 0.9704000353813171,
  "ensemble_acc_before_deletion": 0.9766000509262085,
  "epsilon": "\u221e",
  "indicator": 1,
  "lengths_after_deletion": [
    3126,
    3149,
    3186,
    3397,
    3393,
    3452
  ],
  "rng": [
    2554452037,
    1480715404
  ],
  "shard_prediction_precision": 0.20568203926086426,
  "shard_prediction_recall": 0.18622222542762756
}