{
  "accs_after_deletion": [
    0.9636000394821167,
    0.9660000205039978,
    0.9664000272750854,
    0.9704000353813171,
    0.964400053024292,
    0.9700000286102295
  ],
  "accs_before_deletion": [
    0.9716000556945801,
    0.9718000292778015,
    0.9718000292778015,
    0.9728000164031982,
    0.9698000550270081,
    0.9726000428199768
  ],
  "delta": 6.982864657330156e-05,
  "ensemble_acc_after_deletion": 0.9730000495910645,
  "ensemble_acc_before_deletion": 0.9760000705718994,
  "epsilon": "\u221e",
  "indicator": 1,
  "lengths_after_deletion": [
    3108,
    3080,
    3078,
    3293,
    3319,
    3361
  ],
  "rng": [
    2611528376,
    1334373864
  ],
  "shard_prediction_precision": 0.2006443440914154,
  "shard_prediction_recall": 0.18683333694934845
}