{
  "accs_after_deletion": [
    0.9660000205039978,
    0.9648000597953796,
    0.9620000720024109,
    0.9640000462532043,
    0.9676000475883484,
    0.9716000556945801
  ],
  "accs_before_deletion": [
    0.9722000360488892,
    0.9714000225067139,
    0.9712000489234924,
    0.9716000556945801,
    0.9696000218391418,
    0.9720000624656677
  ],
  "delta": 6.982864657330156e-05,
  "ensemble_acc_after_deletion": 0.9720000624656677,
  "ensemble_acc_before_deletion": 0.9758000373840332,
  "epsilon": "\u221e",
  "indicator": 1,
  "lengths_after_deletion": [
    2814,
    2983,
    2850,
    3114,
    3018,
    3124
  ],
  "rng": [
    2632069576,
    394050491
  ],
  "shard_prediction_precision": 0.20368017256259918,
  "shard_prediction_recall": 0.2047777771949768
}