{
  "accs_after_deletion": [
    0.9648000597953796,
    0.9646000266075134,
    0.9630000591278076,
    0.9686000347137451,
    0.964400053024292,
    0.9646000266075134
  ],
  "accs_before_deletion": [
    0.9704000353813171,
    0.9732000231742859,
    0.9736000299453735,
    0.9728000164031982,
    0.9716000556945801,
    0.9758000373840332
  ],
  "delta": 6.982864657330156e-05,
  "ensemble_acc_after_deletion": 0.9730000495910645,
  "ensemble_acc_before_deletion": 0.9782000184059143,
  "epsilon": "\u221e",
  "indicator": 1,
  "lengths_after_deletion": [
    3300,
    3322,
    3281,
    3534,
    3490,
    3566
  ],
  "rng": [
    2646014991,
    2390536750
  ],
  "shard_prediction_precision": 0.20100601017475128,
  "shard_prediction_recall": 0.1731666624546051
}