{
  "accs_after_deletion": [
    0.9622000455856323,
    0.9664000272750854,
    0.9642000198364258,
    0.9652000665664673,
    0.9700000286102295,
    0.967400074005127
  ],
  "accs_before_deletion": [
    0.9712000489234924,
    0.9752000570297241,
    0.9750000238418579,
    0.9740000367164612,
    0.9740000367164612,
    0.9730000495910645
  ],
  "delta": 6.982864657330156e-05,
  "ensemble_acc_after_deletion": 0.9708000421524048,
  "ensemble_acc_before_deletion": 0.9772000312805176,
  "epsilon": "\u221e",
  "indicator": 1,
  "lengths_after_deletion": [
    3204,
    3199,
    3181,
    3477,
    3421,
    3502
  ],
  "rng": [
    2654989861,
    1295520805
  ],
  "shard_prediction_precision": 0.20573176443576813,
  "shard_prediction_recall": 0.1830555647611618
}