{
  "accs_after_deletion": [
    0.966200053691864,
    0.9650000333786011,
    0.9696000218391418,
    0.9718000292778015,
    0.9664000272750854,
    0.9682000279426575
  ],
  "accs_before_deletion": [
    0.9742000699043274,
    0.9716000556945801,
    0.9750000238418579,
    0.9744000434875488,
    0.971000075340271,
    0.9730000495910645
  ],
  "delta": 6.982864657330156e-05,
  "ensemble_acc_after_deletion": 0.9738000631332397,
  "ensemble_acc_before_deletion": 0.9784000515937805,
  "epsilon": "\u221e",
  "indicator": 1,
  "lengths_after_deletion": [
    2842,
    2864,
    2807,
    3073,
    3079,
    3009
  ],
  "rng": [
    2656073708,
    1052795705
  ],
  "shard_prediction_precision": 0.19753356277942657,
  "shard_prediction_recall": 0.2011111080646515
}