{
  "accs_after_deletion": [
    0.9658000469207764,
    0.9690000414848328,
    0.9698000550270081,
    0.9724000692367554,
    0.9668000340461731,
    0.9712000489234924
  ],
  "accs_before_deletion": [
    0.9714000225067139,
    0.9716000556945801,
    0.9712000489234924,
    0.9750000238418579,
    0.9712000489234924,
    0.971000075340271
  ],
  "delta": 6.982864657330156e-05,
  "ensemble_acc_after_deletion": 0.9752000570297241,
  "ensemble_acc_before_deletion": 0.9744000434875488,
  "epsilon": "\u221e",
  "indicator": 1,
  "lengths_after_deletion": [
    2885,
    2884,
    2921,
    3101,
    3150,
    3169
  ],
  "rng": [
    267374797,
    578866904
  ],
  "shard_prediction_precision": 0.19972050189971924,
  "shard_prediction_recall": 0.19850000739097595
}