{
  "accs_after_deletion": [
    0.9694000482559204,
    0.9650000333786011,
    0.9634000658988953,
    0.9654000401496887,
    0.9656000733375549,
    0.9670000672340393
  ],
  "accs_before_deletion": [
    0.9758000373840332,
    0.9702000617980957,
    0.9758000373840332,
    0.9718000292778015,
    0.9706000685691833,
    0.9730000495910645
  ],
  "delta": 6.982864657330156e-05,
  "ensemble_acc_after_deletion": 0.9720000624656677,
  "ensemble_acc_before_deletion": 0.9780000448226929,
  "epsilon": "\u221e",
  "indicator": 1,
  "lengths_after_deletion": [
    2762,
    2744,
    2695,
    2923,
    2988,
    2965
  ],
  "rng": [
    2778678142,
    2592618861
  ],
  "shard_prediction_precision": 0.20113089680671692,
  "shard_prediction_recall": 0.2114444524049759
}