{
  "accs_after_deletion": [
    0.9676000475883484,
    0.9646000266075134,
    0.9646000266075134,
    0.9676000475883484,
    0.9646000266075134,
    0.9712000489234924
  ],
  "accs_before_deletion": [
    0.9730000495910645,
    0.9736000299453735,
    0.9740000367164612,
    0.9732000231742859,
    0.9698000550270081,
    0.9756000638008118
  ],
  "delta": 6.982864657330156e-05,
  "ensemble_acc_after_deletion": 0.9734000563621521,
  "ensemble_acc_before_deletion": 0.9782000184059143,
  "epsilon": "\u221e",
  "indicator": 1,
  "lengths_after_deletion": [
    3326,
    3283,
    3259,
    3517,
    3448,
    3542
  ],
  "rng": [
    2788000698,
    794550733
  ],
  "shard_prediction_precision": 0.2027519941329956,
  "shard_prediction_recall": 0.17599999904632568
}