{
  "accs_after_deletion": [
    0.9652000665664673,
    0.968000054359436,
    0.9664000272750854,
    0.9654000401496887,
    0.9690000414848328,
    0.9698000550270081
  ],
  "accs_before_deletion": [
    0.9726000428199768,
    0.9722000360488892,
    0.9716000556945801,
    0.9744000434875488,
    0.9720000624656677,
    0.9730000495910645
  ],
  "delta": 6.982864657330156e-05,
  "ensemble_acc_after_deletion": 0.9742000699043274,
  "ensemble_acc_before_deletion": 0.9770000576972961,
  "epsilon": "\u221e",
  "indicator": 1,
  "lengths_after_deletion": [
    2768,
    2727,
    2728,
    2924,
    2937,
    2917
  ],
  "rng": [
    2806317443,
    3273345800
  ],
  "shard_prediction_precision": 0.19774726033210754,
  "shard_prediction_recall": 0.20872221887111664
}