{
  "accs_after_deletion": [
    0.9664000272750854,
    0.9594000577926636,
    0.9612000584602356,
    0.9672000408172607,
    0.9656000733375549,
    0.966200053691864
  ],
  "accs_before_deletion": [
    0.9744000434875488,
    0.9744000434875488,
    0.9726000428199768,
    0.9722000360488892,
    0.9730000495910645,
    0.9726000428199768
  ],
  "delta": 6.982864657330156e-05,
  "ensemble_acc_after_deletion": 0.9718000292778015,
  "ensemble_acc_before_deletion": 0.9776000380516052,
  "epsilon": "\u221e",
  "indicator": 1,
  "lengths_after_deletion": [
    3236,
    3184,
    3120,
    3419,
    3401,
    3461
  ],
  "rng": [
    2816135341,
    3810411467
  ],
  "shard_prediction_precision": 0.20742937922477722,
  "shard_prediction_recall": 0.1864444464445114
}