{
  "accs_after_deletion": [
    0.9664000272750854,
    0.9678000211715698,
    0.9702000617980957,
    0.9734000563621521,
    0.9690000414848328,
    0.9696000218391418
  ],
  "accs_before_deletion": [
    0.9730000495910645,
    0.9730000495910645,
    0.9756000638008118,
    0.9756000638008118,
    0.9704000353813171,
    0.9726000428199768
  ],
  "delta": 6.982864657330156e-05,
  "ensemble_acc_after_deletion": 0.9738000631332397,
  "ensemble_acc_before_deletion": 0.9776000380516052,
  "epsilon": "\u221e",
  "indicator": 1,
  "lengths_after_deletion": [
    2359,
    2338,
    2339,
    2618,
    2531,
    2608
  ],
  "rng": [
    2821219915,
    2715549687
  ],
  "shard_prediction_precision": 0.18974865972995758,
  "shard_prediction_recall": 0.2235555648803711
}