{
  "accs_after_deletion": [
    0.9648000597953796,
    0.9664000272750854,
    0.9634000658988953,
    0.9694000482559204,
    0.9676000475883484,
    0.9718000292778015
  ],
  "accs_before_deletion": [
    0.9746000170707703,
    0.9706000685691833,
    0.9728000164031982,
    0.9748000502586365,
    0.9732000231742859,
    0.9734000563621521
  ],
  "delta": 6.982864657330156e-05,
  "ensemble_acc_after_deletion": 0.9758000373840332,
  "ensemble_acc_before_deletion": 0.9788000583648682,
  "epsilon": "\u221e",
  "indicator": 1,
  "lengths_after_deletion": [
    2951,
    2928,
    2914,
    3142,
    3218,
    3255
  ],
  "rng": [
    2832338008,
    1379969989
  ],
  "shard_prediction_precision": 0.19668030738830566,
  "shard_prediction_recall": 0.1922222226858139
}