{
  "accs_after_deletion": [
    0.9606000185012817,
    0.9636000394821167,
    0.9650000333786011,
    0.9688000679016113,
    0.9664000272750854,
    0.9628000259399414
  ],
  "accs_before_deletion": [
    0.9754000306129456,
    0.9754000306129456,
    0.9722000360488892,
    0.9740000367164612,
    0.9744000434875488,
    0.9746000170707703
  ],
  "delta": 6.982864657330156e-05,
  "ensemble_acc_after_deletion": 0.9704000353813171,
  "ensemble_acc_before_deletion": 0.9794000387191772,
  "epsilon": "\u221e",
  "indicator": 1,
  "lengths_after_deletion": [
    2628,
    2604,
    2584,
    2886,
    2812,
    2811
  ],
  "rng": [
    2838941707,
    4283868602
  ],
  "shard_prediction_precision": 0.19806861877441406,
  "shard_prediction_recall": 0.21649999916553497
}