{
  "accs_after_deletion": [
    0.9648000597953796,
    0.9670000672340393,
    0.9622000455856323,
    0.9718000292778015,
    0.9698000550270081,
    0.9702000617980957
  ],
  "accs_before_deletion": [
    0.9730000495910645,
    0.9724000692367554,
    0.9750000238418579,
    0.9742000699043274,
    0.9750000238418579,
    0.9726000428199768
  ],
  "delta": 6.982864657330156e-05,
  "ensemble_acc_after_deletion": 0.9742000699043274,
  "ensemble_acc_before_deletion": 0.9780000448226929,
  "epsilon": "\u221e",
  "indicator": 1,
  "lengths_after_deletion": [
    2821,
    2815,
    2884,
    3134,
    3104,
    3097
  ],
  "rng": [
    2930949134,
    4116253759
  ],
  "shard_prediction_precision": 0.19977955520153046,
  "shard_prediction_recall": 0.2013888955116272
}