{
  "accs_after_deletion": [
    0.9682000279426575,
    0.9664000272750854,
    0.9682000279426575,
    0.9684000611305237,
    0.968000054359436,
    0.9702000617980957
  ],
  "accs_before_deletion": [
    0.9722000360488892,
    0.9726000428199768,
    0.9716000556945801,
    0.9724000692367554,
    0.9718000292778015,
    0.9740000367164612
  ],
  "delta": 6.982864657330156e-05,
  "ensemble_acc_after_deletion": 0.9736000299453735,
  "ensemble_acc_before_deletion": 0.9774000644683838,
  "epsilon": "\u221e",
  "indicator": 1,
  "lengths_after_deletion": [
    2685,
    2663,
    2687,
    2952,
    2910,
    2920
  ],
  "rng": [
    2950525161,
    3383295131
  ],
  "shard_prediction_precision": 0.20043788850307465,
  "shard_prediction_recall": 0.21361111104488373
}