{
  "accs_after_deletion": [
    0.9684000611305237,
    0.9684000611305237,
    0.9658000469207764,
    0.9688000679016113,
    0.9696000218391418,
    0.9702000617980957
  ],
  "accs_before_deletion": [
    0.9726000428199768,
    0.9724000692367554,
    0.9716000556945801,
    0.9730000495910645,
    0.9730000495910645,
    0.9726000428199768
  ],
  "delta": 6.982864657330156e-05,
  "ensemble_acc_after_deletion": 0.9732000231742859,
  "ensemble_acc_before_deletion": 0.9764000177383423,
  "epsilon": "\u221e",
  "indicator": 1,
  "lengths_after_deletion": [
    2938,
    2959,
    2870,
    3136,
    3167,
    3131
  ],
  "rng": [
    2968978348,
    1039079547
  ],
  "shard_prediction_precision": 0.20023596286773682,
  "shard_prediction_recall": 0.1979999989271164
}