{
  "accs_after_deletion": [
    0.9610000252723694,
    0.9650000333786011,
    0.9666000604629517,
    0.966200053691864,
    0.966200053691864,
    0.9668000340461731
  ],
  "accs_before_deletion": [
    0.9774000644683838,
    0.9740000367164612,
    0.9748000502586365,
    0.9726000428199768,
    0.9726000428199768,
    0.9714000225067139
  ],
  "delta": 6.982864657330156e-05,
  "ensemble_acc_after_deletion": 0.9720000624656677,
  "ensemble_acc_before_deletion": 0.9776000380516052,
  "epsilon": "\u221e",
  "indicator": 1,
  "lengths_after_deletion": [
    2865,
    2856,
    2861,
    3171,
    3103,
    3101
  ],
  "rng": [
    2990656768,
    2016700187
  ],
  "shard_prediction_precision": 0.20223909616470337,
  "shard_prediction_recall": 0.2027222216129303
}