{
  "accs_after_deletion": [
    0.9592000246047974,
    0.9584000706672668,
    0.959600031375885,
    0.9648000597953796,
    0.9590000510215759,
    0.9646000266075134
  ],
  "accs_before_deletion": [
    0.9730000495910645,
    0.9724000692367554,
    0.9738000631332397,
    0.9730000495910645,
    0.9712000489234924,
    0.9742000699043274
  ],
  "delta": 6.982864657330156e-05,
  "ensemble_acc_after_deletion": 0.9686000347137451,
  "ensemble_acc_before_deletion": 0.9768000245094299,
  "epsilon": "\u221e",
  "indicator": 1,
  "lengths_after_deletion": [
    2490,
    2447,
    2445,
    2687,
    2681,
    2698
  ],
  "rng": [
    2991322846,
    3790708082
  ],
  "shard_prediction_precision": 0.1969151347875595,
  "shard_prediction_recall": 0.22483333945274353
}