{
  "accs_after_deletion": [
    0.9688000679016113,
    0.966200053691864,
    0.9654000401496887,
    0.967400074005127,
    0.969200074672699,
    0.9686000347137451
  ],
  "accs_before_deletion": [
    0.9702000617980957,
    0.9720000624656677,
    0.9702000617980957,
    0.9722000360488892,
    0.9738000631332397,
    0.9730000495910645
  ],
  "delta": 6.982864657330156e-05,
  "ensemble_acc_after_deletion": 0.9744000434875488,
  "ensemble_acc_before_deletion": 0.9756000638008118,
  "epsilon": "\u221e",
  "indicator": 1,
  "lengths_after_deletion": [
    2630,
    2629,
    2649,
    2857,
    2838,
    2820
  ],
  "rng": [
    3038110941,
    1925396240
  ],
  "shard_prediction_precision": 0.19997955858707428,
  "shard_prediction_recall": 0.2175000011920929
}