{
  "accs_after_deletion": [
    0.9664000272750854,
    0.9686000347137451,
    0.968000054359436,
    0.9716000556945801,
    0.9696000218391418,
    0.9748000502586365
  ],
  "accs_before_deletion": [
    0.9726000428199768,
    0.9734000563621521,
    0.9750000238418579,
    0.9762000441551208,
    0.9726000428199768,
    0.9764000177383423
  ],
  "delta": 6.982864657330156e-05,
  "ensemble_acc_after_deletion": 0.9760000705718994,
  "ensemble_acc_before_deletion": 0.9798000454902649,
  "epsilon": "\u221e",
  "indicator": 1,
  "lengths_after_deletion": [
    2990,
    3043,
    3065,
    3357,
    3288,
    3276
  ],
  "rng": [
    305921706,
    2727232838
  ],
  "shard_prediction_precision": 0.20522937178611755,
  "shard_prediction_recall": 0.19361111521720886
}