{
  "accs_after_deletion": [
    0.9694000482559204,
    0.9688000679016113,
    0.9624000191688538,
    0.9688000679016113,
    0.9678000211715698,
    0.9720000624656677
  ],
  "accs_before_deletion": [
    0.9734000563621521,
    0.9754000306129456,
    0.9682000279426575,
    0.9750000238418579,
    0.9724000692367554,
    0.9724000692367554
  ],
  "delta": 6.982864657330156e-05,
  "ensemble_acc_after_deletion": 0.9740000367164612,
  "ensemble_acc_before_deletion": 0.9778000712394714,
  "epsilon": "\u221e",
  "indicator": 1,
  "lengths_after_deletion": [
    3014,
    3038,
    2945,
    3226,
    3162,
    3251
  ],
  "rng": [
    3065110209,
    3084387606
  ],
  "shard_prediction_precision": 0.19960838556289673,
  "shard_prediction_recall": 0.19255556166172028
}