{
  "accs_after_deletion": [
    0.9690000414848328,
    0.9676000475883484,
    0.959600031375885,
    0.9690000414848328,
    0.9672000408172607,
    0.9682000279426575
  ],
  "accs_before_deletion": [
    0.9748000502586365,
    0.9728000164031982,
    0.9730000495910645,
    0.9750000238418579,
    0.9752000570297241,
    0.9754000306129456
  ],
  "delta": 6.982864657330156e-05,
  "ensemble_acc_after_deletion": 0.9746000170707703,
  "ensemble_acc_before_deletion": 0.9788000583648682,
  "epsilon": "\u221e",
  "indicator": 1,
  "lengths_after_deletion": [
    2555,
    2531,
    2429,
    2715,
    2730,
    2783
  ],
  "rng": [
    3089293642,
    2488864468
  ],
  "shard_prediction_precision": 0.19923977553844452,
  "shard_prediction_recall": 0.22422222793102264
}