{
  "accs_after_deletion": [
    0.9664000272750854,
    0.9686000347137451,
    0.9658000469207764,
    0.967400074005127,
    0.9690000414848328,
    0.9686000347137451
  ],
  "accs_before_deletion": [
    0.9700000286102295,
    0.9756000638008118,
    0.9748000502586365,
    0.9754000306129456,
    0.9726000428199768,
    0.9732000231742859
  ],
  "delta": 6.982864657330156e-05,
  "ensemble_acc_after_deletion": 0.9744000434875488,
  "ensemble_acc_before_deletion": 0.9780000448226929,
  "epsilon": "\u221e",
  "indicator": 1,
  "lengths_after_deletion": [
    3423,
    3421,
    3413,
    3767,
    3709,
    3661
  ],
  "rng": [
    3097063518,
    1830311579
  ],
  "shard_prediction_precision": 0.20840750634670258,
  "shard_prediction_recall": 0.16911111772060394
}