{
  "accs_after_deletion": [
    0.9684000611305237,
    0.967400074005127,
    0.9668000340461731,
    0.9718000292778015,
    0.9648000597953796,
    0.9706000685691833
  ],
  "accs_before_deletion": [
    0.9734000563621521,
    0.9726000428199768,
    0.9734000563621521,
    0.9736000299453735,
    0.9720000624656677,
    0.9742000699043274
  ],
  "delta": 6.982864657330156e-05,
  "ensemble_acc_after_deletion": 0.9742000699043274,
  "ensemble_acc_before_deletion": 0.9774000644683838,
  "epsilon": "\u221e",
  "indicator": 1,
  "lengths_after_deletion": [
    3001,
    2979,
    3001,
    3171,
    3215,
    3188
  ],
  "rng": [
    3212125218,
    2302124952
  ],
  "shard_prediction_precision": 0.1978217214345932,
  "shard_prediction_recall": 0.19172222912311554
}