{
  "accs_after_deletion": [
    0.964400053024292,
    0.9686000347137451,
    0.967400074005127,
    0.969200074672699,
    0.967400074005127,
    0.971000075340271
  ],
  "accs_before_deletion": [
    0.9722000360488892,
    0.9706000685691833,
    0.9726000428199768,
    0.9742000699043274,
    0.9724000692367554,
    0.9752000570297241
  ],
  "delta": 6.982864657330156e-05,
  "ensemble_acc_after_deletion": 0.9748000502586365,
  "ensemble_acc_before_deletion": 0.9784000515937805,
  "epsilon": "\u221e",
  "indicator": 1,
  "lengths_after_deletion": [
    3318,
    3306,
    3304,
    3537,
    3573,
    3620
  ],
  "rng": [
    3222042349,
    1538148968
  ],
  "shard_prediction_precision": 0.20310260355472565,
  "shard_prediction_recall": 0.17311111092567444
}