{
  "accs_after_deletion": [
    0.963200032711029,
    0.9656000733375549,
    0.9636000394821167,
    0.9654000401496887,
    0.9694000482559204,
    0.9648000597953796
  ],
  "accs_before_deletion": [
    0.9750000238418579,
    0.9720000624656677,
    0.9724000692367554,
    0.9712000489234924,
    0.9748000502586365,
    0.9720000624656677
  ],
  "delta": 6.982864657330156e-05,
  "ensemble_acc_after_deletion": 0.9720000624656677,
  "ensemble_acc_before_deletion": 0.9782000184059143,
  "epsilon": "\u221e",
  "indicator": 1,
  "lengths_after_deletion": [
    2918,
    2983,
    2875,
    3177,
    3191,
    3164
  ],
  "rng": [
    326687431,
    2116805174
  ],
  "shard_prediction_precision": 0.19850780069828033,
  "shard_prediction_recall": 0.19511111080646515
}