{
  "accs_after_deletion": [
    0.9656000733375549,
    0.9660000205039978,
    0.964400053024292,
    0.9706000685691833,
    0.96260005235672,
    0.9708000421524048
  ],
  "accs_before_deletion": [
    0.9716000556945801,
    0.9730000495910645,
    0.9726000428199768,
    0.9768000245094299,
    0.9694000482559204,
    0.9744000434875488
  ],
  "delta": 6.982864657330156e-05,
  "ensemble_acc_after_deletion": 0.9722000360488892,
  "ensemble_acc_before_deletion": 0.9772000312805176,
  "epsilon": "\u221e",
  "indicator": 1,
  "lengths_after_deletion": [
    3185,
    3159,
    3178,
    3430,
    3294,
    3411
  ],
  "rng": [
    3292947531,
    2358728726
  ],
  "shard_prediction_precision": 0.2041240781545639,
  "shard_prediction_recall": 0.18533334136009216
}