{
  "accs_after_deletion": [
    0.971000075340271,
    0.9696000218391418,
    0.9682000279426575,
    0.9712000489234924,
    0.9660000205039978,
    0.9702000617980957
  ],
  "accs_before_deletion": [
    0.9754000306129456,
    0.9748000502586365,
    0.9754000306129456,
    0.9724000692367554,
    0.9734000563621521,
    0.9738000631332397
  ],
  "delta": 6.982864657330156e-05,
  "ensemble_acc_after_deletion": 0.9748000502586365,
  "ensemble_acc_before_deletion": 0.9788000583648682,
  "epsilon": "\u221e",
  "indicator": 0,
  "lengths_after_deletion": [
    3204,
    3152,
    3132,
    3478,
    3436,
    3397
  ],
  "rng": [
    3306470096,
    3986698866
  ],
  "shard_prediction_precision": 0.20091351866722107,
  "shard_prediction_recall": 0.1808333396911621
}