{
  "accs_after_deletion": [
    0.9646000266075134,
    0.967400074005127,
    0.9642000198364258,
    0.9684000611305237,
    0.9668000340461731,
    0.968000054359436
  ],
  "accs_before_deletion": [
    0.9706000685691833,
    0.9736000299453735,
    0.9728000164031982,
    0.9734000563621521,
    0.9718000292778015,
    0.9726000428199768
  ],
  "delta": 6.982864657330156e-05,
  "ensemble_acc_after_deletion": 0.9722000360488892,
  "ensemble_acc_before_deletion": 0.9784000515937805,
  "epsilon": "\u221e",
  "indicator": 1,
  "lengths_after_deletion": [
    2756,
    2683,
    2742,
    3016,
    3025,
    2984
  ],
  "rng": [
    3379800904,
    668483068
  ],
  "shard_prediction_precision": 0.19665850698947906,
  "shard_prediction_recall": 0.20533333718776703
}