{
  "accs_after_deletion": [
    0.9624000191688538,
    0.969200074672699,
    0.9660000205039978,
    0.9686000347137451,
    0.964400053024292,
    0.969200074672699
  ],
  "accs_before_deletion": [
    0.9720000624656677,
    0.9752000570297241,
    0.9734000563621521,
    0.9762000441551208,
    0.9734000563621521,
    0.9746000170707703
  ],
  "delta": 6.982864657330156e-05,
  "ensemble_acc_after_deletion": 0.9738000631332397,
  "ensemble_acc_before_deletion": 0.9790000319480896,
  "epsilon": "\u221e",
  "indicator": 1,
  "lengths_after_deletion": [
    2899,
    3021,
    2915,
    3155,
    3088,
    3189
  ],
  "rng": [
    3406994005,
    2177718454
  ],
  "shard_prediction_precision": 0.19545480608940125,
  "shard_prediction_recall": 0.19255556166172028
}