{
  "accs_after_deletion": [
    0.9660000205039978,
    0.9658000469207764,
    0.967400074005127,
    0.967400074005127,
    0.9652000665664673,
    0.9654000401496887
  ],
  "accs_before_deletion": [
    0.9732000231742859,
    0.9690000414848328,
    0.9752000570297241,
    0.9712000489234924,
    0.9740000367164612,
    0.9734000563621521
  ],
  "delta": 6.982864657330156e-05,
  "ensemble_acc_after_deletion": 0.9724000692367554,
  "ensemble_acc_before_deletion": 0.9778000712394714,
  "epsilon": "\u221e",
  "indicator": 0,
  "lengths_after_deletion": [
    2536,
    2515,
    2526,
    2769,
    2760,
    2809
  ],
  "rng": [
    3454245500,
    3681253468
  ],
  "shard_prediction_precision": 0.19502116739749908,
  "shard_prediction_recall": 0.21761111915111542
}