{
  "accs_after_deletion": [
    0.9666000604629517,
    0.9634000658988953,
    0.9618000388145447,
    0.9672000408172607,
    0.9688000679016113,
    0.971000075340271
  ],
  "accs_before_deletion": [
    0.9712000489234924,
    0.9724000692367554,
    0.9732000231742859,
    0.9740000367164612,
    0.9722000360488892,
    0.9732000231742859
  ],
  "delta": 6.982864657330156e-05,
  "ensemble_acc_after_deletion": 0.9732000231742859,
  "ensemble_acc_before_deletion": 0.9768000245094299,
  "epsilon": "\u221e",
  "indicator": 1,
  "lengths_after_deletion": [
    2702,
    2638,
    2673,
    2891,
    2896,
    2918
  ],
  "rng": [
    346692008,
    370741290
  ],
  "shard_prediction_precision": 0.2004460096359253,
  "shard_prediction_recall": 0.21472223103046417
}