{
  "accs_after_deletion": [
    0.9678000211715698,
    0.9690000414848328,
    0.967400074005127,
    0.9716000556945801,
    0.9650000333786011,
    0.9694000482559204
  ],
  "accs_before_deletion": [
    0.9766000509262085,
    0.9748000502586365,
    0.9738000631332397,
    0.9744000434875488,
    0.9726000428199768,
    0.9752000570297241
  ],
  "delta": 6.982864657330156e-05,
  "ensemble_acc_after_deletion": 0.9752000570297241,
  "ensemble_acc_before_deletion": 0.9800000190734863,
  "epsilon": "\u221e",
  "indicator": 1,
  "lengths_after_deletion": [
    3188,
    3135,
    3162,
    3466,
    3357,
    3489
  ],
  "rng": [
    3468174168,
    2822752141
  ],
  "shard_prediction_precision": 0.20323395729064941,
  "shard_prediction_recall": 0.18294444680213928
}