{
  "accs_after_deletion": [
    0.9686000347137451,
    0.9684000611305237,
    0.9648000597953796,
    0.9686000347137451,
    0.9682000279426575,
    0.9686000347137451
  ],
  "accs_before_deletion": [
    0.9746000170707703,
    0.9708000421524048,
    0.9728000164031982,
    0.9734000563621521,
    0.9726000428199768,
    0.9724000692367554
  ],
  "delta": 6.982864657330156e-05,
  "ensemble_acc_after_deletion": 0.9738000631332397,
  "ensemble_acc_before_deletion": 0.9776000380516052,
  "epsilon": "\u221e",
  "indicator": 1,
  "lengths_after_deletion": [
    3176,
    3242,
    3127,
    3486,
    3420,
    3451
  ],
  "rng": [
    3475936605,
    1977683587
  ],
  "shard_prediction_precision": 0.20157784223556519,
  "shard_prediction_recall": 0.1802777796983719
}