{
  "accs_after_deletion": [
    0.9642000198364258,
    0.964400053024292,
    0.9658000469207764,
    0.9650000333786011,
    0.9654000401496887,
    0.9706000685691833
  ],
  "accs_before_deletion": [
    0.9716000556945801,
    0.9746000170707703,
    0.9758000373840332,
    0.9738000631332397,
    0.9704000353813171,
    0.9748000502586365
  ],
  "delta": 6.982864657330156e-05,
  "ensemble_acc_after_deletion": 0.9714000225067139,
  "ensemble_acc_before_deletion": 0.9772000312805176,
  "epsilon": "\u221e",
  "indicator": 1,
  "lengths_after_deletion": [
    3238,
    3148,
    3239,
    3486,
    3411,
    3464
  ],
  "rng": [
    350916978,
    2611122759
  ],
  "shard_prediction_precision": 0.20862995088100433,
  "shard_prediction_recall": 0.18561111390590668
}