{
  "accs_after_deletion": [
    0.9616000652313232,
    0.9658000469207764,
    0.9650000333786011,
    0.9702000617980957,
    0.963200032711029,
    0.9670000672340393
  ],
  "accs_before_deletion": [
    0.971000075340271,
    0.9688000679016113,
    0.9758000373840332,
    0.9750000238418579,
    0.9700000286102295,
    0.9726000428199768
  ],
  "delta": 6.982864657330156e-05,
  "ensemble_acc_after_deletion": 0.9726000428199768,
  "ensemble_acc_before_deletion": 0.9766000509262085,
  "epsilon": "\u221e",
  "indicator": 1,
  "lengths_after_deletion": [
    2933,
    2913,
    2893,
    3186,
    3147,
    3128
  ],
  "rng": [
    3605778972,
    3403634379
  ],
  "shard_prediction_precision": 0.19994382560253143,
  "shard_prediction_recall": 0.19772222638130188
}