{
  "accs_after_deletion": [
    0.9618000388145447,
    0.9640000462532043,
    0.9616000652313232,
    0.9602000713348389,
    0.9600000381469727,
    0.9682000279426575
  ],
  "accs_before_deletion": [
    0.9746000170707703,
    0.9772000312805176,
    0.9712000489234924,
    0.9716000556945801,
    0.9696000218391418,
    0.9728000164031982
  ],
  "delta": 6.982864657330156e-05,
  "ensemble_acc_after_deletion": 0.971000075340271,
  "ensemble_acc_before_deletion": 0.9780000448226929,
  "epsilon": "\u221e",
  "indicator": 1,
  "lengths_after_deletion": [
    2953,
    2936,
    2918,
    3134,
    3119,
    3146
  ],
  "rng": [
    3610511310,
    2480961535
  ],
  "shard_prediction_precision": 0.19793188571929932,
  "shard_prediction_recall": 0.19566667079925537
}