{
  "accs_after_deletion": [
    0.9670000672340393,
    0.9658000469207764,
    0.966200053691864,
    0.9682000279426575,
    0.9666000604629517,
    0.9708000421524048
  ],
  "accs_before_deletion": [
    0.9730000495910645,
    0.9728000164031982,
    0.9732000231742859,
    0.9736000299453735,
    0.9730000495910645,
    0.9726000428199768
  ],
  "delta": 6.982864657330156e-05,
  "ensemble_acc_after_deletion": 0.9726000428199768,
  "ensemble_acc_before_deletion": 0.9774000644683838,
  "epsilon": "\u221e",
  "indicator": 1,
  "lengths_after_deletion": [
    2846,
    2776,
    2830,
    3096,
    3108,
    3029
  ],
  "rng": [
    3636714350,
    2459045788
  ],
  "shard_prediction_precision": 0.198034405708313,
  "shard_prediction_recall": 0.20149999856948853
}