{
  "accs_after_deletion": [
    0.9684000611305237,
    0.960800051689148,
    0.9670000672340393,
    0.967400074005127,
    0.969200074672699,
    0.971000075340271
  ],
  "accs_before_deletion": [
    0.9720000624656677,
    0.9712000489234924,
    0.9726000428199768,
    0.9730000495910645,
    0.9726000428199768,
    0.9752000570297241
  ],
  "delta": 6.982864657330156e-05,
  "ensemble_acc_after_deletion": 0.9742000699043274,
  "ensemble_acc_before_deletion": 0.9774000644683838,
  "epsilon": "\u221e",
  "indicator": 1,
  "lengths_after_deletion": [
    2804,
    2759,
    2752,
    3093,
    3021,
    2982
  ],
  "rng": [
    3645921204,
    1844016352
  ],
  "shard_prediction_precision": 0.20124806463718414,
  "shard_prediction_recall": 0.20783333480358124
}