{
  "accs_after_deletion": [
    0.9656000733375549,
    0.9640000462532043,
    0.9656000733375549,
    0.9706000685691833,
    0.9696000218391418,
    0.9686000347137451
  ],
  "accs_before_deletion": [
    0.9716000556945801,
    0.9728000164031982,
    0.9744000434875488,
    0.9746000170707703,
    0.9734000563621521,
    0.9744000434875488
  ],
  "delta": 6.982864657330156e-05,
  "ensemble_acc_after_deletion": 0.9732000231742859,
  "ensemble_acc_before_deletion": 0.9780000448226929,
  "epsilon": "\u221e",
  "indicator": 1,
  "lengths_after_deletion": [
    2909,
    2820,
    2849,
    3084,
    3038,
    3075
  ],
  "rng": [
    3701853716,
    4073202927
  ],
  "shard_prediction_precision": 0.19577503204345703,
  "shard_prediction_recall": 0.19822221994400024
}