{
  "accs_after_deletion": [
    0.9668000340461731,
    0.9660000205039978,
    0.960800051689148,
    0.9648000597953796,
    0.9658000469207764,
    0.9700000286102295
  ],
  "accs_before_deletion": [
    0.9750000238418579,
    0.9728000164031982,
    0.9742000699043274,
    0.9760000705718994,
    0.9720000624656677,
    0.9762000441551208
  ],
  "delta": 6.982864657330156e-05,
  "ensemble_acc_after_deletion": 0.9716000556945801,
  "ensemble_acc_before_deletion": 0.9794000387191772,
  "epsilon": "\u221e",
  "indicator": 1,
  "lengths_after_deletion": [
    3439,
    3416,
    3426,
    3624,
    3663,
    3696
  ],
  "rng": [
    3742094027,
    3933616401
  ],
  "shard_prediction_precision": 0.20656895637512207,
  "shard_prediction_recall": 0.16911111772060394
}