{
  "accs_after_deletion": [
    0.9672000408172607,
    0.966200053691864,
    0.9656000733375549,
    0.9698000550270081,
    0.9678000211715698,
    0.9718000292778015
  ],
  "accs_before_deletion": [
    0.9740000367164612,
    0.9724000692367554,
    0.9732000231742859,
    0.9720000624656677,
    0.9690000414848328,
    0.9760000705718994
  ],
  "delta": 6.982864657330156e-05,
  "ensemble_acc_after_deletion": 0.9736000299453735,
  "ensemble_acc_before_deletion": 0.9766000509262085,
  "epsilon": "\u221e",
  "indicator": 1,
  "lengths_after_deletion": [
    2924,
    2931,
    2938,
    3231,
    3280,
    3183
  ],
  "rng": [
    3778728472,
    2973293380
  ],
  "shard_prediction_precision": 0.20224975049495697,
  "shard_prediction_recall": 0.19677777588367462
}