{
  "accs_after_deletion": [
    0.9698000550270081,
    0.9708000421524048,
    0.9678000211715698,
    0.9688000679016113,
    0.9646000266075134,
    0.9704000353813171
  ],
  "accs_before_deletion": [
    0.9756000638008118,
    0.9768000245094299,
    0.9754000306129456,
    0.9734000563621521,
    0.9682000279426575,
    0.9726000428199768
  ],
  "delta": 6.982864657330156e-05,
  "ensemble_acc_after_deletion": 0.9738000631332397,
  "ensemble_acc_before_deletion": 0.9776000380516052,
  "epsilon": "\u221e",
  "indicator": 0,
  "lengths_after_deletion": [
    3026,
    3039,
    3044,
    3247,
    3196,
    3167
  ],
  "rng": [
    3827442901,
    758738867
  ],
  "shard_prediction_precision": 0.19669000804424286,
  "shard_prediction_recall": 0.1888333410024643
}