{
  "accs_after_deletion": [
    0.9638000726699829,
    0.9634000658988953,
    0.9624000191688538,
    0.967400074005127,
    0.9650000333786011,
    0.9650000333786011
  ],
  "accs_before_deletion": [
    0.9734000563621521,
    0.9714000225067139,
    0.9714000225067139,
    0.9734000563621521,
    0.9700000286102295,
    0.9700000286102295
  ],
  "delta": 6.982864657330156e-05,
  "ensemble_acc_after_deletion": 0.9698000550270081,
  "ensemble_acc_before_deletion": 0.9766000509262085,
  "epsilon": "\u221e",
  "indicator": 1,
  "lengths_after_deletion": [
    3481,
    3396,
    3402,
    3715,
    3622,
    3664
  ],
  "rng": [
    3872481095,
    1297442750
  ],
  "shard_prediction_precision": 0.2081521600484848,
  "shard_prediction_recall": 0.1702222228050232
}