{
  "accs_after_deletion": [
    0.9678000211715698,
    0.9712000489234924,
    0.9702000617980957,
    0.9706000685691833,
    0.9712000489234924,
    0.9700000286102295
  ],
  "accs_before_deletion": [
    0.9730000495910645,
    0.9720000624656677,
    0.9736000299453735,
    0.9730000495910645,
    0.9730000495910645,
    0.9730000495910645
  ],
  "delta": 6.982864657330156e-05,
  "ensemble_acc_after_deletion": 0.9760000705718994,
  "ensemble_acc_before_deletion": 0.9780000448226929,
  "epsilon": "\u221e",
  "indicator": 1,
  "lengths_after_deletion": [
    3548,
    3543,
    3430,
    3738,
    3707,
    3767
  ],
  "rng": [
    3891430425,
    44652484
  ],
  "shard_prediction_precision": 0.2058596909046173,
  "shard_prediction_recall": 0.16316667199134827
}