{
  "accs_after_deletion": [
    0.9686000347137451,
    0.9704000353813171,
    0.9616000652313232,
    0.9686000347137451,
    0.9700000286102295,
    0.9698000550270081
  ],
  "accs_before_deletion": [
    0.9756000638008118,
    0.9744000434875488,
    0.9740000367164612,
    0.9728000164031982,
    0.9726000428199768,
    0.9746000170707703
  ],
  "delta": 6.982864657330156e-05,
  "ensemble_acc_after_deletion": 0.9742000699043274,
  "ensemble_acc_before_deletion": 0.9778000712394714,
  "epsilon": "\u221e",
  "indicator": 1,
  "lengths_after_deletion": [
    2569,
    2555,
    2597,
    2821,
    2778,
    2810
  ],
  "rng": [
    3984289460,
    1673492946
  ],
  "shard_prediction_precision": 0.194162055850029,
  "shard_prediction_recall": 0.21433334052562714
}