{
  "accs_after_deletion": [
    0.9670000672340393,
    0.964400053024292,
    0.9664000272750854,
    0.969200074672699,
    0.969200074672699,
    0.9684000611305237
  ],
  "accs_before_deletion": [
    0.9742000699043274,
    0.9706000685691833,
    0.9736000299453735,
    0.9730000495910645,
    0.9744000434875488,
    0.9738000631332397
  ],
  "delta": 6.982864657330156e-05,
  "ensemble_acc_after_deletion": 0.9748000502586365,
  "ensemble_acc_before_deletion": 0.9778000712394714,
  "epsilon": "\u221e",
  "indicator": 1,
  "lengths_after_deletion": [
    2933,
    2932,
    2866,
    3091,
    3121,
    3137
  ],
  "rng": [
    4081400004,
    4294658194
  ],
  "shard_prediction_precision": 0.20011161267757416,
  "shard_prediction_recall": 0.19922222197055817
}