{
  "accs_after_deletion": [
    0.9658000469207764,
    0.9670000672340393,
    0.9672000408172607,
    0.9702000617980957,
    0.9718000292778015,
    0.9694000482559204
  ],
  "accs_before_deletion": [
    0.9714000225067139,
    0.9726000428199768,
    0.9742000699043274,
    0.9728000164031982,
    0.9750000238418579,
    0.9722000360488892
  ],
  "delta": 6.982864657330156e-05,
  "ensemble_acc_after_deletion": 0.9756000638008118,
  "ensemble_acc_before_deletion": 0.9776000380516052,
  "epsilon": "\u221e",
  "indicator": 1,
  "lengths_after_deletion": [
    3096,
    3174,
    3096,
    3286,
    3396,
    3345
  ],
  "rng": [
    4116257246,
    2119548711
  ],
  "shard_prediction_precision": 0.19798879325389862,
  "shard_prediction_recall": 0.18266667425632477
}