{
  "accs_after_deletion": [
    0.9658000469207764,
    0.9684000611305237,
    0.9664000272750854,
    0.9664000272750854,
    0.9678000211715698,
    0.9702000617980957
  ],
  "accs_before_deletion": [
    0.9712000489234924,
    0.9726000428199768,
    0.9744000434875488,
    0.971000075340271,
    0.9736000299453735,
    0.9740000367164612
  ],
  "delta": 6.982864657330156e-05,
  "ensemble_acc_after_deletion": 0.9734000563621521,
  "ensemble_acc_before_deletion": 0.9778000712394714,
  "epsilon": "\u221e",
  "indicator": 1,
  "lengths_after_deletion": [
    2729,
    2705,
    2631,
    2937,
    2951,
    2995
  ],
  "rng": [
    4126100747,
    895528780
  ],
  "shard_prediction_precision": 0.19982154667377472,
  "shard_prediction_recall": 0.21150000393390656
}