{
  "accs_after_deletion": [
    0.9592000246047974,
    0.9624000191688538,
    0.9670000672340393,
    0.9688000679016113,
    0.9668000340461731,
    0.9670000672340393
  ],
  "accs_before_deletion": [
    0.9734000563621521,
    0.9724000692367554,
    0.9754000306129456,
    0.9722000360488892,
    0.9734000563621521,
    0.9728000164031982
  ],
  "delta": 6.982864657330156e-05,
  "ensemble_acc_after_deletion": 0.9740000367164612,
  "ensemble_acc_before_deletion": 0.9770000576972961,
  "epsilon": "\u221e",
  "indicator": 1,
  "lengths_after_deletion": [
    2730,
    2725,
    2608,
    2892,
    3031,
    3023
  ],
  "rng": [
    4164311706,
    3722969619
  ],
  "shard_prediction_precision": 0.20183244347572327,
  "shard_prediction_recall": 0.21294444799423218
}