{
  "accs_after_deletion": [
    0.9700000286102295,
    0.9652000665664673,
    0.9656000733375549,
    0.9708000421524048,
    0.969200074672699,
    0.9660000205039978
  ],
  "accs_before_deletion": [
    0.9728000164031982,
    0.9746000170707703,
    0.9684000611305237,
    0.9748000502586365,
    0.9722000360488892,
    0.9728000164031982
  ],
  "delta": 6.982864657330156e-05,
  "ensemble_acc_after_deletion": 0.9734000563621521,
  "ensemble_acc_before_deletion": 0.9778000712394714,
  "epsilon": "\u221e",
  "indicator": 1,
  "lengths_after_deletion": [
    3084,
    3082,
    3083,
    3302,
    3300,
    3358
  ],
  "rng": [
    4166943199,
    3317440453
  ],
  "shard_prediction_precision": 0.2035018801689148,
  "shard_prediction_recall": 0.18983332812786102
}