{
  "accs_after_deletion": [
    0.9656000733375549,
    0.9650000333786011,
    0.9656000733375549,
    0.9698000550270081,
    0.9676000475883484,
    0.9650000333786011
  ],
  "accs_before_deletion": [
    0.9756000638008118,
    0.9740000367164612,
    0.9728000164031982,
    0.9732000231742859,
    0.9734000563621521,
    0.9760000705718994
  ],
  "delta": 6.982864657330156e-05,
  "ensemble_acc_after_deletion": 0.9724000692367554,
  "ensemble_acc_before_deletion": 0.9778000712394714,
  "epsilon": "\u221e",
  "indicator": 1,
  "lengths_after_deletion": [
    3681,
    3727,
    3778,
    3959,
    4000,
    4028
  ],
  "rng": [
    4185500084,
    665096645
  ],
  "shard_prediction_precision": 0.2078428417444229,
  "shard_prediction_recall": 0.14811111986637115
}