{
  "accs_after_deletion": [
    0.9620000720024109,
    0.9670000672340393,
    0.9666000604629517,
    0.967400074005127,
    0.9670000672340393,
    0.9714000225067139
  ],
  "accs_before_deletion": [
    0.9726000428199768,
    0.9750000238418579,
    0.9762000441551208,
    0.9726000428199768,
    0.9686000347137451,
    0.9732000231742859
  ],
  "delta": 6.982864657330156e-05,
  "ensemble_acc_after_deletion": 0.9740000367164612,
  "ensemble_acc_before_deletion": 0.9780000448226929,
  "epsilon": "\u221e",
  "indicator": 1,
  "lengths_after_deletion": [
    2884,
    2847,
    2911,
    3103,
    2996,
    3142
  ],
  "rng": [
    4205984187,
    3136316953
  ],
  "shard_prediction_precision": 0.19848760962486267,
  "shard_prediction_recall": 0.1997777819633484
}