{
  "accs_after_deletion": [
    0.9688000679016113,
    0.971000075340271,
    0.966200053691864,
    0.9712000489234924,
    0.9640000462532043,
    0.968000054359436
  ],
  "accs_before_deletion": [
    0.9736000299453735,
    0.9748000502586365,
    0.9752000570297241,
    0.9736000299453735,
    0.9720000624656677,
    0.9728000164031982
  ],
  "delta": 6.982864657330156e-05,
  "ensemble_acc_after_deletion": 0.9736000299453735,
  "ensemble_acc_before_deletion": 0.9774000644683838,
  "epsilon": "\u221e",
  "indicator": 0,
  "lengths_after_deletion": [
    3185,
    3193,
    3235,
    3489,
    3388,
    3538
  ],
  "rng": [
    420997900,
    3395982989
  ],
  "shard_prediction_precision": 0.20554719865322113,
  "shard_prediction_recall": 0.18238888680934906
}