{
  "accs_after_deletion": [
    0.9682000279426575,
    0.9634000658988953,
    0.9652000665664673,
    0.9658000469207764,
    0.9660000205039978,
    0.9706000685691833
  ],
  "accs_before_deletion": [
    0.9706000685691833,
    0.9722000360488892,
    0.9736000299453735,
    0.9708000421524048,
    0.9712000489234924,
    0.9742000699043274
  ],
  "delta": 6.982864657330156e-05,
  "ensemble_acc_after_deletion": 0.9754000306129456,
  "ensemble_acc_before_deletion": 0.9776000380516052,
  "epsilon": "\u221e",
  "indicator": 1,
  "lengths_after_deletion": [
    2326,
    2331,
    2396,
    2632,
    2627,
    2638
  ],
  "rng": [
    4236741774,
    2000737671
  ],
  "shard_prediction_precision": 0.1977672278881073,
  "shard_prediction_recall": 0.23127777874469757
}