{
  "accs_after_deletion": [
    0.9686000347137451,
    0.9668000340461731,
    0.9656000733375549,
    0.9678000211715698,
    0.9656000733375549,
    0.969200074672699
  ],
  "accs_before_deletion": [
    0.9754000306129456,
    0.9732000231742859,
    0.9720000624656677,
    0.9726000428199768,
    0.9734000563621521,
    0.9718000292778015
  ],
  "delta": 6.982864657330156e-05,
  "ensemble_acc_after_deletion": 0.9728000164031982,
  "ensemble_acc_before_deletion": 0.9774000644683838,
  "epsilon": "\u221e",
  "indicator": 1,
  "lengths_after_deletion": [
    3432,
    3480,
    3485,
    3653,
    3681,
    3708
  ],
  "rng": [
    44381762,
    2968028727
  ],
  "shard_prediction_precision": 0.20252731442451477,
  "shard_prediction_recall": 0.16383333504199982
}