{
  "accs_after_deletion": [
    0.959600031375885,
    0.9640000462532043,
    0.9646000266075134,
    0.9682000279426575,
    0.9652000665664673,
    0.9646000266075134
  ],
  "accs_before_deletion": [
    0.9732000231742859,
    0.9704000353813171,
    0.9736000299453735,
    0.9754000306129456,
    0.9722000360488892,
    0.9718000292778015
  ],
  "delta": 6.982864657330156e-05,
  "ensemble_acc_after_deletion": 0.9706000685691833,
  "ensemble_acc_before_deletion": 0.9760000705718994,
  "epsilon": "\u221e",
  "indicator": 1,
  "lengths_after_deletion": [
    3480,
    3569,
    3481,
    3793,
    3762,
    3761
  ],
  "rng": [
    455087676,
    2249637208
  ],
  "shard_prediction_precision": 0.20898684859275818,
  "shard_prediction_recall": 0.16433332860469818
}