{
  "accs_after_deletion": [
    0.9682000279426575,
    0.9646000266075134,
    0.9648000597953796,
    0.9656000733375549,
    0.9622000455856323,
    0.9654000401496887
  ],
  "accs_before_deletion": [
    0.9762000441551208,
    0.9776000380516052,
    0.9708000421524048,
    0.9742000699043274,
    0.9700000286102295,
    0.9712000489234924
  ],
  "delta": 6.982864657330156e-05,
  "ensemble_acc_after_deletion": 0.9702000617980957,
  "ensemble_acc_before_deletion": 0.9776000380516052,
  "epsilon": "\u221e",
  "indicator": 0,
  "lengths_after_deletion": [
    2997,
    2966,
    2923,
    3165,
    3167,
    3204
  ],
  "rng": [
    484445280,
    2680690995
  ],
  "shard_prediction_precision": 0.19894185662269592,
  "shard_prediction_recall": 0.1942777782678604
}