{
  "accs_after_deletion": [
    0.9664000272750854,
    0.9642000198364258,
    0.96260005235672,
    0.9720000624656677,
    0.9684000611305237,
    0.9658000469207764
  ],
  "accs_before_deletion": [
    0.9704000353813171,
    0.9734000563621521,
    0.9740000367164612,
    0.9728000164031982,
    0.9736000299453735,
    0.9730000495910645
  ],
  "delta": 6.982864657330156e-05,
  "ensemble_acc_after_deletion": 0.9714000225067139,
  "ensemble_acc_before_deletion": 0.9776000380516052,
  "epsilon": "\u221e",
  "indicator": 1,
  "lengths_after_deletion": [
    3043,
    3041,
    2961,
    3270,
    3205,
    3246
  ],
  "rng": [
    486524340,
    3235496212
  ],
  "shard_prediction_precision": 0.1971103549003601,
  "shard_prediction_recall": 0.18872222304344177
}