{
  "accs_after_deletion": [
    0.9666000604629517,
    0.9656000733375549,
    0.9660000205039978,
    0.96260005235672,
    0.9640000462532043,
    0.9660000205039978
  ],
  "accs_before_deletion": [
    0.9734000563621521,
    0.9752000570297241,
    0.9746000170707703,
    0.9752000570297241,
    0.9704000353813171,
    0.9730000495910645
  ],
  "delta": 6.982864657330156e-05,
  "ensemble_acc_after_deletion": 0.9732000231742859,
  "ensemble_acc_before_deletion": 0.9778000712394714,
  "epsilon": "\u221e",
  "indicator": 0,
  "lengths_after_deletion": [
    2369,
    2339,
    2284,
    2552,
    2553,
    2537
  ],
  "rng": [
    531510143,
    112367285
  ],
  "shard_prediction_precision": 0.19699522852897644,
  "shard_prediction_recall": 0.23383334279060364
}