{
  "accs_after_deletion": [
    0.9666000604629517,
    0.967400074005127,
    0.964400053024292,
    0.9748000502586365,
    0.9678000211715698,
    0.9708000421524048
  ],
  "accs_before_deletion": [
    0.9744000434875488,
    0.9758000373840332,
    0.9720000624656677,
    0.9766000509262085,
    0.9748000502586365,
    0.9734000563621521
  ],
  "delta": 6.982864657330156e-05,
  "ensemble_acc_after_deletion": 0.9746000170707703,
  "ensemble_acc_before_deletion": 0.9788000583648682,
  "epsilon": "\u221e",
  "indicator": 1,
  "lengths_after_deletion": [
    3120,
    3124,
    3127,
    3395,
    3371,
    3380
  ],
  "rng": [
    631633031,
    1439880626
  ],
  "shard_prediction_precision": 0.19887156784534454,
  "shard_prediction_recall": 0.18211111426353455
}