{
  "accs_after_deletion": [
    0.9610000252723694,
    0.9648000597953796,
    0.9628000259399414,
    0.9616000652313232,
    0.9630000591278076,
    0.9638000726699829
  ],
  "accs_before_deletion": [
    0.9750000238418579,
    0.9720000624656677,
    0.9700000286102295,
    0.971000075340271,
    0.9698000550270081,
    0.9740000367164612
  ],
  "delta": 6.982864657330156e-05,
  "ensemble_acc_after_deletion": 0.9682000279426575,
  "ensemble_acc_before_deletion": 0.9768000245094299,
  "epsilon": "\u221e",
  "indicator": 0,
  "lengths_after_deletion": [
    2998,
    2959,
    2949,
    3212,
    3199,
    3170
  ],
  "rng": [
    637997037,
    3529841891
  ],
  "shard_prediction_precision": 0.2009364366531372,
  "shard_prediction_recall": 0.19550000131130219
}