{
  "accs_after_deletion": [
    0.9670000672340393,
    0.9642000198364258,
    0.9684000611305237,
    0.9690000414848328,
    0.9668000340461731,
    0.969200074672699
  ],
  "accs_before_deletion": [
    0.9734000563621521,
    0.9706000685691833,
    0.9730000495910645,
    0.9730000495910645,
    0.9718000292778015,
    0.9736000299453735
  ],
  "delta": 6.982864657330156e-05,
  "ensemble_acc_after_deletion": 0.9740000367164612,
  "ensemble_acc_before_deletion": 0.9778000712394714,
  "epsilon": "\u221e",
  "indicator": 1,
  "lengths_after_deletion": [
    3307,
    3234,
    3255,
    3559,
    3526,
    3525
  ],
  "rng": [
    647834087,
    1281189131
  ],
  "shard_prediction_precision": 0.20424522459506989,
  "shard_prediction_recall": 0.17694444954395294
}