{
  "accs_after_deletion": [
    0.9658000469207764,
    0.9668000340461731,
    0.9648000597953796,
    0.9730000495910645,
    0.9634000658988953,
    0.9678000211715698
  ],
  "accs_before_deletion": [
    0.9720000624656677,
    0.9746000170707703,
    0.9724000692367554,
    0.9762000441551208,
    0.9684000611305237,
    0.9740000367164612
  ],
  "delta": 6.982864657330156e-05,
  "ensemble_acc_after_deletion": 0.9740000367164612,
  "ensemble_acc_before_deletion": 0.9760000705718994,
  "epsilon": "\u221e",
  "indicator": 1,
  "lengths_after_deletion": [
    2864,
    2819,
    2883,
    3139,
    3130,
    3181
  ],
  "rng": [
    660399865,
    3257978734
  ],
  "shard_prediction_precision": 0.20156805217266083,
  "shard_prediction_recall": 0.2013888955116272
}