{
  "accs_after_deletion": [
    0.966200053691864,
    0.9668000340461731,
    0.9684000611305237,
    0.9720000624656677,
    0.9684000611305237,
    0.9678000211715698
  ],
  "accs_before_deletion": [
    0.971000075340271,
    0.9726000428199768,
    0.9724000692367554,
    0.9746000170707703,
    0.9730000495910645,
    0.9728000164031982
  ],
  "delta": 6.982864657330156e-05,
  "ensemble_acc_after_deletion": 0.9742000699043274,
  "ensemble_acc_before_deletion": 0.9772000312805176,
  "epsilon": "\u221e",
  "indicator": 1,
  "lengths_after_deletion": [
    2899,
    2840,
    2783,
    3001,
    3070,
    3055
  ],
  "rng": [
    732253607,
    4219531793
  ],
  "shard_prediction_precision": 0.19785308837890625,
  "shard_prediction_recall": 0.20172221958637238
}