{
  "accs_after_deletion": [
    0.9658000469207764,
    0.9640000462532043,
    0.9616000652313232,
    0.9656000733375549,
    0.9618000388145447,
    0.9658000469207764
  ],
  "accs_before_deletion": [
    0.9718000292778015,
    0.9744000434875488,
    0.9740000367164612,
    0.9736000299453735,
    0.9686000347137451,
    0.9742000699043274
  ],
  "delta": 6.982864657330156e-05,
  "ensemble_acc_after_deletion": 0.969200074672699,
  "ensemble_acc_before_deletion": 0.9768000245094299,
  "epsilon": "\u221e",
  "indicator": 1,
  "lengths_after_deletion": [
    3012,
    2925,
    2938,
    3184,
    3147,
    3112
  ],
  "rng": [
    853155539,
    1772494007
  ],
  "shard_prediction_precision": 0.19912905991077423,
  "shard_prediction_recall": 0.1956111192703247
}