{
  "accs_after_deletion": [
    0.9666000604629517,
    0.9700000286102295,
    0.9678000211715698,
    0.9746000170707703,
    0.9676000475883484,
    0.9702000617980957
  ],
  "accs_before_deletion": [
    0.971000075340271,
    0.9748000502586365,
    0.9734000563621521,
    0.9778000712394714,
    0.9712000489234924,
    0.9754000306129456
  ],
  "delta": 6.982864657330156e-05,
  "ensemble_acc_after_deletion": 0.9746000170707703,
  "ensemble_acc_before_deletion": 0.9770000576972961,
  "epsilon": "\u221e",
  "indicator": 1,
  "lengths_after_deletion": [
    3206,
    3183,
    3179,
    3415,
    3436,
    3415
  ],
  "rng": [
    897934950,
    3920136495
  ],
  "shard_prediction_precision": 0.20165780186653137,
  "shard_prediction_recall": 0.18111111223697662
}