{
  "accs_after_deletion": [
    0.9668000340461731,
    0.9666000604629517,
    0.9686000347137451,
    0.9648000597953796,
    0.9712000489234924,
    0.9708000421524048
  ],
  "accs_before_deletion": [
    0.9746000170707703,
    0.9726000428199768,
    0.9748000502586365,
    0.971000075340271,
    0.9732000231742859,
    0.9750000238418579
  ],
  "delta": 6.982864657330156e-05,
  "ensemble_acc_after_deletion": 0.9752000570297241,
  "ensemble_acc_before_deletion": 0.9778000712394714,
  "epsilon": "\u221e",
  "indicator": 1,
  "lengths_after_deletion": [
    3022,
    3046,
    3008,
    3273,
    3231,
    3318
  ],
  "rng": [
    921204941,
    183720484
  ],
  "shard_prediction_precision": 0.19921647012233734,
  "shard_prediction_recall": 0.189277783036232
}