{
  "accs_after_deletion": [
    0.9712000489234924,
    0.9676000475883484,
    0.9652000665664673,
    0.9730000495910645,
    0.9668000340461731,
    0.9736000299453735
  ],
  "accs_before_deletion": [
    0.9744000434875488,
    0.9738000631332397,
    0.9742000699043274,
    0.9762000441551208,
    0.9758000373840332,
    0.9770000576972961
  ],
  "delta": 6.982864657330156e-05,
  "ensemble_acc_after_deletion": 0.9760000705718994,
  "ensemble_acc_before_deletion": 0.9802000522613525,
  "epsilon": "\u221e",
  "indicator": 1,
  "lengths_after_deletion": [
    3395,
    3408,
    3322,
    3560,
    3506,
    3606
  ],
  "rng": [
    924828130,
    156708870
  ],
  "shard_prediction_precision": 0.20140761137008667,
  "shard_prediction_recall": 0.17011111974716187
}