{
  "accs_after_deletion": [
    0.9646000266075134,
    0.9658000469207764,
    0.9666000604629517,
    0.9646000266075134,
    0.9676000475883484,
    0.971000075340271
  ],
  "accs_before_deletion": [
    0.9718000292778015,
    0.9742000699043274,
    0.9752000570297241,
    0.969200074672699,
    0.9742000699043274,
    0.9724000692367554
  ],
  "delta": 6.982864657330156e-05,
  "ensemble_acc_after_deletion": 0.9726000428199768,
  "ensemble_acc_before_deletion": 0.9784000515937805,
  "epsilon": "\u221e",
  "indicator": 1,
  "lengths_after_deletion": [
    2295,
    2201,
    2229,
    2479,
    2504,
    2429
  ],
  "rng": [
    933026209,
    2881841333
  ],
  "shard_prediction_precision": 0.19530713558197021,
  "shard_prediction_recall": 0.23722222447395325
}