{
  "accs_after_deletion": [
    0.9640000462532043,
    0.9656000733375549,
    0.9634000658988953,
    0.9666000604629517,
    0.969200074672699,
    0.9658000469207764
  ],
  "accs_before_deletion": [
    0.9748000502586365,
    0.9728000164031982,
    0.9728000164031982,
    0.9716000556945801,
    0.9738000631332397,
    0.9712000489234924
  ],
  "delta": 6.982864657330156e-05,
  "ensemble_acc_after_deletion": 0.9696000218391418,
  "ensemble_acc_before_deletion": 0.9770000576972961,
  "epsilon": "\u221e",
  "indicator": 1,
  "lengths_after_deletion": [
    3275,
    3332,
    3300,
    3506,
    3538,
    3514
  ],
  "rng": [
    948817780,
    4235328972
  ],
  "shard_prediction_precision": 0.2010299265384674,
  "shard_prediction_recall": 0.17350000143051147
}