{
  "accs_after_deletion": [
    0.9570000171661377,
    0.96260005235672,
    0.9616000652313232,
    0.9666000604629517,
    0.9666000604629517,
    0.961400032043457
  ],
  "accs_before_deletion": [
    0.9736000299453735,
    0.9734000563621521,
    0.9730000495910645,
    0.9736000299453735,
    0.9736000299453735,
    0.9714000225067139
  ],
  "delta": 6.982864657330156e-05,
  "ensemble_acc_after_deletion": 0.969200074672699,
  "ensemble_acc_before_deletion": 0.9776000380516052,
  "epsilon": "\u221e",
  "indicator": 1,
  "lengths_after_deletion": [
    3198,
    3245,
    3217,
    3402,
    3453,
    3444
  ],
  "rng": [
    984679850,
    2869684271
  ],
  "shard_prediction_precision": 0.20086029171943665,
  "shard_prediction_recall": 0.17900000512599945
}