{
  "accs_after_deletion": [
    0.9630000591278076,
    0.9652000665664673,
    0.9616000652313232,
    0.9678000211715698,
    0.9642000198364258,
    0.9648000597953796
  ],
  "accs_before_deletion": [
    0.9706000685691833,
    0.9728000164031982,
    0.9712000489234924,
    0.9746000170707703,
    0.9704000353813171,
    0.9700000286102295
  ],
  "delta": 6.982864657330156e-05,
  "ensemble_acc_after_deletion": 0.9702000617980957,
  "ensemble_acc_before_deletion": 0.9774000644683838,
  "epsilon": "\u221e",
  "indicator": 1,
  "lengths_after_deletion": [
    3306,
    3319,
    3327,
    3551,
    3545,
    3630
  ],
  "rng": [
    985271816,
    3453553955
  ],
  "shard_prediction_precision": 0.20330244302749634,
  "shard_prediction_recall": 0.17305555939674377
}