{
  "accs_after_deletion": [
    0.40620002150535583,
    0.4240000247955322
  ],
  "accs_before_deletion": [
    0.46320003271102905,
    0.45020002126693726
  ],
  "delta": 5.0886316442113006e-05,
  "ensemble_acc_after_deletion": 0.41100001335144043,
  "ensemble_acc_before_deletion": 0.45680001378059387,
  "epsilon": "\u221e",
  "indicator": 1,
  "lengths_after_deletion": [
    3391,
    4493
  ],
  "rng": [
    1014758392,
    3482213854
  ],
  "shard_prediction_precision": 0.5678905844688416,
  "shard_prediction_recall": 0.5761250257492065
}