{
  "accs_after_deletion": [
    0.4090000092983246,
    0.4150000214576721
  ],
  "accs_before_deletion": [
    0.43960002064704895,
    0.4554000198841095
  ],
  "delta": 5.0886316442113006e-05,
  "ensemble_acc_after_deletion": 0.41440001130104065,
  "ensemble_acc_before_deletion": 0.4480000138282776,
  "epsilon": "\u221e",
  "indicator": 1,
  "lengths_after_deletion": [
    3407,
    4570
  ],
  "rng": [
    1087595390,
    1502821607
  ],
  "shard_prediction_precision": 0.5724791288375854,
  "shard_prediction_recall": 0.5741250514984131
}