{
  "accs_after_deletion": [
    0.44120001792907715,
    0.45280003547668457
  ],
  "accs_before_deletion": [
    0.44040003418922424,
    0.45340001583099365
  ],
  "delta": 5.0886316442113006e-05,
  "ensemble_acc_after_deletion": 0.4474000334739685,
  "ensemble_acc_before_deletion": 0.4466000199317932,
  "epsilon": "\u221e",
  "indicator": 1,
  "lengths_after_deletion": [
    3678,
    4738
  ],
  "rng": [
    1090851935,
    3928147321
  ],
  "shard_prediction_precision": 0.5698840022087097,
  "shard_prediction_recall": 0.5402500033378601
}