{
  "accs_after_deletion": [
    0.42080003023147583,
    0.40620002150535583
  ],
  "accs_before_deletion": [
    0.44120001792907715,
    0.43700000643730164
  ],
  "delta": 5.0886316442113006e-05,
  "ensemble_acc_after_deletion": 0.4150000214576721,
  "ensemble_acc_before_deletion": 0.4384000301361084,
  "epsilon": "\u221e",
  "indicator": 0,
  "lengths_after_deletion": [
    3351,
    4432
  ],
  "rng": [
    1134762715,
    549081325
  ],
  "shard_prediction_precision": 0.5657782554626465,
  "shard_prediction_recall": 0.581125020980835
}