{
  "accs_after_deletion": [
    0.41940000653266907,
    0.45280003547668457
  ],
  "accs_before_deletion": [
    0.4522000253200531,
    0.45420002937316895
  ],
  "delta": 5.0886316442113006e-05,
  "ensemble_acc_after_deletion": 0.4318000078201294,
  "ensemble_acc_before_deletion": 0.44780001044273376,
  "epsilon": "\u221e",
  "indicator": 1,
  "lengths_after_deletion": [
    3437,
    4483
  ],
  "rng": [
    1229748770,
    2364992728
  ],
  "shard_prediction_precision": 0.5647277235984802,
  "shard_prediction_recall": 0.5703750252723694
}