{
  "accs_after_deletion": [
    0.40880000591278076,
    0.420600026845932
  ],
  "accs_before_deletion": [
    0.44940000772476196,
    0.4448000192642212
  ],
  "delta": 5.0886316442113006e-05,
  "ensemble_acc_after_deletion": 0.42180001735687256,
  "ensemble_acc_before_deletion": 0.4492000341415405,
  "epsilon": "\u221e",
  "indicator": 1,
  "lengths_after_deletion": [
    3427,
    4604
  ],
  "rng": [
    1237586189,
    3581823646
  ],
  "shard_prediction_precision": 0.5738486647605896,
  "shard_prediction_recall": 0.5716250538825989
}