{
  "accs_after_deletion": [
    0.430400013923645,
    0.43240001797676086
  ],
  "accs_before_deletion": [
    0.4496000111103058,
    0.45600003004074097
  ],
  "delta": 5.0886316442113006e-05,
  "ensemble_acc_after_deletion": 0.42920002341270447,
  "ensemble_acc_before_deletion": 0.4536000192165375,
  "epsilon": "\u221e",
  "indicator": 1,
  "lengths_after_deletion": [
    3841,
    4879
  ],
  "rng": [
    1338634359,
    2628145204
  ],
  "shard_prediction_precision": 0.5712912082672119,
  "shard_prediction_recall": 0.5198750495910645
}