{
  "accs_after_deletion": [
    0.4262000322341919,
    0.43460002541542053
  ],
  "accs_before_deletion": [
    0.4546000361442566,
    0.45740002393722534
  ],
  "delta": 5.0886316442113006e-05,
  "ensemble_acc_after_deletion": 0.4406000077724457,
  "ensemble_acc_before_deletion": 0.45580002665519714,
  "epsilon": "\u221e",
  "indicator": 1,
  "lengths_after_deletion": [
    3602,
    4793
  ],
  "rng": [
    1341586151,
    1237256399
  ],
  "shard_prediction_precision": 0.5783037543296814,
  "shard_prediction_recall": 0.549750030040741
}