{
  "accs_after_deletion": [
    0.4240000247955322,
    0.4240000247955322
  ],
  "accs_before_deletion": [
    0.45160001516342163,
    0.44840002059936523
  ],
  "delta": 5.0886316442113006e-05,
  "ensemble_acc_after_deletion": 0.4272000193595886,
  "ensemble_acc_before_deletion": 0.4536000192165375,
  "epsilon": "\u221e",
  "indicator": 0,
  "lengths_after_deletion": [
    3683,
    4673
  ],
  "rng": [
    1356200348,
    4222322703
  ],
  "shard_prediction_precision": 0.5647566914558411,
  "shard_prediction_recall": 0.5396250486373901
}