{
  "accs_after_deletion": [
    0.4222000241279602,
    0.43780001997947693
  ],
  "accs_before_deletion": [
    0.44380003213882446,
    0.45900002121925354
  ],
  "delta": 5.0886316442113006e-05,
  "ensemble_acc_after_deletion": 0.44380003213882446,
  "ensemble_acc_before_deletion": 0.44760000705718994,
  "epsilon": "\u221e",
  "indicator": 1,
  "lengths_after_deletion": [
    3576,
    4653
  ],
  "rng": [
    138386228,
    3961258226
  ],
  "shard_prediction_precision": 0.5692960619926453,
  "shard_prediction_recall": 0.5530000329017639
}