{
  "accs_after_deletion": [
    0.4076000154018402,
    0.41100001335144043
  ],
  "accs_before_deletion": [
    0.45840001106262207,
    0.45660001039505005
  ],
  "delta": 5.0886316442113006e-05,
  "ensemble_acc_after_deletion": 0.40480002760887146,
  "ensemble_acc_before_deletion": 0.4644000232219696,
  "epsilon": "\u221e",
  "indicator": 1,
  "lengths_after_deletion": [
    3181,
    4298
  ],
  "rng": [
    1387099807,
    1542054653
  ],
  "shard_prediction_precision": 0.5655439496040344,
  "shard_prediction_recall": 0.6023750305175781
}