{
  "accs_after_deletion": [
    0.4090000092983246,
    0.4034000337123871
  ],
  "accs_before_deletion": [
    0.44780001044273376,
    0.4514000117778778
  ],
  "delta": 5.0886316442113006e-05,
  "ensemble_acc_after_deletion": 0.39480000734329224,
  "ensemble_acc_before_deletion": 0.45320001244544983,
  "epsilon": "\u221e",
  "indicator": 0,
  "lengths_after_deletion": [
    3596,
    4531
  ],
  "rng": [
    1398365251,
    493835580
  ],
  "shard_prediction_precision": 0.5593801736831665,
  "shard_prediction_recall": 0.5505000352859497
}