{
  "accs_after_deletion": [
    0.4262000322341919,
    0.43800002336502075
  ],
  "accs_before_deletion": [
    0.44840002059936523,
    0.44680002331733704
  ],
  "delta": 5.0886316442113006e-05,
  "ensemble_acc_after_deletion": 0.4320000112056732,
  "ensemble_acc_before_deletion": 0.44440001249313354,
  "epsilon": "\u221e",
  "indicator": 1,
  "lengths_after_deletion": [
    3735,
    4804
  ],
  "rng": [
    1464972216,
    3826127297
  ],
  "shard_prediction_precision": 0.5716391801834106,
  "shard_prediction_recall": 0.5331250429153442
}