{
  "accs_after_deletion": [
    0.4238000214099884,
    0.42920002341270447
  ],
  "accs_before_deletion": [
    0.44300001859664917,
    0.45100003480911255
  ],
  "delta": 5.0886316442113006e-05,
  "ensemble_acc_after_deletion": 0.4148000180721283,
  "ensemble_acc_before_deletion": 0.4464000165462494,
  "epsilon": "\u221e",
  "indicator": 1,
  "lengths_after_deletion": [
    3586,
    4613
  ],
  "rng": [
    14900181,
    2347653188
  ],
  "shard_prediction_precision": 0.5658249258995056,
  "shard_prediction_recall": 0.5517500042915344
}