{
  "accs_after_deletion": [
    0.4132000207901001,
    0.4220000207424164
  ],
  "accs_before_deletion": [
    0.44940000772476196,
    0.445000022649765
  ],
  "delta": 5.0886316442113006e-05,
  "ensemble_acc_after_deletion": 0.4132000207901001,
  "ensemble_acc_before_deletion": 0.4418000280857086,
  "epsilon": "\u221e",
  "indicator": 1,
  "lengths_after_deletion": [
    3413,
    4565
  ],
  "rng": [
    1525241923,
    1898251778
  ],
  "shard_prediction_precision": 0.57180255651474,
  "shard_prediction_recall": 0.5733750462532043
}