{
  "accs_after_deletion": [
    0.4262000322341919,
    0.41260001063346863
  ],
  "accs_before_deletion": [
    0.4410000145435333,
    0.4662000238895416
  ],
  "delta": 5.0886316442113006e-05,
  "ensemble_acc_after_deletion": 0.42580002546310425,
  "ensemble_acc_before_deletion": 0.4588000178337097,
  "epsilon": "\u221e",
  "indicator": 0,
  "lengths_after_deletion": [
    3639,
    4861
  ],
  "rng": [
    158545471,
    2941536769
  ],
  "shard_prediction_precision": 0.5814666748046875,
  "shard_prediction_recall": 0.5451250076293945
}