{
  "accs_after_deletion": [
    0.4288000166416168,
    0.4296000301837921
  ],
  "accs_before_deletion": [
    0.4410000145435333,
    0.45100003480911255
  ],
  "delta": 5.0886316442113006e-05,
  "ensemble_acc_after_deletion": 0.42580002546310425,
  "ensemble_acc_before_deletion": 0.4458000063896179,
  "epsilon": "\u221e",
  "indicator": 1,
  "lengths_after_deletion": [
    3634,
    4725
  ],
  "rng": [
    1608102509,
    1838521977
  ],
  "shard_prediction_precision": 0.571391224861145,
  "shard_prediction_recall": 0.5457500219345093
}