{
  "accs_after_deletion": [
    0.3996000289916992,
    0.41200003027915955
  ],
  "accs_before_deletion": [
    0.45320001244544983,
    0.4474000334739685
  ],
  "delta": 5.0886316442113006e-05,
  "ensemble_acc_after_deletion": 0.4052000045776367,
  "ensemble_acc_before_deletion": 0.44620001316070557,
  "epsilon": "\u221e",
  "indicator": 1,
  "lengths_after_deletion": [
    3329,
    4458
  ],
  "rng": [
    1635319522,
    311876662
  ],
  "shard_prediction_precision": 0.568732500076294,
  "shard_prediction_recall": 0.5838750004768372
}