{
  "accs_after_deletion": [
    0.3946000039577484,
    0.4114000201225281
  ],
  "accs_before_deletion": [
    0.4496000111103058,
    0.4538000226020813
  ],
  "delta": 5.0886316442113006e-05,
  "ensemble_acc_after_deletion": 0.39420002698898315,
  "ensemble_acc_before_deletion": 0.45580002665519714,
  "epsilon": "\u221e",
  "indicator": 1,
  "lengths_after_deletion": [
    3386,
    4238
  ],
  "rng": [
    1710579869,
    794341962
  ],
  "shard_prediction_precision": 0.5508595705032349,
  "shard_prediction_recall": 0.5767500400543213
}