{
  "accs_after_deletion": [
    0.39180001616477966,
    0.4000000059604645
  ],
  "accs_before_deletion": [
    0.45760002732276917,
    0.43140003085136414
  ],
  "delta": 5.0886316442113006e-05,
  "ensemble_acc_after_deletion": 0.3898000121116638,
  "ensemble_acc_before_deletion": 0.44860002398490906,
  "epsilon": "\u221e",
  "indicator": 1,
  "lengths_after_deletion": [
    3490,
    4530
  ],
  "rng": [
    1726675817,
    2903168382
  ],
  "shard_prediction_precision": 0.5651628971099854,
  "shard_prediction_recall": 0.5637500286102295
}