{
  "accs_after_deletion": [
    0.4278000295162201,
    0.4434000253677368
  ],
  "accs_before_deletion": [
    0.44120001792907715,
    0.4586000144481659
  ],
  "delta": 5.0886316442113006e-05,
  "ensemble_acc_after_deletion": 0.4336000084877014,
  "ensemble_acc_before_deletion": 0.4520000219345093,
  "epsilon": "\u221e",
  "indicator": 1,
  "lengths_after_deletion": [
    3888,
    4852
  ],
  "rng": [
    1729877813,
    1145785477
  ],
  "shard_prediction_precision": 0.5663912296295166,
  "shard_prediction_recall": 0.5139999985694885
}