{
  "accs_after_deletion": [
    0.41220003366470337,
    0.4174000322818756
  ],
  "accs_before_deletion": [
    0.45000001788139343,
    0.4440000355243683
  ],
  "delta": 5.0886316442113006e-05,
  "ensemble_acc_after_deletion": 0.41280001401901245,
  "ensemble_acc_before_deletion": 0.4456000328063965,
  "epsilon": "\u221e",
  "indicator": 1,
  "lengths_after_deletion": [
    3469,
    4471
  ],
  "rng": [
    1767870223,
    1072955502
  ],
  "shard_prediction_precision": 0.5621588230133057,
  "shard_prediction_recall": 0.5663750171661377
}