{
  "accs_after_deletion": [
    0.415800005197525,
    0.4236000180244446
  ],
  "accs_before_deletion": [
    0.4588000178337097,
    0.4586000144481659
  ],
  "delta": 5.0886316442113006e-05,
  "ensemble_acc_after_deletion": 0.4280000329017639,
  "ensemble_acc_before_deletion": 0.4740000367164612,
  "epsilon": "\u221e",
  "indicator": 1,
  "lengths_after_deletion": [
    3703,
    4737
  ],
  "rng": [
    1851978951,
    2625832591
  ],
  "shard_prediction_precision": 0.5683862566947937,
  "shard_prediction_recall": 0.5371250510215759
}