{
  "accs_after_deletion": [
    0.39740002155303955,
    0.41940000653266907
  ],
  "accs_before_deletion": [
    0.45280003547668457,
    0.4390000104904175
  ],
  "delta": 5.0886316442113006e-05,
  "ensemble_acc_after_deletion": 0.4052000045776367,
  "ensemble_acc_before_deletion": 0.4504000246524811,
  "epsilon": "\u221e",
  "indicator": 1,
  "lengths_after_deletion": [
    3548,
    4456
  ],
  "rng": [
    193604243,
    2240244916
  ],
  "shard_prediction_precision": 0.5567784309387207,
  "shard_prediction_recall": 0.5565000176429749
}