{
  "accs_after_deletion": [
    0.43480002880096436,
    0.4288000166416168
  ],
  "accs_before_deletion": [
    0.4328000247478485,
    0.4554000198841095
  ],
  "delta": 5.0886316442113006e-05,
  "ensemble_acc_after_deletion": 0.43220001459121704,
  "ensemble_acc_before_deletion": 0.4426000118255615,
  "epsilon": "\u221e",
  "indicator": 0,
  "lengths_after_deletion": [
    3494,
    4612
  ],
  "rng": [
    1959766470,
    1142929329
  ],
  "shard_prediction_precision": 0.5708132982254028,
  "shard_prediction_recall": 0.5632500052452087
}