{
  "accs_after_deletion": [
    0.42100003361701965,
    0.43640002608299255
  ],
  "accs_before_deletion": [
    0.43640002608299255,
    0.4506000280380249
  ],
  "delta": 5.0886316442113006e-05,
  "ensemble_acc_after_deletion": 0.4328000247478485,
  "ensemble_acc_before_deletion": 0.43800002336502075,
  "epsilon": "\u221e",
  "indicator": 1,
  "lengths_after_deletion": [
    3537,
    4644
  ],
  "rng": [
    1968666119,
    3435107918
  ],
  "shard_prediction_precision": 0.570789098739624,
  "shard_prediction_recall": 0.5578750371932983
}