{
  "accs_after_deletion": [
    0.42480000853538513,
    0.4134000241756439
  ],
  "accs_before_deletion": [
    0.4328000247478485,
    0.44460001587867737
  ],
  "delta": 5.0886316442113006e-05,
  "ensemble_acc_after_deletion": 0.4252000153064728,
  "ensemble_acc_before_deletion": 0.43560001254081726,
  "epsilon": "\u221e",
  "indicator": 0,
  "lengths_after_deletion": [
    3627,
    4706
  ],
  "rng": [
    1993995899,
    2238983845
  ],
  "shard_prediction_precision": 0.5703665614128113,
  "shard_prediction_recall": 0.546625018119812
}