{
  "accs_after_deletion": [
    0.4140000343322754,
    0.4398000240325928
  ],
  "accs_before_deletion": [
    0.44780001044273376,
    0.45660001039505005
  ],
  "delta": 5.0886316442113006e-05,
  "ensemble_acc_after_deletion": 0.4320000112056732,
  "ensemble_acc_before_deletion": 0.4604000151157379,
  "epsilon": "\u221e",
  "indicator": 1,
  "lengths_after_deletion": [
    3674,
    4746
  ],
  "rng": [
    2012673451,
    2721564722
  ],
  "shard_prediction_precision": 0.5707123875617981,
  "shard_prediction_recall": 0.5407500267028809
}