{
  "accs_after_deletion": [
    0.428600013256073,
    0.42480000853538513
  ],
  "accs_before_deletion": [
    0.4358000159263611,
    0.4474000334739685
  ],
  "delta": 5.0886316442113006e-05,
  "ensemble_acc_after_deletion": 0.42640000581741333,
  "ensemble_acc_before_deletion": 0.4506000280380249,
  "epsilon": "\u221e",
  "indicator": 0,
  "lengths_after_deletion": [
    3794,
    4658
  ],
  "rng": [
    2087684111,
    2004643899
  ],
  "shard_prediction_precision": 0.5572336912155151,
  "shard_prediction_recall": 0.5257500410079956
}