{
  "accs_after_deletion": [
    0.40300002694129944,
    0.4212000072002411
  ],
  "accs_before_deletion": [
    0.4554000198841095,
    0.43620002269744873
  ],
  "delta": 5.0886316442113006e-05,
  "ensemble_acc_after_deletion": 0.4174000322818756,
  "ensemble_acc_before_deletion": 0.4466000199317932,
  "epsilon": "\u221e",
  "indicator": 1,
  "lengths_after_deletion": [
    3415,
    4479
  ],
  "rng": [
    2090258046,
    3855744465
  ],
  "shard_prediction_precision": 0.5656303763389587,
  "shard_prediction_recall": 0.5731250047683716
}