{
  "accs_after_deletion": [
    0.40320003032684326,
    0.43720000982284546
  ],
  "accs_before_deletion": [
    0.43540000915527344,
    0.4636000096797943
  ],
  "delta": 5.0886316442113006e-05,
  "ensemble_acc_after_deletion": 0.4246000349521637,
  "ensemble_acc_before_deletion": 0.4504000246524811,
  "epsilon": "\u221e",
  "indicator": 1,
  "lengths_after_deletion": [
    3642,
    4757
  ],
  "rng": [
    2099170113,
    636720595
  ],
  "shard_prediction_precision": 0.5733456015586853,
  "shard_prediction_recall": 0.5447500348091125
}