{
  "accs_after_deletion": [
    0.44680002331733704,
    0.45160001516342163
  ],
  "accs_before_deletion": [
    0.42740002274513245,
    0.45340001583099365
  ],
  "delta": 5.0886316442113006e-05,
  "ensemble_acc_after_deletion": 0.4490000307559967,
  "ensemble_acc_before_deletion": 0.4310000240802765,
  "epsilon": "\u221e",
  "indicator": 1,
  "lengths_after_deletion": [
    3603,
    4718
  ],
  "rng": [
    2100401045,
    806951517
  ],
  "shard_prediction_precision": 0.5726006031036377,
  "shard_prediction_recall": 0.549625039100647
}