{
  "accs_after_deletion": [
    0.42020002007484436,
    0.42180001735687256
  ],
  "accs_before_deletion": [
    0.44280001521110535,
    0.4440000355243683
  ],
  "delta": 5.0886316442113006e-05,
  "ensemble_acc_after_deletion": 0.426800012588501,
  "ensemble_acc_before_deletion": 0.445000022649765,
  "epsilon": "\u221e",
  "indicator": 1,
  "lengths_after_deletion": [
    3430,
    4550
  ],
  "rng": [
    2139150513,
    2651945666
  ],
  "shard_prediction_precision": 0.5698254108428955,
  "shard_prediction_recall": 0.5712500214576721
}