{
  "accs_after_deletion": [
    0.415800005197525,
    0.43220001459121704
  ],
  "accs_before_deletion": [
    0.44380003213882446,
    0.4520000219345093
  ],
  "delta": 5.0886316442113006e-05,
  "ensemble_acc_after_deletion": 0.4236000180244446,
  "ensemble_acc_before_deletion": 0.45900002121925354,
  "epsilon": "\u221e",
  "indicator": 1,
  "lengths_after_deletion": [
    3570,
    4560
  ],
  "rng": [
    21557413,
    3358718762
  ],
  "shard_prediction_precision": 0.5628970861434937,
  "shard_prediction_recall": 0.5537500381469727
}