{
  "accs_after_deletion": [
    0.3872000277042389,
    0.4026000201702118
  ],
  "accs_before_deletion": [
    0.44140002131462097,
    0.4424000084400177
  ],
  "delta": 5.0886316442113006e-05,
  "ensemble_acc_after_deletion": 0.3864000141620636,
  "ensemble_acc_before_deletion": 0.44700002670288086,
  "epsilon": "\u221e",
  "indicator": 1,
  "lengths_after_deletion": [
    3389,
    4462
  ],
  "rng": [
    215664238,
    3876854384
  ],
  "shard_prediction_precision": 0.5658362507820129,
  "shard_prediction_recall": 0.5763750076293945
}