{
  "accs_after_deletion": [
    0.41120001673698425,
    0.42020002007484436
  ],
  "accs_before_deletion": [
    0.44300001859664917,
    0.4496000111103058
  ],
  "delta": 5.0886316442113006e-05,
  "ensemble_acc_after_deletion": 0.40620002150535583,
  "ensemble_acc_before_deletion": 0.4490000307559967,
  "epsilon": "\u221e",
  "indicator": 1,
  "lengths_after_deletion": [
    3437,
    4547
  ],
  "rng": [
    2172078862,
    4131713381
  ],
  "shard_prediction_precision": 0.5692365169525146,
  "shard_prediction_recall": 0.5703750252723694
}