{
  "accs_after_deletion": [
    0.43480002880096436,
    0.4172000288963318
  ],
  "accs_before_deletion": [
    0.44600000977516174,
    0.43380001187324524
  ],
  "delta": 5.0886316442113006e-05,
  "ensemble_acc_after_deletion": 0.42260003089904785,
  "ensemble_acc_before_deletion": 0.45020002126693726,
  "epsilon": "\u221e",
  "indicator": 0,
  "lengths_after_deletion": [
    3518,
    4558
  ],
  "rng": [
    2225184613,
    2872632166
  ],
  "shard_prediction_precision": 0.56562340259552,
  "shard_prediction_recall": 0.5602500438690186
}