{
  "accs_after_deletion": [
    0.42000001668930054,
    0.4392000138759613
  ],
  "accs_before_deletion": [
    0.4488000273704529,
    0.46300002932548523
  ],
  "delta": 5.0886316442113006e-05,
  "ensemble_acc_after_deletion": 0.428600013256073,
  "ensemble_acc_before_deletion": 0.4602000117301941,
  "epsilon": "\u221e",
  "indicator": 1,
  "lengths_after_deletion": [
    3491,
    4560
  ],
  "rng": [
    2243136630,
    2139887543
  ],
  "shard_prediction_precision": 0.5672411918640137,
  "shard_prediction_recall": 0.5636250376701355
}