{
  "accs_after_deletion": [
    0.4164000153541565,
    0.4328000247478485
  ],
  "accs_before_deletion": [
    0.4496000111103058,
    0.4508000314235687
  ],
  "delta": 5.0886316442113006e-05,
  "ensemble_acc_after_deletion": 0.42920002341270447,
  "ensemble_acc_before_deletion": 0.4570000171661377,
  "epsilon": "\u221e",
  "indicator": 1,
  "lengths_after_deletion": [
    3553,
    4673
  ],
  "rng": [
    2258279533,
    2724321458
  ],
  "shard_prediction_precision": 0.572035014629364,
  "shard_prediction_recall": 0.5558750033378601
}