{
  "accs_after_deletion": [
    0.4034000337123871,
    0.41360002756118774
  ],
  "accs_before_deletion": [
    0.4538000226020813,
    0.4588000178337097
  ],
  "delta": 5.0886316442113006e-05,
  "ensemble_acc_after_deletion": 0.4140000343322754,
  "ensemble_acc_before_deletion": 0.4562000334262848,
  "epsilon": "\u221e",
  "indicator": 1,
  "lengths_after_deletion": [
    3451,
    4429
  ],
  "rng": [
    229796135,
    2235448857
  ],
  "shard_prediction_precision": 0.5602216720581055,
  "shard_prediction_recall": 0.5686250329017639
}