{
  "accs_after_deletion": [
    0.39340001344680786,
    0.39260002970695496
  ],
  "accs_before_deletion": [
    0.4464000165462494,
    0.4386000335216522
  ],
  "delta": 5.0886316442113006e-05,
  "ensemble_acc_after_deletion": 0.38940000534057617,
  "ensemble_acc_before_deletion": 0.44460001587867737,
  "epsilon": "\u221e",
  "indicator": 0,
  "lengths_after_deletion": [
    3558,
    4451
  ],
  "rng": [
    2316632299,
    2959376221
  ],
  "shard_prediction_precision": 0.5558753609657288,
  "shard_prediction_recall": 0.5552500486373901
}