{
  "accs_after_deletion": [
    0.43060001730918884,
    0.41260001063346863
  ],
  "accs_before_deletion": [
    0.45840001106262207,
    0.44120001792907715
  ],
  "delta": 5.0886316442113006e-05,
  "ensemble_acc_after_deletion": 0.4280000329017639,
  "ensemble_acc_before_deletion": 0.4498000144958496,
  "epsilon": "\u221e",
  "indicator": 0,
  "lengths_after_deletion": [
    3779,
    4753
  ],
  "rng": [
    2333807794,
    1997117107
  ],
  "shard_prediction_precision": 0.5652115345001221,
  "shard_prediction_recall": 0.5276250243186951
}