{
  "accs_after_deletion": [
    0.4134000241756439,
    0.4280000329017639
  ],
  "accs_before_deletion": [
    0.4492000341415405,
    0.459600031375885
  ],
  "delta": 5.0886316442113006e-05,
  "ensemble_acc_after_deletion": 0.42740002274513245,
  "ensemble_acc_before_deletion": 0.45660001039505005,
  "epsilon": "\u221e",
  "indicator": 1,
  "lengths_after_deletion": [
    3406,
    4575
  ],
  "rng": [
    2348855215,
    3499493848
  ],
  "shard_prediction_precision": 0.5728893876075745,
  "shard_prediction_recall": 0.5742500424385071
}