{
  "accs_after_deletion": [
    0.4146000146865845,
    0.41600000858306885
  ],
  "accs_before_deletion": [
    0.4520000219345093,
    0.45740002393722534
  ],
  "delta": 5.0886316442113006e-05,
  "ensemble_acc_after_deletion": 0.4146000146865845,
  "ensemble_acc_before_deletion": 0.45680001378059387,
  "epsilon": "\u221e",
  "indicator": 1,
  "lengths_after_deletion": [
    3373,
    4534
  ],
  "rng": [
    2378535209,
    1535936502
  ],
  "shard_prediction_precision": 0.5717286467552185,
  "shard_prediction_recall": 0.5783750414848328
}