{
  "accs_after_deletion": [
    0.40320003032684326,
    0.43720000982284546
  ],
  "accs_before_deletion": [
    0.4490000307559967,
    0.45580002665519714
  ],
  "delta": 5.0886316442113006e-05,
  "ensemble_acc_after_deletion": 0.40880000591278076,
  "ensemble_acc_before_deletion": 0.45680001378059387,
  "epsilon": "\u221e",
  "indicator": 1,
  "lengths_after_deletion": [
    3323,
    4524
  ],
  "rng": [
    2378575278,
    2177774558
  ],
  "shard_prediction_precision": 0.5736538767814636,
  "shard_prediction_recall": 0.5846250057220459
}