{
  "accs_after_deletion": [
    0.42240002751350403,
    0.43060001730918884
  ],
  "accs_before_deletion": [
    0.4442000091075897,
    0.4652000367641449
  ],
  "delta": 5.0886316442113006e-05,
  "ensemble_acc_after_deletion": 0.42080003023147583,
  "ensemble_acc_before_deletion": 0.4572000205516815,
  "epsilon": "\u221e",
  "indicator": 1,
  "lengths_after_deletion": [
    3391,
    4462
  ],
  "rng": [
    2403766952,
    212992039
  ],
  "shard_prediction_precision": 0.5657296776771545,
  "shard_prediction_recall": 0.5761250257492065
}