{
  "accs_after_deletion": [
    0.4196000099182129,
    0.43400001525878906
  ],
  "accs_before_deletion": [
    0.4426000118255615,
    0.4524000287055969
  ],
  "delta": 5.0886316442113006e-05,
  "ensemble_acc_after_deletion": 0.4310000240802765,
  "ensemble_acc_before_deletion": 0.46300002932548523,
  "epsilon": "\u221e",
  "indicator": 1,
  "lengths_after_deletion": [
    3425,
    4506
  ],
  "rng": [
    2410901716,
    4271227928
  ],
  "shard_prediction_precision": 0.5669847726821899,
  "shard_prediction_recall": 0.5718750357627869
}