{
  "accs_after_deletion": [
    0.42900002002716064,
    0.42500001192092896
  ],
  "accs_before_deletion": [
    0.4400000274181366,
    0.4456000328063965
  ],
  "delta": 5.0886316442113006e-05,
  "ensemble_acc_after_deletion": 0.4360000193119049,
  "ensemble_acc_before_deletion": 0.44360002875328064,
  "epsilon": "\u221e",
  "indicator": 0,
  "lengths_after_deletion": [
    3486,
    4574
  ],
  "rng": [
    2464966440,
    754098256
  ],
  "shard_prediction_precision": 0.5685138702392578,
  "shard_prediction_recall": 0.5642500519752502
}