{
  "accs_after_deletion": [
    0.41120001673698425,
    0.41620001196861267
  ],
  "accs_before_deletion": [
    0.4594000279903412,
    0.4490000307559967
  ],
  "delta": 5.0886316442113006e-05,
  "ensemble_acc_after_deletion": 0.41380003094673157,
  "ensemble_acc_before_deletion": 0.459600031375885,
  "epsilon": "\u221e",
  "indicator": 1,
  "lengths_after_deletion": [
    3260,
    4371
  ],
  "rng": [
    2474848938,
    2929816417
  ],
  "shard_prediction_precision": 0.5663759112358093,
  "shard_prediction_recall": 0.5925000309944153
}