{
  "accs_after_deletion": [
    0.40300002694129944,
    0.4092000126838684
  ],
  "accs_before_deletion": [
    0.4472000300884247,
    0.43960002064704895
  ],
  "delta": 5.0886316442113006e-05,
  "ensemble_acc_after_deletion": 0.4090000092983246,
  "ensemble_acc_before_deletion": 0.453000009059906,
  "epsilon": "\u221e",
  "indicator": 1,
  "lengths_after_deletion": [
    3451,
    4637
  ],
  "rng": [
    2475540040,
    3467922999
  ],
  "shard_prediction_precision": 0.5749493837356567,
  "shard_prediction_recall": 0.5686250329017639
}