{
  "accs_after_deletion": [
    0.4382000267505646,
    0.4328000247478485
  ],
  "accs_before_deletion": [
    0.44440001249313354,
    0.45180001854896545
  ],
  "delta": 5.0886316442113006e-05,
  "ensemble_acc_after_deletion": 0.43540000915527344,
  "ensemble_acc_before_deletion": 0.45260003209114075,
  "epsilon": "\u221e",
  "indicator": 0,
  "lengths_after_deletion": [
    3589,
    4630
  ],
  "rng": [
    252160362,
    3147247961
  ],
  "shard_prediction_precision": 0.5668937563896179,
  "shard_prediction_recall": 0.5513750314712524
}