{
  "accs_after_deletion": [
    0.41860002279281616,
    0.41100001335144043
  ],
  "accs_before_deletion": [
    0.445000022649765,
    0.4580000340938568
  ],
  "delta": 5.0886316442113006e-05,
  "ensemble_acc_after_deletion": 0.4140000343322754,
  "ensemble_acc_before_deletion": 0.45180001854896545,
  "epsilon": "\u221e",
  "indicator": 0,
  "lengths_after_deletion": [
    3645,
    4735
  ],
  "rng": [
    2605618280,
    3419527290
  ],
  "shard_prediction_precision": 0.5715222954750061,
  "shard_prediction_recall": 0.5443750023841858
}