{
  "accs_after_deletion": [
    0.4198000133037567,
    0.4270000159740448
  ],
  "accs_before_deletion": [
    0.44760000705718994,
    0.4488000273704529
  ],
  "delta": 5.0886316442113006e-05,
  "ensemble_acc_after_deletion": 0.42320001125335693,
  "ensemble_acc_before_deletion": 0.4572000205516815,
  "epsilon": "\u221e",
  "indicator": 1,
  "lengths_after_deletion": [
    3777,
    4811
  ],
  "rng": [
    2636377216,
    4290352874
  ],
  "shard_prediction_precision": 0.5697517395019531,
  "shard_prediction_recall": 0.5278750061988831
}