{
  "accs_after_deletion": [
    0.4336000084877014,
    0.42740002274513245
  ],
  "accs_before_deletion": [
    0.45760002732276917,
    0.45980003476142883
  ],
  "delta": 5.0886316442113006e-05,
  "ensemble_acc_after_deletion": 0.4278000295162201,
  "ensemble_acc_before_deletion": 0.4662000238895416,
  "epsilon": "\u221e",
  "indicator": 0,
  "lengths_after_deletion": [
    3583,
    4692
  ],
  "rng": [
    2771725501,
    3902671626
  ],
  "shard_prediction_precision": 0.5717799067497253,
  "shard_prediction_recall": 0.5521250367164612
}