{
  "accs_after_deletion": [
    0.4018000066280365,
    0.42760002613067627
  ],
  "accs_before_deletion": [
    0.4488000273704529,
    0.445000022649765
  ],
  "delta": 5.0886316442113006e-05,
  "ensemble_acc_after_deletion": 0.4182000160217285,
  "ensemble_acc_before_deletion": 0.45020002126693726,
  "epsilon": "\u221e",
  "indicator": 1,
  "lengths_after_deletion": [
    3522,
    4602
  ],
  "rng": [
    2776972540,
    306468867
  ],
  "shard_prediction_precision": 0.5685627460479736,
  "shard_prediction_recall": 0.5597500205039978
}