{
  "accs_after_deletion": [
    0.39260002970695496,
    0.3978000283241272
  ],
  "accs_before_deletion": [
    0.4496000111103058,
    0.4392000138759613
  ],
  "delta": 5.0886316442113006e-05,
  "ensemble_acc_after_deletion": 0.3930000066757202,
  "ensemble_acc_before_deletion": 0.4506000280380249,
  "epsilon": "\u221e",
  "indicator": 1,
  "lengths_after_deletion": [
    3147,
    4308
  ],
  "rng": [
    2846999551,
    1933476092
  ],
  "shard_prediction_precision": 0.567934513092041,
  "shard_prediction_recall": 0.6066250205039978
}