{
  "accs_after_deletion": [
    0.4148000180721283,
    0.42020002007484436
  ],
  "accs_before_deletion": [
    0.4424000084400177,
    0.44760000705718994
  ],
  "delta": 5.0886316442113006e-05,
  "ensemble_acc_after_deletion": 0.4196000099182129,
  "ensemble_acc_before_deletion": 0.4456000328063965,
  "epsilon": "\u221e",
  "indicator": 1,
  "lengths_after_deletion": [
    3388,
    4532
  ],
  "rng": [
    2848093261,
    2568662612
  ],
  "shard_prediction_precision": 0.5707920789718628,
  "shard_prediction_recall": 0.5764999985694885
}