{
  "accs_after_deletion": [
    0.42480000853538513,
    0.42420002818107605
  ],
  "accs_before_deletion": [
    0.44600000977516174,
    0.4562000334262848
  ],
  "delta": 5.0886316442113006e-05,
  "ensemble_acc_after_deletion": 0.4296000301837921,
  "ensemble_acc_before_deletion": 0.45160001516342163,
  "epsilon": "\u221e",
  "indicator": 0,
  "lengths_after_deletion": [
    3431,
    4485
  ],
  "rng": [
    2893903985,
    375304320
  ],
  "shard_prediction_precision": 0.5651905536651611,
  "shard_prediction_recall": 0.5711250305175781
}