{
  "accs_after_deletion": [
    0.39560002088546753,
    0.41940000653266907
  ],
  "accs_before_deletion": [
    0.45280003547668457,
    0.454800009727478
  ],
  "delta": 5.0886316442113006e-05,
  "ensemble_acc_after_deletion": 0.39820000529289246,
  "ensemble_acc_before_deletion": 0.453000009059906,
  "epsilon": "\u221e",
  "indicator": 1,
  "lengths_after_deletion": [
    3275,
    4273
  ],
  "rng": [
    2965214625,
    343107176
  ],
  "shard_prediction_precision": 0.559039294719696,
  "shard_prediction_recall": 0.5906250476837158
}