{
  "accs_after_deletion": [
    0.42320001125335693,
    0.42160001397132874
  ],
  "accs_before_deletion": [
    0.46220001578330994,
    0.46480002999305725
  ],
  "delta": 5.0886316442113006e-05,
  "ensemble_acc_after_deletion": 0.4198000133037567,
  "ensemble_acc_before_deletion": 0.46060001850128174,
  "epsilon": "\u221e",
  "indicator": 0,
  "lengths_after_deletion": [
    3778,
    4714
  ],
  "rng": [
    301124216,
    3894480196
  ],
  "shard_prediction_precision": 0.5623335242271423,
  "shard_prediction_recall": 0.5277500152587891
}