{
  "accs_after_deletion": [
    0.43080002069473267,
    0.4174000322818756
  ],
  "accs_before_deletion": [
    0.4434000253677368,
    0.45760002732276917
  ],
  "delta": 5.0886316442113006e-05,
  "ensemble_acc_after_deletion": 0.42260003089904785,
  "ensemble_acc_before_deletion": 0.4580000340938568,
  "epsilon": "\u221e",
  "indicator": 0,
  "lengths_after_deletion": [
    3448,
    4630
  ],
  "rng": [
    3069828904,
    3112729437
  ],
  "shard_prediction_precision": 0.5746023654937744,
  "shard_prediction_recall": 0.5690000057220459
}