{
  "accs_after_deletion": [
    0.4102000296115875,
    0.42740002274513245
  ],
  "accs_before_deletion": [
    0.4408000111579895,
    0.45320001244544983
  ],
  "delta": 5.0886316442113006e-05,
  "ensemble_acc_after_deletion": 0.4130000174045563,
  "ensemble_acc_before_deletion": 0.45160001516342163,
  "epsilon": "\u221e",
  "indicator": 1,
  "lengths_after_deletion": [
    3433,
    4416
  ],
  "rng": [
    3099646106,
    1196930287
  ],
  "shard_prediction_precision": 0.5602993369102478,
  "shard_prediction_recall": 0.5708750486373901
}