{
  "accs_after_deletion": [
    0.4148000180721283,
    0.4220000207424164
  ],
  "accs_before_deletion": [
    0.4368000328540802,
    0.4410000145435333
  ],
  "delta": 5.0886316442113006e-05,
  "ensemble_acc_after_deletion": 0.4198000133037567,
  "ensemble_acc_before_deletion": 0.4294000267982483,
  "epsilon": "\u221e",
  "indicator": 1,
  "lengths_after_deletion": [
    3608,
    4687
  ],
  "rng": [
    3195322043,
    3532165590
  ],
  "shard_prediction_precision": 0.5700194835662842,
  "shard_prediction_recall": 0.5490000247955322
}