{
  "accs_after_deletion": [
    0.40160003304481506,
    0.4228000342845917
  ],
  "accs_before_deletion": [
    0.4508000314235687,
    0.4464000165462494
  ],
  "delta": 5.0886316442113006e-05,
  "ensemble_acc_after_deletion": 0.40620002150535583,
  "ensemble_acc_before_deletion": 0.45320001244544983,
  "epsilon": "\u221e",
  "indicator": 1,
  "lengths_after_deletion": [
    3622,
    4607
  ],
  "rng": [
    3204002144,
    4100593417
  ],
  "shard_prediction_precision": 0.5633766055107117,
  "shard_prediction_recall": 0.5472500324249268
}