{
  "accs_after_deletion": [
    0.3938000202178955,
    0.40700000524520874
  ],
  "accs_before_deletion": [
    0.4390000104904175,
    0.4492000341415405
  ],
  "delta": 5.0886316442113006e-05,
  "ensemble_acc_after_deletion": 0.4050000309944153,
  "ensemble_acc_before_deletion": 0.43880000710487366,
  "epsilon": "\u221e",
  "indicator": 1,
  "lengths_after_deletion": [
    3425,
    4429
  ],
  "rng": [
    3224695668,
    3597055076
  ],
  "shard_prediction_precision": 0.5616253614425659,
  "shard_prediction_recall": 0.5718750357627869
}