{
  "accs_after_deletion": [
    0.4134000241756439,
    0.4240000247955322
  ],
  "accs_before_deletion": [
    0.443200021982193,
    0.4554000198841095
  ],
  "delta": 5.0886316442113006e-05,
  "ensemble_acc_after_deletion": 0.41600000858306885,
  "ensemble_acc_before_deletion": 0.445000022649765,
  "epsilon": "\u221e",
  "indicator": 1,
  "lengths_after_deletion": [
    3483,
    4543
  ],
  "rng": [
    3316156430,
    1530829820
  ],
  "shard_prediction_precision": 0.5664660334587097,
  "shard_prediction_recall": 0.5646250247955322
}