{
  "accs_after_deletion": [
    0.41940000653266907,
    0.4288000166416168
  ],
  "accs_before_deletion": [
    0.445000022649765,
    0.44280001521110535
  ],
  "delta": 5.0886316442113006e-05,
  "ensemble_acc_after_deletion": 0.42320001125335693,
  "ensemble_acc_before_deletion": 0.4586000144481659,
  "epsilon": "\u221e",
  "indicator": 1,
  "lengths_after_deletion": [
    3712,
    4844
  ],
  "rng": [
    3320100271,
    1119600501
  ],
  "shard_prediction_precision": 0.576034426689148,
  "shard_prediction_recall": 0.5360000133514404
}