{
  "accs_after_deletion": [
    0.4108000099658966,
    0.42660000920295715
  ],
  "accs_before_deletion": [
    0.44860002398490906,
    0.4490000307559967
  ],
  "delta": 5.0886316442113006e-05,
  "ensemble_acc_after_deletion": 0.4302000105381012,
  "ensemble_acc_before_deletion": 0.454800009727478,
  "epsilon": "\u221e",
  "indicator": 1,
  "lengths_after_deletion": [
    3414,
    4422
  ],
  "rng": [
    3343846175,
    2164112737
  ],
  "shard_prediction_precision": 0.5617344379425049,
  "shard_prediction_recall": 0.5732500553131104
}