{
  "accs_after_deletion": [
    0.4220000207424164,
    0.41540002822875977
  ],
  "accs_before_deletion": [
    0.44040003418922424,
    0.4456000328063965
  ],
  "delta": 5.0886316442113006e-05,
  "ensemble_acc_after_deletion": 0.42660000920295715,
  "ensemble_acc_before_deletion": 0.4504000246524811,
  "epsilon": "\u221e",
  "indicator": 0,
  "lengths_after_deletion": [
    3443,
    4573
  ],
  "rng": [
    3379795559,
    3307041734
  ],
  "shard_prediction_precision": 0.5707665681838989,
  "shard_prediction_recall": 0.5696250200271606
}