{
  "accs_after_deletion": [
    0.4262000322341919,
    0.42340001463890076
  ],
  "accs_before_deletion": [
    0.44540002942085266,
    0.44520002603530884
  ],
  "delta": 5.0886316442113006e-05,
  "ensemble_acc_after_deletion": 0.4288000166416168,
  "ensemble_acc_before_deletion": 0.4434000253677368,
  "epsilon": "\u221e",
  "indicator": 0,
  "lengths_after_deletion": [
    3636,
    4707
  ],
  "rng": [
    3406180467,
    3264579579
  ],
  "shard_prediction_precision": 0.5699360370635986,
  "shard_prediction_recall": 0.5455000400543213
}