{
  "accs_after_deletion": [
    0.4150000214576721,
    0.43800002336502075
  ],
  "accs_before_deletion": [
    0.45280003547668457,
    0.4480000138282776
  ],
  "delta": 5.0886316442113006e-05,
  "ensemble_acc_after_deletion": 0.43700000643730164,
  "ensemble_acc_before_deletion": 0.4496000111103058,
  "epsilon": "\u221e",
  "indicator": 1,
  "lengths_after_deletion": [
    3633,
    4652
  ],
  "rng": [
    3435138047,
    3041661800
  ],
  "shard_prediction_precision": 0.5660402178764343,
  "shard_prediction_recall": 0.5458750128746033
}