{
  "accs_after_deletion": [
    0.3832000195980072,
    0.40800002217292786
  ],
  "accs_before_deletion": [
    0.44040003418922424,
    0.45320001244544983
  ],
  "delta": 5.0886316442113006e-05,
  "ensemble_acc_after_deletion": 0.3832000195980072,
  "ensemble_acc_before_deletion": 0.45680001378059387,
  "epsilon": "\u221e",
  "indicator": 1,
  "lengths_after_deletion": [
    3301,
    4279
  ],
  "rng": [
    3451354564,
    95423465
  ],
  "shard_prediction_precision": 0.558076024055481,
  "shard_prediction_recall": 0.5873750448226929
}