{
  "accs_after_deletion": [
    0.43540000915527344,
    0.43380001187324524
  ],
  "accs_before_deletion": [
    0.45820000767707825,
    0.45840001106262207
  ],
  "delta": 5.0886316442113006e-05,
  "ensemble_acc_after_deletion": 0.43700000643730164,
  "ensemble_acc_before_deletion": 0.4588000178337097,
  "epsilon": "\u221e",
  "indicator": 0,
  "lengths_after_deletion": [
    3639,
    4671
  ],
  "rng": [
    3486663055,
    829538702
  ],
  "shard_prediction_precision": 0.5671001672744751,
  "shard_prediction_recall": 0.5451250076293945
}