{
  "accs_after_deletion": [
    0.42240002751350403,
    0.41620001196861267
  ],
  "accs_before_deletion": [
    0.4562000334262848,
    0.4508000314235687
  ],
  "delta": 5.0886316442113006e-05,
  "ensemble_acc_after_deletion": 0.4134000241756439,
  "ensemble_acc_before_deletion": 0.46380001306533813,
  "epsilon": "\u221e",
  "indicator": 0,
  "lengths_after_deletion": [
    3506,
    4527
  ],
  "rng": [
    3486750577,
    3627443661
  ],
  "shard_prediction_precision": 0.564076840877533,
  "shard_prediction_recall": 0.561750054359436
}