{
  "accs_after_deletion": [
    0.41700002551078796,
    0.42580002546310425
  ],
  "accs_before_deletion": [
    0.4382000267505646,
    0.4570000171661377
  ],
  "delta": 5.0886316442113006e-05,
  "ensemble_acc_after_deletion": 0.4134000241756439,
  "ensemble_acc_before_deletion": 0.4456000328063965,
  "epsilon": "\u221e",
  "indicator": 1,
  "lengths_after_deletion": [
    3682,
    4646
  ],
  "rng": [
    3489932787,
    2204622432
  ],
  "shard_prediction_precision": 0.5628258585929871,
  "shard_prediction_recall": 0.5397500395774841
}