{
  "accs_after_deletion": [
    0.3898000121116638,
    0.4098000228404999
  ],
  "accs_before_deletion": [
    0.4540000259876251,
    0.43800002336502075
  ],
  "delta": 5.0886316442113006e-05,
  "ensemble_acc_after_deletion": 0.3996000289916992,
  "ensemble_acc_before_deletion": 0.44460001587867737,
  "epsilon": "\u221e",
  "indicator": 1,
  "lengths_after_deletion": [
    3565,
    4541
  ],
  "rng": [
    3524882455,
    3118700554
  ],
  "shard_prediction_precision": 0.5618191361427307,
  "shard_prediction_recall": 0.5543750524520874
}