{
  "accs_after_deletion": [
    0.4118000268936157,
    0.4198000133037567
  ],
  "accs_before_deletion": [
    0.445000022649765,
    0.4406000077724457
  ],
  "delta": 5.0886316442113006e-05,
  "ensemble_acc_after_deletion": 0.4198000133037567,
  "ensemble_acc_before_deletion": 0.4360000193119049,
  "epsilon": "\u221e",
  "indicator": 1,
  "lengths_after_deletion": [
    3521,
    4585
  ],
  "rng": [
    3566867298,
    3056646681
  ],
  "shard_prediction_precision": 0.5673930048942566,
  "shard_prediction_recall": 0.5598750114440918
}