{
  "accs_after_deletion": [
    0.40960001945495605,
    0.43240001797676086
  ],
  "accs_before_deletion": [
    0.44140002131462097,
    0.44780001044273376
  ],
  "delta": 5.0886316442113006e-05,
  "ensemble_acc_after_deletion": 0.42020002007484436,
  "ensemble_acc_before_deletion": 0.44620001316070557,
  "epsilon": "\u221e",
  "indicator": 1,
  "lengths_after_deletion": [
    3536,
    4533
  ],
  "rng": [
    3573148048,
    2721431056
  ],
  "shard_prediction_precision": 0.5628545880317688,
  "shard_prediction_recall": 0.5580000281333923
}