{
  "accs_after_deletion": [
    0.41840001940727234,
    0.4118000268936157
  ],
  "accs_before_deletion": [
    0.4482000172138214,
    0.45320001244544983
  ],
  "delta": 5.0886316442113006e-05,
  "ensemble_acc_after_deletion": 0.43080002069473267,
  "ensemble_acc_before_deletion": 0.4556000232696533,
  "epsilon": "\u221e",
  "indicator": 0,
  "lengths_after_deletion": [
    3411,
    4612
  ],
  "rng": [
    3668079791,
    2003017056
  ],
  "shard_prediction_precision": 0.5752789378166199,
  "shard_prediction_recall": 0.5736250281333923
}