{
  "accs_after_deletion": [
    0.4002000093460083,
    0.4114000201225281
  ],
  "accs_before_deletion": [
    0.4434000253677368,
    0.445000022649765
  ],
  "delta": 5.0886316442113006e-05,
  "ensemble_acc_after_deletion": 0.4092000126838684,
  "ensemble_acc_before_deletion": 0.4416000247001648,
  "epsilon": "\u221e",
  "indicator": 1,
  "lengths_after_deletion": [
    3223,
    4329
  ],
  "rng": [
    3672324370,
    3485217664
  ],
  "shard_prediction_precision": 0.5654592514038086,
  "shard_prediction_recall": 0.5971250534057617
}