{
  "accs_after_deletion": [
    0.4108000099658966,
    0.4392000138759613
  ],
  "accs_before_deletion": [
    0.443200021982193,
    0.45280003547668457
  ],
  "delta": 5.0886316442113006e-05,
  "ensemble_acc_after_deletion": 0.4244000315666199,
  "ensemble_acc_before_deletion": 0.45160001516342163,
  "epsilon": "\u221e",
  "indicator": 1,
  "lengths_after_deletion": [
    3672,
    4861
  ],
  "rng": [
    3680869890,
    315878598
  ],
  "shard_prediction_precision": 0.5796169638633728,
  "shard_prediction_recall": 0.5410000085830688
}