{
  "accs_after_deletion": [
    0.4164000153541565,
    0.40960001945495605
  ],
  "accs_before_deletion": [
    0.4416000247001648,
    0.4426000118255615
  ],
  "delta": 5.0886316442113006e-05,
  "ensemble_acc_after_deletion": 0.4156000316143036,
  "ensemble_acc_before_deletion": 0.45260003209114075,
  "epsilon": "\u221e",
  "indicator": 0,
  "lengths_after_deletion": [
    3308,
    4403
  ],
  "rng": [
    3761360048,
    4040491908
  ],
  "shard_prediction_precision": 0.5660514235496521,
  "shard_prediction_recall": 0.5865000486373901
}