{
  "accs_after_deletion": [
    0.420600026845932,
    0.4246000349521637
  ],
  "accs_before_deletion": [
    0.4488000273704529,
    0.451200008392334
  ],
  "delta": 5.0886316442113006e-05,
  "ensemble_acc_after_deletion": 0.415800005197525,
  "ensemble_acc_before_deletion": 0.4536000192165375,
  "epsilon": "\u221e",
  "indicator": 1,
  "lengths_after_deletion": [
    3736,
    4902
  ],
  "rng": [
    3810174397,
    87151674
  ],
  "shard_prediction_precision": 0.5791904330253601,
  "shard_prediction_recall": 0.5330000519752502
}