{
  "accs_after_deletion": [
    0.4180000126361847,
    0.4222000241279602
  ],
  "accs_before_deletion": [
    0.4674000144004822,
    0.44540002942085266
  ],
  "delta": 5.0886316442113006e-05,
  "ensemble_acc_after_deletion": 0.42600002884864807,
  "ensemble_acc_before_deletion": 0.46560001373291016,
  "epsilon": "\u221e",
  "indicator": 1,
  "lengths_after_deletion": [
    3521,
    4477
  ],
  "rng": [
    384055955,
    1899108676
  ],
  "shard_prediction_precision": 0.5597350597381592,
  "shard_prediction_recall": 0.5598750114440918
}