{
  "accs_after_deletion": [
    0.42320001125335693,
    0.4124000072479248
  ],
  "accs_before_deletion": [
    0.4554000198841095,
    0.4580000340938568
  ],
  "delta": 5.0886316442113006e-05,
  "ensemble_acc_after_deletion": 0.41620001196861267,
  "ensemble_acc_before_deletion": 0.4572000205516815,
  "epsilon": "\u221e",
  "indicator": 0,
  "lengths_after_deletion": [
    3545,
    4655
  ],
  "rng": [
    3879538719,
    994067488
  ],
  "shard_prediction_precision": 0.5711538195610046,
  "shard_prediction_recall": 0.5568750500679016
}