{
  "accs_after_deletion": [
    0.42100003361701965,
    0.42660000920295715
  ],
  "accs_before_deletion": [
    0.4386000335216522,
    0.4506000280380249
  ],
  "delta": 5.0886316442113006e-05,
  "ensemble_acc_after_deletion": 0.4296000301837921,
  "ensemble_acc_before_deletion": 0.45280003547668457,
  "epsilon": "\u221e",
  "indicator": 1,
  "lengths_after_deletion": [
    3614,
    4589
  ],
  "rng": [
    3913314250,
    3855796676
  ],
  "shard_prediction_precision": 0.5625240206718445,
  "shard_prediction_recall": 0.5482500195503235
}