{
  "accs_after_deletion": [
    0.40380001068115234,
    0.428600013256073
  ],
  "accs_before_deletion": [
    0.4554000198841095,
    0.4572000205516815
  ],
  "delta": 5.0886316442113006e-05,
  "ensemble_acc_after_deletion": 0.4130000174045563,
  "ensemble_acc_before_deletion": 0.45920002460479736,
  "epsilon": "\u221e",
  "indicator": 1,
  "lengths_after_deletion": [
    3559,
    4616
  ],
  "rng": [
    3931148177,
    2296611422
  ],
  "shard_prediction_precision": 0.5675399303436279,
  "shard_prediction_recall": 0.5551249980926514
}