{
  "accs_after_deletion": [
    0.4342000186443329,
    0.4310000240802765
  ],
  "accs_before_deletion": [
    0.4406000077724457,
    0.44040003418922424
  ],
  "delta": 5.0886316442113006e-05,
  "ensemble_acc_after_deletion": 0.42240002751350403,
  "ensemble_acc_before_deletion": 0.43720000982284546,
  "epsilon": "\u221e",
  "indicator": 0,
  "lengths_after_deletion": [
    3828,
    4813
  ],
  "rng": [
    3959622276,
    1636951547
  ],
  "shard_prediction_precision": 0.5669249296188354,
  "shard_prediction_recall": 0.5215000510215759
}