{
  "accs_after_deletion": [
    0.43220001459121704,
    0.4384000301361084
  ],
  "accs_before_deletion": [
    0.4456000328063965,
    0.4586000144481659
  ],
  "delta": 5.0886316442113006e-05,
  "ensemble_acc_after_deletion": 0.43480002880096436,
  "ensemble_acc_before_deletion": 0.45340001583099365,
  "epsilon": "\u221e",
  "indicator": 1,
  "lengths_after_deletion": [
    3726,
    4771
  ],
  "rng": [
    3959484698,
    3041109151
  ],
  "shard_prediction_precision": 0.5696388483047485,
  "shard_prediction_recall": 0.534250020980835
}