{
  "accs_after_deletion": [
    0.3846000134944916,
    0.40960001945495605
  ],
  "accs_before_deletion": [
    0.459600031375885,
    0.4386000335216522
  ],
  "delta": 5.0886316442113006e-05,
  "ensemble_acc_after_deletion": 0.3952000141143799,
  "ensemble_acc_before_deletion": 0.45260003209114075,
  "epsilon": "\u221e",
  "indicator": 1,
  "lengths_after_deletion": [
    3150,
    4132
  ],
  "rng": [
    3993381066,
    1514265453
  ],
  "shard_prediction_precision": 0.5563202500343323,
  "shard_prediction_recall": 0.6062500476837158
}