{
  "accs_after_deletion": [
    0.42180001735687256,
    0.41940000653266907
  ],
  "accs_before_deletion": [
    0.43620002269744873,
    0.4496000111103058
  ],
  "delta": 5.0886316442113006e-05,
  "ensemble_acc_after_deletion": 0.41600000858306885,
  "ensemble_acc_before_deletion": 0.44680002331733704,
  "epsilon": "\u221e",
  "indicator": 0,
  "lengths_after_deletion": [
    3628,
    4633
  ],
  "rng": [
    4003826901,
    2374925720
  ],
  "shard_prediction_precision": 0.5649309158325195,
  "shard_prediction_recall": 0.546500027179718
}