{
  "accs_after_deletion": [
    0.43240001797676086,
    0.44280001521110535
  ],
  "accs_before_deletion": [
    0.4360000193119049,
    0.45660001039505005
  ],
  "delta": 5.0886316442113006e-05,
  "ensemble_acc_after_deletion": 0.4394000172615051,
  "ensemble_acc_before_deletion": 0.4580000340938568,
  "epsilon": "\u221e",
  "indicator": 1,
  "lengths_after_deletion": [
    3862,
    4881
  ],
  "rng": [
    4005685893,
    2506981309
  ],
  "shard_prediction_precision": 0.5702080726623535,
  "shard_prediction_recall": 0.5172500014305115
}