{
  "accs_after_deletion": [
    0.4198000133037567,
    0.4296000301837921
  ],
  "accs_before_deletion": [
    0.45760002732276917,
    0.4626000225543976
  ],
  "delta": 5.0886316442113006e-05,
  "ensemble_acc_after_deletion": 0.43160003423690796,
  "ensemble_acc_before_deletion": 0.46480002999305725,
  "epsilon": "\u221e",
  "indicator": 1,
  "lengths_after_deletion": [
    3395,
    4588
  ],
  "rng": [
    4073421133,
    3900425367
  ],
  "shard_prediction_precision": 0.5744044184684753,
  "shard_prediction_recall": 0.5756250023841858
}