{
  "accs_after_deletion": [
    0.40460002422332764,
    0.420600026845932
  ],
  "accs_before_deletion": [
    0.443200021982193,
    0.45980003476142883
  ],
  "delta": 5.0886316442113006e-05,
  "ensemble_acc_after_deletion": 0.4074000120162964,
  "ensemble_acc_before_deletion": 0.44700002670288086,
  "epsilon": "\u221e",
  "indicator": 1,
  "lengths_after_deletion": [
    3409,
    4500
  ],
  "rng": [
    4097683237,
    3677209344
  ],
  "shard_prediction_precision": 0.5674206018447876,
  "shard_prediction_recall": 0.5738750100135803
}