{
  "accs_after_deletion": [
    0.3904000222682953,
    0.41120001673698425
  ],
  "accs_before_deletion": [
    0.4458000063896179,
    0.44220003485679626
  ],
  "delta": 5.0886316442113006e-05,
  "ensemble_acc_after_deletion": 0.4050000309944153,
  "ensemble_acc_before_deletion": 0.4480000138282776,
  "epsilon": "\u221e",
  "indicator": 1,
  "lengths_after_deletion": [
    3663,
    4610
  ],
  "rng": [
    4117223191,
    2351340103
  ],
  "shard_prediction_precision": 0.5612786412239075,
  "shard_prediction_recall": 0.5421250462532043
}