{
  "accs_after_deletion": [
    0.3846000134944916,
    0.4092000126838684
  ],
  "accs_before_deletion": [
    0.46160003542900085,
    0.46140003204345703
  ],
  "delta": 5.0886316442113006e-05,
  "ensemble_acc_after_deletion": 0.38920003175735474,
  "ensemble_acc_before_deletion": 0.4644000232219696,
  "epsilon": "\u221e",
  "indicator": 1,
  "lengths_after_deletion": [
    3309,
    4405
  ],
  "rng": [
    4128891515,
    564589092
  ],
  "shard_prediction_precision": 0.5661356449127197,
  "shard_prediction_recall": 0.5863749980926514
}