{
  "accs_after_deletion": [
    0.4382000267505646,
    0.4328000247478485
  ],
  "accs_before_deletion": [
    0.44120001792907715,
    0.45820000767707825
  ],
  "delta": 5.0886316442113006e-05,
  "ensemble_acc_after_deletion": 0.43160003423690796,
  "ensemble_acc_before_deletion": 0.4564000070095062,
  "epsilon": "\u221e",
  "indicator": 0,
  "lengths_after_deletion": [
    3899,
    4773
  ],
  "rng": [
    4171093531,
    1919451531
  ],
  "shard_prediction_precision": 0.559634268283844,
  "shard_prediction_recall": 0.5126250386238098
}