{
  "accs_after_deletion": [
    0.4108000099658966,
    0.4230000078678131
  ],
  "accs_before_deletion": [
    0.4562000334262848,
    0.4536000192165375
  ],
  "delta": 5.0886316442113006e-05,
  "ensemble_acc_after_deletion": 0.4150000214576721,
  "ensemble_acc_before_deletion": 0.45660001039505005,
  "epsilon": "\u221e",
  "indicator": 1,
  "lengths_after_deletion": [
    3359,
    4578
  ],
  "rng": [
    4189682582,
    864951029
  ],
  "shard_prediction_precision": 0.5755922794342041,
  "shard_prediction_recall": 0.5801250338554382
}