{
  "accs_after_deletion": [
    0.4238000214099884,
    0.41620001196861267
  ],
  "accs_before_deletion": [
    0.4522000253200531,
    0.45580002665519714
  ],
  "delta": 5.0886316442113006e-05,
  "ensemble_acc_after_deletion": 0.42180001735687256,
  "ensemble_acc_before_deletion": 0.4604000151157379,
  "epsilon": "\u221e",
  "indicator": 0,
  "lengths_after_deletion": [
    3573,
    4460
  ],
  "rng": [
    4242980494,
    4185901233
  ],
  "shard_prediction_precision": 0.5556671619415283,
  "shard_prediction_recall": 0.5533750057220459
}