{
  "accs_after_deletion": [
    0.42500001192092896,
    0.4458000063896179
  ],
  "accs_before_deletion": [
    0.4394000172615051,
    0.4594000279903412
  ],
  "delta": 5.0886316442113006e-05,
  "ensemble_acc_after_deletion": 0.42420002818107605,
  "ensemble_acc_before_deletion": 0.4448000192642212,
  "epsilon": "\u221e",
  "indicator": 1,
  "lengths_after_deletion": [
    3642,
    4752
  ],
  "rng": [
    49911703,
    3506569194
  ],
  "shard_prediction_precision": 0.5729687213897705,
  "shard_prediction_recall": 0.5447500348091125
}