{
  "accs_after_deletion": [
    0.4280000329017639,
    0.42980003356933594
  ],
  "accs_before_deletion": [
    0.4426000118255615,
    0.46820002794265747
  ],
  "delta": 5.0886316442113006e-05,
  "ensemble_acc_after_deletion": 0.4376000165939331,
  "ensemble_acc_before_deletion": 0.4570000171661377,
  "epsilon": "\u221e",
  "indicator": 1,
  "lengths_after_deletion": [
    3642,
    4713
  ],
  "rng": [
    585196452,
    533327981
  ],
  "shard_prediction_precision": 0.5700457692146301,
  "shard_prediction_recall": 0.5447500348091125
}