{
  "accs_after_deletion": [
    0.4034000337123871,
    0.4052000045776367
  ],
  "accs_before_deletion": [
    0.45760002732276917,
    0.4520000219345093
  ],
  "delta": 5.0886316442113006e-05,
  "ensemble_acc_after_deletion": 0.3912000060081482,
  "ensemble_acc_before_deletion": 0.4628000259399414,
  "epsilon": "\u221e",
  "indicator": 1,
  "lengths_after_deletion": [
    3332,
    4426
  ],
  "rng": [
    609624623,
    1669734335
  ],
  "shard_prediction_precision": 0.5663673877716064,
  "shard_prediction_recall": 0.5835000276565552
}