{
  "accs_after_deletion": [
    0.4108000099658966,
    0.39420002698898315
  ],
  "accs_before_deletion": [
    0.454800009727478,
    0.44040003418922424
  ],
  "delta": 5.0886316442113006e-05,
  "ensemble_acc_after_deletion": 0.4050000309944153,
  "ensemble_acc_before_deletion": 0.45180001854896545,
  "epsilon": "\u221e",
  "indicator": 0,
  "lengths_after_deletion": [
    3409,
    4440
  ],
  "rng": [
    619320708,
    952140274
  ],
  "shard_prediction_precision": 0.5632437467575073,
  "shard_prediction_recall": 0.5738750100135803
}