{
  "accs_after_deletion": [
    0.4090000092983246,
    0.41280001401901245
  ],
  "accs_before_deletion": [
    0.4552000164985657,
    0.4408000111579895
  ],
  "delta": 5.0886316442113006e-05,
  "ensemble_acc_after_deletion": 0.4092000126838684,
  "ensemble_acc_before_deletion": 0.4480000138282776,
  "epsilon": "\u221e",
  "indicator": 1,
  "lengths_after_deletion": [
    3386,
    4414
  ],
  "rng": [
    648512992,
    1619981264
  ],
  "shard_prediction_precision": 0.5626829266548157,
  "shard_prediction_recall": 0.5767500400543213
}