{
  "accs_after_deletion": [
    0.4166000187397003,
    0.4034000337123871
  ],
  "accs_before_deletion": [
    0.45280003547668457,
    0.46300002932548523
  ],
  "delta": 5.0886316442113006e-05,
  "ensemble_acc_after_deletion": 0.4172000288963318,
  "ensemble_acc_before_deletion": 0.4604000151157379,
  "epsilon": "\u221e",
  "indicator": 0,
  "lengths_after_deletion": [
    3646,
    4662
  ],
  "rng": [
    659371551,
    2669433638
  ],
  "shard_prediction_precision": 0.5660426020622253,
  "shard_prediction_recall": 0.5442500114440918
}