{
  "accs_after_deletion": [
    0.3986000120639801,
    0.41120001673698425
  ],
  "accs_before_deletion": [
    0.45740002393722534,
    0.4442000091075897
  ],
  "delta": 5.0886316442113006e-05,
  "ensemble_acc_after_deletion": 0.40880000591278076,
  "ensemble_acc_before_deletion": 0.454800009727478,
  "epsilon": "\u221e",
  "indicator": 1,
  "lengths_after_deletion": [
    3493,
    4597
  ],
  "rng": [
    668879777,
    595665943
  ],
  "shard_prediction_precision": 0.5697851181030273,
  "shard_prediction_recall": 0.5633750557899475
}