{
  "accs_after_deletion": [
    0.4116000235080719,
    0.4050000309944153
  ],
  "accs_before_deletion": [
    0.43700000643730164,
    0.43800002336502075
  ],
  "delta": 5.0886316442113006e-05,
  "ensemble_acc_after_deletion": 0.4100000262260437,
  "ensemble_acc_before_deletion": 0.4426000118255615,
  "epsilon": "\u221e",
  "indicator": 0,
  "lengths_after_deletion": [
    3413,
    4447
  ],
  "rng": [
    739513332,
    449372996
  ],
  "shard_prediction_precision": 0.5635135173797607,
  "shard_prediction_recall": 0.5733750462532043
}