{
  "accs_after_deletion": [
    0.420600026845932,
    0.4344000220298767
  ],
  "accs_before_deletion": [
    0.4464000165462494,
    0.4610000252723694
  ],
  "delta": 5.0886316442113006e-05,
  "ensemble_acc_after_deletion": 0.42900002002716064,
  "ensemble_acc_before_deletion": 0.45260003209114075,
  "epsilon": "\u221e",
  "indicator": 1,
  "lengths_after_deletion": [
    3366,
    4563
  ],
  "rng": [
    817634384,
    3760799761
  ],
  "shard_prediction_precision": 0.5741544365882874,
  "shard_prediction_recall": 0.5792500376701355
}