{
  "accs_after_deletion": [
    0.43080002069473267,
    0.3920000195503235
  ],
  "accs_before_deletion": [
    0.4522000253200531,
    0.4456000328063965
  ],
  "delta": 5.0886316442113006e-05,
  "ensemble_acc_after_deletion": 0.42160001397132874,
  "ensemble_acc_before_deletion": 0.45920002460479736,
  "epsilon": "\u221e",
  "indicator": 0,
  "lengths_after_deletion": [
    3659,
    4632
  ],
  "rng": [
    875658257,
    1366747965
  ],
  "shard_prediction_precision": 0.5631080269813538,
  "shard_prediction_recall": 0.5426250100135803
}