{
  "accs_after_deletion": [
    0.4148000180721283,
    0.4068000316619873
  ],
  "accs_before_deletion": [
    0.430400013923645,
    0.45000001788139343
  ],
  "delta": 5.0886316442113006e-05,
  "ensemble_acc_after_deletion": 0.4086000323295593,
  "ensemble_acc_before_deletion": 0.4400000274181366,
  "epsilon": "\u221e",
  "indicator": 0,
  "lengths_after_deletion": [
    3523,
    4734
  ],
  "rng": [
    901874811,
    1046298427
  ],
  "shard_prediction_precision": 0.5781996846199036,
  "shard_prediction_recall": 0.5596250295639038
}