{
  "accs_after_deletion": [
    0.4300000071525574,
    0.4402000308036804
  ],
  "accs_before_deletion": [
    0.43620002269744873,
    0.4580000340938568
  ],
  "delta": 5.0886316442113006e-05,
  "ensemble_acc_after_deletion": 0.4344000220298767,
  "ensemble_acc_before_deletion": 0.4504000246524811,
  "epsilon": "\u221e",
  "indicator": 1,
  "lengths_after_deletion": [
    3880,
    4853
  ],
  "rng": [
    929603678,
    3200303098
  ],
  "shard_prediction_precision": 0.5669464468955994,
  "shard_prediction_recall": 0.51500004529953
}