{
  "accs_after_deletion": [
    0.4132000207901001,
    0.40240001678466797
  ],
  "accs_before_deletion": [
    0.45580002665519714,
    0.44380003213882446
  ],
  "delta": 5.0886316442113006e-05,
  "ensemble_acc_after_deletion": 0.4150000214576721,
  "ensemble_acc_before_deletion": 0.4490000307559967,
  "epsilon": "\u221e",
  "indicator": 0,
  "lengths_after_deletion": [
    3533,
    4483
  ],
  "rng": [
    930420217,
    4246268908
  ],
  "shard_prediction_precision": 0.5594940185546875,
  "shard_prediction_recall": 0.5583750009536743
}