{
  "accs_after_deletion": [
    0.4026000201702118,
    0.40320003032684326
  ],
  "accs_before_deletion": [
    0.47300001978874207,
    0.4458000063896179
  ],
  "delta": 5.0886316442113006e-05,
  "ensemble_acc_after_deletion": 0.3968000113964081,
  "ensemble_acc_before_deletion": 0.4482000172138214,
  "epsilon": "\u221e",
  "indicator": 1,
  "lengths_after_deletion": [
    3420,
    4518
  ],
  "rng": [
    945167952,
    1103613599
  ],
  "shard_prediction_precision": 0.5680972933769226,
  "shard_prediction_recall": 0.5725000500679016
}