{
  "accs_after_deletion": [
    0.4108000099658966,
    0.4196000099182129
  ],
  "accs_before_deletion": [
    0.4498000144958496,
    0.4448000192642212
  ],
  "delta": 5.0886316442113006e-05,
  "ensemble_acc_after_deletion": 0.42980003356933594,
  "ensemble_acc_before_deletion": 0.4522000253200531,
  "epsilon": "\u221e",
  "indicator": 1,
  "lengths_after_deletion": [
    3669,
    4621
  ],
  "rng": [
    972966512,
    3254939354
  ],
  "shard_prediction_precision": 0.5617380142211914,
  "shard_prediction_recall": 0.5413750410079956
}