{
  "accs_after_deletion": [
    0.7860000133514404,
    0.7904000282287598
  ],
  "accs_before_deletion": [
    0.8068000674247742,
    0.7988000512123108
  ],
  "delta": 6.982864657330156e-05,
  "ensemble_acc_after_deletion": 0.7940000295639038,
  "ensemble_acc_before_deletion": 0.807200014591217,
  "epsilon": 47.86316623677027,
  "indicator": 1,
  "lengths_after_deletion": [
    3210,
    3728
  ],
  "rng": [
    0,
    251185903
  ],
  "shard_prediction_precision": 0.5511655807495117,
  "shard_prediction_recall": 0.4650000035762787
}