{
  "accs_after_deletion": [
    0.7778000235557556,
    0.7780000567436218
  ],
  "accs_before_deletion": [
    0.8068000674247742,
    0.7946000099182129
  ],
  "delta": 6.982864657330156e-05,
  "ensemble_acc_after_deletion": 0.7754000425338745,
  "ensemble_acc_before_deletion": 0.8060000538825989,
  "epsilon": 47.86316623677027,
  "indicator": 1,
  "lengths_after_deletion": [
    2162,
    2565
  ],
  "rng": [
    1008413305,
    700735552
  ],
  "shard_prediction_precision": 0.5277052521705627,
  "shard_prediction_recall": 0.6396666765213013
}