{
  "accs_after_deletion": [
    0.7720000147819519,
    0.7812000513076782
  ],
  "accs_before_deletion": [
    0.807200014591217,
    0.8032000660896301
  ],
  "delta": 6.982864657330156e-05,
  "ensemble_acc_after_deletion": 0.7740000486373901,
  "ensemble_acc_before_deletion": 0.8086000680923462,
  "epsilon": 47.86316623677027,
  "indicator": 1,
  "lengths_after_deletion": [
    2128,
    2634
  ],
  "rng": [
    1064363454,
    2248074147
  ],
  "shard_prediction_precision": 0.5349544286727905,
  "shard_prediction_recall": 0.6453333497047424
}