{
  "accs_after_deletion": [
    0.7910000085830688,
    0.7932000160217285
  ],
  "accs_before_deletion": [
    0.8082000613212585,
    0.7878000140190125
  ],
  "delta": 6.982864657330156e-05,
  "ensemble_acc_after_deletion": 0.7926000356674194,
  "ensemble_acc_before_deletion": 0.8050000667572021,
  "epsilon": 47.86316623677027,
  "indicator": 1,
  "lengths_after_deletion": [
    3034,
    3475
  ],
  "rng": [
    1078894975,
    753063910
  ],
  "shard_prediction_precision": 0.5401566028594971,
  "shard_prediction_recall": 0.49433332681655884
}