{
  "accs_after_deletion": [
    0.7984000444412231,
    0.7934000492095947
  ],
  "accs_before_deletion": [
    0.801800012588501,
    0.8042000532150269
  ],
  "delta": 6.982864657330156e-05,
  "ensemble_acc_after_deletion": 0.7982000112533569,
  "ensemble_acc_before_deletion": 0.80840003490448,
  "epsilon": 47.86316623677027,
  "indicator": 0,
  "lengths_after_deletion": [
    2458,
    2889
  ],
  "rng": [
    108443611,
    3271859182
  ],
  "shard_prediction_precision": 0.5323914289474487,
  "shard_prediction_recall": 0.5903333425521851
}