{
  "accs_after_deletion": [
    0.7914000153541565,
    0.7976000308990479
  ],
  "accs_before_deletion": [
    0.8062000274658203,
    0.8046000599861145
  ],
  "delta": 6.982864657330156e-05,
  "ensemble_acc_after_deletion": 0.8008000254631042,
  "ensemble_acc_before_deletion": 0.8122000098228455,
  "epsilon": 47.86316623677027,
  "indicator": 1,
  "lengths_after_deletion": [
    3240,
    3657
  ],
  "rng": [
    1164194351,
    2093031620
  ],
  "shard_prediction_precision": 0.5408583283424377,
  "shard_prediction_recall": 0.46000000834465027
}