{
  "accs_after_deletion": [
    0.7816000580787659,
    0.7932000160217285
  ],
  "accs_before_deletion": [
    0.7966000437736511,
    0.803600013256073
  ],
  "delta": 6.982864657330156e-05,
  "ensemble_acc_after_deletion": 0.7854000329971313,
  "ensemble_acc_before_deletion": 0.803600013256073,
  "epsilon": 47.86316623677027,
  "indicator": 1,
  "lengths_after_deletion": [
    1852,
    2275
  ],
  "rng": [
    1182713043,
    1350861476
  ],
  "shard_prediction_precision": 0.5268639922142029,
  "shard_prediction_recall": 0.6913333535194397
}