{
  "accs_after_deletion": [
    0.7766000628471375,
    0.7860000133514404
  ],
  "accs_before_deletion": [
    0.7994000315666199,
    0.8078000545501709
  ],
  "delta": 6.982864657330156e-05,
  "ensemble_acc_after_deletion": 0.7860000133514404,
  "ensemble_acc_before_deletion": 0.8092000484466553,
  "epsilon": 47.86316623677027,
  "indicator": 1,
  "lengths_after_deletion": [
    2634,
    2988
  ],
  "rng": [
    118779891,
    1696594343
  ],
  "shard_prediction_precision": 0.5277516841888428,
  "shard_prediction_recall": 0.5609999895095825
}