{
  "accs_after_deletion": [
    0.7748000621795654,
    0.7836000323295593
  ],
  "accs_before_deletion": [
    0.8030000329017639,
    0.8060000538825989
  ],
  "delta": 6.982864657330156e-05,
  "ensemble_acc_after_deletion": 0.7766000628471375,
  "ensemble_acc_before_deletion": 0.8076000213623047,
  "epsilon": 47.86316623677027,
  "indicator": 1,
  "lengths_after_deletion": [
    2875,
    3306
  ],
  "rng": [
    1200422111,
    1463207238
  ],
  "shard_prediction_precision": 0.5370338559150696,
  "shard_prediction_recall": 0.5208333134651184
}