{
  "accs_after_deletion": [
    0.7852000594139099,
    0.7984000444412231
  ],
  "accs_before_deletion": [
    0.8028000593185425,
    0.8048000335693359
  ],
  "delta": 6.982864657330156e-05,
  "ensemble_acc_after_deletion": 0.7854000329971313,
  "ensemble_acc_before_deletion": 0.8106000423431396,
  "epsilon": 47.86316623677027,
  "indicator": 1,
  "lengths_after_deletion": [
    2584,
    2970
  ],
  "rng": [
    1201038599,
    3314848475
  ],
  "shard_prediction_precision": 0.5299410820007324,
  "shard_prediction_recall": 0.5693333148956299
}