{
  "accs_after_deletion": [
    0.7874000668525696,
    0.7900000214576721
  ],
  "accs_before_deletion": [
    0.8022000193595886,
    0.8052000403404236
  ],
  "delta": 6.982864657330156e-05,
  "ensemble_acc_after_deletion": 0.788800060749054,
  "ensemble_acc_before_deletion": 0.8108000159263611,
  "epsilon": 47.86316623677027,
  "indicator": 1,
  "lengths_after_deletion": [
    3324,
    3758
  ],
  "rng": [
    1316740151,
    2592005392
  ],
  "shard_prediction_precision": 0.5441235899925232,
  "shard_prediction_recall": 0.44600000977516174
}