{
  "accs_after_deletion": [
    0.7916000485420227,
    0.7938000559806824
  ],
  "accs_before_deletion": [
    0.7990000247955322,
    0.8048000335693359
  ],
  "delta": 6.982864657330156e-05,
  "ensemble_acc_after_deletion": 0.7926000356674194,
  "ensemble_acc_before_deletion": 0.8056000471115112,
  "epsilon": 47.86316623677027,
  "indicator": 1,
  "lengths_after_deletion": [
    3447,
    3884
  ],
  "rng": [
    1323334162,
    3688527061
  ],
  "shard_prediction_precision": 0.546798050403595,
  "shard_prediction_recall": 0.4255000054836273
}