{
  "accs_after_deletion": [
    0.7976000308990479,
    0.7912000417709351
  ],
  "accs_before_deletion": [
    0.7980000376701355,
    0.8046000599861145
  ],
  "delta": 6.982864657330156e-05,
  "ensemble_acc_after_deletion": 0.8014000654220581,
  "ensemble_acc_before_deletion": 0.8074000477790833,
  "epsilon": 47.86316623677027,
  "indicator": 0,
  "lengths_after_deletion": [
    3398,
    3814
  ],
  "rng": [
    1331486676,
    566430811
  ],
  "shard_prediction_precision": 0.5434419512748718,
  "shard_prediction_recall": 0.4336666762828827
}