{
  "accs_after_deletion": [
    0.7850000262260437,
    0.7780000567436218
  ],
  "accs_before_deletion": [
    0.7992000579833984,
    0.8112000226974487
  ],
  "delta": 6.982864657330156e-05,
  "ensemble_acc_after_deletion": 0.7784000635147095,
  "ensemble_acc_before_deletion": 0.8086000680923462,
  "epsilon": 47.86316623677027,
  "indicator": 0,
  "lengths_after_deletion": [
    2278,
    2684
  ],
  "rng": [
    1385875617,
    3636039465
  ],
  "shard_prediction_precision": 0.5288434028625488,
  "shard_prediction_recall": 0.6203333139419556
}