{
  "accs_after_deletion": [
    0.7914000153541565,
    0.7944000363349915
  ],
  "accs_before_deletion": [
    0.8040000200271606,
    0.8010000586509705
  ],
  "delta": 6.982864657330156e-05,
  "ensemble_acc_after_deletion": 0.7930000424385071,
  "ensemble_acc_before_deletion": 0.8074000477790833,
  "epsilon": 47.86316623677027,
  "indicator": 1,
  "lengths_after_deletion": [
    2279,
    2768
  ],
  "rng": [
    1469138095,
    346933909
  ],
  "shard_prediction_precision": 0.5351647138595581,
  "shard_prediction_recall": 0.6201666593551636
}