{
  "accs_after_deletion": [
    0.7950000166893005,
    0.7916000485420227
  ],
  "accs_before_deletion": [
    0.8028000593185425,
    0.8076000213623047
  ],
  "delta": 6.982864657330156e-05,
  "ensemble_acc_after_deletion": 0.7988000512123108,
  "ensemble_acc_before_deletion": 0.8074000477790833,
  "epsilon": 47.86316623677027,
  "indicator": 0,
  "lengths_after_deletion": [
    2604,
    3080
  ],
  "rng": [
    1482835536,
    3992873052
  ],
  "shard_prediction_precision": 0.537682056427002,
  "shard_prediction_recall": 0.5659999847412109
}