{
  "accs_after_deletion": [
    0.7800000309944153,
    0.7778000235557556
  ],
  "accs_before_deletion": [
    0.8094000220298767,
    0.806600034236908
  ],
  "delta": 6.982864657330156e-05,
  "ensemble_acc_after_deletion": 0.7812000513076782,
  "ensemble_acc_before_deletion": 0.8108000159263611,
  "epsilon": 47.86316623677027,
  "indicator": 0,
  "lengths_after_deletion": [
    2365,
    2847
  ],
  "rng": [
    1531087097,
    1397829760
  ],
  "shard_prediction_precision": 0.5355038642883301,
  "shard_prediction_recall": 0.6058333516120911
}