{
  "accs_after_deletion": [
    0.7758000493049622,
    0.7904000282287598
  ],
  "accs_before_deletion": [
    0.8078000545501709,
    0.8038000464439392
  ],
  "delta": 6.982864657330156e-05,
  "ensemble_acc_after_deletion": 0.7826000452041626,
  "ensemble_acc_before_deletion": 0.8086000680923462,
  "epsilon": 47.86316623677027,
  "indicator": 1,
  "lengths_after_deletion": [
    2459,
    2902
  ],
  "rng": [
    1554002954,
    175729473
  ],
  "shard_prediction_precision": 0.5333634614944458,
  "shard_prediction_recall": 0.5901666879653931
}