{
  "accs_after_deletion": [
    0.7734000086784363,
    0.7900000214576721
  ],
  "accs_before_deletion": [
    0.8028000593185425,
    0.8052000403404236
  ],
  "delta": 6.982864657330156e-05,
  "ensemble_acc_after_deletion": 0.7802000641822815,
  "ensemble_acc_before_deletion": 0.812000036239624,
  "epsilon": 47.86316623677027,
  "indicator": 1,
  "lengths_after_deletion": [
    2101,
    2539
  ],
  "rng": [
    1573508796,
    2214217344
  ],
  "shard_prediction_precision": 0.5297554135322571,
  "shard_prediction_recall": 0.6498333215713501
}