{
  "accs_after_deletion": [
    0.7880000472068787,
    0.7852000594139099
  ],
  "accs_before_deletion": [
    0.7994000315666199,
    0.8068000674247742
  ],
  "delta": 6.982864657330156e-05,
  "ensemble_acc_after_deletion": 0.7880000472068787,
  "ensemble_acc_before_deletion": 0.8090000152587891,
  "epsilon": 47.86316623677027,
  "indicator": 0,
  "lengths_after_deletion": [
    2621,
    3067
  ],
  "rng": [
    1624641126,
    659447566
  ],
  "shard_prediction_precision": 0.5353295207023621,
  "shard_prediction_recall": 0.5631666779518127
}