{
  "accs_after_deletion": [
    0.7778000235557556,
    0.782200038433075
  ],
  "accs_before_deletion": [
    0.8002000451087952,
    0.8046000599861145
  ],
  "delta": 6.982864657330156e-05,
  "ensemble_acc_after_deletion": 0.781000018119812,
  "ensemble_acc_before_deletion": 0.8038000464439392,
  "epsilon": 47.86316623677027,
  "indicator": 1,
  "lengths_after_deletion": [
    2265,
    2761
  ],
  "rng": [
    1668984094,
    3115271713
  ],
  "shard_prediction_precision": 0.5355606079101562,
  "shard_prediction_recall": 0.6225000023841858
}