{
  "accs_after_deletion": [
    0.7784000635147095,
    0.7794000506401062
  ],
  "accs_before_deletion": [
    0.8024000525474548,
    0.7988000512123108
  ],
  "delta": 6.982864657330156e-05,
  "ensemble_acc_after_deletion": 0.7782000303268433,
  "ensemble_acc_before_deletion": 0.8050000667572021,
  "epsilon": 47.86316623677027,
  "indicator": 1,
  "lengths_after_deletion": [
    2888,
    3353
  ],
  "rng": [
    1734737029,
    3125829142
  ],
  "shard_prediction_precision": 0.5403715968132019,
  "shard_prediction_recall": 0.518666684627533
}