{
  "accs_after_deletion": [
    0.788800060749054,
    0.7902000546455383
  ],
  "accs_before_deletion": [
    0.805400013923645,
    0.8048000335693359
  ],
  "delta": 6.982864657330156e-05,
  "ensemble_acc_after_deletion": 0.7990000247955322,
  "ensemble_acc_before_deletion": 0.8104000091552734,
  "epsilon": 47.86316623677027,
  "indicator": 1,
  "lengths_after_deletion": [
    3404,
    3874
  ],
  "rng": [
    1759550717,
    1206589512
  ],
  "shard_prediction_precision": 0.5497670769691467,
  "shard_prediction_recall": 0.4326666593551636
}