{
  "accs_after_deletion": [
    0.7922000288963318,
    0.7936000227928162
  ],
  "accs_before_deletion": [
    0.8062000274658203,
    0.8022000193595886
  ],
  "delta": 6.982864657330156e-05,
  "ensemble_acc_after_deletion": 0.7928000092506409,
  "ensemble_acc_before_deletion": 0.8040000200271606,
  "epsilon": 47.86316623677027,
  "indicator": 1,
  "lengths_after_deletion": [
    3210,
    3674
  ],
  "rng": [
    1784110268,
    1810454810
  ],
  "shard_prediction_precision": 0.5453479290008545,
  "shard_prediction_recall": 0.4650000035762787
}