{
  "accs_after_deletion": [
    0.7824000120162964,
    0.7782000303268433
  ],
  "accs_before_deletion": [
    0.8040000200271606,
    0.8034000396728516
  ],
  "delta": 6.982864657330156e-05,
  "ensemble_acc_after_deletion": 0.7798000574111938,
  "ensemble_acc_before_deletion": 0.8092000484466553,
  "epsilon": 47.86316623677027,
  "indicator": 0,
  "lengths_after_deletion": [
    2860,
    3252
  ],
  "rng": [
    1822583775,
    1246587153
  ],
  "shard_prediction_precision": 0.5332880616188049,
  "shard_prediction_recall": 0.5233333110809326
}