{
  "accs_after_deletion": [
    0.7880000472068787,
    0.7862000465393066
  ],
  "accs_before_deletion": [
    0.8100000619888306,
    0.8048000335693359
  ],
  "delta": 6.982864657330156e-05,
  "ensemble_acc_after_deletion": 0.785800039768219,
  "ensemble_acc_before_deletion": 0.8122000098228455,
  "epsilon": 47.86316623677027,
  "indicator": 0,
  "lengths_after_deletion": [
    1835,
    2312
  ],
  "rng": [
    1858708873,
    3238181189
  ],
  "shard_prediction_precision": 0.5303705334663391,
  "shard_prediction_recall": 0.6941666603088379
}