{
  "accs_after_deletion": [
    0.7880000472068787,
    0.7940000295639038
  ],
  "accs_before_deletion": [
    0.8058000206947327,
    0.8038000464439392
  ],
  "delta": 6.982864657330156e-05,
  "ensemble_acc_after_deletion": 0.7974000573158264,
  "ensemble_acc_before_deletion": 0.80840003490448,
  "epsilon": 47.86316623677027,
  "indicator": 1,
  "lengths_after_deletion": [
    2996,
    3414
  ],
  "rng": [
    1892548647,
    3371662996
  ],
  "shard_prediction_precision": 0.5373882055282593,
  "shard_prediction_recall": 0.5006666779518127
}