{
  "accs_after_deletion": [
    0.7800000309944153,
    0.7886000275611877
  ],
  "accs_before_deletion": [
    0.8062000274658203,
    0.7990000247955322
  ],
  "delta": 6.982864657330156e-05,
  "ensemble_acc_after_deletion": 0.7952000498771667,
  "ensemble_acc_before_deletion": 0.8114000558853149,
  "epsilon": 47.86316623677027,
  "indicator": 1,
  "lengths_after_deletion": [
    3118,
    3584
  ],
  "rng": [
    1915682244,
    3828739995
  ],
  "shard_prediction_precision": 0.5439788699150085,
  "shard_prediction_recall": 0.4803333282470703
}