{
  "accs_after_deletion": [
    0.7790000438690186,
    0.787600040435791
  ],
  "accs_before_deletion": [
    0.8140000104904175,
    0.7988000512123108
  ],
  "delta": 6.982864657330156e-05,
  "ensemble_acc_after_deletion": 0.7926000356674194,
  "ensemble_acc_before_deletion": 0.8118000626564026,
  "epsilon": 47.86316623677027,
  "indicator": 1,
  "lengths_after_deletion": [
    3161,
    3606
  ],
  "rng": [
    1955147755,
    3178721392
  ],
  "shard_prediction_precision": 0.542518675327301,
  "shard_prediction_recall": 0.47316667437553406
}