{
  "accs_after_deletion": [
    0.7872000336647034,
    0.7964000105857849
  ],
  "accs_before_deletion": [
    0.8060000538825989,
    0.8108000159263611
  ],
  "delta": 6.982864657330156e-05,
  "ensemble_acc_after_deletion": 0.7952000498771667,
  "ensemble_acc_before_deletion": 0.8130000233650208,
  "epsilon": 47.86316623677027,
  "indicator": 1,
  "lengths_after_deletion": [
    2785,
    3238
  ],
  "rng": [
    197528405,
    1032229427
  ],
  "shard_prediction_precision": 0.5378952622413635,
  "shard_prediction_recall": 0.5358332991600037
}