{
  "accs_after_deletion": [
    0.7882000207901001,
    0.7848000526428223
  ],
  "accs_before_deletion": [
    0.8058000206947327,
    0.803600013256073
  ],
  "delta": 6.982864657330156e-05,
  "ensemble_acc_after_deletion": 0.790600061416626,
  "ensemble_acc_before_deletion": 0.8046000599861145,
  "epsilon": 47.86316623677027,
  "indicator": 0,
  "lengths_after_deletion": [
    3031,
    3347
  ],
  "rng": [
    1977116026,
    4134843178
  ],
  "shard_prediction_precision": 0.5281038880348206,
  "shard_prediction_recall": 0.4948333203792572
}