{
  "accs_after_deletion": [
    0.7830000519752502,
    0.7892000079154968
  ],
  "accs_before_deletion": [
    0.8088000416755676,
    0.8004000186920166
  ],
  "delta": 6.982864657330156e-05,
  "ensemble_acc_after_deletion": 0.7934000492095947,
  "ensemble_acc_before_deletion": 0.8042000532150269,
  "epsilon": 47.86316623677027,
  "indicator": 1,
  "lengths_after_deletion": [
    2914,
    3420
  ],
  "rng": [
    2029979041,
    3491236481
  ],
  "shard_prediction_precision": 0.5446522831916809,
  "shard_prediction_recall": 0.5143333077430725
}