{
  "accs_after_deletion": [
    0.7994000315666199,
    0.8010000586509705
  ],
  "accs_before_deletion": [
    0.7956000566482544,
    0.801800012588501
  ],
  "delta": 6.982864657330156e-05,
  "ensemble_acc_after_deletion": 0.8010000586509705,
  "ensemble_acc_before_deletion": 0.8026000261306763,
  "epsilon": 47.86316623677027,
  "indicator": 1,
  "lengths_after_deletion": [
    2946,
    3396
  ],
  "rng": [
    2149927980,
    69690990
  ],
  "shard_prediction_precision": 0.5397667288780212,
  "shard_prediction_recall": 0.5090000033378601
}