{
  "accs_after_deletion": [
    0.7914000153541565,
    0.7890000343322754
  ],
  "accs_before_deletion": [
    0.8012000322341919,
    0.8040000200271606
  ],
  "delta": 6.982864657330156e-05,
  "ensemble_acc_after_deletion": 0.7976000308990479,
  "ensemble_acc_before_deletion": 0.8098000288009644,
  "epsilon": 47.86316623677027,
  "indicator": 0,
  "lengths_after_deletion": [
    2685,
    3060
  ],
  "rng": [
    2205962517,
    3236878360
  ],
  "shard_prediction_precision": 0.5299760103225708,
  "shard_prediction_recall": 0.5525000095367432
}