{
  "accs_after_deletion": [
    0.7854000329971313,
    0.7928000092506409
  ],
  "accs_before_deletion": [
    0.8090000152587891,
    0.8014000654220581
  ],
  "delta": 6.982864657330156e-05,
  "ensemble_acc_after_deletion": 0.7918000221252441,
  "ensemble_acc_before_deletion": 0.8062000274658203,
  "epsilon": 47.86316623677027,
  "indicator": 1,
  "lengths_after_deletion": [
    2417,
    2920
  ],
  "rng": [
    2288581589,
    2422514081
  ],
  "shard_prediction_precision": 0.5377457737922668,
  "shard_prediction_recall": 0.5971666574478149
}