{
  "accs_after_deletion": [
    0.7948000431060791,
    0.8026000261306763
  ],
  "accs_before_deletion": [
    0.8070000410079956,
    0.8112000226974487
  ],
  "delta": 6.982864657330156e-05,
  "ensemble_acc_after_deletion": 0.7952000498771667,
  "ensemble_acc_before_deletion": 0.813800036907196,
  "epsilon": 47.86316623677027,
  "indicator": 1,
  "lengths_after_deletion": [
    2218,
    2688
  ],
  "rng": [
    2296413888,
    2990047022
  ],
  "shard_prediction_precision": 0.5331265926361084,
  "shard_prediction_recall": 0.6303333044052124
}