{
  "accs_after_deletion": [
    0.782200038433075,
    0.792400062084198
  ],
  "accs_before_deletion": [
    0.8088000416755676,
    0.8080000281333923
  ],
  "delta": 6.982864657330156e-05,
  "ensemble_acc_after_deletion": 0.7914000153541565,
  "ensemble_acc_before_deletion": 0.8148000240325928,
  "epsilon": 47.86316623677027,
  "indicator": 1,
  "lengths_after_deletion": [
    3080,
    3419
  ],
  "rng": [
    2304130451,
    2741596419
  ],
  "shard_prediction_precision": 0.5308125615119934,
  "shard_prediction_recall": 0.48666664958000183
}