{
  "accs_after_deletion": [
    0.79420006275177,
    0.7932000160217285
  ],
  "accs_before_deletion": [
    0.8008000254631042,
    0.8080000281333923
  ],
  "delta": 6.982864657330156e-05,
  "ensemble_acc_after_deletion": 0.7984000444412231,
  "ensemble_acc_before_deletion": 0.807200014591217,
  "epsilon": 47.86316623677027,
  "indicator": 0,
  "lengths_after_deletion": [
    2292,
    2733
  ],
  "rng": [
    2344756827,
    4027925234
  ],
  "shard_prediction_precision": 0.5316129326820374,
  "shard_prediction_recall": 0.6179999709129333
}