{
  "accs_after_deletion": [
    0.7842000126838684,
    0.7912000417709351
  ],
  "accs_before_deletion": [
    0.7986000180244446,
    0.8064000606536865
  ],
  "delta": 6.982864657330156e-05,
  "ensemble_acc_after_deletion": 0.7936000227928162,
  "ensemble_acc_before_deletion": 0.8068000674247742,
  "epsilon": 47.86316623677027,
  "indicator": 1,
  "lengths_after_deletion": [
    2635,
    3108
  ],
  "rng": [
    2345814642,
    2289183942
  ],
  "shard_prediction_precision": 0.5377976894378662,
  "shard_prediction_recall": 0.5608333349227905
}