{
  "accs_after_deletion": [
    0.7904000282287598,
    0.8024000525474548
  ],
  "accs_before_deletion": [
    0.8024000525474548,
    0.8016000390052795
  ],
  "delta": 6.982864657330156e-05,
  "ensemble_acc_after_deletion": 0.8006000518798828,
  "ensemble_acc_before_deletion": 0.8030000329017639,
  "epsilon": 47.86316623677027,
  "indicator": 1,
  "lengths_after_deletion": [
    2839,
    3318
  ],
  "rng": [
    2422454314,
    4109580305
  ],
  "shard_prediction_precision": 0.5409892201423645,
  "shard_prediction_recall": 0.5268333554267883
}