{
  "accs_after_deletion": [
    0.7788000106811523,
    0.790600061416626
  ],
  "accs_before_deletion": [
    0.8060000538825989,
    0.8056000471115112
  ],
  "delta": 6.982864657330156e-05,
  "ensemble_acc_after_deletion": 0.7904000282287598,
  "ensemble_acc_before_deletion": 0.807200014591217,
  "epsilon": 47.86316623677027,
  "indicator": 1,
  "lengths_after_deletion": [
    2996,
    3539
  ],
  "rng": [
    2437449343,
    760816213
  ],
  "shard_prediction_precision": 0.5496798157691956,
  "shard_prediction_recall": 0.5006666779518127
}