{
  "accs_after_deletion": [
    0.7902000546455383,
    0.7910000085830688
  ],
  "accs_before_deletion": [
    0.8012000322341919,
    0.8002000451087952
  ],
  "delta": 6.982864657330156e-05,
  "ensemble_acc_after_deletion": 0.7938000559806824,
  "ensemble_acc_before_deletion": 0.8034000396728516,
  "epsilon": 47.86316623677027,
  "indicator": 1,
  "lengths_after_deletion": [
    2899,
    3441
  ],
  "rng": [
    2439766956,
    2976940054
  ],
  "shard_prediction_precision": 0.5478798151016235,
  "shard_prediction_recall": 0.5168333053588867
}