{
  "accs_after_deletion": [
    0.7956000566482544,
    0.7928000092506409
  ],
  "accs_before_deletion": [
    0.807200014591217,
    0.8006000518798828
  ],
  "delta": 6.982864657330156e-05,
  "ensemble_acc_after_deletion": 0.7920000553131104,
  "ensemble_acc_before_deletion": 0.8090000152587891,
  "epsilon": 47.86316623677027,
  "indicator": 0,
  "lengths_after_deletion": [
    2438,
    2885
  ],
  "rng": [
    2461875763,
    944763083
  ],
  "shard_prediction_precision": 0.5334731340408325,
  "shard_prediction_recall": 0.593666672706604
}