{
  "accs_after_deletion": [
    0.7780000567436218,
    0.789400041103363
  ],
  "accs_before_deletion": [
    0.8028000593185425,
    0.8052000403404236
  ],
  "delta": 6.982864657330156e-05,
  "ensemble_acc_after_deletion": 0.7852000594139099,
  "ensemble_acc_before_deletion": 0.8126000165939331,
  "epsilon": 47.86316623677027,
  "indicator": 1,
  "lengths_after_deletion": [
    2088,
    2614
  ],
  "rng": [
    2499437684,
    3755368445
  ],
  "shard_prediction_precision": 0.536037266254425,
  "shard_prediction_recall": 0.6520000100135803
}