{
  "accs_after_deletion": [
    0.7860000133514404,
    0.782200038433075
  ],
  "accs_before_deletion": [
    0.8048000335693359,
    0.8006000518798828
  ],
  "delta": 6.982864657330156e-05,
  "ensemble_acc_after_deletion": 0.7864000201225281,
  "ensemble_acc_before_deletion": 0.8088000416755676,
  "epsilon": 47.86316623677027,
  "indicator": 0,
  "lengths_after_deletion": [
    1888,
    2407
  ],
  "rng": [
    2556150829,
    1110764301
  ],
  "shard_prediction_precision": 0.5336794257164001,
  "shard_prediction_recall": 0.6853333115577698
}