{
  "accs_after_deletion": [
    0.7772000432014465,
    0.775600016117096
  ],
  "accs_before_deletion": [
    0.8050000667572021,
    0.8032000660896301
  ],
  "delta": 6.982864657330156e-05,
  "ensemble_acc_after_deletion": 0.7766000628471375,
  "ensemble_acc_before_deletion": 0.8058000206947327,
  "epsilon": 47.86316623677027,
  "indicator": 0,
  "lengths_after_deletion": [
    2567,
    3087
  ],
  "rng": [
    255843376,
    1766972232
  ],
  "shard_prediction_precision": 0.5409706830978394,
  "shard_prediction_recall": 0.5721666812896729
}