{
  "accs_after_deletion": [
    0.7852000594139099,
    0.7818000316619873
  ],
  "accs_before_deletion": [
    0.803600013256073,
    0.7964000105857849
  ],
  "delta": 6.982864657330156e-05,
  "ensemble_acc_after_deletion": 0.7884000539779663,
  "ensemble_acc_before_deletion": 0.8076000213623047,
  "epsilon": 47.86316623677027,
  "indicator": 0,
  "lengths_after_deletion": [
    3289,
    3754
  ],
  "rng": [
    2573028562,
    4079908331
  ],
  "shard_prediction_precision": 0.5469033718109131,
  "shard_prediction_recall": 0.4518333375453949
}