{
  "accs_after_deletion": [
    0.7806000113487244,
    0.789400041103363
  ],
  "accs_before_deletion": [
    0.8024000525474548,
    0.8086000680923462
  ],
  "delta": 6.982864657330156e-05,
  "ensemble_acc_after_deletion": 0.7836000323295593,
  "ensemble_acc_before_deletion": 0.8074000477790833,
  "epsilon": 47.86316623677027,
  "indicator": 1,
  "lengths_after_deletion": [
    2444,
    2922
  ],
  "rng": [
    2580222144,
    3062170403
  ],
  "shard_prediction_precision": 0.5360265374183655,
  "shard_prediction_recall": 0.5926666855812073
}