{
  "accs_after_deletion": [
    0.7932000160217285,
    0.7996000647544861
  ],
  "accs_before_deletion": [
    0.7978000640869141,
    0.8090000152587891
  ],
  "delta": 6.982864657330156e-05,
  "ensemble_acc_after_deletion": 0.800000011920929,
  "ensemble_acc_before_deletion": 0.8074000477790833,
  "epsilon": 47.86316623677027,
  "indicator": 1,
  "lengths_after_deletion": [
    3408,
    3885
  ],
  "rng": [
    2604987092,
    3748637568
  ],
  "shard_prediction_precision": 0.5506691932678223,
  "shard_prediction_recall": 0.43199998140335083
}