{
  "accs_after_deletion": [
    0.7830000519752502,
    0.7882000207901001
  ],
  "accs_before_deletion": [
    0.805400013923645,
    0.8078000545501709
  ],
  "delta": 6.982864657330156e-05,
  "ensemble_acc_after_deletion": 0.7946000099182129,
  "ensemble_acc_before_deletion": 0.8118000626564026,
  "epsilon": 47.86316623677027,
  "indicator": 1,
  "lengths_after_deletion": [
    3024,
    3488
  ],
  "rng": [
    2630122188,
    1156772275
  ],
  "shard_prediction_precision": 0.5422740578651428,
  "shard_prediction_recall": 0.4959999918937683
}