{
  "accs_after_deletion": [
    0.7754000425338745,
    0.7954000234603882
  ],
  "accs_before_deletion": [
    0.8126000165939331,
    0.7992000579833984
  ],
  "delta": 6.982864657330156e-05,
  "ensemble_acc_after_deletion": 0.7892000079154968,
  "ensemble_acc_before_deletion": 0.8110000491142273,
  "epsilon": 47.86316623677027,
  "indicator": 1,
  "lengths_after_deletion": [
    2878,
    3350
  ],
  "rng": [
    2685336085,
    956264757
  ],
  "shard_prediction_precision": 0.5408870577812195,
  "shard_prediction_recall": 0.5203333497047424
}