{
  "accs_after_deletion": [
    0.7658000588417053,
    0.7778000235557556
  ],
  "accs_before_deletion": [
    0.7982000112533569,
    0.8076000213623047
  ],
  "delta": 6.982864657330156e-05,
  "ensemble_acc_after_deletion": 0.7900000214576721,
  "ensemble_acc_before_deletion": 0.80840003490448,
  "epsilon": 47.86316623677027,
  "indicator": 1,
  "lengths_after_deletion": [
    2273,
    2665
  ],
  "rng": [
    2705259891,
    158332807
  ],
  "shard_prediction_precision": 0.5277541875839233,
  "shard_prediction_recall": 0.6211666464805603
}