{
  "accs_after_deletion": [
    0.7880000472068787,
    0.7904000282287598
  ],
  "accs_before_deletion": [
    0.8014000654220581,
    0.8070000410079956
  ],
  "delta": 6.982864657330156e-05,
  "ensemble_acc_after_deletion": 0.7934000492095947,
  "ensemble_acc_before_deletion": 0.806600034236908,
  "epsilon": 47.86316623677027,
  "indicator": 1,
  "lengths_after_deletion": [
    2383,
    2830
  ],
  "rng": [
    2738748990,
    454387311
  ],
  "shard_prediction_precision": 0.5329306125640869,
  "shard_prediction_recall": 0.6028333306312561
}