{
  "accs_after_deletion": [
    0.7928000092506409,
    0.800000011920929
  ],
  "accs_before_deletion": [
    0.803600013256073,
    0.8052000403404236
  ],
  "delta": 6.982864657330156e-05,
  "ensemble_acc_after_deletion": 0.7976000308990479,
  "ensemble_acc_before_deletion": 0.8044000267982483,
  "epsilon": 47.86316623677027,
  "indicator": 1,
  "lengths_after_deletion": [
    2486,
    2964
  ],
  "rng": [
    2793624989,
    61828614
  ],
  "shard_prediction_precision": 0.5364885330200195,
  "shard_prediction_recall": 0.5856666564941406
}