{
  "accs_after_deletion": [
    0.7816000580787659,
    0.7870000600814819
  ],
  "accs_before_deletion": [
    0.8038000464439392,
    0.8064000606536865
  ],
  "delta": 6.982864657330156e-05,
  "ensemble_acc_after_deletion": 0.7868000268936157,
  "ensemble_acc_before_deletion": 0.810200035572052,
  "epsilon": 47.86316623677027,
  "indicator": 1,
  "lengths_after_deletion": [
    3037,
    3449
  ],
  "rng": [
    2830735848,
    3756785900
  ],
  "shard_prediction_precision": 0.5373594760894775,
  "shard_prediction_recall": 0.4938333332538605
}