{
  "accs_after_deletion": [
    0.7642000317573547,
    0.7834000587463379
  ],
  "accs_before_deletion": [
    0.8020000457763672,
    0.8058000206947327
  ],
  "delta": 6.982864657330156e-05,
  "ensemble_acc_after_deletion": 0.7782000303268433,
  "ensemble_acc_before_deletion": 0.8100000619888306,
  "epsilon": 47.86316623677027,
  "indicator": 1,
  "lengths_after_deletion": [
    2576,
    3011
  ],
  "rng": [
    2850373740,
    1138783132
  ],
  "shard_prediction_precision": 0.5339154601097107,
  "shard_prediction_recall": 0.5706666707992554
}