{
  "accs_after_deletion": [
    0.7848000526428223,
    0.7790000438690186
  ],
  "accs_before_deletion": [
    0.7944000363349915,
    0.8058000206947327
  ],
  "delta": 6.982864657330156e-05,
  "ensemble_acc_after_deletion": 0.7852000594139099,
  "ensemble_acc_before_deletion": 0.807200014591217,
  "epsilon": 47.86316623677027,
  "indicator": 0,
  "lengths_after_deletion": [
    2528,
    2977
  ],
  "rng": [
    2864670296,
    3598866368
  ],
  "shard_prediction_precision": 0.5345650315284729,
  "shard_prediction_recall": 0.5786666870117188
}