{
  "accs_after_deletion": [
    0.7912000417709351,
    0.7958000302314758
  ],
  "accs_before_deletion": [
    0.8090000152587891,
    0.8004000186920166
  ],
  "delta": 6.982864657330156e-05,
  "ensemble_acc_after_deletion": 0.8016000390052795,
  "ensemble_acc_before_deletion": 0.8092000484466553,
  "epsilon": 47.86316623677027,
  "indicator": 1,
  "lengths_after_deletion": [
    3120,
    3593
  ],
  "rng": [
    3014910337,
    1805335403
  ],
  "shard_prediction_precision": 0.544732391834259,
  "shard_prediction_recall": 0.47999998927116394
}