{
  "accs_after_deletion": [
    0.7962000370025635,
    0.8022000193595886
  ],
  "accs_before_deletion": [
    0.8060000538825989,
    0.7992000579833984
  ],
  "delta": 6.982864657330156e-05,
  "ensemble_acc_after_deletion": 0.8008000254631042,
  "ensemble_acc_before_deletion": 0.8086000680923462,
  "epsilon": 47.86316623677027,
  "indicator": 1,
  "lengths_after_deletion": [
    3454,
    3913
  ],
  "rng": [
    3035337672,
    3189378992
  ],
  "shard_prediction_precision": 0.5495359301567078,
  "shard_prediction_recall": 0.4243333339691162
}