{
  "accs_after_deletion": [
    0.7950000166893005,
    0.7836000323295593
  ],
  "accs_before_deletion": [
    0.806600034236908,
    0.8048000335693359
  ],
  "delta": 6.982864657330156e-05,
  "ensemble_acc_after_deletion": 0.7820000648498535,
  "ensemble_acc_before_deletion": 0.8130000233650208,
  "epsilon": 47.86316623677027,
  "indicator": 0,
  "lengths_after_deletion": [
    2393,
    2838
  ],
  "rng": [
    3054042330,
    3313655420
  ],
  "shard_prediction_precision": 0.5328704118728638,
  "shard_prediction_recall": 0.6011666655540466
}