{
  "accs_after_deletion": [
    0.7786000370979309,
    0.77920001745224
  ],
  "accs_before_deletion": [
    0.8026000261306763,
    0.7970000505447388
  ],
  "delta": 6.982864657330156e-05,
  "ensemble_acc_after_deletion": 0.785800039768219,
  "ensemble_acc_before_deletion": 0.8028000593185425,
  "epsilon": 47.86316623677027,
  "indicator": 1,
  "lengths_after_deletion": [
    3308,
    3697
  ],
  "rng": [
    3066299061,
    2733935973
  ],
  "shard_prediction_precision": 0.5389389395713806,
  "shard_prediction_recall": 0.44866666197776794
}