{
  "accs_after_deletion": [
    0.7880000472068787,
    0.787600040435791
  ],
  "accs_before_deletion": [
    0.8108000159263611,
    0.8080000281333923
  ],
  "delta": 6.982864657330156e-05,
  "ensemble_acc_after_deletion": 0.7922000288963318,
  "ensemble_acc_before_deletion": 0.8130000233650208,
  "epsilon": 47.86316623677027,
  "indicator": 0,
  "lengths_after_deletion": [
    3087,
    3541
  ],
  "rng": [
    312164002,
    3020770898
  ],
  "shard_prediction_precision": 0.5422561764717102,
  "shard_prediction_recall": 0.4855000078678131
}