{
  "accs_after_deletion": [
    0.7856000661849976,
    0.781000018119812
  ],
  "accs_before_deletion": [
    0.8064000606536865,
    0.8014000654220581
  ],
  "delta": 6.982864657330156e-05,
  "ensemble_acc_after_deletion": 0.7882000207901001,
  "ensemble_acc_before_deletion": 0.8090000152587891,
  "epsilon": 47.86316623677027,
  "indicator": 0,
  "lengths_after_deletion": [
    3002,
    3413
  ],
  "rng": [
    3166608359,
    3596522671
  ],
  "shard_prediction_precision": 0.5367949604988098,
  "shard_prediction_recall": 0.49966666102409363
}