{
  "accs_after_deletion": [
    0.7886000275611877,
    0.7994000315666199
  ],
  "accs_before_deletion": [
    0.8028000593185425,
    0.8032000660896301
  ],
  "delta": 6.982864657330156e-05,
  "ensemble_acc_after_deletion": 0.7976000308990479,
  "ensemble_acc_before_deletion": 0.8088000416755676,
  "epsilon": 47.86316623677027,
  "indicator": 1,
  "lengths_after_deletion": [
    3154,
    3537
  ],
  "rng": [
    3219195316,
    1785059443
  ],
  "shard_prediction_precision": 0.5360708236694336,
  "shard_prediction_recall": 0.4743333160877228
}