{
  "accs_after_deletion": [
    0.789400041103363,
    0.7830000519752502
  ],
  "accs_before_deletion": [
    0.8114000558853149,
    0.8062000274658203
  ],
  "delta": 6.982864657330156e-05,
  "ensemble_acc_after_deletion": 0.7904000282287598,
  "ensemble_acc_before_deletion": 0.8068000674247742,
  "epsilon": 47.86316623677027,
  "indicator": 0,
  "lengths_after_deletion": [
    2367,
    2849
  ],
  "rng": [
    3235174323,
    1119858318
  ],
  "shard_prediction_precision": 0.5355247855186462,
  "shard_prediction_recall": 0.6054999828338623
}