{
  "accs_after_deletion": [
    0.7912000417709351,
    0.789400041103363
  ],
  "accs_before_deletion": [
    0.8088000416755676,
    0.8048000335693359
  ],
  "delta": 6.982864657330156e-05,
  "ensemble_acc_after_deletion": 0.7922000288963318,
  "ensemble_acc_before_deletion": 0.8090000152587891,
  "epsilon": 47.86316623677027,
  "indicator": 0,
  "lengths_after_deletion": [
    2666,
    3136
  ],
  "rng": [
    3252918146,
    2963895471
  ],
  "shard_prediction_precision": 0.5379154682159424,
  "shard_prediction_recall": 0.5556666851043701
}