{
  "accs_after_deletion": [
    0.7794000506401062,
    0.7736000418663025
  ],
  "accs_before_deletion": [
    0.7972000241279602,
    0.803600013256073
  ],
  "delta": 6.982864657330156e-05,
  "ensemble_acc_after_deletion": 0.7726000547409058,
  "ensemble_acc_before_deletion": 0.8056000471115112,
  "epsilon": 47.86316623677027,
  "indicator": 0,
  "lengths_after_deletion": [
    1903,
    2369
  ],
  "rng": [
    3257665626,
    1077065579
  ],
  "shard_prediction_precision": 0.5301501154899597,
  "shard_prediction_recall": 0.6828333139419556
}