{
  "accs_after_deletion": [
    0.784600019454956,
    0.7920000553131104
  ],
  "accs_before_deletion": [
    0.813200056552887,
    0.7988000512123108
  ],
  "delta": 6.982864657330156e-05,
  "ensemble_acc_after_deletion": 0.7912000417709351,
  "ensemble_acc_before_deletion": 0.8068000674247742,
  "epsilon": 47.86316623677027,
  "indicator": 1,
  "lengths_after_deletion": [
    2627,
    3138
  ],
  "rng": [
    3274528571,
    3717490711
  ],
  "shard_prediction_precision": 0.5409783720970154,
  "shard_prediction_recall": 0.5621666312217712
}