{
  "accs_after_deletion": [
    0.7778000235557556,
    0.7838000655174255
  ],
  "accs_before_deletion": [
    0.7964000105857849,
    0.805400013923645
  ],
  "delta": 6.982864657330156e-05,
  "ensemble_acc_after_deletion": 0.7732000350952148,
  "ensemble_acc_before_deletion": 0.8060000538825989,
  "epsilon": 47.86316623677027,
  "indicator": 1,
  "lengths_after_deletion": [
    2498,
    2928
  ],
  "rng": [
    3282418755,
    916717888
  ],
  "shard_prediction_precision": 0.5327045917510986,
  "shard_prediction_recall": 0.5836666822433472
}