{
  "accs_after_deletion": [
    0.7744000554084778,
    0.7788000106811523
  ],
  "accs_before_deletion": [
    0.8024000525474548,
    0.8004000186920166
  ],
  "delta": 6.982864657330156e-05,
  "ensemble_acc_after_deletion": 0.7842000126838684,
  "ensemble_acc_before_deletion": 0.8070000410079956,
  "epsilon": 47.86316623677027,
  "indicator": 1,
  "lengths_after_deletion": [
    2596,
    3061
  ],
  "rng": [
    3364461005,
    312551467
  ],
  "shard_prediction_precision": 0.5366545915603638,
  "shard_prediction_recall": 0.5673333406448364
}