{
  "accs_after_deletion": [
    0.7918000221252441,
    0.7956000566482544
  ],
  "accs_before_deletion": [
    0.7918000221252441,
    0.7948000431060791
  ],
  "delta": 6.982864657330156e-05,
  "ensemble_acc_after_deletion": 0.8042000532150269,
  "ensemble_acc_before_deletion": 0.7952000498771667,
  "epsilon": 47.86316623677027,
  "indicator": 1,
  "lengths_after_deletion": [
    2059,
    2574
  ],
  "rng": [
    3502371804,
    2209125185
  ],
  "shard_prediction_precision": 0.5349531769752502,
  "shard_prediction_recall": 0.6568333506584167
}