{
  "accs_after_deletion": [
    0.7834000587463379,
    0.7856000661849976
  ],
  "accs_before_deletion": [
    0.8012000322341919,
    0.8058000206947327
  ],
  "delta": 6.982864657330156e-05,
  "ensemble_acc_after_deletion": 0.7868000268936157,
  "ensemble_acc_before_deletion": 0.8070000410079956,
  "epsilon": 47.86316623677027,
  "indicator": 1,
  "lengths_after_deletion": [
    3267,
    3705
  ],
  "rng": [
    3520401589,
    253060906
  ],
  "shard_prediction_precision": 0.5435560941696167,
  "shard_prediction_recall": 0.4555000066757202
}