{
  "accs_after_deletion": [
    0.7806000113487244,
    0.7898000478744507
  ],
  "accs_before_deletion": [
    0.8080000281333923,
    0.8012000322341919
  ],
  "delta": 6.982864657330156e-05,
  "ensemble_acc_after_deletion": 0.7948000431060791,
  "ensemble_acc_before_deletion": 0.8096000552177429,
  "epsilon": 47.86316623677027,
  "indicator": 1,
  "lengths_after_deletion": [
    2419,
    2864
  ],
  "rng": [
    3554089885,
    3982728788
  ],
  "shard_prediction_precision": 0.5331249237060547,
  "shard_prediction_recall": 0.596833348274231
}