{
  "accs_after_deletion": [
    0.7896000146865845,
    0.785800039768219
  ],
  "accs_before_deletion": [
    0.8118000626564026,
    0.8034000396728516
  ],
  "delta": 6.982864657330156e-05,
  "ensemble_acc_after_deletion": 0.7898000478744507,
  "ensemble_acc_before_deletion": 0.8112000226974487,
  "epsilon": 47.86316623677027,
  "indicator": 0,
  "lengths_after_deletion": [
    2776,
    3280
  ],
  "rng": [
    3677629683,
    2073203228
  ],
  "shard_prediction_precision": 0.5423957109451294,
  "shard_prediction_recall": 0.5373333096504211
}