{
  "accs_after_deletion": [
    0.7780000567436218,
    0.7992000579833984
  ],
  "accs_before_deletion": [
    0.8076000213623047,
    0.8140000104904175
  ],
  "delta": 6.982864657330156e-05,
  "ensemble_acc_after_deletion": 0.785800039768219,
  "ensemble_acc_before_deletion": 0.8114000558853149,
  "epsilon": 47.86316623677027,
  "indicator": 1,
  "lengths_after_deletion": [
    2908,
    3312
  ],
  "rng": [
    3743983623,
    1651631252
  ],
  "shard_prediction_precision": 0.5349481105804443,
  "shard_prediction_recall": 0.515333354473114
}