{
  "accs_after_deletion": [
    0.7978000640869141,
    0.7898000478744507
  ],
  "accs_before_deletion": [
    0.8112000226974487,
    0.8022000193595886
  ],
  "delta": 6.982864657330156e-05,
  "ensemble_acc_after_deletion": 0.8022000193595886,
  "ensemble_acc_before_deletion": 0.80840003490448,
  "epsilon": 47.86316623677027,
  "indicator": 0,
  "lengths_after_deletion": [
    3191,
    3691
  ],
  "rng": [
    3832854067,
    4214352934
  ],
  "shard_prediction_precision": 0.5488471984863281,
  "shard_prediction_recall": 0.46816664934158325
}