{
  "accs_after_deletion": [
    0.7450000643730164,
    0.7586000561714172
  ],
  "accs_before_deletion": [
    0.7986000180244446,
    0.8012000322341919
  ],
  "delta": 6.982864657330156e-05,
  "ensemble_acc_after_deletion": 0.761400043964386,
  "ensemble_acc_before_deletion": 0.8044000267982483,
  "epsilon": 47.86316623677027,
  "indicator": 1,
  "lengths_after_deletion": [
    2087,
    2553
  ],
  "rng": [
    3905214794,
    2189647604
  ],
  "shard_prediction_precision": 0.5316575765609741,
  "shard_prediction_recall": 0.6521666646003723
}