{
  "accs_after_deletion": [
    0.7734000086784363,
    0.7830000519752502
  ],
  "accs_before_deletion": [
    0.8056000471115112,
    0.8052000403404236
  ],
  "delta": 6.982864657330156e-05,
  "ensemble_acc_after_deletion": 0.7794000506401062,
  "ensemble_acc_before_deletion": 0.8104000091552734,
  "epsilon": 47.86316623677027,
  "indicator": 1,
  "lengths_after_deletion": [
    2377,
    2812
  ],
  "rng": [
    3918934896,
    3367980501
  ],
  "shard_prediction_precision": 0.531933605670929,
  "shard_prediction_recall": 0.6038333177566528
}