{
  "accs_after_deletion": [
    0.7752000093460083,
    0.788800060749054
  ],
  "accs_before_deletion": [
    0.7970000505447388,
    0.8070000410079956
  ],
  "delta": 6.982864657330156e-05,
  "ensemble_acc_after_deletion": 0.7812000513076782,
  "ensemble_acc_before_deletion": 0.8008000254631042,
  "epsilon": 47.86316623677027,
  "indicator": 1,
  "lengths_after_deletion": [
    2806,
    3227
  ],
  "rng": [
    3928981097,
    1558575012
  ],
  "shard_prediction_precision": 0.5352773666381836,
  "shard_prediction_recall": 0.5323333144187927
}