{
  "accs_after_deletion": [
    0.7926000356674194,
    0.7764000296592712
  ],
  "accs_before_deletion": [
    0.7998000383377075,
    0.8096000552177429
  ],
  "delta": 6.982864657330156e-05,
  "ensemble_acc_after_deletion": 0.7832000255584717,
  "ensemble_acc_before_deletion": 0.8068000674247742,
  "epsilon": 47.86316623677027,
  "indicator": 0,
  "lengths_after_deletion": [
    2472,
    2941
  ],
  "rng": [
    3999018871,
    62112926
  ],
  "shard_prediction_precision": 0.5356004238128662,
  "shard_prediction_recall": 0.5879999995231628
}