{
  "accs_after_deletion": [
    0.7880000472068787,
    0.788800060749054
  ],
  "accs_before_deletion": [
    0.7974000573158264,
    0.8070000410079956
  ],
  "delta": 6.982864657330156e-05,
  "ensemble_acc_after_deletion": 0.7916000485420227,
  "ensemble_acc_before_deletion": 0.8048000335693359,
  "epsilon": 47.86316623677027,
  "indicator": 1,
  "lengths_after_deletion": [
    2708,
    3264
  ],
  "rng": [
    4011972345,
    1800070674
  ],
  "shard_prediction_precision": 0.5461181402206421,
  "shard_prediction_recall": 0.5486666560173035
}