{
  "accs_after_deletion": [
    0.7802000641822815,
    0.7878000140190125
  ],
  "accs_before_deletion": [
    0.8014000654220581,
    0.796000063419342
  ],
  "delta": 6.982864657330156e-05,
  "ensemble_acc_after_deletion": 0.7878000140190125,
  "ensemble_acc_before_deletion": 0.8096000552177429,
  "epsilon": 47.86316623677027,
  "indicator": 1,
  "lengths_after_deletion": [
    2313,
    2758
  ],
  "rng": [
    4050866068,
    3069117384
  ],
  "shard_prediction_precision": 0.5321114659309387,
  "shard_prediction_recall": 0.6144999861717224
}