{
  "accs_after_deletion": [
    0.7658000588417053,
    0.7694000601768494
  ],
  "accs_before_deletion": [
    0.8052000403404236,
    0.7944000363349915
  ],
  "delta": 6.982864657330156e-05,
  "ensemble_acc_after_deletion": 0.7624000310897827,
  "ensemble_acc_before_deletion": 0.806600034236908,
  "epsilon": 47.86316623677027,
  "indicator": 1,
  "lengths_after_deletion": [
    2358,
    2747
  ],
  "rng": [
    40541322,
    1023797295
  ],
  "shard_prediction_precision": 0.52820885181427,
  "shard_prediction_recall": 0.6069999933242798
}