{
  "accs_after_deletion": [
    0.7984000444412231,
    0.8008000254631042
  ],
  "accs_before_deletion": [
    0.7998000383377075,
    0.8058000206947327
  ],
  "delta": 6.982864657330156e-05,
  "ensemble_acc_after_deletion": 0.8034000396728516,
  "ensemble_acc_before_deletion": 0.8052000403404236,
  "epsilon": 47.86316623677027,
  "indicator": 1,
  "lengths_after_deletion": [
    3234,
    3719
  ],
  "rng": [
    4057317022,
    2181153840
  ],
  "shard_prediction_precision": 0.5480483770370483,
  "shard_prediction_recall": 0.460999995470047
}