{
  "accs_after_deletion": [
    0.7980000376701355,
    0.7974000573158264
  ],
  "accs_before_deletion": [
    0.8088000416755676,
    0.8082000613212585
  ],
  "delta": 6.982864657330156e-05,
  "ensemble_acc_after_deletion": 0.7992000579833984,
  "ensemble_acc_before_deletion": 0.8142000436782837,
  "epsilon": 47.86316623677027,
  "indicator": 0,
  "lengths_after_deletion": [
    3008,
    3422
  ],
  "rng": [
    4095507993,
    104917212
  ],
  "shard_prediction_precision": 0.5371633768081665,
  "shard_prediction_recall": 0.4986666738986969
}