{
  "accs_after_deletion": [
    0.7836000323295593,
    0.785800039768219
  ],
  "accs_before_deletion": [
    0.8012000322341919,
    0.7994000315666199
  ],
  "delta": 6.982864657330156e-05,
  "ensemble_acc_after_deletion": 0.7860000133514404,
  "ensemble_acc_before_deletion": 0.805400013923645,
  "epsilon": 47.86316623677027,
  "indicator": 1,
  "lengths_after_deletion": [
    2836,
    3232
  ],
  "rng": [
    4098520272,
    898915719
  ],
  "shard_prediction_precision": 0.5333783030509949,
  "shard_prediction_recall": 0.5273333191871643
}