{
  "accs_after_deletion": [
    0.7930000424385071,
    0.800000011920929
  ],
  "accs_before_deletion": [
    0.8030000329017639,
    0.7954000234603882
  ],
  "delta": 6.982864657330156e-05,
  "ensemble_acc_after_deletion": 0.801800012588501,
  "ensemble_acc_before_deletion": 0.8022000193595886,
  "epsilon": 47.86316623677027,
  "indicator": 1,
  "lengths_after_deletion": [
    2927,
    3362
  ],
  "rng": [
    4112583557,
    425143526
  ],
  "shard_prediction_precision": 0.5380843877792358,
  "shard_prediction_recall": 0.5121666789054871
}