{
  "accs_after_deletion": [
    0.8004000186920166,
    0.7952000498771667
  ],
  "accs_before_deletion": [
    0.800000011920929,
    0.7998000383377075
  ],
  "delta": 6.982864657330156e-05,
  "ensemble_acc_after_deletion": 0.7982000112533569,
  "ensemble_acc_before_deletion": 0.8046000599861145,
  "epsilon": 47.86316623677027,
  "indicator": 0,
  "lengths_after_deletion": [
    2495,
    3037
  ],
  "rng": [
    4181070538,
    2384712169
  ],
  "shard_prediction_precision": 0.5418986082077026,
  "shard_prediction_recall": 0.5841666460037231
}