{
  "accs_after_deletion": [
    0.7884000539779663,
    0.7962000370025635
  ],
  "accs_before_deletion": [
    0.8032000660896301,
    0.8080000281333923
  ],
  "delta": 6.982864657330156e-05,
  "ensemble_acc_after_deletion": 0.7914000153541565,
  "ensemble_acc_before_deletion": 0.8082000613212585,
  "epsilon": 47.86316623677027,
  "indicator": 1,
  "lengths_after_deletion": [
    2370,
    2861
  ],
  "rng": [
    4223778562,
    3391779222
  ],
  "shard_prediction_precision": 0.5362682938575745,
  "shard_prediction_recall": 0.6050000190734863
}