{
  "accs_after_deletion": [
    0.7884000539779663,
    0.7898000478744507
  ],
  "accs_before_deletion": [
    0.7940000295639038,
    0.8012000322341919
  ],
  "delta": 6.982864657330156e-05,
  "ensemble_acc_after_deletion": 0.796000063419342,
  "ensemble_acc_before_deletion": 0.8076000213623047,
  "epsilon": 47.86316623677027,
  "indicator": 1,
  "lengths_after_deletion": [
    3207,
    3713
  ],
  "rng": [
    4265445834,
    4288137586
  ],
  "shard_prediction_precision": 0.5498031377792358,
  "shard_prediction_recall": 0.46549999713897705
}