{
  "accs_after_deletion": [
    0.7920000553131104,
    0.7944000363349915
  ],
  "accs_before_deletion": [
    0.807200014591217,
    0.812000036239624
  ],
  "delta": 6.982864657330156e-05,
  "ensemble_acc_after_deletion": 0.801800012588501,
  "ensemble_acc_before_deletion": 0.80840003490448,
  "epsilon": 47.86316623677027,
  "indicator": 1,
  "lengths_after_deletion": [
    3325,
    3763
  ],
  "rng": [
    4267098564,
    562701720
  ],
  "shard_prediction_precision": 0.5445846915245056,
  "shard_prediction_recall": 0.44583332538604736
}