{
  "accs_after_deletion": [
    0.7914000153541565,
    0.7914000153541565
  ],
  "accs_before_deletion": [
    0.800000011920929,
    0.796000063419342
  ],
  "delta": 6.982864657330156e-05,
  "ensemble_acc_after_deletion": 0.7970000505447388,
  "ensemble_acc_before_deletion": 0.801800012588501,
  "epsilon": 47.86316623677027,
  "indicator": 0,
  "lengths_after_deletion": [
    3558,
    3999
  ],
  "rng": [
    501766895,
    2249745305
  ],
  "shard_prediction_precision": 0.5496286153793335,
  "shard_prediction_recall": 0.40700000524520874
}