{
  "accs_after_deletion": [
    0.7648000121116638,
    0.7832000255584717
  ],
  "accs_before_deletion": [
    0.8044000267982483,
    0.8044000267982483
  ],
  "delta": 6.982864657330156e-05,
  "ensemble_acc_after_deletion": 0.7752000093460083,
  "ensemble_acc_before_deletion": 0.8082000613212585,
  "epsilon": 47.86316623677027,
  "indicator": 1,
  "lengths_after_deletion": [
    2249,
    2681
  ],
  "rng": [
    512654658,
    3583776618
  ],
  "shard_prediction_precision": 0.5305516123771667,
  "shard_prediction_recall": 0.625166654586792
}