{
  "accs_after_deletion": [
    0.789400041103363,
    0.784600019454956
  ],
  "accs_before_deletion": [
    0.7968000173568726,
    0.7984000444412231
  ],
  "delta": 6.982864657330156e-05,
  "ensemble_acc_after_deletion": 0.7904000282287598,
  "ensemble_acc_before_deletion": 0.8042000532150269,
  "epsilon": 47.86316623677027,
  "indicator": 0,
  "lengths_after_deletion": [
    1895,
    2384
  ],
  "rng": [
    513944325,
    3853153637
  ],
  "shard_prediction_precision": 0.5316668748855591,
  "shard_prediction_recall": 0.684166669845581
}