{
  "accs_after_deletion": [
    0.7836000323295593,
    0.7940000295639038
  ],
  "accs_before_deletion": [
    0.7994000315666199,
    0.8062000274658203
  ],
  "delta": 6.982864657330156e-05,
  "ensemble_acc_after_deletion": 0.7922000288963318,
  "ensemble_acc_before_deletion": 0.80840003490448,
  "epsilon": 47.86316623677027,
  "indicator": 1,
  "lengths_after_deletion": [
    3046,
    3544
  ],
  "rng": [
    517318161,
    3427882066
  ],
  "shard_prediction_precision": 0.5460258722305298,
  "shard_prediction_recall": 0.492333322763443
}