{
  "accs_after_deletion": [
    0.7880000472068787,
    0.796000063419342
  ],
  "accs_before_deletion": [
    0.8028000593185425,
    0.8004000186920166
  ],
  "delta": 6.982864657330156e-05,
  "ensemble_acc_after_deletion": 0.7914000153541565,
  "ensemble_acc_before_deletion": 0.801800012588501,
  "epsilon": 47.86316623677027,
  "indicator": 1,
  "lengths_after_deletion": [
    3218,
    3665
  ],
  "rng": [
    560507841,
    2329141936
  ],
  "shard_prediction_precision": 0.5436779260635376,
  "shard_prediction_recall": 0.4636666476726532
}