{
  "accs_after_deletion": [
    0.7782000303268433,
    0.7860000133514404
  ],
  "accs_before_deletion": [
    0.8038000464439392,
    0.8052000403404236
  ],
  "delta": 6.982864657330156e-05,
  "ensemble_acc_after_deletion": 0.7934000492095947,
  "ensemble_acc_before_deletion": 0.8064000606536865,
  "epsilon": 47.86316623677027,
  "indicator": 1,
  "lengths_after_deletion": [
    3166,
    3506
  ],
  "rng": [
    569498638,
    18651623
  ],
  "shard_prediction_precision": 0.5319069027900696,
  "shard_prediction_recall": 0.4723333418369293
}