{
  "accs_after_deletion": [
    0.7852000594139099,
    0.7948000431060791
  ],
  "accs_before_deletion": [
    0.7996000647544861,
    0.8050000667572021
  ],
  "delta": 6.982864657330156e-05,
  "ensemble_acc_after_deletion": 0.7902000546455383,
  "ensemble_acc_before_deletion": 0.8012000322341919,
  "epsilon": 47.86316623677027,
  "indicator": 1,
  "lengths_after_deletion": [
    3125,
    3491
  ],
  "rng": [
    570723347,
    2567883820
  ],
  "shard_prediction_precision": 0.5339896082878113,
  "shard_prediction_recall": 0.4791666567325592
}