{
  "accs_after_deletion": [
    0.7758000493049622,
    0.7984000444412231
  ],
  "accs_before_deletion": [
    0.8076000213623047,
    0.8024000525474548
  ],
  "delta": 6.982864657330156e-05,
  "ensemble_acc_after_deletion": 0.787600040435791,
  "ensemble_acc_before_deletion": 0.810200035572052,
  "epsilon": 47.86316623677027,
  "indicator": 1,
  "lengths_after_deletion": [
    2560,
    3009
  ],
  "rng": [
    649034006,
    301980646
  ],
  "shard_prediction_precision": 0.5349090695381165,
  "shard_prediction_recall": 0.5733333230018616
}