{
  "accs_after_deletion": [
    0.7880000472068787,
    0.7850000262260437
  ],
  "accs_before_deletion": [
    0.8038000464439392,
    0.8048000335693359
  ],
  "delta": 6.982864657330156e-05,
  "ensemble_acc_after_deletion": 0.7882000207901001,
  "ensemble_acc_before_deletion": 0.8002000451087952,
  "epsilon": 47.86316623677027,
  "indicator": 0,
  "lengths_after_deletion": [
    2183,
    2573
  ],
  "rng": [
    799570008,
    768095876
  ],
  "shard_prediction_precision": 0.526918888092041,
  "shard_prediction_recall": 0.6361666321754456
}