{
  "accs_after_deletion": [
    0.7958000302314758,
    0.7952000498771667
  ],
  "accs_before_deletion": [
    0.810200035572052,
    0.800000011920929
  ],
  "delta": 6.982864657330156e-05,
  "ensemble_acc_after_deletion": 0.8004000186920166,
  "ensemble_acc_before_deletion": 0.8106000423431396,
  "epsilon": 47.86316623677027,
  "indicator": 0,
  "lengths_after_deletion": [
    2613,
    3154
  ],
  "rng": [
    823940428,
    3173700343
  ],
  "shard_prediction_precision": 0.5433980822563171,
  "shard_prediction_recall": 0.5644999742507935
}