{
  "accs_after_deletion": [
    0.7782000303268433,
    0.7914000153541565
  ],
  "accs_before_deletion": [
    0.7988000512123108,
    0.8030000329017639
  ],
  "delta": 6.982864657330156e-05,
  "ensemble_acc_after_deletion": 0.784600019454956,
  "ensemble_acc_before_deletion": 0.8076000213623047,
  "epsilon": 47.86316623677027,
  "indicator": 1,
  "lengths_after_deletion": [
    2868,
    3172
  ],
  "rng": [
    881240512,
    777238730
  ],
  "shard_prediction_precision": 0.525503396987915,
  "shard_prediction_recall": 0.5220000147819519
}