{
  "accs_after_deletion": [
    0.7848000526428223,
    0.7962000370025635
  ],
  "accs_before_deletion": [
    0.8010000586509705,
    0.7992000579833984
  ],
  "delta": 6.982864657330156e-05,
  "ensemble_acc_after_deletion": 0.7910000085830688,
  "ensemble_acc_before_deletion": 0.8064000606536865,
  "epsilon": 47.86316623677027,
  "indicator": 1,
  "lengths_after_deletion": [
    2769,
    3123
  ],
  "rng": [
    896618584,
    3462138120
  ],
  "shard_prediction_precision": 0.5289784073829651,
  "shard_prediction_recall": 0.5385000109672546
}