{
  "accs_after_deletion": [
    0.7940000295639038,
    0.7918000221252441
  ],
  "accs_before_deletion": [
    0.8014000654220581,
    0.7990000247955322
  ],
  "delta": 6.982864657330156e-05,
  "ensemble_acc_after_deletion": 0.7956000566482544,
  "ensemble_acc_before_deletion": 0.8056000471115112,
  "epsilon": 47.86316623677027,
  "indicator": 0,
  "lengths_after_deletion": [
    2754,
    3265
  ],
  "rng": [
    900174174,
    3068165024
  ],
  "shard_prediction_precision": 0.5427185893058777,
  "shard_prediction_recall": 0.5410000085830688
}