{
  "accs_after_deletion": [
    0.7904000282287598,
    0.7986000180244446
  ],
  "accs_before_deletion": [
    0.800000011920929,
    0.7978000640869141
  ],
  "delta": 6.982864657330156e-05,
  "ensemble_acc_after_deletion": 0.8014000654220581,
  "ensemble_acc_before_deletion": 0.8008000254631042,
  "epsilon": 47.86316623677027,
  "indicator": 1,
  "lengths_after_deletion": [
    2775,
    3177
  ],
  "rng": [
    93810323,
    573627249
  ],
  "shard_prediction_precision": 0.533234179019928,
  "shard_prediction_recall": 0.5375000238418579
}