{
  "accs_after_deletion": [
    0.7866000533103943,
    0.7884000539779663
  ],
  "accs_before_deletion": [
    0.800000011920929,
    0.8094000220298767
  ],
  "delta": 6.982864657330156e-05,
  "ensemble_acc_after_deletion": 0.796000063419342,
  "ensemble_acc_before_deletion": 0.8074000477790833,
  "epsilon": 47.86316623677027,
  "indicator": 1,
  "lengths_after_deletion": [
    3215,
    3678
  ],
  "rng": [
    961680609,
    840043509
  ],
  "shard_prediction_precision": 0.5453299283981323,
  "shard_prediction_recall": 0.46416667103767395
}