{
  "accs_after_deletion": [
    0.7854000329971313,
    0.7952000498771667
  ],
  "accs_before_deletion": [
    0.8020000457763672,
    0.810200035572052
  ],
  "delta": 6.982864657330156e-05,
  "ensemble_acc_after_deletion": 0.7950000166893005,
  "ensemble_acc_before_deletion": 0.8104000091552734,
  "epsilon": 47.86316623677027,
  "indicator": 1,
  "lengths_after_deletion": [
    3138,
    3649
  ],
  "rng": [
    961991924,
    2911803375
  ],
  "shard_prediction_precision": 0.5490120649337769,
  "shard_prediction_recall": 0.47699999809265137
}