{
  "accs_after_deletion": [
    0.7892000079154968,
    0.7866000533103943
  ],
  "accs_before_deletion": [
    0.7964000105857849,
    0.806600034236908
  ],
  "delta": 6.982864657330156e-05,
  "ensemble_acc_after_deletion": 0.7844000458717346,
  "ensemble_acc_before_deletion": 0.8050000667572021,
  "epsilon": 47.86316623677027,
  "indicator": 0,
  "lengths_after_deletion": [
    2441,
    2950
  ],
  "rng": [
    963927018,
    1246018764
  ],
  "shard_prediction_precision": 0.5385081171989441,
  "shard_prediction_recall": 0.5931666493415833
}