{
  "accs_after_deletion": [
    0.7750000357627869,
    0.7868000268936157
  ],
  "accs_before_deletion": [
    0.8092000484466553,
    0.803600013256073
  ],
  "delta": 6.982864657330156e-05,
  "ensemble_acc_after_deletion": 0.7730000615119934,
  "ensemble_acc_before_deletion": 0.8106000423431396,
  "epsilon": 47.86316623677027,
  "indicator": 1,
  "lengths_after_deletion": [
    2054,
    2518
  ],
  "rng": [
    967494009,
    750319462
  ],
  "shard_prediction_precision": 0.5312331318855286,
  "shard_prediction_recall": 0.6576666831970215
}