{
  "accs_after_deletion": [
    0.8034000396728516,
    0.8144000172615051
  ],
  "accs_before_deletion": [
    0.829800009727478,
    0.8304000496864319
  ],
  "delta": 6.982864657330156e-05,
  "ensemble_acc_after_deletion": 0.8098000288009644,
  "ensemble_acc_before_deletion": 0.8290000557899475,
  "epsilon": 266.8796027381839,
  "indicator": 1,
  "lengths_after_deletion": [
    2455,
    3188
  ],
  "rng": [
    0,
    328300801
  ],
  "shard_prediction_precision": 0.5576529502868652,
  "shard_prediction_recall": 0.590833306312561
}