{
  "accs_after_deletion": [
    0.8038000464439392,
    0.8050000667572021
  ],
  "accs_before_deletion": [
    0.8238000273704529,
    0.8192000389099121
  ],
  "delta": 6.982864657330156e-05,
  "ensemble_acc_after_deletion": 0.8014000654220581,
  "ensemble_acc_before_deletion": 0.8244000673294067,
  "epsilon": 266.8796027381839,
  "indicator": 1,
  "lengths_after_deletion": [
    2131,
    2747
  ],
  "rng": [
    1025009141,
    308692840
  ],
  "shard_prediction_precision": 0.5432462692260742,
  "shard_prediction_recall": 0.6448333263397217
}