{
  "accs_after_deletion": [
    0.7998000383377075,
    0.8040000200271606
  ],
  "accs_before_deletion": [
    0.8212000131607056,
    0.8306000232696533
  ],
  "delta": 6.982864657330156e-05,
  "ensemble_acc_after_deletion": 0.8052000403404236,
  "ensemble_acc_before_deletion": 0.8290000557899475,
  "epsilon": 266.8796027381839,
  "indicator": 1,
  "lengths_after_deletion": [
    2801,
    3389
  ],
  "rng": [
    1030123950,
    871355331
  ],
  "shard_prediction_precision": 0.5506024360656738,
  "shard_prediction_recall": 0.5331666469573975
}