{
  "accs_after_deletion": [
    0.8076000213623047,
    0.8118000626564026
  ],
  "accs_before_deletion": [
    0.8278000354766846,
    0.8246000409126282
  ],
  "delta": 6.982864657330156e-05,
  "ensemble_acc_after_deletion": 0.8080000281333923,
  "ensemble_acc_before_deletion": 0.8248000144958496,
  "epsilon": 266.8796027381839,
  "indicator": 1,
  "lengths_after_deletion": [
    2429,
    3104
  ],
  "rng": [
    1039740920,
    413683784
  ],
  "shard_prediction_precision": 0.552187979221344,
  "shard_prediction_recall": 0.5951666831970215
}