{
  "accs_after_deletion": [
    0.813800036907196,
    0.8180000185966492
  ],
  "accs_before_deletion": [
    0.8178000450134277,
    0.8296000361442566
  ],
  "delta": 6.982864657330156e-05,
  "ensemble_acc_after_deletion": 0.8198000192642212,
  "ensemble_acc_before_deletion": 0.8206000328063965,
  "epsilon": 266.8796027381839,
  "indicator": 1,
  "lengths_after_deletion": [
    2586,
    3196
  ],
  "rng": [
    1063555682,
    1586826165
  ],
  "shard_prediction_precision": 0.5490511655807495,
  "shard_prediction_recall": 0.5690000057220459
}