{
  "accs_after_deletion": [
    0.7968000173568726,
    0.8016000390052795
  ],
  "accs_before_deletion": [
    0.8304000496864319,
    0.8308000564575195
  ],
  "delta": 6.982864657330156e-05,
  "ensemble_acc_after_deletion": 0.806600034236908,
  "ensemble_acc_before_deletion": 0.8312000632286072,
  "epsilon": 266.8796027381839,
  "indicator": 1,
  "lengths_after_deletion": [
    2516,
    3210
  ],
  "rng": [
    1156565311,
    3771714821
  ],
  "shard_prediction_precision": 0.5553076267242432,
  "shard_prediction_recall": 0.5806666612625122
}