{
  "accs_after_deletion": [
    0.805400013923645,
    0.813800036907196
  ],
  "accs_before_deletion": [
    0.8276000618934631,
    0.8332000374794006
  ],
  "delta": 6.982864657330156e-05,
  "ensemble_acc_after_deletion": 0.8126000165939331,
  "ensemble_acc_before_deletion": 0.8300000429153442,
  "epsilon": 266.8796027381839,
  "indicator": 1,
  "lengths_after_deletion": [
    2396,
    3039
  ],
  "rng": [
    1267958571,
    2613010679
  ],
  "shard_prediction_precision": 0.5489718317985535,
  "shard_prediction_recall": 0.6006666421890259
}