{
  "accs_after_deletion": [
    0.7980000376701355,
    0.8112000226974487
  ],
  "accs_before_deletion": [
    0.813200056552887,
    0.8248000144958496
  ],
  "delta": 6.982864657330156e-05,
  "ensemble_acc_after_deletion": 0.8064000606536865,
  "ensemble_acc_before_deletion": 0.8178000450134277,
  "epsilon": 266.8796027381839,
  "indicator": 1,
  "lengths_after_deletion": [
    2404,
    3122
  ],
  "rng": [
    1337576389,
    3135745597
  ],
  "shard_prediction_precision": 0.5554525852203369,
  "shard_prediction_recall": 0.5993333458900452
}