{
  "accs_after_deletion": [
    0.792400062084198,
    0.7916000485420227
  ],
  "accs_before_deletion": [
    0.8242000341415405,
    0.8202000260353088
  ],
  "delta": 6.982864657330156e-05,
  "ensemble_acc_after_deletion": 0.7926000356674194,
  "ensemble_acc_before_deletion": 0.8290000557899475,
  "epsilon": 266.8796027381839,
  "indicator": 0,
  "lengths_after_deletion": [
    1774,
    2414
  ],
  "rng": [
    1349237957,
    4239219827
  ],
  "shard_prediction_precision": 0.5409626364707947,
  "shard_prediction_recall": 0.7043333053588867
}