{
  "accs_after_deletion": [
    0.8086000680923462,
    0.8006000518798828
  ],
  "accs_before_deletion": [
    0.8278000354766846,
    0.8188000321388245
  ],
  "delta": 6.982864657330156e-05,
  "ensemble_acc_after_deletion": 0.8042000532150269,
  "ensemble_acc_before_deletion": 0.8232000470161438,
  "epsilon": 266.8796027381839,
  "indicator": 0,
  "lengths_after_deletion": [
    2485,
    3076
  ],
  "rng": [
    1375906007,
    1494408561
  ],
  "shard_prediction_precision": 0.5458921790122986,
  "shard_prediction_recall": 0.5858333110809326
}