{
  "accs_after_deletion": [
    0.7922000288963318,
    0.8088000416755676
  ],
  "accs_before_deletion": [
    0.8224000334739685,
    0.8216000199317932
  ],
  "delta": 6.982864657330156e-05,
  "ensemble_acc_after_deletion": 0.8008000254631042,
  "ensemble_acc_before_deletion": 0.8218000531196594,
  "epsilon": 266.8796027381839,
  "indicator": 1,
  "lengths_after_deletion": [
    2198,
    2762
  ],
  "rng": [
    1393698385,
    1348439692
  ],
  "shard_prediction_precision": 0.5400568246841431,
  "shard_prediction_recall": 0.6336666345596313
}