{
  "accs_after_deletion": [
    0.8004000186920166,
    0.8212000131607056
  ],
  "accs_before_deletion": [
    0.8238000273704529,
    0.8270000219345093
  ],
  "delta": 6.982864657330156e-05,
  "ensemble_acc_after_deletion": 0.8148000240325928,
  "ensemble_acc_before_deletion": 0.8262000679969788,
  "epsilon": 266.8796027381839,
  "indicator": 1,
  "lengths_after_deletion": [
    3115,
    3769
  ],
  "rng": [
    142985362,
    4235249686
  ],
  "shard_prediction_precision": 0.5639171600341797,
  "shard_prediction_recall": 0.4808333218097687
}