{
  "accs_after_deletion": [
    0.8008000254631042,
    0.8098000288009644
  ],
  "accs_before_deletion": [
    0.8254000544548035,
    0.8202000260353088
  ],
  "delta": 6.982864657330156e-05,
  "ensemble_acc_after_deletion": 0.8158000111579895,
  "ensemble_acc_before_deletion": 0.8250000476837158,
  "epsilon": 266.8796027381839,
  "indicator": 1,
  "lengths_after_deletion": [
    3219,
    3862
  ],
  "rng": [
    145877488,
    553227651
  ],
  "shard_prediction_precision": 0.5653588175773621,
  "shard_prediction_recall": 0.4634999930858612
}