{
  "accs_after_deletion": [
    0.7932000160217285,
    0.812000036239624
  ],
  "accs_before_deletion": [
    0.8272000551223755,
    0.8248000144958496
  ],
  "delta": 6.982864657330156e-05,
  "ensemble_acc_after_deletion": 0.8118000626564026,
  "ensemble_acc_before_deletion": 0.8308000564575195,
  "epsilon": 266.8796027381839,
  "indicator": 1,
  "lengths_after_deletion": [
    3029,
    3604
  ],
  "rng": [
    1472675918,
    1798891309
  ],
  "shard_prediction_precision": 0.5535680651664734,
  "shard_prediction_recall": 0.4951666593551636
}