{
  "accs_after_deletion": [
    0.7982000112533569,
    0.8088000416755676
  ],
  "accs_before_deletion": [
    0.8288000226020813,
    0.8194000124931335
  ],
  "delta": 6.982864657330156e-05,
  "ensemble_acc_after_deletion": 0.8058000206947327,
  "ensemble_acc_before_deletion": 0.8266000151634216,
  "epsilon": 266.8796027381839,
  "indicator": 1,
  "lengths_after_deletion": [
    3516,
    4181
  ],
  "rng": [
    1493068388,
    3077534585
  ],
  "shard_prediction_precision": 0.5772716999053955,
  "shard_prediction_recall": 0.414000004529953
}