{
  "accs_after_deletion": [
    0.80840003490448,
    0.815000057220459
  ],
  "accs_before_deletion": [
    0.8256000280380249,
    0.8282000422477722
  ],
  "delta": 6.982864657330156e-05,
  "ensemble_acc_after_deletion": 0.8128000497817993,
  "ensemble_acc_before_deletion": 0.8312000632286072,
  "epsilon": 266.8796027381839,
  "indicator": 1,
  "lengths_after_deletion": [
    2749,
    3373
  ],
  "rng": [
    1609473857,
    230231664
  ],
  "shard_prediction_precision": 0.5530792474746704,
  "shard_prediction_recall": 0.5418333411216736
}