{
  "accs_after_deletion": [
    0.7862000465393066,
    0.8094000220298767
  ],
  "accs_before_deletion": [
    0.8246000409126282,
    0.8214000463485718
  ],
  "delta": 6.982864657330156e-05,
  "ensemble_acc_after_deletion": 0.792400062084198,
  "ensemble_acc_before_deletion": 0.8276000618934631,
  "epsilon": 266.8796027381839,
  "indicator": 1,
  "lengths_after_deletion": [
    1975,
    2569
  ],
  "rng": [
    1660698358,
    2780501167
  ],
  "shard_prediction_precision": 0.539833664894104,
  "shard_prediction_recall": 0.6708333492279053
}