{
  "accs_after_deletion": [
    0.8128000497817993,
    0.8062000274658203
  ],
  "accs_before_deletion": [
    0.8228000402450562,
    0.8220000267028809
  ],
  "delta": 6.982864657330156e-05,
  "ensemble_acc_after_deletion": 0.8116000294685364,
  "ensemble_acc_before_deletion": 0.8248000144958496,
  "epsilon": 266.8796027381839,
  "indicator": 0,
  "lengths_after_deletion": [
    3630,
    4311
  ],
  "rng": [
    1675764917,
    4161284679
  ],
  "shard_prediction_precision": 0.5838876962661743,
  "shard_prediction_recall": 0.39499998092651367
}