{
  "accs_after_deletion": [
    0.8002000451087952,
    0.8030000329017639
  ],
  "accs_before_deletion": [
    0.8172000646591187,
    0.8226000666618347
  ],
  "delta": 6.982864657330156e-05,
  "ensemble_acc_after_deletion": 0.8074000477790833,
  "ensemble_acc_before_deletion": 0.8256000280380249,
  "epsilon": 266.8796027381839,
  "indicator": 1,
  "lengths_after_deletion": [
    2589,
    3353
  ],
  "rng": [
    1715519041,
    3775551406
  ],
  "shard_prediction_precision": 0.5630571246147156,
  "shard_prediction_recall": 0.5684999823570251
}