{
  "accs_after_deletion": [
    0.801800012588501,
    0.813800036907196
  ],
  "accs_before_deletion": [
    0.8202000260353088,
    0.8246000409126282
  ],
  "delta": 6.982864657330156e-05,
  "ensemble_acc_after_deletion": 0.8092000484466553,
  "ensemble_acc_before_deletion": 0.8268000483512878,
  "epsilon": 266.8796027381839,
  "indicator": 1,
  "lengths_after_deletion": [
    2085,
    2804
  ],
  "rng": [
    1740312619,
    4148021033
  ],
  "shard_prediction_precision": 0.5505554676055908,
  "shard_prediction_recall": 0.6524999737739563
}