{
  "accs_after_deletion": [
    0.7878000140190125,
    0.801800012588501
  ],
  "accs_before_deletion": [
    0.8258000612258911,
    0.820400059223175
  ],
  "delta": 6.982864657330156e-05,
  "ensemble_acc_after_deletion": 0.7954000234603882,
  "ensemble_acc_before_deletion": 0.8256000280380249,
  "epsilon": 266.8796027381839,
  "indicator": 1,
  "lengths_after_deletion": [
    2341,
    3012
  ],
  "rng": [
    175713625,
    875541657
  ],
  "shard_prediction_precision": 0.5504739284515381,
  "shard_prediction_recall": 0.609833300113678
}