{
  "accs_after_deletion": [
    0.7962000370025635,
    0.8162000179290771
  ],
  "accs_before_deletion": [
    0.8220000267028809,
    0.8270000219345093
  ],
  "delta": 6.982864657330156e-05,
  "ensemble_acc_after_deletion": 0.8124000430107117,
  "ensemble_acc_before_deletion": 0.8266000151634216,
  "epsilon": 266.8796027381839,
  "indicator": 1,
  "lengths_after_deletion": [
    2427,
    3099
  ],
  "rng": [
    1771767175,
    283150539
  ],
  "shard_prediction_precision": 0.5518999099731445,
  "shard_prediction_recall": 0.5954999923706055
}