{
  "accs_after_deletion": [
    0.8062000274658203,
    0.815000057220459
  ],
  "accs_before_deletion": [
    0.8152000308036804,
    0.8306000232696533
  ],
  "delta": 6.982864657330156e-05,
  "ensemble_acc_after_deletion": 0.812000036239624,
  "ensemble_acc_before_deletion": 0.8232000470161438,
  "epsilon": 266.8796027381839,
  "indicator": 1,
  "lengths_after_deletion": [
    2298,
    2963
  ],
  "rng": [
    1784587562,
    3601047578
  ],
  "shard_prediction_precision": 0.5493396520614624,
  "shard_prediction_recall": 0.6169999837875366
}