{
  "accs_after_deletion": [
    0.8080000281333923,
    0.8128000497817993
  ],
  "accs_before_deletion": [
    0.8244000673294067,
    0.8212000131607056
  ],
  "delta": 6.982864657330156e-05,
  "ensemble_acc_after_deletion": 0.813800036907196,
  "ensemble_acc_before_deletion": 0.8278000354766846,
  "epsilon": 266.8796027381839,
  "indicator": 1,
  "lengths_after_deletion": [
    3660,
    4343
  ],
  "rng": [
    180822358,
    909855271
  ],
  "shard_prediction_precision": 0.5854390859603882,
  "shard_prediction_recall": 0.38999998569488525
}