{
  "accs_after_deletion": [
    0.7958000302314758,
    0.8046000599861145
  ],
  "accs_before_deletion": [
    0.8256000280380249,
    0.8240000605583191
  ],
  "delta": 6.982864657330156e-05,
  "ensemble_acc_after_deletion": 0.8030000329017639,
  "ensemble_acc_before_deletion": 0.8258000612258911,
  "epsilon": 266.8796027381839,
  "indicator": 1,
  "lengths_after_deletion": [
    1707,
    2390
  ],
  "rng": [
    1812126165,
    1223782254
  ],
  "shard_prediction_precision": 0.5432114601135254,
  "shard_prediction_recall": 0.715499997138977
}