{
  "accs_after_deletion": [
    0.803600013256073,
    0.8042000532150269
  ],
  "accs_before_deletion": [
    0.8234000205993652,
    0.8226000666618347
  ],
  "delta": 6.982864657330156e-05,
  "ensemble_acc_after_deletion": 0.8100000619888306,
  "ensemble_acc_before_deletion": 0.8272000551223755,
  "epsilon": 266.8796027381839,
  "indicator": 1,
  "lengths_after_deletion": [
    2368,
    2928
  ],
  "rng": [
    1817449044,
    2819002454
  ],
  "shard_prediction_precision": 0.5417661070823669,
  "shard_prediction_recall": 0.6053333282470703
}