{
  "accs_after_deletion": [
    0.789400041103363,
    0.7922000288963318
  ],
  "accs_before_deletion": [
    0.8282000422477722,
    0.8242000341415405
  ],
  "delta": 6.982864657330156e-05,
  "ensemble_acc_after_deletion": 0.7916000485420227,
  "ensemble_acc_before_deletion": 0.8264000415802002,
  "epsilon": 266.8796027381839,
  "indicator": 1,
  "lengths_after_deletion": [
    2428,
    3074
  ],
  "rng": [
    1837531410,
    3340711668
  ],
  "shard_prediction_precision": 0.5497075915336609,
  "shard_prediction_recall": 0.5953333377838135
}