{
  "accs_after_deletion": [
    0.7980000376701355,
    0.7964000105857849
  ],
  "accs_before_deletion": [
    0.8276000618934631,
    0.8276000618934631
  ],
  "delta": 6.982864657330156e-05,
  "ensemble_acc_after_deletion": 0.801800012588501,
  "ensemble_acc_before_deletion": 0.8312000632286072,
  "epsilon": 266.8796027381839,
  "indicator": 0,
  "lengths_after_deletion": [
    2519,
    3156
  ],
  "rng": [
    1846598261,
    4284607188
  ],
  "shard_prediction_precision": 0.5503557324409485,
  "shard_prediction_recall": 0.5801666378974915
}