{
  "accs_after_deletion": [
    0.801800012588501,
    0.800000011920929
  ],
  "accs_before_deletion": [
    0.8230000138282776,
    0.8218000531196594
  ],
  "delta": 6.982864657330156e-05,
  "ensemble_acc_after_deletion": 0.803600013256073,
  "ensemble_acc_before_deletion": 0.8242000341415405,
  "epsilon": 266.8796027381839,
  "indicator": 0,
  "lengths_after_deletion": [
    2347,
    3085
  ],
  "rng": [
    1927278179,
    2703825409
  ],
  "shard_prediction_precision": 0.5561814904212952,
  "shard_prediction_recall": 0.6088333129882812
}