{
  "accs_after_deletion": [
    0.8070000410079956,
    0.816800057888031
  ],
  "accs_before_deletion": [
    0.8256000280380249,
    0.8256000280380249
  ],
  "delta": 6.982864657330156e-05,
  "ensemble_acc_after_deletion": 0.8110000491142273,
  "ensemble_acc_before_deletion": 0.829200029373169,
  "epsilon": 266.8796027381839,
  "indicator": 1,
  "lengths_after_deletion": [
    3458,
    4001
  ],
  "rng": [
    1933065324,
    2852510906
  ],
  "shard_prediction_precision": 0.5597885847091675,
  "shard_prediction_recall": 0.42366665601730347
}