{
  "accs_after_deletion": [
    0.8046000599861145,
    0.8098000288009644
  ],
  "accs_before_deletion": [
    0.8296000361442566,
    0.8216000199317932
  ],
  "delta": 6.982864657330156e-05,
  "ensemble_acc_after_deletion": 0.8076000213623047,
  "ensemble_acc_before_deletion": 0.8296000361442566,
  "epsilon": 266.8796027381839,
  "indicator": 1,
  "lengths_after_deletion": [
    3460,
    4117
  ],
  "rng": [
    1990560255,
    174192435
  ],
  "shard_prediction_precision": 0.5742708444595337,
  "shard_prediction_recall": 0.4233333170413971
}