{
  "accs_after_deletion": [
    0.8028000593185425,
    0.8104000091552734
  ],
  "accs_before_deletion": [
    0.812000036239624,
    0.8262000679969788
  ],
  "delta": 6.982864657330156e-05,
  "ensemble_acc_after_deletion": 0.8058000206947327,
  "ensemble_acc_before_deletion": 0.829200029373169,
  "epsilon": 266.8796027381839,
  "indicator": 1,
  "lengths_after_deletion": [
    2446,
    3022
  ],
  "rng": [
    2000666692,
    629385941
  ],
  "shard_prediction_precision": 0.5440906286239624,
  "shard_prediction_recall": 0.5923333168029785
}