{
  "accs_after_deletion": [
    0.8068000674247742,
    0.8088000416755676
  ],
  "accs_before_deletion": [
    0.8254000544548035,
    0.8262000679969788
  ],
  "delta": 6.982864657330156e-05,
  "ensemble_acc_after_deletion": 0.8062000274658203,
  "ensemble_acc_before_deletion": 0.831000030040741,
  "epsilon": 266.8796027381839,
  "indicator": 1,
  "lengths_after_deletion": [
    2526,
    3089
  ],
  "rng": [
    2180360898,
    2755358471
  ],
  "shard_prediction_precision": 0.5440877079963684,
  "shard_prediction_recall": 0.5789999961853027
}