{
  "accs_after_deletion": [
    0.7914000153541565,
    0.8002000451087952
  ],
  "accs_before_deletion": [
    0.8278000354766846,
    0.8182000517845154
  ],
  "delta": 6.982864657330156e-05,
  "ensemble_acc_after_deletion": 0.8044000267982483,
  "ensemble_acc_before_deletion": 0.8244000673294067,
  "epsilon": 266.8796027381839,
  "indicator": 1,
  "lengths_after_deletion": [
    2182,
    2746
  ],
  "rng": [
    2209965286,
    1834510551
  ],
  "shard_prediction_precision": 0.5398755669593811,
  "shard_prediction_recall": 0.6363333463668823
}