{
  "accs_after_deletion": [
    0.7910000085830688,
    0.7928000092506409
  ],
  "accs_before_deletion": [
    0.8274000287055969,
    0.8236000537872314
  ],
  "delta": 6.982864657330156e-05,
  "ensemble_acc_after_deletion": 0.7930000424385071,
  "ensemble_acc_before_deletion": 0.8294000625610352,
  "epsilon": 266.8796027381839,
  "indicator": 1,
  "lengths_after_deletion": [
    2095,
    2665
  ],
  "rng": [
    2222554687,
    1262601832
  ],
  "shard_prediction_precision": 0.5393646955490112,
  "shard_prediction_recall": 0.6508333086967468
}