{
  "accs_after_deletion": [
    0.7978000640869141,
    0.8088000416755676
  ],
  "accs_before_deletion": [
    0.8254000544548035,
    0.8324000239372253
  ],
  "delta": 6.982864657330156e-05,
  "ensemble_acc_after_deletion": 0.8070000410079956,
  "ensemble_acc_before_deletion": 0.8302000164985657,
  "epsilon": 266.8796027381839,
  "indicator": 1,
  "lengths_after_deletion": [
    2761,
    3420
  ],
  "rng": [
    2223203641,
    455761100
  ],
  "shard_prediction_precision": 0.5566248297691345,
  "shard_prediction_recall": 0.5398333072662354
}