{
  "accs_after_deletion": [
    0.8024000525474548,
    0.807200014591217
  ],
  "accs_before_deletion": [
    0.8226000666618347,
    0.8236000537872314
  ],
  "delta": 6.982864657330156e-05,
  "ensemble_acc_after_deletion": 0.8116000294685364,
  "ensemble_acc_before_deletion": 0.8240000605583191,
  "epsilon": 266.8796027381839,
  "indicator": 1,
  "lengths_after_deletion": [
    3686,
    4300
  ],
  "rng": [
    2264571734,
    967848472
  ],
  "shard_prediction_precision": 0.576482355594635,
  "shard_prediction_recall": 0.3856666684150696
}