{
  "accs_after_deletion": [
    0.8116000294685364,
    0.8082000613212585
  ],
  "accs_before_deletion": [
    0.8218000531196594,
    0.8218000531196594
  ],
  "delta": 6.982864657330156e-05,
  "ensemble_acc_after_deletion": 0.815000057220459,
  "ensemble_acc_before_deletion": 0.8214000463485718,
  "epsilon": 266.8796027381839,
  "indicator": 0,
  "lengths_after_deletion": [
    2863,
    3502
  ],
  "rng": [
    2294114503,
    3556449635
  ],
  "shard_prediction_precision": 0.5566992163658142,
  "shard_prediction_recall": 0.5228333473205566
}