{
  "accs_after_deletion": [
    0.803600013256073,
    0.8028000593185425
  ],
  "accs_before_deletion": [
    0.8308000564575195,
    0.8286000490188599
  ],
  "delta": 6.982864657330156e-05,
  "ensemble_acc_after_deletion": 0.810200035572052,
  "ensemble_acc_before_deletion": 0.8308000564575195,
  "epsilon": 266.8796027381839,
  "indicator": 0,
  "lengths_after_deletion": [
    2324,
    3071
  ],
  "rng": [
    2317313470,
    1121063796
  ],
  "shard_prediction_precision": 0.5565480589866638,
  "shard_prediction_recall": 0.612666666507721
}