{
  "accs_after_deletion": [
    0.8020000457763672,
    0.8128000497817993
  ],
  "accs_before_deletion": [
    0.8230000138282776,
    0.8224000334739685
  ],
  "delta": 6.982864657330156e-05,
  "ensemble_acc_after_deletion": 0.8106000423431396,
  "ensemble_acc_before_deletion": 0.8258000612258911,
  "epsilon": 266.8796027381839,
  "indicator": 1,
  "lengths_after_deletion": [
    2522,
    3096
  ],
  "rng": [
    2428207311,
    846532622
  ],
  "shard_prediction_precision": 0.5449702143669128,
  "shard_prediction_recall": 0.5796666741371155
}