{
  "accs_after_deletion": [
    0.8040000200271606,
    0.8178000450134277
  ],
  "accs_before_deletion": [
    0.8252000212669373,
    0.8244000673294067
  ],
  "delta": 6.982864657330156e-05,
  "ensemble_acc_after_deletion": 0.8124000430107117,
  "ensemble_acc_before_deletion": 0.8268000483512878,
  "epsilon": 266.8796027381839,
  "indicator": 1,
  "lengths_after_deletion": [
    2058,
    2698
  ],
  "rng": [
    2480067975,
    2638329674
  ],
  "shard_prediction_precision": 0.5441745519638062,
  "shard_prediction_recall": 0.6570000052452087
}