{
  "accs_after_deletion": [
    0.8028000593185425,
    0.8068000674247742
  ],
  "accs_before_deletion": [
    0.8216000199317932,
    0.820400059223175
  ],
  "delta": 6.982864657330156e-05,
  "ensemble_acc_after_deletion": 0.8082000613212585,
  "ensemble_acc_before_deletion": 0.8234000205993652,
  "epsilon": 266.8796027381839,
  "indicator": 1,
  "lengths_after_deletion": [
    2144,
    2741
  ],
  "rng": [
    2486649763,
    235043989
  ],
  "shard_prediction_precision": 0.5419535636901855,
  "shard_prediction_recall": 0.6426666378974915
}