{
  "accs_after_deletion": [
    0.7970000505447388,
    0.801800012588501
  ],
  "accs_before_deletion": [
    0.8296000361442566,
    0.8212000131607056
  ],
  "delta": 6.982864657330156e-05,
  "ensemble_acc_after_deletion": 0.7992000579833984,
  "ensemble_acc_before_deletion": 0.8290000557899475,
  "epsilon": 266.8796027381839,
  "indicator": 1,
  "lengths_after_deletion": [
    2272,
    2865
  ],
  "rng": [
    2490793720,
    1404530777
  ],
  "shard_prediction_precision": 0.5432026982307434,
  "shard_prediction_recall": 0.6213333010673523
}