{
  "accs_after_deletion": [
    0.7974000573158264,
    0.8048000335693359
  ],
  "accs_before_deletion": [
    0.8206000328063965,
    0.8262000679969788
  ],
  "delta": 6.982864657330156e-05,
  "ensemble_acc_after_deletion": 0.8064000606536865,
  "ensemble_acc_before_deletion": 0.8242000341415405,
  "epsilon": 266.8796027381839,
  "indicator": 1,
  "lengths_after_deletion": [
    2842,
    3411
  ],
  "rng": [
    2500223799,
    817339487
  ],
  "shard_prediction_precision": 0.5495041012763977,
  "shard_prediction_recall": 0.5263333320617676
}