{
  "accs_after_deletion": [
    0.8032000660896301,
    0.806600034236908
  ],
  "accs_before_deletion": [
    0.8154000639915466,
    0.8276000618934631
  ],
  "delta": 6.982864657330156e-05,
  "ensemble_acc_after_deletion": 0.8040000200271606,
  "ensemble_acc_before_deletion": 0.8290000557899475,
  "epsilon": 266.8796027381839,
  "indicator": 1,
  "lengths_after_deletion": [
    2088,
    2731
  ],
  "rng": [
    2551010978,
    1350743863
  ],
  "shard_prediction_precision": 0.5447709560394287,
  "shard_prediction_recall": 0.6520000100135803
}