{
  "accs_after_deletion": [
    0.8060000538825989,
    0.8224000334739685
  ],
  "accs_before_deletion": [
    0.8230000138282776,
    0.8248000144958496
  ],
  "delta": 6.982864657330156e-05,
  "ensemble_acc_after_deletion": 0.8154000639915466,
  "ensemble_acc_before_deletion": 0.8290000557899475,
  "epsilon": 266.8796027381839,
  "indicator": 1,
  "lengths_after_deletion": [
    3165,
    3856
  ],
  "rng": [
    264844757,
    4214336246
  ],
  "shard_prediction_precision": 0.5693914294242859,
  "shard_prediction_recall": 0.4724999964237213
}