{
  "accs_after_deletion": [
    0.8108000159263611,
    0.806600034236908
  ],
  "accs_before_deletion": [
    0.8162000179290771,
    0.8248000144958496
  ],
  "delta": 6.982864657330156e-05,
  "ensemble_acc_after_deletion": 0.8040000200271606,
  "ensemble_acc_before_deletion": 0.8256000280380249,
  "epsilon": 266.8796027381839,
  "indicator": 0,
  "lengths_after_deletion": [
    2278,
    2985
  ],
  "rng": [
    2705737235,
    2478637841
  ],
  "shard_prediction_precision": 0.552471399307251,
  "shard_prediction_recall": 0.6203333139419556
}