{
  "accs_after_deletion": [
    0.8032000660896301,
    0.813200056552887
  ],
  "accs_before_deletion": [
    0.8288000226020813,
    0.8262000679969788
  ],
  "delta": 6.982864657330156e-05,
  "ensemble_acc_after_deletion": 0.8074000477790833,
  "ensemble_acc_before_deletion": 0.8306000232696533,
  "epsilon": 266.8796027381839,
  "indicator": 1,
  "lengths_after_deletion": [
    2350,
    2937
  ],
  "rng": [
    2729187789,
    2228164266
  ],
  "shard_prediction_precision": 0.5437211394309998,
  "shard_prediction_recall": 0.6083333492279053
}