{
  "accs_after_deletion": [
    0.7944000363349915,
    0.7968000173568726
  ],
  "accs_before_deletion": [
    0.8180000185966492,
    0.8220000267028809
  ],
  "delta": 6.982864657330156e-05,
  "ensemble_acc_after_deletion": 0.801800012588501,
  "ensemble_acc_before_deletion": 0.8246000409126282,
  "epsilon": 266.8796027381839,
  "indicator": 1,
  "lengths_after_deletion": [
    2198,
    2933
  ],
  "rng": [
    2750054557,
    3644189049
  ],
  "shard_prediction_precision": 0.5535012483596802,
  "shard_prediction_recall": 0.6336666345596313
}