{
  "accs_after_deletion": [
    0.7966000437736511,
    0.8116000294685364
  ],
  "accs_before_deletion": [
    0.8272000551223755,
    0.8266000151634216
  ],
  "delta": 6.982864657330156e-05,
  "ensemble_acc_after_deletion": 0.806600034236908,
  "ensemble_acc_before_deletion": 0.8308000564575195,
  "epsilon": 266.8796027381839,
  "indicator": 1,
  "lengths_after_deletion": [
    3137,
    3767
  ],
  "rng": [
    2791261064,
    1214329835
  ],
  "shard_prediction_precision": 0.5618131756782532,
  "shard_prediction_recall": 0.47716665267944336
}