{
  "accs_after_deletion": [
    0.8020000457763672,
    0.8112000226974487
  ],
  "accs_before_deletion": [
    0.8246000409126282,
    0.8242000341415405
  ],
  "delta": 6.982864657330156e-05,
  "ensemble_acc_after_deletion": 0.8050000667572021,
  "ensemble_acc_before_deletion": 0.8272000551223755,
  "epsilon": 266.8796027381839,
  "indicator": 1,
  "lengths_after_deletion": [
    3006,
    3664
  ],
  "rng": [
    2804074256,
    578210746
  ],
  "shard_prediction_precision": 0.5617260932922363,
  "shard_prediction_recall": 0.4989999830722809
}