{
  "accs_after_deletion": [
    0.7986000180244446,
    0.813800036907196
  ],
  "accs_before_deletion": [
    0.8216000199317932,
    0.829200029373169
  ],
  "delta": 6.982864657330156e-05,
  "ensemble_acc_after_deletion": 0.8096000552177429,
  "ensemble_acc_before_deletion": 0.83160001039505,
  "epsilon": 266.8796027381839,
  "indicator": 1,
  "lengths_after_deletion": [
    2528,
    3228
  ],
  "rng": [
    2835535111,
    1737848103
  ],
  "shard_prediction_precision": 0.5560538172721863,
  "shard_prediction_recall": 0.5786666870117188
}