{
  "accs_after_deletion": [
    0.796000063419342,
    0.8016000390052795
  ],
  "accs_before_deletion": [
    0.8246000409126282,
    0.8224000334739685
  ],
  "delta": 6.982864657330156e-05,
  "ensemble_acc_after_deletion": 0.8032000660896301,
  "ensemble_acc_before_deletion": 0.8268000483512878,
  "epsilon": 266.8796027381839,
  "indicator": 1,
  "lengths_after_deletion": [
    2681,
    3325
  ],
  "rng": [
    2851774546,
    2002086504
  ],
  "shard_prediction_precision": 0.5537204146385193,
  "shard_prediction_recall": 0.5531666874885559
}