{
  "accs_after_deletion": [
    0.805400013923645,
    0.8090000152587891
  ],
  "accs_before_deletion": [
    0.8258000612258911,
    0.8286000490188599
  ],
  "delta": 6.982864657330156e-05,
  "ensemble_acc_after_deletion": 0.8060000538825989,
  "ensemble_acc_before_deletion": 0.8308000564575195,
  "epsilon": 266.8796027381839,
  "indicator": 1,
  "lengths_after_deletion": [
    2160,
    2867
  ],
  "rng": [
    2852736407,
    926644858
  ],
  "shard_prediction_precision": 0.550695538520813,
  "shard_prediction_recall": 0.6399999856948853
}