{
  "accs_after_deletion": [
    0.7976000308990479,
    0.8062000274658203
  ],
  "accs_before_deletion": [
    0.8266000151634216,
    0.8228000402450562
  ],
  "delta": 6.982864657330156e-05,
  "ensemble_acc_after_deletion": 0.8064000606536865,
  "ensemble_acc_before_deletion": 0.8286000490188599,
  "epsilon": 266.8796027381839,
  "indicator": 1,
  "lengths_after_deletion": [
    2109,
    2717
  ],
  "rng": [
    2892244917,
    4178914915
  ],
  "shard_prediction_precision": 0.5423752665519714,
  "shard_prediction_recall": 0.6484999656677246
}