{
  "accs_after_deletion": [
    0.7926000356674194,
    0.7952000498771667
  ],
  "accs_before_deletion": [
    0.8250000476837158,
    0.813200056552887
  ],
  "delta": 6.982864657330156e-05,
  "ensemble_acc_after_deletion": 0.8046000599861145,
  "ensemble_acc_before_deletion": 0.8246000409126282,
  "epsilon": 266.8796027381839,
  "indicator": 1,
  "lengths_after_deletion": [
    2639,
    3285
  ],
  "rng": [
    2938927035,
    847399417
  ],
  "shard_prediction_precision": 0.5531599521636963,
  "shard_prediction_recall": 0.5601666569709778
}