{
  "accs_after_deletion": [
    0.8080000281333923,
    0.818600058555603
  ],
  "accs_before_deletion": [
    0.8220000267028809,
    0.8284000158309937
  ],
  "delta": 6.982864657330156e-05,
  "ensemble_acc_after_deletion": 0.8112000226974487,
  "ensemble_acc_before_deletion": 0.8258000612258911,
  "epsilon": 266.8796027381839,
  "indicator": 1,
  "lengths_after_deletion": [
    2755,
    3372
  ],
  "rng": [
    294230656,
    610385146
  ],
  "shard_prediction_precision": 0.5525285005569458,
  "shard_prediction_recall": 0.5408333539962769
}