{
  "accs_after_deletion": [
    0.7990000247955322,
    0.8118000626564026
  ],
  "accs_before_deletion": [
    0.8250000476837158,
    0.8234000205993652
  ],
  "delta": 6.982864657330156e-05,
  "ensemble_acc_after_deletion": 0.8090000152587891,
  "ensemble_acc_before_deletion": 0.8264000415802002,
  "epsilon": 266.8796027381839,
  "indicator": 1,
  "lengths_after_deletion": [
    2667,
    3289
  ],
  "rng": [
    294558375,
    1712116463
  ],
  "shard_prediction_precision": 0.5514559745788574,
  "shard_prediction_recall": 0.5554999709129333
}