{
  "accs_after_deletion": [
    0.7964000105857849,
    0.800000011920929
  ],
  "accs_before_deletion": [
    0.8274000287055969,
    0.8182000517845154
  ],
  "delta": 6.982864657330156e-05,
  "ensemble_acc_after_deletion": 0.7998000383377075,
  "ensemble_acc_before_deletion": 0.8256000280380249,
  "epsilon": 266.8796027381839,
  "indicator": 1,
  "lengths_after_deletion": [
    2316,
    2974
  ],
  "rng": [
    2948636168,
    4120060662
  ],
  "shard_prediction_precision": 0.5490313172340393,
  "shard_prediction_recall": 0.6140000224113464
}