{
  "accs_after_deletion": [
    0.8030000329017639,
    0.8034000396728516
  ],
  "accs_before_deletion": [
    0.8244000673294067,
    0.8210000395774841
  ],
  "delta": 6.982864657330156e-05,
  "ensemble_acc_after_deletion": 0.8050000667572021,
  "ensemble_acc_before_deletion": 0.8284000158309937,
  "epsilon": 266.8796027381839,
  "indicator": 1,
  "lengths_after_deletion": [
    1606,
    2207
  ],
  "rng": [
    3003762149,
    2557367613
  ],
  "shard_prediction_precision": 0.5367045402526855,
  "shard_prediction_recall": 0.7323333024978638
}