{
  "accs_after_deletion": [
    0.8058000206947327,
    0.815000057220459
  ],
  "accs_before_deletion": [
    0.8260000348091125,
    0.8354000449180603
  ],
  "delta": 6.982864657330156e-05,
  "ensemble_acc_after_deletion": 0.813800036907196,
  "ensemble_acc_before_deletion": 0.8308000564575195,
  "epsilon": 266.8796027381839,
  "indicator": 1,
  "lengths_after_deletion": [
    3674,
    4315
  ],
  "rng": [
    302005445,
    2498395210
  ],
  "shard_prediction_precision": 0.5799052715301514,
  "shard_prediction_recall": 0.3876666724681854
}