{
  "accs_after_deletion": [
    0.80840003490448,
    0.807200014591217
  ],
  "accs_before_deletion": [
    0.8248000144958496,
    0.8278000354766846
  ],
  "delta": 6.982864657330156e-05,
  "ensemble_acc_after_deletion": 0.8152000308036804,
  "ensemble_acc_before_deletion": 0.8274000287055969,
  "epsilon": 266.8796027381839,
  "indicator": 0,
  "lengths_after_deletion": [
    2422,
    3044
  ],
  "rng": [
    3024746607,
    2750895687
  ],
  "shard_prediction_precision": 0.5475971698760986,
  "shard_prediction_recall": 0.5963333249092102
}