{
  "accs_after_deletion": [
    0.7896000146865845,
    0.805400013923645
  ],
  "accs_before_deletion": [
    0.8226000666618347,
    0.8162000179290771
  ],
  "delta": 6.982864657330156e-05,
  "ensemble_acc_after_deletion": 0.8022000193595886,
  "ensemble_acc_before_deletion": 0.8212000131607056,
  "epsilon": 266.8796027381839,
  "indicator": 1,
  "lengths_after_deletion": [
    2189,
    2868
  ],
  "rng": [
    3056997746,
    2296203795
  ],
  "shard_prediction_precision": 0.5488981604576111,
  "shard_prediction_recall": 0.6351666450500488
}