{
  "accs_after_deletion": [
    0.7976000308990479,
    0.8140000104904175
  ],
  "accs_before_deletion": [
    0.813800036907196,
    0.8242000341415405
  ],
  "delta": 6.982864657330156e-05,
  "ensemble_acc_after_deletion": 0.8096000552177429,
  "ensemble_acc_before_deletion": 0.8202000260353088,
  "epsilon": 266.8796027381839,
  "indicator": 1,
  "lengths_after_deletion": [
    2993,
    3624
  ],
  "rng": [
    3059268229,
    1898928779
  ],
  "shard_prediction_precision": 0.5586104393005371,
  "shard_prediction_recall": 0.5011666417121887
}