{
  "accs_after_deletion": [
    0.7910000085830688,
    0.7966000437736511
  ],
  "accs_before_deletion": [
    0.8192000389099121,
    0.8170000314712524
  ],
  "delta": 6.982864657330156e-05,
  "ensemble_acc_after_deletion": 0.7918000221252441,
  "ensemble_acc_before_deletion": 0.8230000138282776,
  "epsilon": 266.8796027381839,
  "indicator": 1,
  "lengths_after_deletion": [
    1692,
    2348
  ],
  "rng": [
    3079608272,
    2102995541
  ],
  "shard_prediction_precision": 0.5412060022354126,
  "shard_prediction_recall": 0.7179999947547913
}