{
  "accs_after_deletion": [
    0.7726000547409058,
    0.7920000553131104
  ],
  "accs_before_deletion": [
    0.8198000192642212,
    0.8184000253677368
  ],
  "delta": 6.982864657330156e-05,
  "ensemble_acc_after_deletion": 0.7842000126838684,
  "ensemble_acc_before_deletion": 0.8270000219345093,
  "epsilon": 266.8796027381839,
  "indicator": 1,
  "lengths_after_deletion": [
    1500,
    2227
  ],
  "rng": [
    3118359024,
    699554743
  ],
  "shard_prediction_precision": 0.543938159942627,
  "shard_prediction_recall": 0.75
}