{
  "accs_after_deletion": [
    0.7944000363349915,
    0.810200035572052
  ],
  "accs_before_deletion": [
    0.8260000348091125,
    0.8308000564575195
  ],
  "delta": 6.982864657330156e-05,
  "ensemble_acc_after_deletion": 0.7992000579833984,
  "ensemble_acc_before_deletion": 0.8300000429153442,
  "epsilon": 266.8796027381839,
  "indicator": 1,
  "lengths_after_deletion": [
    2005,
    2757
  ],
  "rng": [
    3126361112,
    1120567589
  ],
  "shard_prediction_precision": 0.5519481301307678,
  "shard_prediction_recall": 0.6658333539962769
}