{
  "accs_after_deletion": [
    0.8080000281333923,
    0.805400013923645
  ],
  "accs_before_deletion": [
    0.8218000531196594,
    0.8212000131607056
  ],
  "delta": 6.982864657330156e-05,
  "ensemble_acc_after_deletion": 0.810200035572052,
  "ensemble_acc_before_deletion": 0.8240000605583191,
  "epsilon": 266.8796027381839,
  "indicator": 0,
  "lengths_after_deletion": [
    3120,
    3787
  ],
  "rng": [
    3197943293,
    2462031045
  ],
  "shard_prediction_precision": 0.5654820203781128,
  "shard_prediction_recall": 0.47999998927116394
}