{
  "accs_after_deletion": [
    0.812000036239624,
    0.8130000233650208
  ],
  "accs_before_deletion": [
    0.8242000341415405,
    0.8238000273704529
  ],
  "delta": 6.982864657330156e-05,
  "ensemble_acc_after_deletion": 0.8128000497817993,
  "ensemble_acc_before_deletion": 0.8286000490188599,
  "epsilon": 266.8796027381839,
  "indicator": 1,
  "lengths_after_deletion": [
    2958,
    3615
  ],
  "rng": [
    323595695,
    3564792472
  ],
  "shard_prediction_precision": 0.5605306625366211,
  "shard_prediction_recall": 0.5069999694824219
}