{
  "accs_after_deletion": [
    0.7932000160217285,
    0.8006000518798828
  ],
  "accs_before_deletion": [
    0.8224000334739685,
    0.8238000273704529
  ],
  "delta": 6.982864657330156e-05,
  "ensemble_acc_after_deletion": 0.8074000477790833,
  "ensemble_acc_before_deletion": 0.8266000151634216,
  "epsilon": 266.8796027381839,
  "indicator": 1,
  "lengths_after_deletion": [
    1710,
    2364
  ],
  "rng": [
    3264934266,
    2612804215
  ],
  "shard_prediction_precision": 0.5412566065788269,
  "shard_prediction_recall": 0.7149999737739563
}