{
  "accs_after_deletion": [
    0.806600034236908,
    0.8096000552177429
  ],
  "accs_before_deletion": [
    0.816800057888031,
    0.8240000605583191
  ],
  "delta": 6.982864657330156e-05,
  "ensemble_acc_after_deletion": 0.8092000484466553,
  "ensemble_acc_before_deletion": 0.8252000212669373,
  "epsilon": 266.8796027381839,
  "indicator": 1,
  "lengths_after_deletion": [
    2567,
    3271
  ],
  "rng": [
    3317618649,
    968938465
  ],
  "shard_prediction_precision": 0.5571243166923523,
  "shard_prediction_recall": 0.5721666812896729
}