{
  "accs_after_deletion": [
    0.7978000640869141,
    0.8078000545501709
  ],
  "accs_before_deletion": [
    0.8284000158309937,
    0.8214000463485718
  ],
  "delta": 6.982864657330156e-05,
  "ensemble_acc_after_deletion": 0.8026000261306763,
  "ensemble_acc_before_deletion": 0.829800009727478,
  "epsilon": 266.8796027381839,
  "indicator": 1,
  "lengths_after_deletion": [
    2139,
    2755
  ],
  "rng": [
    3335787762,
    3789536851
  ],
  "shard_prediction_precision": 0.5433436632156372,
  "shard_prediction_recall": 0.6434999704360962
}