{
  "accs_after_deletion": [
    0.8006000518798828,
    0.8112000226974487
  ],
  "accs_before_deletion": [
    0.8206000328063965,
    0.8256000280380249
  ],
  "delta": 6.982864657330156e-05,
  "ensemble_acc_after_deletion": 0.8096000552177429,
  "ensemble_acc_before_deletion": 0.8260000348091125,
  "epsilon": 266.8796027381839,
  "indicator": 1,
  "lengths_after_deletion": [
    3368,
    3979
  ],
  "rng": [
    338075009,
    2598917228
  ],
  "shard_prediction_precision": 0.5656566023826599,
  "shard_prediction_recall": 0.4386666715145111
}