{
  "accs_after_deletion": [
    0.8040000200271606,
    0.8038000464439392
  ],
  "accs_before_deletion": [
    0.8222000598907471,
    0.8252000212669373
  ],
  "delta": 6.982864657330156e-05,
  "ensemble_acc_after_deletion": 0.8094000220298767,
  "ensemble_acc_before_deletion": 0.8282000422477722,
  "epsilon": 266.8796027381839,
  "indicator": 0,
  "lengths_after_deletion": [
    1842,
    2442
  ],
  "rng": [
    3389953241,
    1936761500
  ],
  "shard_prediction_precision": 0.5388802289962769,
  "shard_prediction_recall": 0.6930000185966492
}