{
  "accs_after_deletion": [
    0.8068000674247742,
    0.8118000626564026
  ],
  "accs_before_deletion": [
    0.8244000673294067,
    0.8184000253677368
  ],
  "delta": 6.982864657330156e-05,
  "ensemble_acc_after_deletion": 0.8118000626564026,
  "ensemble_acc_before_deletion": 0.8218000531196594,
  "epsilon": 266.8796027381839,
  "indicator": 1,
  "lengths_after_deletion": [
    3497,
    4086
  ],
  "rng": [
    3422941487,
    2379779330
  ],
  "shard_prediction_precision": 0.5666742324829102,
  "shard_prediction_recall": 0.41716665029525757
}