{
  "accs_after_deletion": [
    0.8002000451087952,
    0.8046000599861145
  ],
  "accs_before_deletion": [
    0.8294000625610352,
    0.8184000253677368
  ],
  "delta": 6.982864657330156e-05,
  "ensemble_acc_after_deletion": 0.8024000525474548,
  "ensemble_acc_before_deletion": 0.8246000409126282,
  "epsilon": 266.8796027381839,
  "indicator": 1,
  "lengths_after_deletion": [
    2750,
    3410
  ],
  "rng": [
    3463532524,
    933004125
  ],
  "shard_prediction_precision": 0.556506872177124,
  "shard_prediction_recall": 0.5416666865348816
}