{
  "accs_after_deletion": [
    0.8034000396728516,
    0.8108000159263611
  ],
  "accs_before_deletion": [
    0.8240000605583191,
    0.8238000273704529
  ],
  "delta": 6.982864657330156e-05,
  "ensemble_acc_after_deletion": 0.807200014591217,
  "ensemble_acc_before_deletion": 0.8262000679969788,
  "epsilon": 266.8796027381839,
  "indicator": 1,
  "lengths_after_deletion": [
    2070,
    2804
  ],
  "rng": [
    3541348567,
    1773473089
  ],
  "shard_prediction_precision": 0.5515015125274658,
  "shard_prediction_recall": 0.6549999713897705
}