{
  "accs_after_deletion": [
    0.816800057888031,
    0.8076000213623047
  ],
  "accs_before_deletion": [
    0.8226000666618347,
    0.8224000334739685
  ],
  "delta": 6.982864657330156e-05,
  "ensemble_acc_after_deletion": 0.8112000226974487,
  "ensemble_acc_before_deletion": 0.8314000368118286,
  "epsilon": 266.8796027381839,
  "indicator": 0,
  "lengths_after_deletion": [
    2504,
    3157
  ],
  "rng": [
    3638218684,
    2549982092
  ],
  "shard_prediction_precision": 0.551506519317627,
  "shard_prediction_recall": 0.5826666355133057
}