{
  "accs_after_deletion": [
    0.7984000444412231,
    0.8114000558853149
  ],
  "accs_before_deletion": [
    0.8252000212669373,
    0.8238000273704529
  ],
  "delta": 6.982864657330156e-05,
  "ensemble_acc_after_deletion": 0.8112000226974487,
  "ensemble_acc_before_deletion": 0.8252000212669373,
  "epsilon": 266.8796027381839,
  "indicator": 1,
  "lengths_after_deletion": [
    2082,
    2707
  ],
  "rng": [
    3716572940,
    3021869603
  ],
  "shard_prediction_precision": 0.5433366298675537,
  "shard_prediction_recall": 0.652999997138977
}