{
  "accs_after_deletion": [
    0.8014000654220581,
    0.8038000464439392
  ],
  "accs_before_deletion": [
    0.8294000625610352,
    0.8244000673294067
  ],
  "delta": 6.982864657330156e-05,
  "ensemble_acc_after_deletion": 0.7968000173568726,
  "ensemble_acc_before_deletion": 0.8286000490188599,
  "epsilon": 266.8796027381839,
  "indicator": 1,
  "lengths_after_deletion": [
    2016,
    2644
  ],
  "rng": [
    371910442,
    517182322
  ],
  "shard_prediction_precision": 0.5427793264389038,
  "shard_prediction_recall": 0.6639999747276306
}