{
  "accs_after_deletion": [
    0.7936000227928162,
    0.805400013923645
  ],
  "accs_before_deletion": [
    0.8234000205993652,
    0.8248000144958496
  ],
  "delta": 6.982864657330156e-05,
  "ensemble_acc_after_deletion": 0.8030000329017639,
  "ensemble_acc_before_deletion": 0.8264000415802002,
  "epsilon": 266.8796027381839,
  "indicator": 1,
  "lengths_after_deletion": [
    1955,
    2501
  ],
  "rng": [
    3732287654,
    1432433825
  ],
  "shard_prediction_precision": 0.5361877083778381,
  "shard_prediction_recall": 0.6741666793823242
}