{
  "accs_after_deletion": [
    0.7968000173568726,
    0.8148000240325928
  ],
  "accs_before_deletion": [
    0.8290000557899475,
    0.8218000531196594
  ],
  "delta": 6.982864657330156e-05,
  "ensemble_acc_after_deletion": 0.8064000606536865,
  "ensemble_acc_before_deletion": 0.8314000368118286,
  "epsilon": 266.8796027381839,
  "indicator": 1,
  "lengths_after_deletion": [
    2630,
    3301
  ],
  "rng": [
    3772547177,
    2421647124
  ],
  "shard_prediction_precision": 0.5552809238433838,
  "shard_prediction_recall": 0.5616666674613953
}