{
  "accs_after_deletion": [
    0.7992000579833984,
    0.7978000640869141
  ],
  "accs_before_deletion": [
    0.8286000490188599,
    0.8226000666618347
  ],
  "delta": 6.982864657330156e-05,
  "ensemble_acc_after_deletion": 0.7988000512123108,
  "ensemble_acc_before_deletion": 0.8296000361442566,
  "epsilon": 266.8796027381839,
  "indicator": 0,
  "lengths_after_deletion": [
    1891,
    2536
  ],
  "rng": [
    3833856572,
    1137456702
  ],
  "shard_prediction_precision": 0.5425854921340942,
  "shard_prediction_recall": 0.6848333477973938
}