{
  "accs_after_deletion": [
    0.8134000301361084,
    0.8236000537872314
  ],
  "accs_before_deletion": [
    0.8246000409126282,
    0.8342000246047974
  ],
  "delta": 6.982864657330156e-05,
  "ensemble_acc_after_deletion": 0.8256000280380249,
  "ensemble_acc_before_deletion": 0.8306000232696533,
  "epsilon": 266.8796027381839,
  "indicator": 1,
  "lengths_after_deletion": [
    3024,
    3607
  ],
  "rng": [
    3834711649,
    1806417413
  ],
  "shard_prediction_precision": 0.554293155670166,
  "shard_prediction_recall": 0.4959999918937683
}