{
  "accs_after_deletion": [
    0.8042000532150269,
    0.8082000613212585
  ],
  "accs_before_deletion": [
    0.8260000348091125,
    0.8238000273704529
  ],
  "delta": 6.982864657330156e-05,
  "ensemble_acc_after_deletion": 0.8112000226974487,
  "ensemble_acc_before_deletion": 0.83160001039505,
  "epsilon": 266.8796027381839,
  "indicator": 1,
  "lengths_after_deletion": [
    3299,
    3919
  ],
  "rng": [
    3864619734,
    3191906878
  ],
  "shard_prediction_precision": 0.5648264288902283,
  "shard_prediction_recall": 0.4501666724681854
}