{
  "accs_after_deletion": [
    0.803600013256073,
    0.8214000463485718
  ],
  "accs_before_deletion": [
    0.8228000402450562,
    0.8254000544548035
  ],
  "delta": 6.982864657330156e-05,
  "ensemble_acc_after_deletion": 0.8156000375747681,
  "ensemble_acc_before_deletion": 0.8304000496864319,
  "epsilon": 266.8796027381839,
  "indicator": 1,
  "lengths_after_deletion": [
    2297,
    2919
  ],
  "rng": [
    3921215581,
    3677235926
  ],
  "shard_prediction_precision": 0.5458431839942932,
  "shard_prediction_recall": 0.6171666383743286
}