{
  "accs_after_deletion": [
    0.796000063419342,
    0.8058000206947327
  ],
  "accs_before_deletion": [
    0.8250000476837158,
    0.8280000686645508
  ],
  "delta": 6.982864657330156e-05,
  "ensemble_acc_after_deletion": 0.8014000654220581,
  "ensemble_acc_before_deletion": 0.8322000503540039,
  "epsilon": 266.8796027381839,
  "indicator": 1,
  "lengths_after_deletion": [
    1940,
    2504
  ],
  "rng": [
    3927278237,
    3998601682
  ],
  "shard_prediction_precision": 0.5373213291168213,
  "shard_prediction_recall": 0.6766666769981384
}