{
  "accs_after_deletion": [
    0.8042000532150269,
    0.807200014591217
  ],
  "accs_before_deletion": [
    0.8280000686645508,
    0.8250000476837158
  ],
  "delta": 6.982864657330156e-05,
  "ensemble_acc_after_deletion": 0.810200035572052,
  "ensemble_acc_before_deletion": 0.8296000361442566,
  "epsilon": 266.8796027381839,
  "indicator": 1,
  "lengths_after_deletion": [
    2292,
    2847
  ],
  "rng": [
    3977198545,
    3966469482
  ],
  "shard_prediction_precision": 0.5404459834098816,
  "shard_prediction_recall": 0.6179999709129333
}