{
  "accs_after_deletion": [
    0.7902000546455383,
    0.792400062084198
  ],
  "accs_before_deletion": [
    0.8262000679969788,
    0.8246000409126282
  ],
  "delta": 6.982864657330156e-05,
  "ensemble_acc_after_deletion": 0.7932000160217285,
  "ensemble_acc_before_deletion": 0.8268000483512878,
  "epsilon": 266.8796027381839,
  "indicator": 1,
  "lengths_after_deletion": [
    2250,
    2762
  ],
  "rng": [
    410505489,
    4089009111
  ],
  "shard_prediction_precision": 0.5366342067718506,
  "shard_prediction_recall": 0.625
}