{
  "accs_after_deletion": [
    0.8014000654220581,
    0.8118000626564026
  ],
  "accs_before_deletion": [
    0.8322000503540039,
    0.8210000395774841
  ],
  "delta": 6.982864657330156e-05,
  "ensemble_acc_after_deletion": 0.8094000220298767,
  "ensemble_acc_before_deletion": 0.8290000557899475,
  "epsilon": 266.8796027381839,
  "indicator": 1,
  "lengths_after_deletion": [
    2516,
    3111
  ],
  "rng": [
    4122400126,
    2271142115
  ],
  "shard_prediction_precision": 0.5466813445091248,
  "shard_prediction_recall": 0.5806666612625122
}