{
  "accs_after_deletion": [
    0.8086000680923462,
    0.8112000226974487
  ],
  "accs_before_deletion": [
    0.8224000334739685,
    0.8226000666618347
  ],
  "delta": 6.982864657330156e-05,
  "ensemble_acc_after_deletion": 0.8100000619888306,
  "ensemble_acc_before_deletion": 0.829200029373169,
  "epsilon": 266.8796027381839,
  "indicator": 1,
  "lengths_after_deletion": [
    2692,
    3361
  ],
  "rng": [
    4193202740,
    3627451487
  ],
  "shard_prediction_precision": 0.556246817111969,
  "shard_prediction_recall": 0.5513333082199097
}