{
  "accs_after_deletion": [
    0.8094000220298767,
    0.8046000599861145
  ],
  "accs_before_deletion": [
    0.831000030040741,
    0.8232000470161438
  ],
  "delta": 6.982864657330156e-05,
  "ensemble_acc_after_deletion": 0.8118000626564026,
  "ensemble_acc_before_deletion": 0.8284000158309937,
  "epsilon": 266.8796027381839,
  "indicator": 0,
  "lengths_after_deletion": [
    2421,
    3099
  ],
  "rng": [
    4200903872,
    682172142
  ],
  "shard_prediction_precision": 0.552314817905426,
  "shard_prediction_recall": 0.5964999794960022
}