{
  "accs_after_deletion": [
    0.8130000233650208,
    0.8228000402450562
  ],
  "accs_before_deletion": [
    0.8262000679969788,
    0.8308000564575195
  ],
  "delta": 6.982864657330156e-05,
  "ensemble_acc_after_deletion": 0.820400059223175,
  "ensemble_acc_before_deletion": 0.831000030040741,
  "epsilon": 266.8796027381839,
  "indicator": 1,
  "lengths_after_deletion": [
    2891,
    3669
  ],
  "rng": [
    4282843949,
    519174419
  ],
  "shard_prediction_precision": 0.5715073347091675,
  "shard_prediction_recall": 0.5181666612625122
}