{
  "accs_after_deletion": [
    0.8080000281333923,
    0.8178000450134277
  ],
  "accs_before_deletion": [
    0.8252000212669373,
    0.8214000463485718
  ],
  "delta": 6.982864657330156e-05,
  "ensemble_acc_after_deletion": 0.8096000552177429,
  "ensemble_acc_before_deletion": 0.8294000625610352,
  "epsilon": 266.8796027381839,
  "indicator": 1,
  "lengths_after_deletion": [
    2506,
    3232
  ],
  "rng": [
    438325073,
    922336327
  ],
  "shard_prediction_precision": 0.5579686760902405,
  "shard_prediction_recall": 0.5823333263397217
}