{
  "accs_after_deletion": [
    0.8016000390052795,
    0.8134000301361084
  ],
  "accs_before_deletion": [
    0.8254000544548035,
    0.8264000415802002
  ],
  "delta": 6.982864657330156e-05,
  "ensemble_acc_after_deletion": 0.8114000558853149,
  "ensemble_acc_before_deletion": 0.829200029373169,
  "epsilon": 266.8796027381839,
  "indicator": 1,
  "lengths_after_deletion": [
    3036,
    3507
  ],
  "rng": [
    509600085,
    1068087639
  ],
  "shard_prediction_precision": 0.5431556105613708,
  "shard_prediction_recall": 0.49399998784065247
}