{
  "accs_after_deletion": [
    0.805400013923645,
    0.8118000626564026
  ],
  "accs_before_deletion": [
    0.8206000328063965,
    0.8248000144958496
  ],
  "delta": 6.982864657330156e-05,
  "ensemble_acc_after_deletion": 0.8194000124931335,
  "ensemble_acc_before_deletion": 0.8258000612258911,
  "epsilon": 266.8796027381839,
  "indicator": 1,
  "lengths_after_deletion": [
    3391,
    4055
  ],
  "rng": [
    572318755,
    3269147948
  ],
  "shard_prediction_precision": 0.5729029774665833,
  "shard_prediction_recall": 0.4348333179950714
}