{
  "accs_after_deletion": [
    0.7944000363349915,
    0.8082000613212585
  ],
  "accs_before_deletion": [
    0.8220000267028809,
    0.8238000273704529
  ],
  "delta": 6.982864657330156e-05,
  "ensemble_acc_after_deletion": 0.8048000335693359,
  "ensemble_acc_before_deletion": 0.8276000618934631,
  "epsilon": 266.8796027381839,
  "indicator": 1,
  "lengths_after_deletion": [
    2447,
    3121
  ],
  "rng": [
    602235307,
    1785370400
  ],
  "shard_prediction_precision": 0.5523942708969116,
  "shard_prediction_recall": 0.5921666622161865
}