{
  "accs_after_deletion": [
    0.803600013256073,
    0.8082000613212585
  ],
  "accs_before_deletion": [
    0.8240000605583191,
    0.8264000415802002
  ],
  "delta": 6.982864657330156e-05,
  "ensemble_acc_after_deletion": 0.8062000274658203,
  "ensemble_acc_before_deletion": 0.8276000618934631,
  "epsilon": 266.8796027381839,
  "indicator": 1,
  "lengths_after_deletion": [
    2961,
    3585
  ],
  "rng": [
    638571442,
    1455691332
  ],
  "shard_prediction_precision": 0.5572057366371155,
  "shard_prediction_recall": 0.5065000057220459
}