{
  "accs_after_deletion": [
    0.7992000579833984,
    0.7996000647544861
  ],
  "accs_before_deletion": [
    0.8284000158309937,
    0.8284000158309937
  ],
  "delta": 6.982864657330156e-05,
  "ensemble_acc_after_deletion": 0.8022000193595886,
  "ensemble_acc_before_deletion": 0.8280000686645508,
  "epsilon": 266.8796027381839,
  "indicator": 1,
  "lengths_after_deletion": [
    3075,
    3688
  ],
  "rng": [
    653469815,
    3058754201
  ],
  "shard_prediction_precision": 0.5585259199142456,
  "shard_prediction_recall": 0.48749998211860657
}