{
  "accs_after_deletion": [
    0.8014000654220581,
    0.8002000451087952
  ],
  "accs_before_deletion": [
    0.8256000280380249,
    0.8148000240325928
  ],
  "delta": 6.982864657330156e-05,
  "ensemble_acc_after_deletion": 0.8002000451087952,
  "ensemble_acc_before_deletion": 0.8194000124931335,
  "epsilon": 266.8796027381839,
  "indicator": 0,
  "lengths_after_deletion": [
    2053,
    2678
  ],
  "rng": [
    740102276,
    3636465715
  ],
  "shard_prediction_precision": 0.5429908037185669,
  "shard_prediction_recall": 0.6578333377838135
}