{
  "accs_after_deletion": [
    0.8038000464439392,
    0.806600034236908
  ],
  "accs_before_deletion": [
    0.8234000205993652,
    0.8214000463485718
  ],
  "delta": 6.982864657330156e-05,
  "ensemble_acc_after_deletion": 0.8040000200271606,
  "ensemble_acc_before_deletion": 0.8278000354766846,
  "epsilon": 266.8796027381839,
  "indicator": 1,
  "lengths_after_deletion": [
    2968,
    3651
  ],
  "rng": [
    746966805,
    4285756567
  ],
  "shard_prediction_precision": 0.5634640455245972,
  "shard_prediction_recall": 0.5053333044052124
}