{
  "accs_after_deletion": [
    0.8050000667572021,
    0.8118000626564026
  ],
  "accs_before_deletion": [
    0.8232000470161438,
    0.8296000361442566
  ],
  "delta": 6.982864657330156e-05,
  "ensemble_acc_after_deletion": 0.8118000626564026,
  "ensemble_acc_before_deletion": 0.8264000415802002,
  "epsilon": 266.8796027381839,
  "indicator": 1,
  "lengths_after_deletion": [
    2578,
    3241
  ],
  "rng": [
    823734015,
    3472864297
  ],
  "shard_prediction_precision": 0.5536321401596069,
  "shard_prediction_recall": 0.5703333020210266
}