{
  "accs_after_deletion": [
    0.8076000213623047,
    0.8012000322341919
  ],
  "accs_before_deletion": [
    0.8286000490188599,
    0.8280000686645508
  ],
  "delta": 6.982864657330156e-05,
  "ensemble_acc_after_deletion": 0.8034000396728516,
  "ensemble_acc_before_deletion": 0.8288000226020813,
  "epsilon": 266.8796027381839,
  "indicator": 0,
  "lengths_after_deletion": [
    2037,
    2628
  ],
  "rng": [
    844980422,
    3847296692
  ],
  "shard_prediction_precision": 0.5402863025665283,
  "shard_prediction_recall": 0.6604999899864197
}