{
  "accs_after_deletion": [
    0.8034000396728516,
    0.8094000220298767
  ],
  "accs_before_deletion": [
    0.8272000551223755,
    0.8264000415802002
  ],
  "delta": 6.982864657330156e-05,
  "ensemble_acc_after_deletion": 0.813200056552887,
  "ensemble_acc_before_deletion": 0.8322000503540039,
  "epsilon": 266.8796027381839,
  "indicator": 1,
  "lengths_after_deletion": [
    2870,
    3451
  ],
  "rng": [
    854164770,
    1064050334
  ],
  "shard_prediction_precision": 0.5511533617973328,
  "shard_prediction_recall": 0.5216666460037231
}