{
  "accs_after_deletion": [
    0.7910000085830688,
    0.8048000335693359
  ],
  "accs_before_deletion": [
    0.8270000219345093,
    0.8256000280380249
  ],
  "delta": 6.982864657330156e-05,
  "ensemble_acc_after_deletion": 0.7996000647544861,
  "ensemble_acc_before_deletion": 0.8264000415802002,
  "epsilon": 266.8796027381839,
  "indicator": 1,
  "lengths_after_deletion": [
    2325,
    3002
  ],
  "rng": [
    873451200,
    1768718880
  ],
  "shard_prediction_precision": 0.5507267713546753,
  "shard_prediction_recall": 0.612500011920929
}