{
  "accs_after_deletion": [
    0.8016000390052795,
    0.8046000599861145,
    0.8074000477790833,
    0.8014000654220581,
    0.7978000640869141,
    0.801800012588501
  ],
  "accs_before_deletion": [
    0.8170000314712524,
    0.8140000104904175,
    0.813200056552887,
    0.8118000626564026,
    0.7988000512123108,
    0.80840003490448
  ],
  "delta": 6.982864657330156e-05,
  "ensemble_acc_after_deletion": 0.8234000205993652,
  "ensemble_acc_before_deletion": 0.8296000361442566,
  "epsilon": 73.0092589624364,
  "indicator": 0,
  "lengths_after_deletion": [
    3683,
    3617,
    3558,
    3861,
    3838,
    3858
  ],
  "rng": [
    1020402078,
    1021389646
  ],
  "shard_prediction_precision": 0.2014722228050232,
  "shard_prediction_recall": 0.152055561542511
}