{
  "accs_after_deletion": [
    0.7952000498771667,
    0.8070000410079956,
    0.8060000538825989,
    0.7990000247955322,
    0.7920000553131104,
    0.7972000241279602
  ],
  "accs_before_deletion": [
    0.8174000382423401,
    0.8130000233650208,
    0.8116000294685364,
    0.8124000430107117,
    0.80840003490448,
    0.8152000308036804
  ],
  "delta": 6.982864657330156e-05,
  "ensemble_acc_after_deletion": 0.8214000463485718,
  "ensemble_acc_before_deletion": 0.8372000455856323,
  "epsilon": 73.0092589624364,
  "indicator": 0,
  "lengths_after_deletion": [
    2575,
    2655,
    2663,
    2825,
    2822,
    2894
  ],
  "rng": [
    1032982680,
    3401894798
  ],
  "shard_prediction_precision": 0.19697433710098267,
  "shard_prediction_recall": 0.2141111195087433
}