{
  "accs_after_deletion": [
    0.784000039100647,
    0.800000011920929,
    0.7922000288963318,
    0.8022000193595886,
    0.8012000322341919,
    0.7922000288963318
  ],
  "accs_before_deletion": [
    0.8156000375747681,
    0.8222000598907471,
    0.812000036239624,
    0.8122000098228455,
    0.8188000321388245,
    0.8142000436782837
  ],
  "delta": 6.982864657330156e-05,
  "ensemble_acc_after_deletion": 0.8198000192642212,
  "ensemble_acc_before_deletion": 0.8318000435829163,
  "epsilon": 73.0092589624364,
  "indicator": 1,
  "lengths_after_deletion": [
    2444,
    2391,
    2521,
    2624,
    2662,
    2698
  ],
  "rng": [
    1064123468,
    3074037680
  ],
  "shard_prediction_precision": 0.19327202439308167,
  "shard_prediction_recall": 0.22183333337306976
}