{
  "accs_after_deletion": [
    0.7934000492095947,
    0.8012000322341919,
    0.8014000654220581,
    0.807200014591217,
    0.7980000376701355,
    0.8014000654220581
  ],
  "accs_before_deletion": [
    0.816800057888031,
    0.815000057220459,
    0.8092000484466553,
    0.8158000111579895,
    0.8126000165939331,
    0.8180000185966492
  ],
  "delta": 6.982864657330156e-05,
  "ensemble_acc_after_deletion": 0.8226000666618347,
  "ensemble_acc_before_deletion": 0.8360000252723694,
  "epsilon": 73.0092589624364,
  "indicator": 1,
  "lengths_after_deletion": [
    2823,
    2946,
    2935,
    3192,
    3129,
    3127
  ],
  "rng": [
    1081080839,
    1636591817
  ],
  "shard_prediction_precision": 0.19856566190719604,
  "shard_prediction_recall": 0.19688889384269714
}