{
  "accs_after_deletion": [
    0.8098000288009644,
    0.8040000200271606,
    0.7938000559806824,
    0.8064000606536865,
    0.8038000464439392,
    0.7834000587463379
  ],
  "accs_before_deletion": [
    0.8154000639915466,
    0.8044000267982483,
    0.810200035572052,
    0.8236000537872314,
    0.818600058555603,
    0.8126000165939331
  ],
  "delta": 6.982864657330156e-05,
  "ensemble_acc_after_deletion": 0.8288000226020813,
  "ensemble_acc_before_deletion": 0.8350000381469727,
  "epsilon": 73.0092589624364,
  "indicator": 0,
  "lengths_after_deletion": [
    2793,
    2794,
    2786,
    2976,
    2974,
    3038
  ],
  "rng": [
    1113081785,
    2902577719
  ],
  "shard_prediction_precision": 0.19684532284736633,
  "shard_prediction_recall": 0.20383334159851074
}