{
  "accs_after_deletion": [
    0.8042000532150269,
    0.8050000667572021,
    0.7988000512123108,
    0.8080000281333923,
    0.7982000112533569,
    0.8068000674247742
  ],
  "accs_before_deletion": [
    0.8106000423431396,
    0.8126000165939331,
    0.8136000633239746,
    0.8156000375747681,
    0.8108000159263611,
    0.8214000463485718
  ],
  "delta": 6.982864657330156e-05,
  "ensemble_acc_after_deletion": 0.8270000219345093,
  "ensemble_acc_before_deletion": 0.8318000435829163,
  "epsilon": 73.0092589624364,
  "indicator": 1,
  "lengths_after_deletion": [
    2917,
    3008,
    3020,
    3150,
    3200,
    3223
  ],
  "rng": [
    1128404400,
    3682429299
  ],
  "shard_prediction_precision": 0.19866149127483368,
  "shard_prediction_recall": 0.1929444521665573
}