{
  "accs_after_deletion": [
    0.8034000396728516,
    0.8076000213623047,
    0.7984000444412231,
    0.7952000498771667,
    0.7928000092506409,
    0.7922000288963318
  ],
  "accs_before_deletion": [
    0.8060000538825989,
    0.8080000281333923,
    0.813800036907196,
    0.8062000274658203,
    0.8058000206947327,
    0.8100000619888306
  ],
  "delta": 6.982864657330156e-05,
  "ensemble_acc_after_deletion": 0.8260000348091125,
  "ensemble_acc_before_deletion": 0.8286000490188599,
  "epsilon": 73.0092589624364,
  "indicator": 0,
  "lengths_after_deletion": [
    2507,
    2491,
    2500,
    2695,
    2701,
    2713
  ],
  "rng": [
    1140292210,
    3374268819
  ],
  "shard_prediction_precision": 0.1915363222360611,
  "shard_prediction_recall": 0.21700000762939453
}