{
  "accs_after_deletion": [
    0.7820000648498535,
    0.79420006275177,
    0.7948000431060791,
    0.7908000349998474,
    0.7914000153541565,
    0.8064000606536865
  ],
  "accs_before_deletion": [
    0.812000036239624,
    0.8134000301361084,
    0.8118000626564026,
    0.8114000558853149,
    0.8118000626564026,
    0.8118000626564026
  ],
  "delta": 6.982864657330156e-05,
  "ensemble_acc_after_deletion": 0.8182000517845154,
  "ensemble_acc_before_deletion": 0.8308000564575195,
  "epsilon": 73.0092589624364,
  "indicator": 1,
  "lengths_after_deletion": [
    2198,
    2190,
    2240,
    2358,
    2372,
    2501
  ],
  "rng": [
    1207420000,
    1951469275
  ],
  "shard_prediction_precision": 0.19669391214847565,
  "shard_prediction_recall": 0.24194444715976715
}