{
  "accs_after_deletion": [
    0.8098000288009644,
    0.8104000091552734,
    0.8098000288009644,
    0.806600034236908,
    0.8086000680923462,
    0.8048000335693359
  ],
  "accs_before_deletion": [
    0.8196000456809998,
    0.8128000497817993,
    0.8148000240325928,
    0.8112000226974487,
    0.8108000159263611,
    0.8196000456809998
  ],
  "delta": 6.982864657330156e-05,
  "ensemble_acc_after_deletion": 0.8284000158309937,
  "ensemble_acc_before_deletion": 0.8332000374794006,
  "epsilon": 73.0092589624364,
  "indicator": 0,
  "lengths_after_deletion": [
    3534,
    3616,
    3597,
    3868,
    3735,
    3791
  ],
  "rng": [
    1210857853,
    3158498313
  ],
  "shard_prediction_precision": 0.20405513048171997,
  "shard_prediction_recall": 0.15711110830307007
}