{
  "accs_after_deletion": [
    0.7982000112533569,
    0.8052000403404236,
    0.806600034236908,
    0.8064000606536865,
    0.8012000322341919,
    0.8050000667572021
  ],
  "accs_before_deletion": [
    0.816800057888031,
    0.8164000511169434,
    0.8192000389099121,
    0.8086000680923462,
    0.8144000172615051,
    0.818600058555603
  ],
  "delta": 6.982864657330156e-05,
  "ensemble_acc_after_deletion": 0.8256000280380249,
  "ensemble_acc_before_deletion": 0.835800051689148,
  "epsilon": 73.0092589624364,
  "indicator": 1,
  "lengths_after_deletion": [
    3059,
    3041,
    2973,
    3285,
    3203,
    3342
  ],
  "rng": [
    1218237060,
    2204038551
  ],
  "shard_prediction_precision": 0.19248990714550018,
  "shard_prediction_recall": 0.18283332884311676
}