{
  "accs_after_deletion": [
    0.8110000491142273,
    0.8048000335693359,
    0.7958000302314758,
    0.7956000566482544,
    0.7970000505447388,
    0.8088000416755676
  ],
  "accs_before_deletion": [
    0.8158000111579895,
    0.8220000267028809,
    0.8144000172615051,
    0.8118000626564026,
    0.8122000098228455,
    0.810200035572052
  ],
  "delta": 6.982864657330156e-05,
  "ensemble_acc_after_deletion": 0.8244000673294067,
  "ensemble_acc_before_deletion": 0.8356000185012817,
  "epsilon": 73.0092589624364,
  "indicator": 0,
  "lengths_after_deletion": [
    2335,
    2271,
    2295,
    2494,
    2515,
    2587
  ],
  "rng": [
    1224179360,
    2379842808
  ],
  "shard_prediction_precision": 0.19890247285366058,
  "shard_prediction_recall": 0.23761111497879028
}