{
  "accs_after_deletion": [
    0.796000063419342,
    0.7808000445365906,
    0.7988000512123108,
    0.8040000200271606,
    0.7934000492095947,
    0.8012000322341919
  ],
  "accs_before_deletion": [
    0.80840003490448,
    0.8112000226974487,
    0.816800057888031,
    0.8208000659942627,
    0.8136000633239746,
    0.8154000639915466
  ],
  "delta": 6.982864657330156e-05,
  "ensemble_acc_after_deletion": 0.8196000456809998,
  "ensemble_acc_before_deletion": 0.8306000232696533,
  "epsilon": 73.0092589624364,
  "indicator": 1,
  "lengths_after_deletion": [
    2195,
    2201,
    2136,
    2441,
    2445,
    2435
  ],
  "rng": [
    1265172590,
    912585505
  ],
  "shard_prediction_precision": 0.19496998190879822,
  "shard_prediction_recall": 0.23988889157772064
}