{
  "accs_after_deletion": [
    0.8040000200271606,
    0.805400013923645,
    0.8076000213623047,
    0.8038000464439392,
    0.8050000667572021,
    0.7952000498771667
  ],
  "accs_before_deletion": [
    0.806600034236908,
    0.8092000484466553,
    0.8180000185966492,
    0.8092000484466553,
    0.8170000314712524,
    0.8174000382423401
  ],
  "delta": 6.982864657330156e-05,
  "ensemble_acc_after_deletion": 0.8242000341415405,
  "ensemble_acc_before_deletion": 0.829800009727478,
  "epsilon": 73.0092589624364,
  "indicator": 0,
  "lengths_after_deletion": [
    2586,
    2547,
    2603,
    2794,
    2893,
    2798
  ],
  "rng": [
    1313239495,
    2306628895
  ],
  "shard_prediction_precision": 0.19642044603824615,
  "shard_prediction_recall": 0.21583333611488342
}