{
  "accs_after_deletion": [
    0.8016000390052795,
    0.7968000173568726,
    0.8106000423431396,
    0.7950000166893005,
    0.8086000680923462,
    0.7994000315666199
  ],
  "accs_before_deletion": [
    0.8182000517845154,
    0.8130000233650208,
    0.8148000240325928,
    0.8106000423431396,
    0.8148000240325928,
    0.8154000639915466
  ],
  "delta": 6.982864657330156e-05,
  "ensemble_acc_after_deletion": 0.8228000402450562,
  "ensemble_acc_before_deletion": 0.8332000374794006,
  "epsilon": 73.0092589624364,
  "indicator": 0,
  "lengths_after_deletion": [
    3020,
    3043,
    3108,
    3248,
    3314,
    3254
  ],
  "rng": [
    1365752901,
    1788017217
  ],
  "shard_prediction_precision": 0.19150061905384064,
  "shard_prediction_recall": 0.1810000091791153
}