{
  "accs_after_deletion": [
    0.8012000322341919,
    0.7964000105857849,
    0.7984000444412231,
    0.7986000180244446,
    0.7984000444412231,
    0.7956000566482544
  ],
  "accs_before_deletion": [
    0.820400059223175,
    0.8170000314712524,
    0.8184000253677368,
    0.8110000491142273,
    0.8130000233650208,
    0.8180000185966492
  ],
  "delta": 6.982864657330156e-05,
  "ensemble_acc_after_deletion": 0.8234000205993652,
  "ensemble_acc_before_deletion": 0.8330000638961792,
  "epsilon": 73.0092589624364,
  "indicator": 0,
  "lengths_after_deletion": [
    2230,
    2212,
    2121,
    2416,
    2409,
    2333
  ],
  "rng": [
    13795382,
    1902297511
  ],
  "shard_prediction_precision": 0.19619372487068176,
  "shard_prediction_recall": 0.24283333122730255
}