{
  "accs_after_deletion": [
    0.7980000376701355,
    0.7940000295639038,
    0.8040000200271606,
    0.8034000396728516,
    0.8060000538825989,
    0.8016000390052795
  ],
  "accs_before_deletion": [
    0.8244000673294067,
    0.8234000205993652,
    0.8114000558853149,
    0.8104000091552734,
    0.8140000104904175,
    0.813800036907196
  ],
  "delta": 6.982864657330156e-05,
  "ensemble_acc_after_deletion": 0.820400059223175,
  "ensemble_acc_before_deletion": 0.8344000577926636,
  "epsilon": 73.0092589624364,
  "indicator": 1,
  "lengths_after_deletion": [
    3197,
    3186,
    3190,
    3362,
    3534,
    3420
  ],
  "rng": [
    14126209,
    603869866
  ],
  "shard_prediction_precision": 0.1976289600133896,
  "shard_prediction_recall": 0.17688889801502228
}