{
  "accs_after_deletion": [
    0.8040000200271606,
    0.807200014591217,
    0.8110000491142273,
    0.8080000281333923,
    0.80840003490448,
    0.8116000294685364
  ],
  "accs_before_deletion": [
    0.8112000226974487,
    0.8172000646591187,
    0.8140000104904175,
    0.8174000382423401,
    0.8216000199317932,
    0.8164000511169434
  ],
  "delta": 6.982864657330156e-05,
  "ensemble_acc_after_deletion": 0.8286000490188599,
  "ensemble_acc_before_deletion": 0.8326000571250916,
  "epsilon": 73.0092589624364,
  "indicator": 1,
  "lengths_after_deletion": [
    3497,
    3531,
    3520,
    3738,
    3761,
    3734
  ],
  "rng": [
    1421729668,
    3483391285
  ],
  "shard_prediction_precision": 0.20240522921085358,
  "shard_prediction_recall": 0.15988889336585999
}