{
  "accs_after_deletion": [
    0.7936000227928162,
    0.7880000472068787,
    0.7948000431060791,
    0.7992000579833984,
    0.7838000655174255,
    0.792400062084198
  ],
  "accs_before_deletion": [
    0.8012000322341919,
    0.8166000247001648,
    0.8234000205993652,
    0.8140000104904175,
    0.8140000104904175,
    0.8092000484466553
  ],
  "delta": 6.982864657330156e-05,
  "ensemble_acc_after_deletion": 0.8160000443458557,
  "ensemble_acc_before_deletion": 0.8326000571250916,
  "epsilon": 73.0092589624364,
  "indicator": 0,
  "lengths_after_deletion": [
    1783,
    1885,
    1870,
    2115,
    1995,
    2054
  ],
  "rng": [
    1449293465,
    3855195845
  ],
  "shard_prediction_precision": 0.1950777769088745,
  "shard_prediction_recall": 0.26333335041999817
}