{
  "accs_after_deletion": [
    0.8106000423431396,
    0.805400013923645,
    0.8052000403404236,
    0.8126000165939331,
    0.8078000545501709,
    0.813800036907196
  ],
  "accs_before_deletion": [
    0.8116000294685364,
    0.8090000152587891,
    0.8154000639915466,
    0.8096000552177429,
    0.8164000511169434,
    0.8118000626564026
  ],
  "delta": 6.982864657330156e-05,
  "ensemble_acc_after_deletion": 0.831000030040741,
  "ensemble_acc_before_deletion": 0.8342000246047974,
  "epsilon": 73.0092589624364,
  "indicator": 1,
  "lengths_after_deletion": [
    2481,
    2634,
    2563,
    2809,
    2796,
    2754
  ],
  "rng": [
    1454243349,
    148233309
  ],
  "shard_prediction_precision": 0.1956619769334793,
  "shard_prediction_recall": 0.21700000762939453
}