{
  "accs_after_deletion": [
    0.801800012588501,
    0.7948000431060791,
    0.8068000674247742,
    0.8022000193595886,
    0.7954000234603882,
    0.807200014591217
  ],
  "accs_before_deletion": [
    0.8170000314712524,
    0.8162000179290771,
    0.8178000450134277,
    0.8068000674247742,
    0.8154000639915466,
    0.8176000118255615
  ],
  "delta": 6.982864657330156e-05,
  "ensemble_acc_after_deletion": 0.8244000673294067,
  "ensemble_acc_before_deletion": 0.8338000178337097,
  "epsilon": 73.0092589624364,
  "indicator": 1,
  "lengths_after_deletion": [
    2312,
    2293,
    2266,
    2447,
    2523,
    2498
  ],
  "rng": [
    1475059770,
    3768111056
  ],
  "shard_prediction_precision": 0.19611284136772156,
  "shard_prediction_recall": 0.23600000143051147
}