{
  "accs_after_deletion": [
    0.8058000206947327,
    0.8022000193595886,
    0.8062000274658203,
    0.7882000207901001,
    0.805400013923645,
    0.8042000532150269
  ],
  "accs_before_deletion": [
    0.8162000179290771,
    0.8062000274658203,
    0.8154000639915466,
    0.8112000226974487,
    0.8174000382423401,
    0.8180000185966492
  ],
  "delta": 6.982864657330156e-05,
  "ensemble_acc_after_deletion": 0.8232000470161438,
  "ensemble_acc_before_deletion": 0.8338000178337097,
  "epsilon": 73.0092589624364,
  "indicator": 0,
  "lengths_after_deletion": [
    2670,
    2609,
    2690,
    2882,
    2852,
    2861
  ],
  "rng": [
    147989256,
    1064614845
  ],
  "shard_prediction_precision": 0.1928894817829132,
  "shard_prediction_recall": 0.20827777683734894
}