{
  "accs_after_deletion": [
    0.803600013256073,
    0.7994000315666199,
    0.7976000308990479,
    0.7972000241279602,
    0.7982000112533569,
    0.8020000457763672
  ],
  "accs_before_deletion": [
    0.8162000179290771,
    0.8140000104904175,
    0.8190000653266907,
    0.8116000294685364,
    0.8050000667572021,
    0.8178000450134277
  ],
  "delta": 6.982864657330156e-05,
  "ensemble_acc_after_deletion": 0.8198000192642212,
  "ensemble_acc_before_deletion": 0.8320000171661377,
  "epsilon": 73.0092589624364,
  "indicator": 0,
  "lengths_after_deletion": [
    2850,
    2880,
    2862,
    3125,
    3061,
    3161
  ],
  "rng": [
    1500726777,
    2441747335
  ],
  "shard_prediction_precision": 0.19854936003684998,
  "shard_prediction_recall": 0.19922222197055817
}