{
  "accs_after_deletion": [
    0.8008000254631042,
    0.7996000647544861,
    0.803600013256073,
    0.8022000193595886,
    0.8118000626564026,
    0.7902000546455383
  ],
  "accs_before_deletion": [
    0.8092000484466553,
    0.8128000497817993,
    0.8134000301361084,
    0.8144000172615051,
    0.8172000646591187,
    0.8210000395774841
  ],
  "delta": 6.982864657330156e-05,
  "ensemble_acc_after_deletion": 0.8180000185966492,
  "ensemble_acc_before_deletion": 0.832800030708313,
  "epsilon": 73.0092589624364,
  "indicator": 1,
  "lengths_after_deletion": [
    2700,
    2731,
    2724,
    2895,
    2897,
    2863
  ],
  "rng": [
    156998684,
    149294139
  ],
  "shard_prediction_precision": 0.1939551830291748,
  "shard_prediction_recall": 0.20677778124809265
}