{
  "accs_after_deletion": [
    0.8078000545501709,
    0.8074000477790833,
    0.8110000491142273,
    0.790600061416626,
    0.7990000247955322,
    0.7966000437736511
  ],
  "accs_before_deletion": [
    0.816800057888031,
    0.8140000104904175,
    0.8184000253677368,
    0.8162000179290771,
    0.8154000639915466,
    0.8160000443458557
  ],
  "delta": 6.982864657330156e-05,
  "ensemble_acc_after_deletion": 0.8242000341415405,
  "ensemble_acc_before_deletion": 0.8350000381469727,
  "epsilon": 73.0092589624364,
  "indicator": 0,
  "lengths_after_deletion": [
    2595,
    2515,
    2474,
    2774,
    2710,
    2752
  ],
  "rng": [
    1635499543,
    699719884
  ],
  "shard_prediction_precision": 0.1971258670091629,
  "shard_prediction_recall": 0.22100000083446503
}