{
  "accs_after_deletion": [
    0.7968000173568726,
    0.7850000262260437,
    0.7896000146865845,
    0.7764000296592712,
    0.7988000512123108,
    0.788800060749054
  ],
  "accs_before_deletion": [
    0.8136000633239746,
    0.8106000423431396,
    0.815000057220459,
    0.8090000152587891,
    0.810200035572052,
    0.812000036239624
  ],
  "delta": 6.982864657330156e-05,
  "ensemble_acc_after_deletion": 0.8144000172615051,
  "ensemble_acc_before_deletion": 0.832800030708313,
  "epsilon": 73.0092589624364,
  "indicator": 0,
  "lengths_after_deletion": [
    1854,
    1839,
    1844,
    2079,
    2015,
    2093
  ],
  "rng": [
    1649572460,
    1225338890
  ],
  "shard_prediction_precision": 0.19550172984600067,
  "shard_prediction_recall": 0.26366665959358215
}