{
  "accs_after_deletion": [
    0.8050000667572021,
    0.8030000329017639,
    0.80840003490448,
    0.803600013256073,
    0.8064000606536865,
    0.8126000165939331
  ],
  "accs_before_deletion": [
    0.8124000430107117,
    0.805400013923645,
    0.80840003490448,
    0.8166000247001648,
    0.8128000497817993,
    0.8182000517845154
  ],
  "delta": 6.982864657330156e-05,
  "ensemble_acc_after_deletion": 0.8320000171661377,
  "ensemble_acc_before_deletion": 0.8354000449180603,
  "epsilon": 73.0092589624364,
  "indicator": 1,
  "lengths_after_deletion": [
    2880,
    2791,
    2744,
    3058,
    3039,
    3082
  ],
  "rng": [
    1667038278,
    2276510260
  ],
  "shard_prediction_precision": 0.19672933220863342,
  "shard_prediction_recall": 0.20116667449474335
}