{
  "accs_after_deletion": [
    0.8086000680923462,
    0.8080000281333923,
    0.812000036239624,
    0.8082000613212585,
    0.8108000159263611,
    0.8024000525474548
  ],
  "accs_before_deletion": [
    0.8100000619888306,
    0.816800057888031,
    0.8156000375747681,
    0.8106000423431396,
    0.8154000639915466,
    0.8156000375747681
  ],
  "delta": 6.982864657330156e-05,
  "ensemble_acc_after_deletion": 0.8324000239372253,
  "ensemble_acc_before_deletion": 0.8354000449180603,
  "epsilon": 73.0092589624364,
  "indicator": 0,
  "lengths_after_deletion": [
    2776,
    2768,
    2800,
    3041,
    2955,
    3052
  ],
  "rng": [
    1673310108,
    4163572802
  ],
  "shard_prediction_precision": 0.19631342589855194,
  "shard_prediction_recall": 0.20294444262981415
}