{
  "accs_after_deletion": [
    0.8090000152587891,
    0.8052000403404236,
    0.7982000112533569,
    0.8034000396728516,
    0.8080000281333923,
    0.8110000491142273
  ],
  "accs_before_deletion": [
    0.807200014591217,
    0.8110000491142273,
    0.8142000436782837,
    0.806600034236908,
    0.8170000314712524,
    0.8154000639915466
  ],
  "delta": 6.982864657330156e-05,
  "ensemble_acc_after_deletion": 0.8234000205993652,
  "ensemble_acc_before_deletion": 0.8320000171661377,
  "epsilon": 73.0092589624364,
  "indicator": 1,
  "lengths_after_deletion": [
    2885,
    2958,
    2870,
    3103,
    3180,
    3127
  ],
  "rng": [
    1677668955,
    52693574
  ],
  "shard_prediction_precision": 0.20445264875888824,
  "shard_prediction_recall": 0.20305556058883667
}