{
  "accs_after_deletion": [
    0.803600013256073,
    0.8022000193595886,
    0.8038000464439392,
    0.7962000370025635,
    0.7992000579833984,
    0.8140000104904175
  ],
  "accs_before_deletion": [
    0.8164000511169434,
    0.8218000531196594,
    0.8148000240325928,
    0.812000036239624,
    0.8136000633239746,
    0.8116000294685364
  ],
  "delta": 6.982864657330156e-05,
  "ensemble_acc_after_deletion": 0.8252000212669373,
  "ensemble_acc_before_deletion": 0.8342000246047974,
  "epsilon": 73.0092589624364,
  "indicator": 0,
  "lengths_after_deletion": [
    2170,
    2197,
    2187,
    2479,
    2409,
    2382
  ],
  "rng": [
    1692451966,
    478657459
  ],
  "shard_prediction_precision": 0.19300144910812378,
  "shard_prediction_recall": 0.23777778446674347
}