{
  "accs_after_deletion": [
    0.8108000159263611,
    0.806600034236908,
    0.8032000660896301,
    0.8096000552177429,
    0.8088000416755676,
    0.7998000383377075
  ],
  "accs_before_deletion": [
    0.8140000104904175,
    0.8140000104904175,
    0.8172000646591187,
    0.818600058555603,
    0.8094000220298767,
    0.80840003490448
  ],
  "delta": 6.982864657330156e-05,
  "ensemble_acc_after_deletion": 0.8276000618934631,
  "ensemble_acc_before_deletion": 0.8336000442504883,
  "epsilon": 73.0092589624364,
  "indicator": 0,
  "lengths_after_deletion": [
    2987,
    3058,
    3084,
    3312,
    3249,
    3185
  ],
  "rng": [
    1747872424,
    2216606715
  ],
  "shard_prediction_precision": 0.19573722779750824,
  "shard_prediction_recall": 0.18622222542762756
}