{
  "accs_after_deletion": [
    0.7958000302314758,
    0.8064000606536865,
    0.8088000416755676,
    0.8012000322341919,
    0.7964000105857849,
    0.8122000098228455
  ],
  "accs_before_deletion": [
    0.8156000375747681,
    0.8088000416755676,
    0.8090000152587891,
    0.8144000172615051,
    0.8088000416755676,
    0.8130000233650208
  ],
  "delta": 6.982864657330156e-05,
  "ensemble_acc_after_deletion": 0.8250000476837158,
  "ensemble_acc_before_deletion": 0.8318000435829163,
  "epsilon": 73.0092589624364,
  "indicator": 0,
  "lengths_after_deletion": [
    3152,
    3226,
    3253,
    3401,
    3434,
    3498
  ],
  "rng": [
    1770003008,
    4159142635
  ],
  "shard_prediction_precision": 0.20111000537872314,
  "shard_prediction_recall": 0.17916667461395264
}