{
  "accs_after_deletion": [
    0.8002000451087952,
    0.8064000606536865,
    0.796000063419342,
    0.8032000660896301,
    0.7956000566482544,
    0.7954000234603882
  ],
  "accs_before_deletion": [
    0.8116000294685364,
    0.8094000220298767,
    0.8104000091552734,
    0.8184000253677368,
    0.8090000152587891,
    0.8092000484466553
  ],
  "delta": 6.982864657330156e-05,
  "ensemble_acc_after_deletion": 0.8226000666618347,
  "ensemble_acc_before_deletion": 0.8276000618934631,
  "epsilon": 73.0092589624364,
  "indicator": 0,
  "lengths_after_deletion": [
    2545,
    2588,
    2534,
    2918,
    2748,
    2815
  ],
  "rng": [
    1770470545,
    1538265093
  ],
  "shard_prediction_precision": 0.19811604917049408,
  "shard_prediction_recall": 0.21850000321865082
}