{
  "accs_after_deletion": [
    0.8076000213623047,
    0.7962000370025635,
    0.8044000267982483,
    0.805400013923645,
    0.8042000532150269,
    0.7938000559806824
  ],
  "accs_before_deletion": [
    0.8124000430107117,
    0.8234000205993652,
    0.8126000165939331,
    0.8106000423431396,
    0.8114000558853149,
    0.8164000511169434
  ],
  "delta": 6.982864657330156e-05,
  "ensemble_acc_after_deletion": 0.8226000666618347,
  "ensemble_acc_before_deletion": 0.8348000645637512,
  "epsilon": 73.0092589624364,
  "indicator": 0,
  "lengths_after_deletion": [
    2421,
    2437,
    2388,
    2658,
    2596,
    2690
  ],
  "rng": [
    1856333057,
    3401390751
  ],
  "shard_prediction_precision": 0.19726093113422394,
  "shard_prediction_recall": 0.22805555164813995
}