{
  "accs_after_deletion": [
    0.7988000512123108,
    0.7940000295639038,
    0.7948000431060791,
    0.7980000376701355,
    0.8024000525474548,
    0.803600013256073
  ],
  "accs_before_deletion": [
    0.8088000416755676,
    0.8128000497817993,
    0.8142000436782837,
    0.8200000524520874,
    0.8216000199317932,
    0.8082000613212585
  ],
  "delta": 6.982864657330156e-05,
  "ensemble_acc_after_deletion": 0.8208000659942627,
  "ensemble_acc_before_deletion": 0.8404000401496887,
  "epsilon": 73.0092589624364,
  "indicator": 1,
  "lengths_after_deletion": [
    2391,
    2387,
    2366,
    2719,
    2656,
    2546
  ],
  "rng": [
    1879835882,
    2461854614
  ],
  "shard_prediction_precision": 0.19961786270141602,
  "shard_prediction_recall": 0.23216666281223297
}