{
  "accs_after_deletion": [
    0.8014000654220581,
    0.7920000553131104,
    0.7980000376701355,
    0.8028000593185425,
    0.8046000599861145,
    0.8028000593185425
  ],
  "accs_before_deletion": [
    0.8096000552177429,
    0.8136000633239746,
    0.8128000497817993,
    0.8148000240325928,
    0.8140000104904175,
    0.8182000517845154
  ],
  "delta": 6.982864657330156e-05,
  "ensemble_acc_after_deletion": 0.8196000456809998,
  "ensemble_acc_before_deletion": 0.8362000584602356,
  "epsilon": 73.0092589624364,
  "indicator": 1,
  "lengths_after_deletion": [
    2334,
    2259,
    2311,
    2499,
    2526,
    2508
  ],
  "rng": [
    1890138588,
    509902178
  ],
  "shard_prediction_precision": 0.1964939832687378,
  "shard_prediction_recall": 0.2353888899087906
}