{
  "accs_after_deletion": [
    0.7908000349998474,
    0.785800039768219,
    0.800000011920929,
    0.8032000660896301,
    0.8016000390052795,
    0.792400062084198
  ],
  "accs_before_deletion": [
    0.8158000111579895,
    0.8052000403404236,
    0.8234000205993652,
    0.813800036907196,
    0.8180000185966492,
    0.8188000321388245
  ],
  "delta": 6.982864657330156e-05,
  "ensemble_acc_after_deletion": 0.8198000192642212,
  "ensemble_acc_before_deletion": 0.8388000130653381,
  "epsilon": 73.0092589624364,
  "indicator": 1,
  "lengths_after_deletion": [
    2411,
    2426,
    2441,
    2647,
    2627,
    2628
  ],
  "rng": [
    1908656541,
    2886701568
  ],
  "shard_prediction_precision": 0.19020172953605652,
  "shard_prediction_recall": 0.2199999988079071
}