{
  "accs_after_deletion": [
    0.7972000241279602,
    0.801800012588501,
    0.8064000606536865,
    0.8024000525474548,
    0.8070000410079956,
    0.8040000200271606
  ],
  "accs_before_deletion": [
    0.8194000124931335,
    0.8230000138282776,
    0.8180000185966492,
    0.8160000443458557,
    0.8250000476837158,
    0.8212000131607056
  ],
  "delta": 6.982864657330156e-05,
  "ensemble_acc_after_deletion": 0.8284000158309937,
  "ensemble_acc_before_deletion": 0.8416000604629517,
  "epsilon": 73.0092589624364,
  "indicator": 1,
  "lengths_after_deletion": [
    2872,
    2868,
    2931,
    3128,
    3023,
    3095
  ],
  "rng": [
    194605126,
    3823858
  ],
  "shard_prediction_precision": 0.19869491457939148,
  "shard_prediction_recall": 0.1996111124753952
}