{
  "accs_after_deletion": [
    0.7962000370025635,
    0.8044000267982483,
    0.7918000221252441,
    0.800000011920929,
    0.8006000518798828,
    0.8030000329017639
  ],
  "accs_before_deletion": [
    0.8214000463485718,
    0.8142000436782837,
    0.8160000443458557,
    0.8110000491142273,
    0.8166000247001648,
    0.815000057220459
  ],
  "delta": 6.982864657330156e-05,
  "ensemble_acc_after_deletion": 0.8216000199317932,
  "ensemble_acc_before_deletion": 0.8332000374794006,
  "epsilon": 73.0092589624364,
  "indicator": 1,
  "lengths_after_deletion": [
    2822,
    3019,
    2947,
    3173,
    3100,
    3214
  ],
  "rng": [
    1960567282,
    562641762
  ],
  "shard_prediction_precision": 0.1987588107585907,
  "shard_prediction_recall": 0.19572222232818604
}