{
  "accs_after_deletion": [
    0.7998000383377075,
    0.7996000647544861,
    0.7972000241279602,
    0.7954000234603882,
    0.8008000254631042,
    0.8048000335693359
  ],
  "accs_before_deletion": [
    0.8212000131607056,
    0.8088000416755676,
    0.813800036907196,
    0.8134000301361084,
    0.8116000294685364,
    0.812000036239624
  ],
  "delta": 6.982864657330156e-05,
  "ensemble_acc_after_deletion": 0.820400059223175,
  "ensemble_acc_before_deletion": 0.832800030708313,
  "epsilon": 73.0092589624364,
  "indicator": 1,
  "lengths_after_deletion": [
    2167,
    2197,
    2139,
    2374,
    2348,
    2377
  ],
  "rng": [
    1962603987,
    2725365995
  ],
  "shard_prediction_precision": 0.19765157997608185,
  "shard_prediction_recall": 0.24594444036483765
}