{
  "accs_after_deletion": [
    0.7934000492095947,
    0.7944000363349915,
    0.7984000444412231,
    0.7868000268936157,
    0.8046000599861145,
    0.8044000267982483
  ],
  "accs_before_deletion": [
    0.8088000416755676,
    0.8146000504493713,
    0.8182000517845154,
    0.8094000220298767,
    0.8100000619888306,
    0.812000036239624
  ],
  "delta": 6.982864657330156e-05,
  "ensemble_acc_after_deletion": 0.8158000111579895,
  "ensemble_acc_before_deletion": 0.8302000164985657,
  "epsilon": 73.0092589624364,
  "indicator": 1,
  "lengths_after_deletion": [
    2591,
    2668,
    2624,
    2793,
    2800,
    2837
  ],
  "rng": [
    1972442761,
    2070734914
  ],
  "shard_prediction_precision": 0.1957637071609497,
  "shard_prediction_recall": 0.2141111195087433
}