{
  "accs_after_deletion": [
    0.8026000261306763,
    0.803600013256073,
    0.8086000680923462,
    0.8068000674247742,
    0.8024000525474548,
    0.8004000186920166
  ],
  "accs_before_deletion": [
    0.8126000165939331,
    0.8236000537872314,
    0.8152000308036804,
    0.8184000253677368,
    0.8108000159263611,
    0.8176000118255615
  ],
  "delta": 6.982864657330156e-05,
  "ensemble_acc_after_deletion": 0.8254000544548035,
  "ensemble_acc_before_deletion": 0.8378000259399414,
  "epsilon": 73.0092589624364,
  "indicator": 0,
  "lengths_after_deletion": [
    2985,
    2983,
    3064,
    3215,
    3184,
    3243
  ],
  "rng": [
    1989125530,
    1953626420
  ],
  "shard_prediction_precision": 0.2003924697637558,
  "shard_prediction_recall": 0.19288888573646545
}