{
  "accs_after_deletion": [
    0.8012000322341919,
    0.8076000213623047,
    0.8050000667572021,
    0.79420006275177,
    0.8050000667572021,
    0.8130000233650208
  ],
  "accs_before_deletion": [
    0.8106000423431396,
    0.8104000091552734,
    0.8220000267028809,
    0.812000036239624,
    0.8060000538825989,
    0.815000057220459
  ],
  "delta": 6.982864657330156e-05,
  "ensemble_acc_after_deletion": 0.8238000273704529,
  "ensemble_acc_before_deletion": 0.8286000490188599,
  "epsilon": 73.0092589624364,
  "indicator": 0,
  "lengths_after_deletion": [
    2783,
    2856,
    2722,
    2971,
    3004,
    2969
  ],
  "rng": [
    2041756356,
    4139423127
  ],
  "shard_prediction_precision": 0.19871623814105988,
  "shard_prediction_recall": 0.20638889074325562
}