{
  "accs_after_deletion": [
    0.8032000660896301,
    0.8004000186920166,
    0.7928000092506409,
    0.7918000221252441,
    0.7998000383377075,
    0.7954000234603882
  ],
  "accs_before_deletion": [
    0.8180000185966492,
    0.8176000118255615,
    0.8108000159263611,
    0.8090000152587891,
    0.8144000172615051,
    0.8130000233650208
  ],
  "delta": 6.982864657330156e-05,
  "ensemble_acc_after_deletion": 0.8218000531196594,
  "ensemble_acc_before_deletion": 0.8306000232696533,
  "epsilon": 73.0092589624364,
  "indicator": 0,
  "lengths_after_deletion": [
    2198,
    2232,
    2219,
    2503,
    2435,
    2409
  ],
  "rng": [
    2104096994,
    253422196
  ],
  "shard_prediction_precision": 0.1971459686756134,
  "shard_prediction_recall": 0.2409999966621399
}