{
  "accs_after_deletion": [
    0.806600034236908,
    0.8040000200271606,
    0.806600034236908,
    0.8008000254631042,
    0.8026000261306763,
    0.8002000451087952
  ],
  "accs_before_deletion": [
    0.8118000626564026,
    0.8154000639915466,
    0.8222000598907471,
    0.8184000253677368,
    0.8140000104904175,
    0.8164000511169434
  ],
  "delta": 6.982864657330156e-05,
  "ensemble_acc_after_deletion": 0.829200029373169,
  "ensemble_acc_before_deletion": 0.839400053024292,
  "epsilon": 73.0092589624364,
  "indicator": 0,
  "lengths_after_deletion": [
    2387,
    2280,
    2268,
    2499,
    2552,
    2577
  ],
  "rng": [
    2144620669,
    3229429054
  ],
  "shard_prediction_precision": 0.19680924713611603,
  "shard_prediction_recall": 0.23438888788223267
}