{
  "accs_after_deletion": [
    0.7912000417709351,
    0.7934000492095947,
    0.7958000302314758,
    0.7954000234603882,
    0.7972000241279602,
    0.7934000492095947
  ],
  "accs_before_deletion": [
    0.8070000410079956,
    0.8104000091552734,
    0.816800057888031,
    0.8164000511169434,
    0.8164000511169434,
    0.807200014591217
  ],
  "delta": 6.982864657330156e-05,
  "ensemble_acc_after_deletion": 0.8170000314712524,
  "ensemble_acc_before_deletion": 0.8326000571250916,
  "epsilon": 73.0092589624364,
  "indicator": 1,
  "lengths_after_deletion": [
    2806,
    2679,
    2642,
    2950,
    2975,
    2935
  ],
  "rng": [
    2189985566,
    3724654284
  ],
  "shard_prediction_precision": 0.19639194011688232,
  "shard_prediction_recall": 0.2074444442987442
}