{
  "accs_after_deletion": [
    0.7982000112533569,
    0.800000011920929,
    0.8006000518798828,
    0.7996000647544861,
    0.7968000173568726,
    0.7988000512123108
  ],
  "accs_before_deletion": [
    0.8196000456809998,
    0.8178000450134277,
    0.8098000288009644,
    0.8142000436782837,
    0.815000057220459,
    0.8126000165939331
  ],
  "delta": 6.982864657330156e-05,
  "ensemble_acc_after_deletion": 0.8230000138282776,
  "ensemble_acc_before_deletion": 0.8352000117301941,
  "epsilon": 73.0092589624364,
  "indicator": 0,
  "lengths_after_deletion": [
    2626,
    2649,
    2672,
    2812,
    2848,
    2796
  ],
  "rng": [
    2195458205,
    2537226546
  ],
  "shard_prediction_precision": 0.19416236877441406,
  "shard_prediction_recall": 0.21138888597488403
}