{
  "accs_after_deletion": [
    0.8028000593185425,
    0.8068000674247742,
    0.7934000492095947,
    0.7992000579833984,
    0.80840003490448,
    0.8040000200271606
  ],
  "accs_before_deletion": [
    0.8166000247001648,
    0.8042000532150269,
    0.8206000328063965,
    0.8142000436782837,
    0.8160000443458557,
    0.8114000558853149
  ],
  "delta": 6.982864657330156e-05,
  "ensemble_acc_after_deletion": 0.8188000321388245,
  "ensemble_acc_before_deletion": 0.8312000632286072,
  "epsilon": 73.0092589624364,
  "indicator": 1,
  "lengths_after_deletion": [
    2759,
    2694,
    2690,
    2924,
    2938,
    2917
  ],
  "rng": [
    2270645501,
    3887607028
  ],
  "shard_prediction_precision": 0.1977146416902542,
  "shard_prediction_recall": 0.20955555140972137
}