{
  "accs_after_deletion": [
    0.8094000220298767,
    0.8094000220298767,
    0.8104000091552734,
    0.8152000308036804,
    0.820400059223175,
    0.8094000220298767
  ],
  "accs_before_deletion": [
    0.8088000416755676,
    0.8160000443458557,
    0.8086000680923462,
    0.8160000443458557,
    0.8148000240325928,
    0.8174000382423401
  ],
  "delta": 6.982864657330156e-05,
  "ensemble_acc_after_deletion": 0.8322000503540039,
  "ensemble_acc_before_deletion": 0.835800051689148,
  "epsilon": 73.0092589624364,
  "indicator": 1,
  "lengths_after_deletion": [
    2536,
    2603,
    2641,
    2821,
    2845,
    2828
  ],
  "rng": [
    2395506247,
    430473026
  ],
  "shard_prediction_precision": 0.19304470717906952,
  "shard_prediction_recall": 0.21155555546283722
}