{
  "accs_after_deletion": [
    0.8116000294685364,
    0.8034000396728516,
    0.8098000288009644,
    0.8016000390052795,
    0.8064000606536865,
    0.8062000274658203
  ],
  "accs_before_deletion": [
    0.8130000233650208,
    0.8136000633239746,
    0.8156000375747681,
    0.813200056552887,
    0.8124000430107117,
    0.8158000111579895
  ],
  "delta": 6.982864657330156e-05,
  "ensemble_acc_after_deletion": 0.8256000280380249,
  "ensemble_acc_before_deletion": 0.8340000510215759,
  "epsilon": 73.0092589624364,
  "indicator": 0,
  "lengths_after_deletion": [
    3073,
    3137,
    3119,
    3342,
    3307,
    3388
  ],
  "rng": [
    2404706752,
    633829620
  ],
  "shard_prediction_precision": 0.20211614668369293,
  "shard_prediction_recall": 0.18677778542041779
}