{
  "accs_after_deletion": [
    0.8032000660896301,
    0.801800012588501,
    0.8064000606536865,
    0.7984000444412231,
    0.8026000261306763,
    0.8012000322341919
  ],
  "accs_before_deletion": [
    0.8176000118255615,
    0.8126000165939331,
    0.8170000314712524,
    0.8148000240325928,
    0.8118000626564026,
    0.8118000626564026
  ],
  "delta": 6.982864657330156e-05,
  "ensemble_acc_after_deletion": 0.8194000124931335,
  "ensemble_acc_before_deletion": 0.8312000632286072,
  "epsilon": 73.0092589624364,
  "indicator": 0,
  "lengths_after_deletion": [
    2604,
    2573,
    2621,
    2762,
    2931,
    2878
  ],
  "rng": [
    247357608,
    879572757
  ],
  "shard_prediction_precision": 0.19586369395256042,
  "shard_prediction_recall": 0.21361111104488373
}