{
  "accs_after_deletion": [
    0.7974000573158264,
    0.7930000424385071,
    0.7984000444412231,
    0.7860000133514404,
    0.8100000619888306,
    0.7912000417709351
  ],
  "accs_before_deletion": [
    0.8142000436782837,
    0.8096000552177429,
    0.8180000185966492,
    0.8226000666618347,
    0.818600058555603,
    0.8154000639915466
  ],
  "delta": 6.982864657330156e-05,
  "ensemble_acc_after_deletion": 0.8250000476837158,
  "ensemble_acc_before_deletion": 0.8380000591278076,
  "epsilon": 73.0092589624364,
  "indicator": 0,
  "lengths_after_deletion": [
    2199,
    2192,
    2281,
    2477,
    2474,
    2415
  ],
  "rng": [
    2493296735,
    3130645604
  ],
  "shard_prediction_precision": 0.1941535323858261,
  "shard_prediction_recall": 0.23688888549804688
}