{
  "accs_after_deletion": [
    0.8014000654220581,
    0.8112000226974487,
    0.8124000430107117,
    0.8142000436782837,
    0.8100000619888306,
    0.8096000552177429
  ],
  "accs_before_deletion": [
    0.8110000491142273,
    0.8152000308036804,
    0.8222000598907471,
    0.8224000334739685,
    0.8118000626564026,
    0.8190000653266907
  ],
  "delta": 6.982864657330156e-05,
  "ensemble_acc_after_deletion": 0.8322000503540039,
  "ensemble_acc_before_deletion": 0.8390000462532043,
  "epsilon": 73.0092589624364,
  "indicator": 1,
  "lengths_after_deletion": [
    2800,
    2741,
    2677,
    2903,
    3020,
    2947
  ],
  "rng": [
    2523484105,
    2190593629
  ],
  "shard_prediction_precision": 0.1947440803050995,
  "shard_prediction_recall": 0.20461110770702362
}