{
  "accs_after_deletion": [
    0.8048000335693359,
    0.8094000220298767,
    0.801800012588501,
    0.8004000186920166,
    0.8030000329017639,
    0.805400013923645
  ],
  "accs_before_deletion": [
    0.8154000639915466,
    0.8098000288009644,
    0.8128000497817993,
    0.8146000504493713,
    0.8096000552177429,
    0.8136000633239746
  ],
  "delta": 6.982864657330156e-05,
  "ensemble_acc_after_deletion": 0.8270000219345093,
  "ensemble_acc_before_deletion": 0.8304000496864319,
  "epsilon": 73.0092589624364,
  "indicator": 0,
  "lengths_after_deletion": [
    3351,
    3296,
    3345,
    3575,
    3544,
    3529
  ],
  "rng": [
    2528056655,
    3188924605
  ],
  "shard_prediction_precision": 0.19908855855464935,
  "shard_prediction_recall": 0.16988888382911682
}