{
  "accs_after_deletion": [
    0.7918000221252441,
    0.7932000160217285,
    0.8008000254631042,
    0.7984000444412231,
    0.7944000363349915,
    0.7988000512123108
  ],
  "accs_before_deletion": [
    0.815000057220459,
    0.8082000613212585,
    0.8174000382423401,
    0.8080000281333923,
    0.8214000463485718,
    0.8098000288009644
  ],
  "delta": 6.982864657330156e-05,
  "ensemble_acc_after_deletion": 0.8128000497817993,
  "ensemble_acc_before_deletion": 0.8354000449180603,
  "epsilon": 73.0092589624364,
  "indicator": 1,
  "lengths_after_deletion": [
    2341,
    2254,
    2371,
    2683,
    2559,
    2638
  ],
  "rng": [
    2554782469,
    2937414129
  ],
  "shard_prediction_precision": 0.19443131983280182,
  "shard_prediction_recall": 0.22850000858306885
}