{
  "accs_after_deletion": [
    0.7980000376701355,
    0.7984000444412231,
    0.7970000505447388,
    0.7988000512123108,
    0.7994000315666199,
    0.8008000254631042
  ],
  "accs_before_deletion": [
    0.8154000639915466,
    0.805400013923645,
    0.8172000646591187,
    0.8136000633239746,
    0.8140000104904175,
    0.8104000091552734
  ],
  "delta": 6.982864657330156e-05,
  "ensemble_acc_after_deletion": 0.8246000409126282,
  "ensemble_acc_before_deletion": 0.829200029373169,
  "epsilon": 73.0092589624364,
  "indicator": 1,
  "lengths_after_deletion": [
    2400,
    2391,
    2262,
    2660,
    2531,
    2532
  ],
  "rng": [
    2555729962,
    2854294012
  ],
  "shard_prediction_precision": 0.1956275850534439,
  "shard_prediction_recall": 0.23066666722297668
}