{
  "accs_after_deletion": [
    0.803600013256073,
    0.7948000431060791,
    0.8088000416755676,
    0.7984000444412231,
    0.8082000613212585,
    0.805400013923645
  ],
  "accs_before_deletion": [
    0.8154000639915466,
    0.80840003490448,
    0.8164000511169434,
    0.8100000619888306,
    0.8152000308036804,
    0.806600034236908
  ],
  "delta": 6.982864657330156e-05,
  "ensemble_acc_after_deletion": 0.8212000131607056,
  "ensemble_acc_before_deletion": 0.832800030708313,
  "epsilon": 73.0092589624364,
  "indicator": 1,
  "lengths_after_deletion": [
    3196,
    3235,
    3274,
    3449,
    3453,
    3404
  ],
  "rng": [
    2561093369,
    308768253
  ],
  "shard_prediction_precision": 0.19807367026805878,
  "shard_prediction_recall": 0.17594444751739502
}