{
  "accs_after_deletion": [
    0.8070000410079956,
    0.7940000295639038,
    0.7974000573158264,
    0.8058000206947327,
    0.8112000226974487,
    0.8076000213623047
  ],
  "accs_before_deletion": [
    0.8152000308036804,
    0.813800036907196,
    0.8180000185966492,
    0.8112000226974487,
    0.8170000314712524,
    0.8214000463485718
  ],
  "delta": 6.982864657330156e-05,
  "ensemble_acc_after_deletion": 0.8288000226020813,
  "ensemble_acc_before_deletion": 0.8378000259399414,
  "epsilon": 73.0092589624364,
  "indicator": 1,
  "lengths_after_deletion": [
    2689,
    2800,
    2712,
    3075,
    2871,
    3010
  ],
  "rng": [
    2591026975,
    2517009990
  ],
  "shard_prediction_precision": 0.2035769373178482,
  "shard_prediction_recall": 0.21311111748218536
}