{
  "accs_after_deletion": [
    0.8038000464439392,
    0.8044000267982483,
    0.8112000226974487,
    0.8038000464439392,
    0.8096000552177429,
    0.8014000654220581
  ],
  "accs_before_deletion": [
    0.8222000598907471,
    0.8076000213623047,
    0.8180000185966492,
    0.8106000423431396,
    0.8182000517845154,
    0.8164000511169434
  ],
  "delta": 6.982864657330156e-05,
  "ensemble_acc_after_deletion": 0.8264000415802002,
  "ensemble_acc_before_deletion": 0.8320000171661377,
  "epsilon": 73.0092589624364,
  "indicator": 0,
  "lengths_after_deletion": [
    3700,
    3750,
    3698,
    3904,
    3927,
    4043
  ],
  "rng": [
    2620310185,
    2588667440
  ],
  "shard_prediction_precision": 0.2012636810541153,
  "shard_prediction_recall": 0.1451111137866974
}