{
  "accs_after_deletion": [
    0.790600061416626,
    0.796000063419342,
    0.800000011920929,
    0.7998000383377075,
    0.7928000092506409,
    0.801800012588501
  ],
  "accs_before_deletion": [
    0.8162000179290771,
    0.8194000124931335,
    0.8198000192642212,
    0.8108000159263611,
    0.8206000328063965,
    0.8176000118255615
  ],
  "delta": 6.982864657330156e-05,
  "ensemble_acc_after_deletion": 0.8214000463485718,
  "ensemble_acc_before_deletion": 0.8348000645637512,
  "epsilon": 73.0092589624364,
  "indicator": 1,
  "lengths_after_deletion": [
    2005,
    2021,
    2062,
    2241,
    2205,
    2294
  ],
  "rng": [
    2634892560,
    2659611920
  ],
  "shard_prediction_precision": 0.19372519850730896,
  "shard_prediction_recall": 0.2493888884782791
}