{
  "accs_after_deletion": [
    0.8016000390052795,
    0.8064000606536865,
    0.8022000193595886,
    0.8062000274658203,
    0.8032000660896301,
    0.8030000329017639
  ],
  "accs_before_deletion": [
    0.8056000471115112,
    0.8098000288009644,
    0.8166000247001648,
    0.8152000308036804,
    0.8126000165939331,
    0.805400013923645
  ],
  "delta": 6.982864657330156e-05,
  "ensemble_acc_after_deletion": 0.8242000341415405,
  "ensemble_acc_before_deletion": 0.829200029373169,
  "epsilon": 73.0092589624364,
  "indicator": 1,
  "lengths_after_deletion": [
    2154,
    2141,
    2280,
    2476,
    2429,
    2446
  ],
  "rng": [
    2691413224,
    828788075
  ],
  "shard_prediction_precision": 0.19556944072246552,
  "shard_prediction_recall": 0.23983334004878998
}