{
  "accs_after_deletion": [
    0.8116000294685364,
    0.803600013256073,
    0.8052000403404236,
    0.8214000463485718,
    0.8068000674247742,
    0.8116000294685364
  ],
  "accs_before_deletion": [
    0.8162000179290771,
    0.803600013256073,
    0.8134000301361084,
    0.8104000091552734,
    0.8200000524520874,
    0.8098000288009644
  ],
  "delta": 6.982864657330156e-05,
  "ensemble_acc_after_deletion": 0.8348000645637512,
  "ensemble_acc_before_deletion": 0.8344000577926636,
  "epsilon": 73.0092589624364,
  "indicator": 1,
  "lengths_after_deletion": [
    3403,
    3394,
    3462,
    3601,
    3642,
    3622
  ],
  "rng": [
    2735672777,
    2013720329
  ],
  "shard_prediction_precision": 0.19682709872722626,
  "shard_prediction_recall": 0.1626666635274887
}