{
  "accs_after_deletion": [
    0.8050000667572021,
    0.805400013923645,
    0.8088000416755676,
    0.8078000545501709,
    0.8110000491142273,
    0.8076000213623047
  ],
  "accs_before_deletion": [
    0.8154000639915466,
    0.8164000511169434,
    0.8164000511169434,
    0.8130000233650208,
    0.815000057220459,
    0.8162000179290771
  ],
  "delta": 6.982864657330156e-05,
  "ensemble_acc_after_deletion": 0.8266000151634216,
  "ensemble_acc_before_deletion": 0.839400053024292,
  "epsilon": 73.0092589624364,
  "indicator": 1,
  "lengths_after_deletion": [
    2749,
    2852,
    2796,
    3143,
    3036,
    3105
  ],
  "rng": [
    2798246835,
    1832876223
  ],
  "shard_prediction_precision": 0.20552432537078857,
  "shard_prediction_recall": 0.20916667580604553
}