{
  "accs_after_deletion": [
    0.7994000315666199,
    0.8112000226974487,
    0.8032000660896301,
    0.807200014591217,
    0.8118000626564026,
    0.8074000477790833
  ],
  "accs_before_deletion": [
    0.8196000456809998,
    0.8092000484466553,
    0.8222000598907471,
    0.815000057220459,
    0.8202000260353088,
    0.8178000450134277
  ],
  "delta": 6.982864657330156e-05,
  "ensemble_acc_after_deletion": 0.8256000280380249,
  "ensemble_acc_before_deletion": 0.8370000123977661,
  "epsilon": 73.0092589624364,
  "indicator": 1,
  "lengths_after_deletion": [
    2519,
    2437,
    2511,
    2703,
    2758,
    2693
  ],
  "rng": [
    2842392420,
    1389524494
  ],
  "shard_prediction_precision": 0.1986849159002304,
  "shard_prediction_recall": 0.22494444251060486
}