{
  "accs_after_deletion": [
    0.8020000457763672,
    0.8088000416755676,
    0.8174000382423401,
    0.8038000464439392,
    0.8032000660896301,
    0.7982000112533569
  ],
  "accs_before_deletion": [
    0.8088000416755676,
    0.8160000443458557,
    0.8210000395774841,
    0.812000036239624,
    0.8156000375747681,
    0.8158000111579895
  ],
  "delta": 6.982864657330156e-05,
  "ensemble_acc_after_deletion": 0.829800009727478,
  "ensemble_acc_before_deletion": 0.8356000185012817,
  "epsilon": 73.0092589624364,
  "indicator": 0,
  "lengths_after_deletion": [
    3419,
    3493,
    3518,
    3660,
    3692,
    3679
  ],
  "rng": [
    2845791486,
    2792645219
  ],
  "shard_prediction_precision": 0.2046220600605011,
  "shard_prediction_recall": 0.16527777910232544
}