{
  "accs_after_deletion": [
    0.8030000329017639,
    0.7980000376701355,
    0.8028000593185425,
    0.8030000329017639,
    0.800000011920929,
    0.8038000464439392
  ],
  "accs_before_deletion": [
    0.8074000477790833,
    0.8184000253677368,
    0.8162000179290771,
    0.8002000451087952,
    0.8170000314712524,
    0.8142000436782837
  ],
  "delta": 6.982864657330156e-05,
  "ensemble_acc_after_deletion": 0.8210000395774841,
  "ensemble_acc_before_deletion": 0.8344000577926636,
  "epsilon": 73.0092589624364,
  "indicator": 1,
  "lengths_after_deletion": [
    3091,
    3061,
    3099,
    3412,
    3275,
    3311
  ],
  "rng": [
    285067957,
    2742617866
  ],
  "shard_prediction_precision": 0.20088352262973785,
  "shard_prediction_recall": 0.18694444000720978
}