{
  "accs_after_deletion": [
    0.803600013256073,
    0.7970000505447388,
    0.8096000552177429,
    0.8010000586509705,
    0.7952000498771667,
    0.8022000193595886
  ],
  "accs_before_deletion": [
    0.8238000273704529,
    0.8158000111579895,
    0.8140000104904175,
    0.820400059223175,
    0.8174000382423401,
    0.8136000633239746
  ],
  "delta": 6.982864657330156e-05,
  "ensemble_acc_after_deletion": 0.8246000409126282,
  "ensemble_acc_before_deletion": 0.8434000611305237,
  "epsilon": 73.0092589624364,
  "indicator": 0,
  "lengths_after_deletion": [
    2305,
    2242,
    2227,
    2507,
    2439,
    2512
  ],
  "rng": [
    2857594975,
    4117924399
  ],
  "shard_prediction_precision": 0.193219393491745,
  "shard_prediction_recall": 0.23366667330265045
}