{
  "accs_after_deletion": [
    0.7968000173568726,
    0.7912000417709351,
    0.8030000329017639,
    0.7914000153541565,
    0.7984000444412231,
    0.7970000505447388
  ],
  "accs_before_deletion": [
    0.813800036907196,
    0.8108000159263611,
    0.8188000321388245,
    0.8146000504493713,
    0.8128000497817993,
    0.812000036239624
  ],
  "delta": 6.982864657330156e-05,
  "ensemble_acc_after_deletion": 0.818600058555603,
  "ensemble_acc_before_deletion": 0.83760005235672,
  "epsilon": 73.0092589624364,
  "indicator": 0,
  "lengths_after_deletion": [
    2499,
    2411,
    2530,
    2737,
    2773,
    2765
  ],
  "rng": [
    2863891561,
    3144776115
  ],
  "shard_prediction_precision": 0.20083805918693542,
  "shard_prediction_recall": 0.22633333504199982
}