{
  "accs_after_deletion": [
    0.790600061416626,
    0.7936000227928162,
    0.7930000424385071,
    0.782800018787384,
    0.782800018787384,
    0.7836000323295593
  ],
  "accs_before_deletion": [
    0.8112000226974487,
    0.8088000416755676,
    0.8216000199317932,
    0.8146000504493713,
    0.8098000288009644,
    0.8174000382423401
  ],
  "delta": 6.982864657330156e-05,
  "ensemble_acc_after_deletion": 0.8172000646591187,
  "ensemble_acc_before_deletion": 0.8308000564575195,
  "epsilon": 73.0092589624364,
  "indicator": 0,
  "lengths_after_deletion": [
    1837,
    1909,
    1888,
    2052,
    2057,
    2096
  ],
  "rng": [
    2914500714,
    1585682141
  ],
  "shard_prediction_precision": 0.19241753220558167,
  "shard_prediction_recall": 0.2582777738571167
}