{
  "accs_after_deletion": [
    0.7914000153541565,
    0.7908000349998474,
    0.7934000492095947,
    0.7852000594139099,
    0.789400041103363,
    0.7938000559806824
  ],
  "accs_before_deletion": [
    0.8160000443458557,
    0.8182000517845154,
    0.8160000443458557,
    0.8070000410079956,
    0.8152000308036804,
    0.8164000511169434
  ],
  "delta": 6.982864657330156e-05,
  "ensemble_acc_after_deletion": 0.8106000423431396,
  "ensemble_acc_before_deletion": 0.8334000110626221,
  "epsilon": 73.0092589624364,
  "indicator": 0,
  "lengths_after_deletion": [
    1793,
    1801,
    1852,
    2096,
    2135,
    2094
  ],
  "rng": [
    2930515723,
    2607310466
  ],
  "shard_prediction_precision": 0.198811337351799,
  "shard_prediction_recall": 0.2676111161708832
}