{
  "accs_after_deletion": [
    0.8062000274658203,
    0.8056000471115112,
    0.806600034236908,
    0.8028000593185425,
    0.8078000545501709,
    0.8156000375747681
  ],
  "accs_before_deletion": [
    0.8076000213623047,
    0.8082000613212585,
    0.8156000375747681,
    0.8148000240325928,
    0.8146000504493713,
    0.8158000111579895
  ],
  "delta": 6.982864657330156e-05,
  "ensemble_acc_after_deletion": 0.8268000483512878,
  "ensemble_acc_before_deletion": 0.83160001039505,
  "epsilon": 73.0092589624364,
  "indicator": 1,
  "lengths_after_deletion": [
    3452,
    3426,
    3430,
    3636,
    3598,
    3634
  ],
  "rng": [
    2970019631,
    2978874812
  ],
  "shard_prediction_precision": 0.19825957715511322,
  "shard_prediction_recall": 0.1632777750492096
}