{
  "accs_after_deletion": [
    0.8082000613212585,
    0.8060000538825989,
    0.8028000593185425,
    0.8176000118255615,
    0.806600034236908,
    0.8088000416755676
  ],
  "accs_before_deletion": [
    0.8108000159263611,
    0.8136000633239746,
    0.8146000504493713,
    0.8196000456809998,
    0.813800036907196,
    0.8184000253677368
  ],
  "delta": 6.982864657330156e-05,
  "ensemble_acc_after_deletion": 0.8326000571250916,
  "ensemble_acc_before_deletion": 0.8352000117301941,
  "epsilon": 73.0092589624364,
  "indicator": 1,
  "lengths_after_deletion": [
    2597,
    2613,
    2584,
    2912,
    2803,
    2807
  ],
  "rng": [
    3055808797,
    550845701
  ],
  "shard_prediction_precision": 0.19995935261249542,
  "shard_prediction_recall": 0.218666672706604
}