{
  "accs_after_deletion": [
    0.7910000085830688,
    0.8004000186920166,
    0.79420006275177,
    0.7980000376701355,
    0.8008000254631042,
    0.8028000593185425
  ],
  "accs_before_deletion": [
    0.815000057220459,
    0.8180000185966492,
    0.8196000456809998,
    0.8128000497817993,
    0.8136000633239746,
    0.8130000233650208
  ],
  "delta": 6.982864657330156e-05,
  "ensemble_acc_after_deletion": 0.8226000666618347,
  "ensemble_acc_before_deletion": 0.8356000185012817,
  "epsilon": 73.0092589624364,
  "indicator": 1,
  "lengths_after_deletion": [
    1949,
    1900,
    1961,
    2240,
    2153,
    2231
  ],
  "rng": [
    3082754002,
    2933445333
  ],
  "shard_prediction_precision": 0.1937112808227539,
  "shard_prediction_recall": 0.25361111760139465
}