{
  "accs_after_deletion": [
    0.8032000660896301,
    0.8118000626564026,
    0.8176000118255615,
    0.8098000288009644,
    0.8122000098228455,
    0.8076000213623047
  ],
  "accs_before_deletion": [
    0.8164000511169434,
    0.8096000552177429,
    0.820400059223175,
    0.8126000165939331,
    0.8196000456809998,
    0.8156000375747681
  ],
  "delta": 6.982864657330156e-05,
  "ensemble_acc_after_deletion": 0.8294000625610352,
  "ensemble_acc_before_deletion": 0.8366000652313232,
  "epsilon": 73.0092589624364,
  "indicator": 0,
  "lengths_after_deletion": [
    2811,
    2866,
    2805,
    3066,
    3072,
    3019
  ],
  "rng": [
    3084230650,
    669379324
  ],
  "shard_prediction_precision": 0.19465170800685883,
  "shard_prediction_recall": 0.19855555891990662
}