{
  "accs_after_deletion": [
    0.8046000599861145,
    0.8002000451087952,
    0.8064000606536865,
    0.8056000471115112,
    0.8034000396728516,
    0.8126000165939331
  ],
  "accs_before_deletion": [
    0.8152000308036804,
    0.816800057888031,
    0.8086000680923462,
    0.8212000131607056,
    0.8188000321388245,
    0.8100000619888306
  ],
  "delta": 6.982864657330156e-05,
  "ensemble_acc_after_deletion": 0.8236000537872314,
  "ensemble_acc_before_deletion": 0.8374000191688538,
  "epsilon": 73.0092589624364,
  "indicator": 1,
  "lengths_after_deletion": [
    3153,
    3094,
    3043,
    3287,
    3288,
    3376
  ],
  "rng": [
    3133461457,
    42226409
  ],
  "shard_prediction_precision": 0.19786383211612701,
  "shard_prediction_recall": 0.18422222137451172
}