{
  "accs_after_deletion": [
    0.7968000173568726,
    0.7970000505447388,
    0.7990000247955322,
    0.7930000424385071,
    0.803600013256073,
    0.7904000282287598
  ],
  "accs_before_deletion": [
    0.8180000185966492,
    0.8090000152587891,
    0.8252000212669373,
    0.8166000247001648,
    0.807200014591217,
    0.8170000314712524
  ],
  "delta": 6.982864657330156e-05,
  "ensemble_acc_after_deletion": 0.8176000118255615,
  "ensemble_acc_before_deletion": 0.8342000246047974,
  "epsilon": 73.0092589624364,
  "indicator": 0,
  "lengths_after_deletion": [
    2493,
    2550,
    2549,
    2803,
    2701,
    2692
  ],
  "rng": [
    3184359505,
    3176701231
  ],
  "shard_prediction_precision": 0.1971106231212616,
  "shard_prediction_recall": 0.2213333398103714
}