{
  "accs_after_deletion": [
    0.7984000444412231,
    0.8070000410079956,
    0.8086000680923462,
    0.7998000383377075,
    0.8052000403404236,
    0.8050000667572021
  ],
  "accs_before_deletion": [
    0.8172000646591187,
    0.8098000288009644,
    0.8200000524520874,
    0.8142000436782837,
    0.8130000233650208,
    0.820400059223175
  ],
  "delta": 6.982864657330156e-05,
  "ensemble_acc_after_deletion": 0.8256000280380249,
  "ensemble_acc_before_deletion": 0.8360000252723694,
  "epsilon": 73.0092589624364,
  "indicator": 0,
  "lengths_after_deletion": [
    2182,
    2182,
    2186,
    2418,
    2451,
    2402
  ],
  "rng": [
    3213748639,
    3714422270
  ],
  "shard_prediction_precision": 0.19180305302143097,
  "shard_prediction_recall": 0.23633334040641785
}