{
  "accs_after_deletion": [
    0.7932000160217285,
    0.7978000640869141,
    0.8052000403404236,
    0.8034000396728516,
    0.79420006275177,
    0.8002000451087952
  ],
  "accs_before_deletion": [
    0.8078000545501709,
    0.8164000511169434,
    0.8190000653266907,
    0.8112000226974487,
    0.8106000423431396,
    0.8128000497817993
  ],
  "delta": 6.982864657330156e-05,
  "ensemble_acc_after_deletion": 0.8226000666618347,
  "ensemble_acc_before_deletion": 0.8318000435829163,
  "epsilon": 73.0092589624364,
  "indicator": 1,
  "lengths_after_deletion": [
    1951,
    1897,
    1923,
    2113,
    2161,
    2212
  ],
  "rng": [
    3269424754,
    2499594274
  ],
  "shard_prediction_precision": 0.19155119359493256,
  "shard_prediction_recall": 0.2526666820049286
}