{
  "accs_after_deletion": [
    0.8006000518798828,
    0.7968000173568726,
    0.7998000383377075,
    0.7864000201225281,
    0.8030000329017639,
    0.7988000512123108
  ],
  "accs_before_deletion": [
    0.8214000463485718,
    0.8106000423431396,
    0.818600058555603,
    0.8048000335693359,
    0.8200000524520874,
    0.8082000613212585
  ],
  "delta": 6.982864657330156e-05,
  "ensemble_acc_after_deletion": 0.8112000226974487,
  "ensemble_acc_before_deletion": 0.8374000191688538,
  "epsilon": 73.0092589624364,
  "indicator": 0,
  "lengths_after_deletion": [
    3102,
    3064,
    3058,
    3312,
    3274,
    3336
  ],
  "rng": [
    3373363871,
    1380756741
  ],
  "shard_prediction_precision": 0.20398718118667603,
  "shard_prediction_recall": 0.19099999964237213
}