{
  "accs_after_deletion": [
    0.8040000200271606,
    0.8070000410079956,
    0.8026000261306763,
    0.8098000288009644,
    0.8092000484466553,
    0.8090000152587891
  ],
  "accs_before_deletion": [
    0.816800057888031,
    0.8170000314712524,
    0.8180000185966492,
    0.8142000436782837,
    0.8118000626564026,
    0.8088000416755676
  ],
  "delta": 6.982864657330156e-05,
  "ensemble_acc_after_deletion": 0.8286000490188599,
  "ensemble_acc_before_deletion": 0.8360000252723694,
  "epsilon": 73.0092589624364,
  "indicator": 1,
  "lengths_after_deletion": [
    3319,
    3434,
    3326,
    3598,
    3527,
    3615
  ],
  "rng": [
    3413025882,
    2103740619
  ],
  "shard_prediction_precision": 0.20314866304397583,
  "shard_prediction_recall": 0.17133332788944244
}