{
  "accs_after_deletion": [
    0.7926000356674194,
    0.807200014591217,
    0.7916000485420227,
    0.7958000302314758,
    0.8092000484466553,
    0.7898000478744507
  ],
  "accs_before_deletion": [
    0.8144000172615051,
    0.8112000226974487,
    0.8082000613212585,
    0.8222000598907471,
    0.8152000308036804,
    0.8106000423431396
  ],
  "delta": 6.982864657330156e-05,
  "ensemble_acc_after_deletion": 0.8256000280380249,
  "ensemble_acc_before_deletion": 0.8338000178337097,
  "epsilon": 73.0092589624364,
  "indicator": 1,
  "lengths_after_deletion": [
    2831,
    2847,
    2809,
    2958,
    2977,
    2974
  ],
  "rng": [
    3419470008,
    496855489
  ],
  "shard_prediction_precision": 0.19216297566890717,
  "shard_prediction_recall": 0.19861111044883728
}