{
  "accs_after_deletion": [
    0.7970000505447388,
    0.8002000451087952,
    0.7980000376701355,
    0.7904000282287598,
    0.792400062084198,
    0.8030000329017639
  ],
  "accs_before_deletion": [
    0.8188000321388245,
    0.80840003490448,
    0.8216000199317932,
    0.8126000165939331,
    0.8094000220298767,
    0.8170000314712524
  ],
  "delta": 6.982864657330156e-05,
  "ensemble_acc_after_deletion": 0.8206000328063965,
  "ensemble_acc_before_deletion": 0.8362000584602356,
  "epsilon": 73.0092589624364,
  "indicator": 0,
  "lengths_after_deletion": [
    2660,
    2706,
    2721,
    2958,
    2980,
    2954
  ],
  "rng": [
    3421248133,
    805807427
  ],
  "shard_prediction_precision": 0.19678249955177307,
  "shard_prediction_recall": 0.20794445276260376
}