{
  "accs_after_deletion": [
    0.8064000606536865,
    0.8086000680923462,
    0.8022000193595886,
    0.801800012588501,
    0.8052000403404236,
    0.8046000599861145
  ],
  "accs_before_deletion": [
    0.8124000430107117,
    0.8094000220298767,
    0.8134000301361084,
    0.813800036907196,
    0.8234000205993652,
    0.8088000416755676
  ],
  "delta": 6.982864657330156e-05,
  "ensemble_acc_after_deletion": 0.8256000280380249,
  "ensemble_acc_before_deletion": 0.829800009727478,
  "epsilon": 73.0092589624364,
  "indicator": 0,
  "lengths_after_deletion": [
    2520,
    2613,
    2514,
    2698,
    2683,
    2804
  ],
  "rng": [
    3436660883,
    1046808053
  ],
  "shard_prediction_precision": 0.19456565380096436,
  "shard_prediction_recall": 0.21800000965595245
}