{
  "accs_after_deletion": [
    0.8024000525474548,
    0.8010000586509705,
    0.7980000376701355,
    0.7990000247955322,
    0.8128000497817993,
    0.805400013923645
  ],
  "accs_before_deletion": [
    0.8166000247001648,
    0.8148000240325928,
    0.8234000205993652,
    0.8156000375747681,
    0.8106000423431396,
    0.8160000443458557
  ],
  "delta": 6.982864657330156e-05,
  "ensemble_acc_after_deletion": 0.8212000131607056,
  "ensemble_acc_before_deletion": 0.8372000455856323,
  "epsilon": 73.0092589624364,
  "indicator": 1,
  "lengths_after_deletion": [
    3045,
    3053,
    2987,
    3281,
    3249,
    3323
  ],
  "rng": [
    3450030812,
    2147038280
  ],
  "shard_prediction_precision": 0.1987457573413849,
  "shard_prediction_recall": 0.1883888840675354
}