{
  "accs_after_deletion": [
    0.7746000289916992,
    0.7990000247955322,
    0.7958000302314758,
    0.8096000552177429,
    0.7958000302314758,
    0.7934000492095947
  ],
  "accs_before_deletion": [
    0.8178000450134277,
    0.8178000450134277,
    0.8154000639915466,
    0.8162000179290771,
    0.8108000159263611,
    0.8076000213623047
  ],
  "delta": 6.982864657330156e-05,
  "ensemble_acc_after_deletion": 0.8210000395774841,
  "ensemble_acc_before_deletion": 0.834600031375885,
  "epsilon": 73.0092589624364,
  "indicator": 1,
  "lengths_after_deletion": [
    2566,
    2673,
    2601,
    2861,
    2813,
    2794
  ],
  "rng": [
    3464604453,
    163476384
  ],
  "shard_prediction_precision": 0.1930733323097229,
  "shard_prediction_recall": 0.21122223138809204
}