{
  "accs_after_deletion": [
    0.8104000091552734,
    0.7912000417709351,
    0.8002000451087952,
    0.806600034236908,
    0.8100000619888306,
    0.807200014591217
  ],
  "accs_before_deletion": [
    0.8136000633239746,
    0.8156000375747681,
    0.8200000524520874,
    0.8048000335693359,
    0.8202000260353088,
    0.8206000328063965
  ],
  "delta": 6.982864657330156e-05,
  "ensemble_acc_after_deletion": 0.8288000226020813,
  "ensemble_acc_before_deletion": 0.8352000117301941,
  "epsilon": 73.0092589624364,
  "indicator": 1,
  "lengths_after_deletion": [
    2249,
    2281,
    2289,
    2551,
    2484,
    2504
  ],
  "rng": [
    3551312264,
    1024491213
  ],
  "shard_prediction_precision": 0.1950836330652237,
  "shard_prediction_recall": 0.23455555737018585
}