{
  "accs_after_deletion": [
    0.8014000654220581,
    0.8012000322341919,
    0.7998000383377075,
    0.8022000193595886,
    0.7966000437736511,
    0.8048000335693359
  ],
  "accs_before_deletion": [
    0.8188000321388245,
    0.8118000626564026,
    0.8090000152587891,
    0.8088000416755676,
    0.8142000436782837,
    0.8154000639915466
  ],
  "delta": 6.982864657330156e-05,
  "ensemble_acc_after_deletion": 0.8234000205993652,
  "ensemble_acc_before_deletion": 0.8296000361442566,
  "epsilon": 73.0092589624364,
  "indicator": 1,
  "lengths_after_deletion": [
    2483,
    2487,
    2410,
    2785,
    2622,
    2703
  ],
  "rng": [
    3555004688,
    891614941
  ],
  "shard_prediction_precision": 0.1966845542192459,
  "shard_prediction_recall": 0.22411110997200012
}