{
  "accs_after_deletion": [
    0.8004000186920166,
    0.8028000593185425,
    0.7976000308990479,
    0.8020000457763672,
    0.7964000105857849,
    0.7978000640869141
  ],
  "accs_before_deletion": [
    0.8218000531196594,
    0.806600034236908,
    0.8166000247001648,
    0.8112000226974487,
    0.813800036907196,
    0.8140000104904175
  ],
  "delta": 6.982864657330156e-05,
  "ensemble_acc_after_deletion": 0.8194000124931335,
  "ensemble_acc_before_deletion": 0.8336000442504883,
  "epsilon": 73.0092589624364,
  "indicator": 0,
  "lengths_after_deletion": [
    2438,
    2563,
    2551,
    2732,
    2746,
    2731
  ],
  "rng": [
    3561792264,
    3983198255
  ],
  "shard_prediction_precision": 0.19511835277080536,
  "shard_prediction_recall": 0.21938888728618622
}