{
  "accs_after_deletion": [
    0.7946000099182129,
    0.7970000505447388,
    0.8010000586509705,
    0.7938000559806824,
    0.800000011920929,
    0.8082000613212585
  ],
  "accs_before_deletion": [
    0.8130000233650208,
    0.8096000552177429,
    0.813800036907196,
    0.8124000430107117,
    0.8108000159263611,
    0.8200000524520874
  ],
  "delta": 6.982864657330156e-05,
  "ensemble_acc_after_deletion": 0.8224000334739685,
  "ensemble_acc_before_deletion": 0.8334000110626221,
  "epsilon": 73.0092589624364,
  "indicator": 1,
  "lengths_after_deletion": [
    3348,
    3379,
    3423,
    3613,
    3643,
    3641
  ],
  "rng": [
    3589636866,
    971000317
  ],
  "shard_prediction_precision": 0.20370495319366455,
  "shard_prediction_recall": 0.16922222077846527
}