{
  "accs_after_deletion": [
    0.8048000335693359,
    0.7982000112533569,
    0.7996000647544861,
    0.8068000674247742,
    0.7976000308990479,
    0.8110000491142273
  ],
  "accs_before_deletion": [
    0.8174000382423401,
    0.8086000680923462,
    0.8176000118255615,
    0.8166000247001648,
    0.8156000375747681,
    0.8156000375747681
  ],
  "delta": 6.982864657330156e-05,
  "ensemble_acc_after_deletion": 0.8306000232696533,
  "ensemble_acc_before_deletion": 0.8332000374794006,
  "epsilon": 73.0092589624364,
  "indicator": 1,
  "lengths_after_deletion": [
    2881,
    2905,
    2918,
    3086,
    3071,
    3157
  ],
  "rng": [
    3590316382,
    3154232239
  ],
  "shard_prediction_precision": 0.2009231448173523,
  "shard_prediction_recall": 0.20072221755981445
}