{
  "accs_after_deletion": [
    0.8030000329017639,
    0.7986000180244446,
    0.8044000267982483,
    0.8004000186920166,
    0.8026000261306763,
    0.7968000173568726
  ],
  "accs_before_deletion": [
    0.8114000558853149,
    0.8128000497817993,
    0.8162000179290771,
    0.8164000511169434,
    0.8166000247001648,
    0.813800036907196
  ],
  "delta": 6.982864657330156e-05,
  "ensemble_acc_after_deletion": 0.8254000544548035,
  "ensemble_acc_before_deletion": 0.8320000171661377,
  "epsilon": 73.0092589624364,
  "indicator": 0,
  "lengths_after_deletion": [
    2690,
    2628,
    2575,
    2790,
    2833,
    2779
  ],
  "rng": [
    3594516829,
    3507205075
  ],
  "shard_prediction_precision": 0.1942654252052307,
  "shard_prediction_recall": 0.21266667544841766
}