{
  "accs_after_deletion": [
    0.805400013923645,
    0.8104000091552734,
    0.8012000322341919,
    0.8104000091552734,
    0.8040000200271606,
    0.7994000315666199
  ],
  "accs_before_deletion": [
    0.816800057888031,
    0.813200056552887,
    0.8136000633239746,
    0.813200056552887,
    0.8122000098228455,
    0.8184000253677368
  ],
  "delta": 6.982864657330156e-05,
  "ensemble_acc_after_deletion": 0.8258000612258911,
  "ensemble_acc_before_deletion": 0.8272000551223755,
  "epsilon": 73.0092589624364,
  "indicator": 0,
  "lengths_after_deletion": [
    2797,
    2827,
    2808,
    2993,
    3016,
    3051
  ],
  "rng": [
    3610646492,
    3198726046
  ],
  "shard_prediction_precision": 0.19634753465652466,
  "shard_prediction_recall": 0.20188888907432556
}