{
  "accs_after_deletion": [
    0.8012000322341919,
    0.7970000505447388,
    0.7976000308990479,
    0.8034000396728516,
    0.800000011920929,
    0.8038000464439392
  ],
  "accs_before_deletion": [
    0.8158000111579895,
    0.813200056552887,
    0.8136000633239746,
    0.8160000443458557,
    0.8146000504493713,
    0.8164000511169434
  ],
  "delta": 6.982864657330156e-05,
  "ensemble_acc_after_deletion": 0.8192000389099121,
  "ensemble_acc_before_deletion": 0.8338000178337097,
  "epsilon": 73.0092589624364,
  "indicator": 1,
  "lengths_after_deletion": [
    2489,
    2492,
    2454,
    2690,
    2707,
    2654
  ],
  "rng": [
    3625764558,
    981946144
  ],
  "shard_prediction_precision": 0.19762113690376282,
  "shard_prediction_recall": 0.22522222995758057
}