{
  "accs_after_deletion": [
    0.7928000092506409,
    0.8046000599861145,
    0.79420006275177,
    0.7988000512123108,
    0.7922000288963318,
    0.7998000383377075
  ],
  "accs_before_deletion": [
    0.816800057888031,
    0.8208000659942627,
    0.8218000531196594,
    0.8130000233650208,
    0.8134000301361084,
    0.813800036907196
  ],
  "delta": 6.982864657330156e-05,
  "ensemble_acc_after_deletion": 0.8250000476837158,
  "ensemble_acc_before_deletion": 0.8396000266075134,
  "epsilon": 73.0092589624364,
  "indicator": 0,
  "lengths_after_deletion": [
    2895,
    2987,
    2927,
    3186,
    3113,
    3129
  ],
  "rng": [
    3667545092,
    733708162
  ],
  "shard_prediction_precision": 0.19805212318897247,
  "shard_prediction_recall": 0.19544444978237152
}