{
  "accs_after_deletion": [
    0.8080000281333923,
    0.8010000586509705,
    0.8100000619888306,
    0.8034000396728516,
    0.8118000626564026,
    0.7984000444412231
  ],
  "accs_before_deletion": [
    0.8126000165939331,
    0.8172000646591187,
    0.8170000314712524,
    0.8104000091552734,
    0.8110000491142273,
    0.8212000131607056
  ],
  "delta": 6.982864657330156e-05,
  "ensemble_acc_after_deletion": 0.8246000409126282,
  "ensemble_acc_before_deletion": 0.8388000130653381,
  "epsilon": 73.0092589624364,
  "indicator": 0,
  "lengths_after_deletion": [
    2293,
    2228,
    2199,
    2474,
    2546,
    2517
  ],
  "rng": [
    3686906924,
    714193347
  ],
  "shard_prediction_precision": 0.19597111642360687,
  "shard_prediction_recall": 0.23672223091125488
}