{
  "accs_after_deletion": [
    0.801800012588501,
    0.7932000160217285,
    0.803600013256073,
    0.8052000403404236,
    0.8030000329017639,
    0.8146000504493713
  ],
  "accs_before_deletion": [
    0.8044000267982483,
    0.8146000504493713,
    0.8188000321388245,
    0.8166000247001648,
    0.8134000301361084,
    0.8232000470161438
  ],
  "delta": 6.982864657330156e-05,
  "ensemble_acc_after_deletion": 0.8284000158309937,
  "ensemble_acc_before_deletion": 0.8326000571250916,
  "epsilon": 73.0092589624364,
  "indicator": 1,
  "lengths_after_deletion": [
    3610,
    3526,
    3595,
    3778,
    3830,
    3716
  ],
  "rng": [
    3698066222,
    2772263550
  ],
  "shard_prediction_precision": 0.20200788974761963,
  "shard_prediction_recall": 0.15649999678134918
}