{
  "accs_after_deletion": [
    0.8092000484466553,
    0.8022000193595886,
    0.8106000423431396,
    0.805400013923645,
    0.8058000206947327,
    0.8090000152587891
  ],
  "accs_before_deletion": [
    0.8116000294685364,
    0.8180000185966492,
    0.8094000220298767,
    0.813800036907196,
    0.80840003490448,
    0.8152000308036804
  ],
  "delta": 6.982864657330156e-05,
  "ensemble_acc_after_deletion": 0.8278000354766846,
  "ensemble_acc_before_deletion": 0.8322000503540039,
  "epsilon": 73.0092589624364,
  "indicator": 0,
  "lengths_after_deletion": [
    2680,
    2664,
    2670,
    2860,
    2921,
    2874
  ],
  "rng": [
    3700860673,
    3165601877
  ],
  "shard_prediction_precision": 0.19362682104110718,
  "shard_prediction_recall": 0.20794445276260376
}