{
  "accs_after_deletion": [
    0.8034000396728516,
    0.8020000457763672,
    0.8050000667572021,
    0.796000063419342,
    0.7972000241279602,
    0.8006000518798828
  ],
  "accs_before_deletion": [
    0.8098000288009644,
    0.8140000104904175,
    0.8100000619888306,
    0.8124000430107117,
    0.812000036239624,
    0.8116000294685364
  ],
  "delta": 6.982864657330156e-05,
  "ensemble_acc_after_deletion": 0.8228000402450562,
  "ensemble_acc_before_deletion": 0.8286000490188599,
  "epsilon": 73.0092589624364,
  "indicator": 0,
  "lengths_after_deletion": [
    2293,
    2411,
    2436,
    2557,
    2623,
    2602
  ],
  "rng": [
    370138070,
    3134537070
  ],
  "shard_prediction_precision": 0.19475282728672028,
  "shard_prediction_recall": 0.22805555164813995
}