{
  "accs_after_deletion": [
    0.8034000396728516,
    0.8050000667572021,
    0.8112000226974487,
    0.803600013256073,
    0.8044000267982483,
    0.8116000294685364
  ],
  "accs_before_deletion": [
    0.8136000633239746,
    0.8068000674247742,
    0.818600058555603,
    0.8172000646591187,
    0.8122000098228455,
    0.8136000633239746
  ],
  "delta": 6.982864657330156e-05,
  "ensemble_acc_after_deletion": 0.8276000618934631,
  "ensemble_acc_before_deletion": 0.8324000239372253,
  "epsilon": 73.0092589624364,
  "indicator": 0,
  "lengths_after_deletion": [
    2252,
    2205,
    2302,
    2496,
    2506,
    2477
  ],
  "rng": [
    3731172298,
    587564092
  ],
  "shard_prediction_precision": 0.19304291903972626,
  "shard_prediction_recall": 0.23338888585567474
}