{
  "accs_after_deletion": [
    0.79420006275177,
    0.8104000091552734,
    0.8034000396728516,
    0.7982000112533569,
    0.7922000288963318,
    0.7992000579833984
  ],
  "accs_before_deletion": [
    0.8164000511169434,
    0.8122000098228455,
    0.8156000375747681,
    0.8112000226974487,
    0.8114000558853149,
    0.8090000152587891
  ],
  "delta": 6.982864657330156e-05,
  "ensemble_acc_after_deletion": 0.820400059223175,
  "ensemble_acc_before_deletion": 0.8326000571250916,
  "epsilon": 73.0092589624364,
  "indicator": 0,
  "lengths_after_deletion": [
    2181,
    2256,
    2152,
    2484,
    2444,
    2444
  ],
  "rng": [
    3777100320,
    2411631886
  ],
  "shard_prediction_precision": 0.19742274284362793,
  "shard_prediction_recall": 0.2417222261428833
}