{
  "accs_after_deletion": [
    0.8014000654220581,
    0.8046000599861145,
    0.807200014591217,
    0.8052000403404236,
    0.8050000667572021,
    0.8040000200271606
  ],
  "accs_before_deletion": [
    0.8146000504493713,
    0.818600058555603,
    0.8170000314712524,
    0.8170000314712524,
    0.8126000165939331,
    0.8148000240325928
  ],
  "delta": 6.982864657330156e-05,
  "ensemble_acc_after_deletion": 0.8248000144958496,
  "ensemble_acc_before_deletion": 0.8384000658988953,
  "epsilon": 73.0092589624364,
  "indicator": 1,
  "lengths_after_deletion": [
    3292,
    3255,
    3348,
    3597,
    3562,
    3588
  ],
  "rng": [
    3785164808,
    1292586445
  ],
  "shard_prediction_precision": 0.19983071088790894,
  "shard_prediction_recall": 0.1704999953508377
}