{
  "accs_after_deletion": [
    0.7990000247955322,
    0.7990000247955322,
    0.7968000173568726,
    0.7956000566482544,
    0.7914000153541565,
    0.8030000329017639
  ],
  "accs_before_deletion": [
    0.8114000558853149,
    0.8180000185966492,
    0.813800036907196,
    0.8118000626564026,
    0.8080000281333923,
    0.8090000152587891
  ],
  "delta": 6.982864657330156e-05,
  "ensemble_acc_after_deletion": 0.8220000267028809,
  "ensemble_acc_before_deletion": 0.8348000645637512,
  "epsilon": 73.0092589624364,
  "indicator": 0,
  "lengths_after_deletion": [
    2484,
    2410,
    2401,
    2593,
    2585,
    2707
  ],
  "rng": [
    3851036985,
    3439985536
  ],
  "shard_prediction_precision": 0.19831892848014832,
  "shard_prediction_recall": 0.22938889265060425
}