{
  "accs_after_deletion": [
    0.7926000356674194,
    0.8050000667572021,
    0.8050000667572021,
    0.7926000356674194,
    0.800000011920929,
    0.8042000532150269
  ],
  "accs_before_deletion": [
    0.8166000247001648,
    0.8146000504493713,
    0.8114000558853149,
    0.8074000477790833,
    0.8176000118255615,
    0.8078000545501709
  ],
  "delta": 6.982864657330156e-05,
  "ensemble_acc_after_deletion": 0.8274000287055969,
  "ensemble_acc_before_deletion": 0.8314000368118286,
  "epsilon": 73.0092589624364,
  "indicator": 0,
  "lengths_after_deletion": [
    2316,
    2390,
    2420,
    2661,
    2590,
    2593
  ],
  "rng": [
    3862431160,
    2684104945
  ],
  "shard_prediction_precision": 0.19762244820594788,
  "shard_prediction_recall": 0.23088888823986053
}