{
  "accs_after_deletion": [
    0.7926000356674194,
    0.7768000364303589,
    0.7984000444412231,
    0.796000063419342,
    0.7844000458717346,
    0.7912000417709351
  ],
  "accs_before_deletion": [
    0.8128000497817993,
    0.8148000240325928,
    0.8232000470161438,
    0.8214000463485718,
    0.8142000436782837,
    0.8088000416755676
  ],
  "delta": 6.982864657330156e-05,
  "ensemble_acc_after_deletion": 0.8154000639915466,
  "ensemble_acc_before_deletion": 0.83760005235672,
  "epsilon": 73.0092589624364,
  "indicator": 1,
  "lengths_after_deletion": [
    2448,
    2440,
    2488,
    2776,
    2685,
    2671
  ],
  "rng": [
    3869635615,
    1593936042
  ],
  "shard_prediction_precision": 0.19924849271774292,
  "shard_prediction_recall": 0.22683332860469818
}