{
  "accs_after_deletion": [
    0.7954000234603882,
    0.8068000674247742,
    0.8108000159263611,
    0.8100000619888306,
    0.8034000396728516,
    0.8048000335693359
  ],
  "accs_before_deletion": [
    0.8080000281333923,
    0.8046000599861145,
    0.8214000463485718,
    0.8110000491142273,
    0.8094000220298767,
    0.8144000172615051
  ],
  "delta": 6.982864657330156e-05,
  "ensemble_acc_after_deletion": 0.8282000422477722,
  "ensemble_acc_before_deletion": 0.8322000503540039,
  "epsilon": 73.0092589624364,
  "indicator": 1,
  "lengths_after_deletion": [
    2356,
    2200,
    2383,
    2475,
    2510,
    2538
  ],
  "rng": [
    3915819540,
    1301378614
  ],
  "shard_prediction_precision": 0.19662921130657196,
  "shard_prediction_recall": 0.23527778685092926
}