{
  "accs_after_deletion": [
    0.7922000288963318,
    0.8074000477790833,
    0.7918000221252441,
    0.7978000640869141,
    0.7972000241279602,
    0.8030000329017639
  ],
  "accs_before_deletion": [
    0.8196000456809998,
    0.8192000389099121,
    0.815000057220459,
    0.8142000436782837,
    0.8184000253677368,
    0.8104000091552734
  ],
  "delta": 6.982864657330156e-05,
  "ensemble_acc_after_deletion": 0.8208000659942627,
  "ensemble_acc_before_deletion": 0.8340000510215759,
  "epsilon": 73.0092589624364,
  "indicator": 1,
  "lengths_after_deletion": [
    2415,
    2390,
    2405,
    2672,
    2685,
    2725
  ],
  "rng": [
    3971083943,
    3528656400
  ],
  "shard_prediction_precision": 0.19886034727096558,
  "shard_prediction_recall": 0.22877778112888336
}