{
  "accs_after_deletion": [
    0.8062000274658203,
    0.8088000416755676,
    0.8010000586509705,
    0.7968000173568726,
    0.7930000424385071,
    0.8012000322341919
  ],
  "accs_before_deletion": [
    0.8164000511169434,
    0.8090000152587891,
    0.8140000104904175,
    0.8110000491142273,
    0.8052000403404236,
    0.8122000098228455
  ],
  "delta": 6.982864657330156e-05,
  "ensemble_acc_after_deletion": 0.8246000409126282,
  "ensemble_acc_before_deletion": 0.83160001039505,
  "epsilon": 73.0092589624364,
  "indicator": 0,
  "lengths_after_deletion": [
    2557,
    2584,
    2531,
    2807,
    2799,
    2785
  ],
  "rng": [
    4017600009,
    3915136214
  ],
  "shard_prediction_precision": 0.19656918942928314,
  "shard_prediction_recall": 0.21772222220897675
}