{
  "accs_after_deletion": [
    0.7980000376701355,
    0.803600013256073,
    0.8020000457763672,
    0.8006000518798828,
    0.8080000281333923,
    0.8014000654220581
  ],
  "accs_before_deletion": [
    0.818600058555603,
    0.8158000111579895,
    0.8162000179290771,
    0.8096000552177429,
    0.8124000430107117,
    0.8180000185966492
  ],
  "delta": 6.982864657330156e-05,
  "ensemble_acc_after_deletion": 0.8228000402450562,
  "ensemble_acc_before_deletion": 0.8350000381469727,
  "epsilon": 73.0092589624364,
  "indicator": 1,
  "lengths_after_deletion": [
    3194,
    3119,
    3235,
    3446,
    3347,
    3444
  ],
  "rng": [
    4106925979,
    4044425631
  ],
  "shard_prediction_precision": 0.19784151017665863,
  "shard_prediction_recall": 0.17822222411632538
}