{
  "accs_after_deletion": [
    0.8042000532150269,
    0.8040000200271606,
    0.8100000619888306,
    0.8068000674247742,
    0.8128000497817993,
    0.8002000451087952
  ],
  "accs_before_deletion": [
    0.8074000477790833,
    0.813200056552887,
    0.8154000639915466,
    0.8172000646591187,
    0.813200056552887,
    0.8104000091552734
  ],
  "delta": 6.982864657330156e-05,
  "ensemble_acc_after_deletion": 0.8210000395774841,
  "ensemble_acc_before_deletion": 0.8312000632286072,
  "epsilon": 73.0092589624364,
  "indicator": 1,
  "lengths_after_deletion": [
    3416,
    3537,
    3437,
    3675,
    3728,
    3664
  ],
  "rng": [
    4150659793,
    2881654582
  ],
  "shard_prediction_precision": 0.20319053530693054,
  "shard_prediction_recall": 0.1641666740179062
}