{
  "accs_after_deletion": [
    0.7952000498771667,
    0.7952000498771667,
    0.8074000477790833,
    0.8090000152587891,
    0.7994000315666199,
    0.8078000545501709
  ],
  "accs_before_deletion": [
    0.8096000552177429,
    0.8152000308036804,
    0.8144000172615051,
    0.8146000504493713,
    0.8156000375747681,
    0.8114000558853149
  ],
  "delta": 6.982864657330156e-05,
  "ensemble_acc_after_deletion": 0.8280000686645508,
  "ensemble_acc_before_deletion": 0.8340000510215759,
  "epsilon": 73.0092589624364,
  "indicator": 1,
  "lengths_after_deletion": [
    2670,
    2691,
    2647,
    3038,
    2960,
    2939
  ],
  "rng": [
    4162977558,
    3967672036
  ],
  "shard_prediction_precision": 0.19454210996627808,
  "shard_prediction_recall": 0.20594444870948792
}