{
  "accs_after_deletion": [
    0.7912000417709351,
    0.801800012588501,
    0.7990000247955322,
    0.8074000477790833,
    0.8004000186920166,
    0.7996000647544861
  ],
  "accs_before_deletion": [
    0.8146000504493713,
    0.8146000504493713,
    0.8130000233650208,
    0.8026000261306763,
    0.8180000185966492,
    0.8144000172615051
  ],
  "delta": 6.982864657330156e-05,
  "ensemble_acc_after_deletion": 0.8244000673294067,
  "ensemble_acc_before_deletion": 0.8368000388145447,
  "epsilon": 73.0092589624364,
  "indicator": 1,
  "lengths_after_deletion": [
    2730,
    2775,
    2781,
    3006,
    3053,
    3073
  ],
  "rng": [
    4171404304,
    1007319623
  ],
  "shard_prediction_precision": 0.20304596424102783,
  "shard_prediction_recall": 0.20961111783981323
}