{
  "accs_after_deletion": [
    0.8002000451087952,
    0.7958000302314758,
    0.7854000329971313,
    0.8002000451087952,
    0.7974000573158264,
    0.7970000505447388
  ],
  "accs_before_deletion": [
    0.8096000552177429,
    0.8146000504493713,
    0.8202000260353088,
    0.8140000104904175,
    0.8114000558853149,
    0.8142000436782837
  ],
  "delta": 6.982864657330156e-05,
  "ensemble_acc_after_deletion": 0.8180000185966492,
  "ensemble_acc_before_deletion": 0.83760005235672,
  "epsilon": 73.0092589624364,
  "indicator": 1,
  "lengths_after_deletion": [
    1880,
    1917,
    1896,
    2234,
    2108,
    2147
  ],
  "rng": [
    4214539472,
    87205345
  ],
  "shard_prediction_precision": 0.19632211327552795,
  "shard_prediction_recall": 0.2597777843475342
}