{
  "accs_after_deletion": [
    0.8078000545501709,
    0.8030000329017639,
    0.8082000613212585,
    0.8086000680923462,
    0.8160000443458557,
    0.8042000532150269
  ],
  "accs_before_deletion": [
    0.8124000430107117,
    0.8148000240325928,
    0.8216000199317932,
    0.8128000497817993,
    0.8228000402450562,
    0.8100000619888306
  ],
  "delta": 6.982864657330156e-05,
  "ensemble_acc_after_deletion": 0.8300000429153442,
  "ensemble_acc_before_deletion": 0.83760005235672,
  "epsilon": 73.0092589624364,
  "indicator": 1,
  "lengths_after_deletion": [
    2597,
    2724,
    2629,
    2916,
    2967,
    2926
  ],
  "rng": [
    4283588259,
    2511632306
  ],
  "shard_prediction_precision": 0.1983264833688736,
  "shard_prediction_recall": 0.21199999749660492
}