{
  "accs_after_deletion": [
    0.8040000200271606,
    0.8082000613212585,
    0.8060000538825989,
    0.8006000518798828,
    0.8028000593185425,
    0.7978000640869141
  ],
  "accs_before_deletion": [
    0.8126000165939331,
    0.8178000450134277,
    0.8148000240325928,
    0.8160000443458557,
    0.8152000308036804,
    0.8126000165939331
  ],
  "delta": 6.982864657330156e-05,
  "ensemble_acc_after_deletion": 0.8242000341415405,
  "ensemble_acc_before_deletion": 0.8326000571250916,
  "epsilon": 73.0092589624364,
  "indicator": 0,
  "lengths_after_deletion": [
    3370,
    3423,
    3440,
    3669,
    3564,
    3602
  ],
  "rng": [
    519675535,
    416783038
  ],
  "shard_prediction_precision": 0.2072729617357254,
  "shard_prediction_recall": 0.17194443941116333
}