{
  "accs_after_deletion": [
    0.8016000390052795,
    0.7952000498771667,
    0.7982000112533569,
    0.7978000640869141,
    0.7910000085830688,
    0.7996000647544861
  ],
  "accs_before_deletion": [
    0.8210000395774841,
    0.8242000341415405,
    0.8160000443458557,
    0.8142000436782837,
    0.8156000375747681,
    0.8134000301361084
  ],
  "delta": 6.982864657330156e-05,
  "ensemble_acc_after_deletion": 0.8176000118255615,
  "ensemble_acc_before_deletion": 0.8340000510215759,
  "epsilon": 73.0092589624364,
  "indicator": 0,
  "lengths_after_deletion": [
    3127,
    3056,
    3057,
    3328,
    3298,
    3363
  ],
  "rng": [
    535051231,
    2930486608
  ],
  "shard_prediction_precision": 0.1979011446237564,
  "shard_prediction_recall": 0.1843888908624649
}