{
  "accs_after_deletion": [
    0.8106000423431396,
    0.8008000254631042,
    0.8056000471115112,
    0.8056000471115112,
    0.801800012588501,
    0.8096000552177429
  ],
  "accs_before_deletion": [
    0.8196000456809998,
    0.8180000185966492,
    0.8160000443458557,
    0.8144000172615051,
    0.8106000423431396,
    0.8176000118255615
  ],
  "delta": 6.982864657330156e-05,
  "ensemble_acc_after_deletion": 0.8254000544548035,
  "ensemble_acc_before_deletion": 0.8360000252723694,
  "epsilon": 73.0092589624364,
  "indicator": 0,
  "lengths_after_deletion": [
    2794,
    2833,
    2844,
    3064,
    3028,
    3092
  ],
  "rng": [
    583926495,
    2732313523
  ],
  "shard_prediction_precision": 0.19629326462745667,
  "shard_prediction_recall": 0.2000555545091629
}