{
  "accs_after_deletion": [
    0.7976000308990479,
    0.8086000680923462,
    0.80840003490448,
    0.8082000613212585,
    0.8106000423431396,
    0.8074000477790833
  ],
  "accs_before_deletion": [
    0.8192000389099121,
    0.8144000172615051,
    0.8146000504493713,
    0.8122000098228455,
    0.8074000477790833,
    0.8198000192642212
  ],
  "delta": 6.982864657330156e-05,
  "ensemble_acc_after_deletion": 0.8270000219345093,
  "ensemble_acc_before_deletion": 0.8348000645637512,
  "epsilon": 73.0092589624364,
  "indicator": 1,
  "lengths_after_deletion": [
    3210,
    3179,
    3158,
    3412,
    3403,
    3421
  ],
  "rng": [
    627510361,
    799379765
  ],
  "shard_prediction_precision": 0.20102360844612122,
  "shard_prediction_recall": 0.18111111223697662
}