{
  "accs_after_deletion": [
    0.810200035572052,
    0.8060000538825989,
    0.8116000294685364,
    0.8028000593185425,
    0.7996000647544861,
    0.8148000240325928
  ],
  "accs_before_deletion": [
    0.8100000619888306,
    0.8106000423431396,
    0.8156000375747681,
    0.820400059223175,
    0.820400059223175,
    0.8182000517845154
  ],
  "delta": 6.982864657330156e-05,
  "ensemble_acc_after_deletion": 0.8314000368118286,
  "ensemble_acc_before_deletion": 0.8414000272750854,
  "epsilon": 73.0092589624364,
  "indicator": 0,
  "lengths_after_deletion": [
    2835,
    3015,
    2965,
    3189,
    3177,
    3155
  ],
  "rng": [
    639730493,
    2835335109
  ],
  "shard_prediction_precision": 0.1989922970533371,
  "shard_prediction_recall": 0.19527778029441833
}