{
  "accs_after_deletion": [
    0.7938000559806824,
    0.803600013256073,
    0.8002000451087952,
    0.8062000274658203,
    0.7998000383377075,
    0.8130000233650208
  ],
  "accs_before_deletion": [
    0.8176000118255615,
    0.8144000172615051,
    0.8160000443458557,
    0.8098000288009644,
    0.815000057220459,
    0.8160000443458557
  ],
  "delta": 6.982864657330156e-05,
  "ensemble_acc_after_deletion": 0.8296000361442566,
  "ensemble_acc_before_deletion": 0.83160001039505,
  "epsilon": 73.0092589624364,
  "indicator": 1,
  "lengths_after_deletion": [
    2851,
    2777,
    2771,
    2948,
    3043,
    3054
  ],
  "rng": [
    645461284,
    952760743
  ],
  "shard_prediction_precision": 0.19896528124809265,
  "shard_prediction_recall": 0.20511111617088318
}