{
  "accs_after_deletion": [
    0.79420006275177,
    0.7956000566482544,
    0.7864000201225281,
    0.7908000349998474,
    0.7994000315666199,
    0.803600013256073
  ],
  "accs_before_deletion": [
    0.8194000124931335,
    0.8106000423431396,
    0.8068000674247742,
    0.8216000199317932,
    0.8222000598907471,
    0.8188000321388245
  ],
  "delta": 6.982864657330156e-05,
  "ensemble_acc_after_deletion": 0.8210000395774841,
  "ensemble_acc_before_deletion": 0.8368000388145447,
  "epsilon": 73.0092589624364,
  "indicator": 1,
  "lengths_after_deletion": [
    2758,
    2880,
    2823,
    3009,
    3024,
    2993
  ],
  "rng": [
    653923750,
    1568087512
  ],
  "shard_prediction_precision": 0.1981850564479828,
  "shard_prediction_recall": 0.20383334159851074
}