{
  "accs_after_deletion": [
    0.7884000539779663,
    0.7944000363349915,
    0.7952000498771667,
    0.7944000363349915,
    0.7988000512123108,
    0.7952000498771667
  ],
  "accs_before_deletion": [
    0.810200035572052,
    0.8174000382423401,
    0.8184000253677368,
    0.8156000375747681,
    0.8180000185966492,
    0.8122000098228455
  ],
  "delta": 6.982864657330156e-05,
  "ensemble_acc_after_deletion": 0.8160000443458557,
  "ensemble_acc_before_deletion": 0.8334000110626221,
  "epsilon": 73.0092589624364,
  "indicator": 1,
  "lengths_after_deletion": [
    1862,
    1931,
    1894,
    2128,
    2160,
    2178
  ],
  "rng": [
    658757766,
    641558228
  ],
  "shard_prediction_precision": 0.19721558690071106,
  "shard_prediction_recall": 0.26127779483795166
}