{
  "accs_after_deletion": [
    0.7944000363349915,
    0.7972000241279602,
    0.7910000085830688,
    0.8028000593185425,
    0.7990000247955322,
    0.8062000274658203
  ],
  "accs_before_deletion": [
    0.8224000334739685,
    0.8144000172615051,
    0.818600058555603,
    0.8152000308036804,
    0.8134000301361084,
    0.8108000159263611
  ],
  "delta": 6.982864657330156e-05,
  "ensemble_acc_after_deletion": 0.8178000450134277,
  "ensemble_acc_before_deletion": 0.8356000185012817,
  "epsilon": 73.0092589624364,
  "indicator": 1,
  "lengths_after_deletion": [
    3547,
    3604,
    3467,
    3775,
    3775,
    3794
  ],
  "rng": [
    729560755,
    46203008
  ],
  "shard_prediction_precision": 0.20508620142936707,
  "shard_prediction_recall": 0.15994444489479065
}