{
  "accs_after_deletion": [
    0.7976000308990479,
    0.7934000492095947,
    0.800000011920929,
    0.8010000586509705,
    0.7992000579833984,
    0.8058000206947327
  ],
  "accs_before_deletion": [
    0.8166000247001648,
    0.8198000192642212,
    0.8210000395774841,
    0.8136000633239746,
    0.8092000484466553,
    0.8130000233650208
  ],
  "delta": 6.982864657330156e-05,
  "ensemble_acc_after_deletion": 0.8248000144958496,
  "ensemble_acc_before_deletion": 0.8320000171661377,
  "epsilon": 73.0092589624364,
  "indicator": 1,
  "lengths_after_deletion": [
    2399,
    2522,
    2522,
    2684,
    2661,
    2740
  ],
  "rng": [
    777393448,
    2771433788
  ],
  "shard_prediction_precision": 0.19294646382331848,
  "shard_prediction_recall": 0.21944445371627808
}