{
  "accs_after_deletion": [
    0.8074000477790833,
    0.7966000437736511,
    0.7940000295639038,
    0.7952000498771667,
    0.8062000274658203,
    0.8004000186920166
  ],
  "accs_before_deletion": [
    0.8128000497817993,
    0.8122000098228455,
    0.8046000599861145,
    0.8110000491142273,
    0.8052000403404236,
    0.8128000497817993
  ],
  "delta": 6.982864657330156e-05,
  "ensemble_acc_after_deletion": 0.8244000673294067,
  "ensemble_acc_before_deletion": 0.8300000429153442,
  "epsilon": 73.0092589624364,
  "indicator": 1,
  "lengths_after_deletion": [
    2180,
    2231,
    2181,
    2367,
    2424,
    2411
  ],
  "rng": [
    780399743,
    1904750302
  ],
  "shard_prediction_precision": 0.1945420205593109,
  "shard_prediction_recall": 0.24000000953674316
}