{
  "accs_after_deletion": [
    0.7988000512123108,
    0.7978000640869141,
    0.7938000559806824,
    0.7988000512123108,
    0.7976000308990479,
    0.8026000261306763
  ],
  "accs_before_deletion": [
    0.8074000477790833,
    0.8200000524520874,
    0.815000057220459,
    0.8136000633239746,
    0.813800036907196,
    0.8152000308036804
  ],
  "delta": 6.982864657330156e-05,
  "ensemble_acc_after_deletion": 0.8184000253677368,
  "ensemble_acc_before_deletion": 0.8312000632286072,
  "epsilon": 73.0092589624364,
  "indicator": 1,
  "lengths_after_deletion": [
    2932,
    2975,
    3048,
    3208,
    3165,
    3275
  ],
  "rng": [
    789836678,
    682904084
  ],
  "shard_prediction_precision": 0.20106914639472961,
  "shard_prediction_recall": 0.19433332979679108
}