{
  "accs_after_deletion": [
    0.8014000654220581,
    0.7996000647544861,
    0.8004000186920166,
    0.8056000471115112,
    0.8040000200271606,
    0.8014000654220581
  ],
  "accs_before_deletion": [
    0.8114000558853149,
    0.8178000450134277,
    0.820400059223175,
    0.807200014591217,
    0.8154000639915466,
    0.8134000301361084
  ],
  "delta": 6.982864657330156e-05,
  "ensemble_acc_after_deletion": 0.8252000212669373,
  "ensemble_acc_before_deletion": 0.8326000571250916,
  "epsilon": 73.0092589624364,
  "indicator": 1,
  "lengths_after_deletion": [
    2716,
    2841,
    2798,
    3046,
    3033,
    3073
  ],
  "rng": [
    816216394,
    3351406951
  ],
  "shard_prediction_precision": 0.20012977719306946,
  "shard_prediction_recall": 0.20561110973358154
}