{
  "accs_after_deletion": [
    0.8024000525474548,
    0.8126000165939331,
    0.801800012588501,
    0.8044000267982483,
    0.8092000484466553,
    0.8100000619888306
  ],
  "accs_before_deletion": [
    0.8188000321388245,
    0.813800036907196,
    0.8100000619888306,
    0.8194000124931335,
    0.8122000098228455,
    0.8188000321388245
  ],
  "delta": 6.982864657330156e-05,
  "ensemble_acc_after_deletion": 0.8318000435829163,
  "ensemble_acc_before_deletion": 0.836400032043457,
  "epsilon": 73.0092589624364,
  "indicator": 1,
  "lengths_after_deletion": [
    2521,
    2590,
    2536,
    2797,
    2761,
    2667
  ],
  "rng": [
    877907414,
    4028039546
  ],
  "shard_prediction_precision": 0.1978338658809662,
  "shard_prediction_recall": 0.22122222185134888
}