{
  "accs_after_deletion": [
    0.7978000640869141,
    0.7998000383377075,
    0.8040000200271606,
    0.8024000525474548,
    0.8058000206947327,
    0.7936000227928162
  ],
  "accs_before_deletion": [
    0.8164000511169434,
    0.8182000517845154,
    0.8124000430107117,
    0.8074000477790833,
    0.8116000294685364,
    0.8142000436782837
  ],
  "delta": 6.982864657330156e-05,
  "ensemble_acc_after_deletion": 0.8216000199317932,
  "ensemble_acc_before_deletion": 0.835800051689148,
  "epsilon": 73.0092589624364,
  "indicator": 1,
  "lengths_after_deletion": [
    2904,
    2932,
    2995,
    3191,
    3117,
    3080
  ],
  "rng": [
    919468016,
    2878725006
  ],
  "shard_prediction_precision": 0.199088916182518,
  "shard_prediction_recall": 0.1966666728258133
}