{
  "accs_after_deletion": [
    0.8024000525474548,
    0.8020000457763672,
    0.8028000593185425,
    0.8056000471115112,
    0.8026000261306763,
    0.8048000335693359
  ],
  "accs_before_deletion": [
    0.8090000152587891,
    0.8196000456809998,
    0.8146000504493713,
    0.8146000504493713,
    0.8116000294685364,
    0.8176000118255615
  ],
  "delta": 6.982864657330156e-05,
  "ensemble_acc_after_deletion": 0.8206000328063965,
  "ensemble_acc_before_deletion": 0.8380000591278076,
  "epsilon": 73.0092589624364,
  "indicator": 1,
  "lengths_after_deletion": [
    3088,
    3064,
    3134,
    3285,
    3255,
    3330
  ],
  "rng": [
    921538130,
    1886686709
  ],
  "shard_prediction_precision": 0.1987057775259018,
  "shard_prediction_recall": 0.18594445288181305
}