{
  "accs_after_deletion": [
    0.8024000525474548,
    0.8114000558853149,
    0.7988000512123108,
    0.7936000227928162,
    0.8044000267982483,
    0.8070000410079956
  ],
  "accs_before_deletion": [
    0.8100000619888306,
    0.8174000382423401,
    0.820400059223175,
    0.8160000443458557,
    0.8106000423431396,
    0.8152000308036804
  ],
  "delta": 6.982864657330156e-05,
  "ensemble_acc_after_deletion": 0.8224000334739685,
  "ensemble_acc_before_deletion": 0.8380000591278076,
  "epsilon": 73.0092589624364,
  "indicator": 0,
  "lengths_after_deletion": [
    2503,
    2489,
    2502,
    2754,
    2740,
    2758
  ],
  "rng": [
    941144146,
    299731019
  ],
  "shard_prediction_precision": 0.19201146066188812,
  "shard_prediction_recall": 0.21605555713176727
}