{
  "accs_after_deletion": [
    0.8048000335693359,
    0.8004000186920166,
    0.801800012588501,
    0.7962000370025635,
    0.7900000214576721,
    0.8046000599861145
  ],
  "accs_before_deletion": [
    0.8098000288009644,
    0.815000057220459,
    0.8126000165939331,
    0.8180000185966492,
    0.8142000436782837,
    0.8152000308036804
  ],
  "delta": 6.982864657330156e-05,
  "ensemble_acc_after_deletion": 0.8208000659942627,
  "ensemble_acc_before_deletion": 0.8378000259399414,
  "epsilon": 73.0092589624364,
  "indicator": 0,
  "lengths_after_deletion": [
    2910,
    2918,
    2975,
    3159,
    3136,
    3111
  ],
  "rng": [
    950996347,
    2034362986
  ],
  "shard_prediction_precision": 0.19532348215579987,
  "shard_prediction_recall": 0.19305555522441864
}