{
  "accs_after_deletion": [
    0.7978000640869141,
    0.7932000160217285,
    0.7970000505447388,
    0.7936000227928162,
    0.8034000396728516,
    0.7972000241279602
  ],
  "accs_before_deletion": [
    0.8156000375747681,
    0.8118000626564026,
    0.8148000240325928,
    0.8152000308036804,
    0.8114000558853149,
    0.8128000497817993
  ],
  "delta": 6.982864657330156e-05,
  "ensemble_acc_after_deletion": 0.816800057888031,
  "ensemble_acc_before_deletion": 0.8282000422477722,
  "epsilon": 73.0092589624364,
  "indicator": 1,
  "lengths_after_deletion": [
    2992,
    2990,
    2940,
    3186,
    3194,
    3160
  ],
  "rng": [
    974332772,
    1835652258
  ],
  "shard_prediction_precision": 0.19591744244098663,
  "shard_prediction_recall": 0.1908888965845108
}