{
  "accs_after_deletion": [
    0.8022000193595886,
    0.7940000295639038,
    0.7966000437736511,
    0.7948000431060791,
    0.7914000153541565,
    0.7984000444412231
  ],
  "accs_before_deletion": [
    0.8144000172615051,
    0.8190000653266907,
    0.8222000598907471,
    0.8148000240325928,
    0.8096000552177429,
    0.818600058555603
  ],
  "delta": 6.982864657330156e-05,
  "ensemble_acc_after_deletion": 0.8184000253677368,
  "ensemble_acc_before_deletion": 0.8362000584602356,
  "epsilon": 73.0092589624364,
  "indicator": 0,
  "lengths_after_deletion": [
    2674,
    2625,
    2580,
    2900,
    2819,
    2960
  ],
  "rng": [
    977572230,
    105888821
  ],
  "shard_prediction_precision": 0.1998765468597412,
  "shard_prediction_recall": 0.2158888876438141
}