{
  "accs_after_deletion": [
    0.8026000261306763,
    0.7908000349998474,
    0.8010000586509705,
    0.8068000674247742,
    0.7992000579833984,
    0.7992000579833984
  ],
  "accs_before_deletion": [
    0.8128000497817993,
    0.8094000220298767,
    0.8144000172615051,
    0.812000036239624,
    0.8174000382423401,
    0.8188000321388245
  ],
  "delta": 6.982864657330156e-05,
  "ensemble_acc_after_deletion": 0.8248000144958496,
  "ensemble_acc_before_deletion": 0.8324000239372253,
  "epsilon": 73.0092589624364,
  "indicator": 1,
  "lengths_after_deletion": [
    2209,
    2104,
    2214,
    2450,
    2371,
    2388
  ],
  "rng": [
    991501369,
    791896183
  ],
  "shard_prediction_precision": 0.1951131969690323,
  "shard_prediction_recall": 0.24133333563804626
}