{
  "accs_after_deletion": [
    0.9518000483512878,
    0.9468000531196594,
    0.9558000564575195,
    0.9562000632286072,
    0.9554000496864319,
    0.9570000171661377
  ],
  "accs_before_deletion": [
    0.9548000693321228,
    0.9622000455856323,
    0.9500000476837158,
    0.9552000164985657,
    0.9604000449180603,
    0.9606000185012817
  ],
  "delta": 6.982864657330156e-05,
  "ensemble_acc_after_deletion": 0.9664000272750854,
  "ensemble_acc_before_deletion": 0.9676000475883484,
  "epsilon": 211.22622061798933,
  "indicator": 1,
  "lengths_after_deletion": [
    3143,
    3078,
    3134,
    3286,
    3319,
    3323
  ],
  "rng": [
    1020911830,
    1852958431
  ],
  "shard_prediction_precision": 0.18867020308971405,
  "shard_prediction_recall": 0.1752222180366516
}