{
  "accs_after_deletion": [
    0.9584000706672668,
    0.9492000341415405,
    0.9546000361442566,
    0.9510000348091125,
    0.956000030040741,
    0.956000030040741
  ],
  "accs_before_deletion": [
    0.9526000618934631,
    0.9598000645637512,
    0.9580000638961792,
    0.960800051689148,
    0.9612000584602356,
    0.9622000455856323
  ],
  "delta": 6.982864657330156e-05,
  "ensemble_acc_after_deletion": 0.9668000340461731,
  "ensemble_acc_before_deletion": 0.9722000360488892,
  "epsilon": 211.22622061798933,
  "indicator": 1,
  "lengths_after_deletion": [
    3259,
    3240,
    3302,
    3441,
    3398,
    3440
  ],
  "rng": [
    1080808727,
    878821842
  ],
  "shard_prediction_precision": 0.18944723904132843,
  "shard_prediction_recall": 0.1675555557012558
}