{
  "accs_after_deletion": [
    0.9500000476837158,
    0.9486000537872314,
    0.9534000158309937,
    0.9594000577926636,
    0.9502000212669373,
    0.9548000693321228
  ],
  "accs_before_deletion": [
    0.9574000239372253,
    0.9564000368118286,
    0.9562000632286072,
    0.9582000374794006,
    0.9604000449180603,
    0.9588000178337097
  ],
  "delta": 6.982864657330156e-05,
  "ensemble_acc_after_deletion": 0.9654000401496887,
  "ensemble_acc_before_deletion": 0.9694000482559204,
  "epsilon": 211.22622061798933,
  "indicator": 1,
  "lengths_after_deletion": [
    2808,
    2678,
    2745,
    2884,
    2936,
    2927
  ],
  "rng": [
    1114580141,
    431073257
  ],
  "shard_prediction_precision": 0.1841026097536087,
  "shard_prediction_recall": 0.19455555081367493
}