{
  "accs_after_deletion": [
    0.9524000287055969,
    0.9524000287055969,
    0.9498000741004944,
    0.9532000422477722,
    0.9512000679969788,
    0.9558000564575195
  ],
  "accs_before_deletion": [
    0.9526000618934631,
    0.9548000693321228,
    0.9558000564575195,
    0.957800030708313,
    0.9590000510215759,
    0.9572000503540039
  ],
  "delta": 6.982864657330156e-05,
  "ensemble_acc_after_deletion": 0.9658000469207764,
  "ensemble_acc_before_deletion": 0.9700000286102295,
  "epsilon": 211.22622061798933,
  "indicator": 1,
  "lengths_after_deletion": [
    3035,
    3042,
    3071,
    3181,
    3199,
    3228
  ],
  "rng": [
    116251141,
    3047861878
  ],
  "shard_prediction_precision": 0.18609371781349182,
  "shard_prediction_recall": 0.17827777564525604
}