{
  "accs_after_deletion": [
    0.9512000679969788,
    0.9520000219345093,
    0.9508000612258911,
    0.9484000205993652,
    0.9500000476837158,
    0.9590000510215759
  ],
  "accs_before_deletion": [
    0.9600000381469727,
    0.959600031375885,
    0.9566000699996948,
    0.9582000374794006,
    0.9540000557899475,
    0.9600000381469727
  ],
  "delta": 6.982864657330156e-05,
  "ensemble_acc_after_deletion": 0.9622000455856323,
  "ensemble_acc_before_deletion": 0.9678000211715698,
  "epsilon": 211.22622061798933,
  "indicator": 1,
  "lengths_after_deletion": [
    4013,
    3990,
    4064,
    4093,
    4183,
    4155
  ],
  "rng": [
    1179228269,
    1319946143
  ],
  "shard_prediction_precision": 0.1890975385904312,
  "shard_prediction_recall": 0.12083333730697632
}