{
  "accs_after_deletion": [
    0.9532000422477722,
    0.9468000531196594,
    0.9490000605583191,
    0.954200029373169,
    0.9518000483512878,
    0.9548000693321228
  ],
  "accs_before_deletion": [
    0.960800051689148,
    0.9526000618934631,
    0.9564000368118286,
    0.9554000496864319,
    0.9556000232696533,
    0.959600031375885
  ],
  "delta": 6.982864657330156e-05,
  "ensemble_acc_after_deletion": 0.9628000259399414,
  "ensemble_acc_before_deletion": 0.9690000414848328,
  "epsilon": 211.22622061798933,
  "indicator": 1,
  "lengths_after_deletion": [
    2762,
    2643,
    2784,
    2874,
    2836,
    2885
  ],
  "rng": [
    1185898631,
    899440023
  ],
  "shard_prediction_precision": 0.18776020407676697,
  "shard_prediction_recall": 0.20044444501399994
}