{
  "accs_after_deletion": [
    0.9502000212669373,
    0.9506000280380249,
    0.9530000686645508,
    0.9524000287055969,
    0.9554000496864319,
    0.9526000618934631
  ],
  "accs_before_deletion": [
    0.9586000442504883,
    0.960800051689148,
    0.9566000699996948,
    0.9590000510215759,
    0.9612000584602356,
    0.9602000713348389
  ],
  "delta": 6.982864657330156e-05,
  "ensemble_acc_after_deletion": 0.9660000205039978,
  "ensemble_acc_before_deletion": 0.9690000414848328,
  "epsilon": 211.22622061798933,
  "indicator": 1,
  "lengths_after_deletion": [
    2322,
    2269,
    2275,
    2424,
    2404,
    2427
  ],
  "rng": [
    1244516101,
    1483491691
  ],
  "shard_prediction_precision": 0.1851090043783188,
  "shard_prediction_recall": 0.22500000894069672
}