{
  "accs_after_deletion": [
    0.9502000212669373,
    0.9520000219345093,
    0.9492000341415405,
    0.9516000747680664,
    0.9532000422477722,
    0.9496000409126282
  ],
  "accs_before_deletion": [
    0.9572000503540039,
    0.9570000171661377,
    0.9528000354766846,
    0.9584000706672668,
    0.9616000652313232,
    0.9582000374794006
  ],
  "delta": 6.982864657330156e-05,
  "ensemble_acc_after_deletion": 0.9624000191688538,
  "ensemble_acc_before_deletion": 0.9694000482559204,
  "epsilon": 211.22622061798933,
  "indicator": 1,
  "lengths_after_deletion": [
    3139,
    3161,
    3128,
    3303,
    3242,
    3248
  ],
  "rng": [
    1253044333,
    3543869256
  ],
  "shard_prediction_precision": 0.18499314785003662,
  "shard_prediction_recall": 0.1724444478750229
}