{
  "accs_after_deletion": [
    0.9448000192642212,
    0.9562000632286072,
    0.9554000496864319,
    0.9562000632286072,
    0.9538000226020813,
    0.9592000246047974
  ],
  "accs_before_deletion": [
    0.9490000605583191,
    0.9566000699996948,
    0.9616000652313232,
    0.9606000185012817,
    0.9558000564575195,
    0.9576000571250916
  ],
  "delta": 6.982864657330156e-05,
  "ensemble_acc_after_deletion": 0.9658000469207764,
  "ensemble_acc_before_deletion": 0.9696000218391418,
  "epsilon": 211.22622061798933,
  "indicator": 1,
  "lengths_after_deletion": [
    2991,
    2982,
    3075,
    3082,
    3187,
    3156
  ],
  "rng": [
    1254025541,
    643812246
  ],
  "shard_prediction_precision": 0.1858275830745697,
  "shard_prediction_recall": 0.18094444274902344
}