{
  "accs_after_deletion": [
    0.9516000747680664,
    0.9524000287055969,
    0.9456000328063965,
    0.9520000219345093,
    0.9450000524520874,
    0.9590000510215759
  ],
  "accs_before_deletion": [
    0.9580000638961792,
    0.9586000442504883,
    0.9624000191688538,
    0.9574000239372253,
    0.9566000699996948,
    0.9622000455856323
  ],
  "delta": 6.982864657330156e-05,
  "ensemble_acc_after_deletion": 0.9648000597953796,
  "ensemble_acc_before_deletion": 0.9696000218391418,
  "epsilon": 211.22622061798933,
  "indicator": 1,
  "lengths_after_deletion": [
    3330,
    3367,
    3397,
    3423,
    3488,
    3456
  ],
  "rng": [
    1284270459,
    2662087365
  ],
  "shard_prediction_precision": 0.19145376980304718,
  "shard_prediction_recall": 0.16527777910232544
}