{
  "accs_after_deletion": [
    0.9592000246047974,
    0.9532000422477722,
    0.9536000490188599,
    0.9536000490188599,
    0.9570000171661377,
    0.9540000557899475
  ],
  "accs_before_deletion": [
    0.9568000435829163,
    0.956000030040741,
    0.9546000361442566,
    0.9528000354766846,
    0.9552000164985657,
    0.9544000625610352
  ],
  "delta": 6.982864657330156e-05,
  "ensemble_acc_after_deletion": 0.9704000353813171,
  "ensemble_acc_before_deletion": 0.9652000665664673,
  "epsilon": 211.22622061798933,
  "indicator": 0,
  "lengths_after_deletion": [
    2634,
    2622,
    2609,
    2835,
    2737,
    2786
  ],
  "rng": [
    1296356069,
    2975995233
  ],
  "shard_prediction_precision": 0.18900743126869202,
  "shard_prediction_recall": 0.20766666531562805
}