{
  "accs_after_deletion": [
    0.9474000334739685,
    0.9490000605583191,
    0.954200029373169,
    0.954200029373169,
    0.9504000544548035,
    0.9552000164985657
  ],
  "accs_before_deletion": [
    0.9582000374794006,
    0.9576000571250916,
    0.9554000496864319,
    0.9622000455856323,
    0.9556000232696533,
    0.9572000503540039
  ],
  "delta": 6.982864657330156e-05,
  "ensemble_acc_after_deletion": 0.9628000259399414,
  "ensemble_acc_before_deletion": 0.9688000679016113,
  "epsilon": 211.22622061798933,
  "indicator": 1,
  "lengths_after_deletion": [
    2245,
    2168,
    2289,
    2418,
    2344,
    2374
  ],
  "rng": [
    129806332,
    3281852258
  ],
  "shard_prediction_precision": 0.1805342435836792,
  "shard_prediction_recall": 0.22227777540683746
}