{
  "accs_after_deletion": [
    0.9506000280380249,
    0.9538000226020813,
    0.9534000158309937,
    0.9546000361442566,
    0.9548000693321228,
    0.9520000219345093
  ],
  "accs_before_deletion": [
    0.9620000720024109,
    0.954200029373169,
    0.9556000232696533,
    0.9532000422477722,
    0.954200029373169,
    0.9602000713348389
  ],
  "delta": 6.982864657330156e-05,
  "ensemble_acc_after_deletion": 0.9668000340461731,
  "ensemble_acc_before_deletion": 0.9686000347137451,
  "epsilon": 211.22622061798933,
  "indicator": 1,
  "lengths_after_deletion": [
    2992,
    3013,
    3094,
    3087,
    3132,
    3142
  ],
  "rng": [
    1319611737,
    3792435965
  ],
  "shard_prediction_precision": 0.1859178990125656,
  "shard_prediction_recall": 0.1811666637659073
}