{
  "accs_after_deletion": [
    0.9574000239372253,
    0.956000030040741,
    0.957800030708313,
    0.9592000246047974,
    0.9570000171661377,
    0.9520000219345093
  ],
  "accs_before_deletion": [
    0.9510000348091125,
    0.957800030708313,
    0.9582000374794006,
    0.961400032043457,
    0.9566000699996948,
    0.9628000259399414
  ],
  "delta": 6.982864657330156e-05,
  "ensemble_acc_after_deletion": 0.9682000279426575,
  "ensemble_acc_before_deletion": 0.968000054359436,
  "epsilon": 211.22622061798933,
  "indicator": 0,
  "lengths_after_deletion": [
    3101,
    3076,
    3003,
    3173,
    3191,
    3167
  ],
  "rng": [
    1390620524,
    4067616216
  ],
  "shard_prediction_precision": 0.18699751794338226,
  "shard_prediction_recall": 0.17961111664772034
}