{
  "accs_after_deletion": [
    0.9510000348091125,
    0.9494000673294067,
    0.954200029373169,
    0.9516000747680664,
    0.9538000226020813,
    0.9516000747680664
  ],
  "accs_before_deletion": [
    0.9602000713348389,
    0.9598000645637512,
    0.9534000158309937,
    0.9572000503540039,
    0.9600000381469727,
    0.9574000239372253
  ],
  "delta": 6.982864657330156e-05,
  "ensemble_acc_after_deletion": 0.9622000455856323,
  "ensemble_acc_before_deletion": 0.9700000286102295,
  "epsilon": 211.22622061798933,
  "indicator": 1,
  "lengths_after_deletion": [
    3308,
    3354,
    3281,
    3453,
    3473,
    3444
  ],
  "rng": [
    1408215072,
    3958211867
  ],
  "shard_prediction_precision": 0.19162364304065704,
  "shard_prediction_recall": 0.16699999570846558
}