{
  "accs_after_deletion": [
    0.9518000483512878,
    0.9518000483512878,
    0.9532000422477722,
    0.9488000273704529,
    0.9476000666618347,
    0.9556000232696533
  ],
  "accs_before_deletion": [
    0.9536000490188599,
    0.9606000185012817,
    0.9598000645637512,
    0.9550000429153442,
    0.9524000287055969,
    0.9594000577926636
  ],
  "delta": 6.982864657330156e-05,
  "ensemble_acc_after_deletion": 0.9638000726699829,
  "ensemble_acc_before_deletion": 0.9678000211715698,
  "epsilon": 211.22622061798933,
  "indicator": 0,
  "lengths_after_deletion": [
    3421,
    3351,
    3308,
    3523,
    3434,
    3455
  ],
  "rng": [
    1536205272,
    1416743567
  ],
  "shard_prediction_precision": 0.19170750677585602,
  "shard_prediction_recall": 0.16516666114330292
}