{
  "accs_after_deletion": [
    0.9528000354766846,
    0.9558000564575195,
    0.9506000280380249,
    0.9530000686645508,
    0.9532000422477722,
    0.9538000226020813
  ],
  "accs_before_deletion": [
    0.9544000625610352,
    0.9558000564575195,
    0.9572000503540039,
    0.9556000232696533,
    0.9552000164985657,
    0.9568000435829163
  ],
  "delta": 6.982864657330156e-05,
  "ensemble_acc_after_deletion": 0.9652000665664673,
  "ensemble_acc_before_deletion": 0.9672000408172607,
  "epsilon": 211.22622061798933,
  "indicator": 1,
  "lengths_after_deletion": [
    3282,
    3291,
    3279,
    3342,
    3392,
    3397
  ],
  "rng": [
    1553480970,
    2084363615
  ],
  "shard_prediction_precision": 0.18280577659606934,
  "shard_prediction_recall": 0.1626666635274887
}