{
  "accs_after_deletion": [
    0.9498000741004944,
    0.9546000361442566,
    0.9514000415802002,
    0.954200029373169,
    0.9556000232696533,
    0.9558000564575195
  ],
  "accs_before_deletion": [
    0.9556000232696533,
    0.9538000226020813,
    0.954200029373169,
    0.959600031375885,
    0.9512000679969788,
    0.9586000442504883
  ],
  "delta": 6.982864657330156e-05,
  "ensemble_acc_after_deletion": 0.9660000205039978,
  "ensemble_acc_before_deletion": 0.967400074005127,
  "epsilon": 211.22622061798933,
  "indicator": 1,
  "lengths_after_deletion": [
    3396,
    3534,
    3507,
    3619,
    3588,
    3548
  ],
  "rng": [
    1581664385,
    1180224138
  ],
  "shard_prediction_precision": 0.18327930569648743,
  "shard_prediction_recall": 0.15077777206897736
}