{
  "accs_after_deletion": [
    0.954200029373169,
    0.9510000348091125,
    0.9470000267028809,
    0.9604000449180603,
    0.9508000612258911,
    0.9576000571250916
  ],
  "accs_before_deletion": [
    0.9580000638961792,
    0.954200029373169,
    0.9582000374794006,
    0.9584000706672668,
    0.9604000449180603,
    0.9602000713348389
  ],
  "delta": 6.982864657330156e-05,
  "ensemble_acc_after_deletion": 0.967400074005127,
  "ensemble_acc_before_deletion": 0.9678000211715698,
  "epsilon": 211.22622061798933,
  "indicator": 1,
  "lengths_after_deletion": [
    2537,
    2415,
    2519,
    2641,
    2613,
    2685
  ],
  "rng": [
    1650579432,
    991835362
  ],
  "shard_prediction_precision": 0.18445846438407898,
  "shard_prediction_recall": 0.210999995470047
}