{
  "accs_after_deletion": [
    0.9496000409126282,
    0.9546000361442566,
    0.9548000693321228,
    0.9574000239372253,
    0.9512000679969788,
    0.9564000368118286
  ],
  "accs_before_deletion": [
    0.9548000693321228,
    0.9564000368118286,
    0.9568000435829163,
    0.956000030040741,
    0.9522000551223755,
    0.9570000171661377
  ],
  "delta": 6.982864657330156e-05,
  "ensemble_acc_after_deletion": 0.9646000266075134,
  "ensemble_acc_before_deletion": 0.9634000658988953,
  "epsilon": 211.22622061798933,
  "indicator": 1,
  "lengths_after_deletion": [
    3218,
    3304,
    3135,
    3323,
    3346,
    3303
  ],
  "rng": [
    1674501135,
    1259565300
  ],
  "shard_prediction_precision": 0.18202918767929077,
  "shard_prediction_recall": 0.16555555164813995
}