{
  "accs_after_deletion": [
    0.9544000625610352,
    0.9538000226020813,
    0.9508000612258911,
    0.954200029373169,
    0.9526000618934631,
    0.9528000354766846
  ],
  "accs_before_deletion": [
    0.9612000584602356,
    0.9538000226020813,
    0.9636000394821167,
    0.9576000571250916,
    0.9544000625610352,
    0.957800030708313
  ],
  "delta": 6.982864657330156e-05,
  "ensemble_acc_after_deletion": 0.963200032711029,
  "ensemble_acc_before_deletion": 0.9690000414848328,
  "epsilon": 211.22622061798933,
  "indicator": 1,
  "lengths_after_deletion": [
    3355,
    3406,
    3422,
    3594,
    3614,
    3572
  ],
  "rng": [
    1761637861,
    1977261174
  ],
  "shard_prediction_precision": 0.18368026614189148,
  "shard_prediction_recall": 0.15344443917274475
}