{
  "accs_after_deletion": [
    0.9516000747680664,
    0.9506000280380249,
    0.9500000476837158,
    0.9490000605583191,
    0.9488000273704529,
    0.9488000273704529
  ],
  "accs_before_deletion": [
    0.9592000246047974,
    0.9552000164985657,
    0.9612000584602356,
    0.9616000652313232,
    0.9576000571250916,
    0.9566000699996948
  ],
  "delta": 6.982864657330156e-05,
  "ensemble_acc_after_deletion": 0.9648000597953796,
  "ensemble_acc_before_deletion": 0.9694000482559204,
  "epsilon": 211.22622061798933,
  "indicator": 0,
  "lengths_after_deletion": [
    3214,
    3205,
    3270,
    3391,
    3380,
    3400
  ],
  "rng": [
    1780940024,
    3070692176
  ],
  "shard_prediction_precision": 0.18872368335723877,
  "shard_prediction_recall": 0.16922222077846527
}