{
  "accs_after_deletion": [
    0.9530000686645508,
    0.9588000178337097,
    0.9638000726699829,
    0.9580000638961792,
    0.9462000727653503,
    0.9586000442504883
  ],
  "accs_before_deletion": [
    0.9612000584602356,
    0.9552000164985657,
    0.9536000490188599,
    0.956000030040741,
    0.9530000686645508,
    0.960800051689148
  ],
  "delta": 6.982864657330156e-05,
  "ensemble_acc_after_deletion": 0.9700000286102295,
  "ensemble_acc_before_deletion": 0.9700000286102295,
  "epsilon": 211.22622061798933,
  "indicator": 0,
  "lengths_after_deletion": [
    2298,
    2288,
    2236,
    2399,
    2426,
    2449
  ],
  "rng": [
    1820085074,
    3018901397
  ],
  "shard_prediction_precision": 0.18375639617443085,
  "shard_prediction_recall": 0.22361111640930176
}