{
  "accs_after_deletion": [
    0.9432000517845154,
    0.9490000605583191,
    0.9468000531196594,
    0.9510000348091125,
    0.9546000361442566,
    0.9512000679969788
  ],
  "accs_before_deletion": [
    0.9604000449180603,
    0.9580000638961792,
    0.9538000226020813,
    0.9570000171661377,
    0.9506000280380249,
    0.9594000577926636
  ],
  "delta": 6.982864657330156e-05,
  "ensemble_acc_after_deletion": 0.9602000713348389,
  "ensemble_acc_before_deletion": 0.964400053024292,
  "epsilon": 211.22622061798933,
  "indicator": 1,
  "lengths_after_deletion": [
    2724,
    2775,
    2757,
    2927,
    2866,
    2964
  ],
  "rng": [
    1831281748,
    1285394220
  ],
  "shard_prediction_precision": 0.1908147782087326,
  "shard_prediction_recall": 0.20127777755260468
}