{
  "accs_after_deletion": [
    0.9552000164985657,
    0.9528000354766846,
    0.9526000618934631,
    0.9460000395774841,
    0.9480000734329224,
    0.9558000564575195
  ],
  "accs_before_deletion": [
    0.9584000706672668,
    0.9570000171661377,
    0.9580000638961792,
    0.9572000503540039,
    0.9552000164985657,
    0.961400032043457
  ],
  "delta": 6.982864657330156e-05,
  "ensemble_acc_after_deletion": 0.9646000266075134,
  "ensemble_acc_before_deletion": 0.967400074005127,
  "epsilon": 211.22622061798933,
  "indicator": 0,
  "lengths_after_deletion": [
    3348,
    3432,
    3396,
    3589,
    3536,
    3495
  ],
  "rng": [
    1927530343,
    486224493
  ],
  "shard_prediction_precision": 0.18771377205848694,
  "shard_prediction_recall": 0.1585555523633957
}