{
  "accs_after_deletion": [
    0.9522000551223755,
    0.9480000734329224,
    0.9536000490188599,
    0.9574000239372253,
    0.9500000476837158,
    0.9572000503540039
  ],
  "accs_before_deletion": [
    0.9582000374794006,
    0.96260005235672,
    0.9570000171661377,
    0.9588000178337097,
    0.9612000584602356,
    0.9590000510215759
  ],
  "delta": 6.982864657330156e-05,
  "ensemble_acc_after_deletion": 0.966200053691864,
  "ensemble_acc_before_deletion": 0.971000075340271,
  "epsilon": 211.22622061798933,
  "indicator": 1,
  "lengths_after_deletion": [
    2941,
    2840,
    2901,
    3081,
    3011,
    2984
  ],
  "rng": [
    1941529785,
    617976604
  ],
  "shard_prediction_precision": 0.18561561405658722,
  "shard_prediction_recall": 0.1881111115217209
}