{
  "accs_after_deletion": [
    0.9468000531196594,
    0.9416000247001648,
    0.9506000280380249,
    0.9522000551223755,
    0.9498000741004944,
    0.9554000496864319
  ],
  "accs_before_deletion": [
    0.9520000219345093,
    0.957800030708313,
    0.959600031375885,
    0.9570000171661377,
    0.9550000429153442,
    0.9594000577926636
  ],
  "delta": 6.982864657330156e-05,
  "ensemble_acc_after_deletion": 0.966200053691864,
  "ensemble_acc_before_deletion": 0.9684000611305237,
  "epsilon": 211.22622061798933,
  "indicator": 1,
  "lengths_after_deletion": [
    2019,
    2020,
    1975,
    2081,
    2072,
    2103
  ],
  "rng": [
    1964210488,
    488613396
  ],
  "shard_prediction_precision": 0.18061524629592896,
  "shard_prediction_recall": 0.23811110854148865
}