{
  "accs_after_deletion": [
    0.9564000368118286,
    0.9492000341415405,
    0.9472000598907471,
    0.9532000422477722,
    0.9528000354766846,
    0.9566000699996948
  ],
  "accs_before_deletion": [
    0.957800030708313,
    0.9584000706672668,
    0.9576000571250916,
    0.9548000693321228,
    0.9576000571250916,
    0.96260005235672
  ],
  "delta": 6.982864657330156e-05,
  "ensemble_acc_after_deletion": 0.9652000665664673,
  "ensemble_acc_before_deletion": 0.9684000611305237,
  "epsilon": 211.22622061798933,
  "indicator": 1,
  "lengths_after_deletion": [
    2895,
    2884,
    2872,
    2966,
    3023,
    3000
  ],
  "rng": [
    1970699132,
    2345168390
  ],
  "shard_prediction_precision": 0.18137255311012268,
  "shard_prediction_recall": 0.1850000023841858
}