{
  "accs_after_deletion": [
    0.9532000422477722,
    0.9510000348091125,
    0.9498000741004944,
    0.9524000287055969,
    0.9452000260353088,
    0.9534000158309937
  ],
  "accs_before_deletion": [
    0.9602000713348389,
    0.9548000693321228,
    0.956000030040741,
    0.9548000693321228,
    0.9590000510215759,
    0.9590000510215759
  ],
  "delta": 6.982864657330156e-05,
  "ensemble_acc_after_deletion": 0.9648000597953796,
  "ensemble_acc_before_deletion": 0.9712000489234924,
  "epsilon": 211.22622061798933,
  "indicator": 0,
  "lengths_after_deletion": [
    3532,
    3610,
    3527,
    3762,
    3735,
    3711
  ],
  "rng": [
    2059754862,
    3910140089
  ],
  "shard_prediction_precision": 0.1933017075061798,
  "shard_prediction_recall": 0.15166667103767395
}