{
  "accs_after_deletion": [
    0.9502000212669373,
    0.9576000571250916,
    0.9490000605583191,
    0.9552000164985657,
    0.9568000435829163,
    0.9564000368118286
  ],
  "accs_before_deletion": [
    0.9566000699996948,
    0.9514000415802002,
    0.9598000645637512,
    0.9604000449180603,
    0.9606000185012817,
    0.9564000368118286
  ],
  "delta": 6.982864657330156e-05,
  "ensemble_acc_after_deletion": 0.9668000340461731,
  "ensemble_acc_before_deletion": 0.9696000218391418,
  "epsilon": 211.22622061798933,
  "indicator": 1,
  "lengths_after_deletion": [
    3750,
    3750,
    3700,
    3832,
    3817,
    3851
  ],
  "rng": [
    2065549874,
    3422535007
  ],
  "shard_prediction_precision": 0.18646617233753204,
  "shard_prediction_recall": 0.13777777552604675
}