{
  "accs_after_deletion": [
    0.9524000287055969,
    0.9434000253677368,
    0.9464000463485718,
    0.9522000551223755,
    0.9520000219345093,
    0.9536000490188599
  ],
  "accs_before_deletion": [
    0.9554000496864319,
    0.9592000246047974,
    0.9602000713348389,
    0.9552000164985657,
    0.9564000368118286,
    0.9548000693321228
  ],
  "delta": 6.982864657330156e-05,
  "ensemble_acc_after_deletion": 0.9636000394821167,
  "ensemble_acc_before_deletion": 0.9688000679016113,
  "epsilon": 211.22622061798933,
  "indicator": 1,
  "lengths_after_deletion": [
    3038,
    3002,
    3005,
    3102,
    3154,
    3135
  ],
  "rng": [
    2100608116,
    2836139389
  ],
  "shard_prediction_precision": 0.18270325660705566,
  "shard_prediction_recall": 0.17827777564525604
}