{
  "accs_after_deletion": [
    0.9520000219345093,
    0.9538000226020813,
    0.9582000374794006,
    0.956000030040741,
    0.9484000205993652,
    0.9592000246047974
  ],
  "accs_before_deletion": [
    0.9580000638961792,
    0.9604000449180603,
    0.956000030040741,
    0.9586000442504883,
    0.9590000510215759,
    0.9612000584602356
  ],
  "delta": 6.982864657330156e-05,
  "ensemble_acc_after_deletion": 0.9648000597953796,
  "ensemble_acc_before_deletion": 0.9702000617980957,
  "epsilon": 211.22622061798933,
  "indicator": 0,
  "lengths_after_deletion": [
    3036,
    2984,
    3070,
    3224,
    3158,
    3253
  ],
  "rng": [
    2134585666,
    4271779418
  ],
  "shard_prediction_precision": 0.1876121610403061,
  "shard_prediction_recall": 0.18005555868148804
}