{
  "accs_after_deletion": [
    0.9552000164985657,
    0.9598000645637512,
    0.9500000476837158,
    0.9544000625610352,
    0.9484000205993652,
    0.9556000232696533
  ],
  "accs_before_deletion": [
    0.956000030040741,
    0.9580000638961792,
    0.9548000693321228,
    0.9590000510215759,
    0.9520000219345093,
    0.9576000571250916
  ],
  "delta": 6.982864657330156e-05,
  "ensemble_acc_after_deletion": 0.9658000469207764,
  "ensemble_acc_before_deletion": 0.968000054359436,
  "epsilon": 211.22622061798933,
  "indicator": 0,
  "lengths_after_deletion": [
    3151,
    3166,
    3122,
    3272,
    3256,
    3296
  ],
  "rng": [
    2211544026,
    559732562
  ],
  "shard_prediction_precision": 0.18390393257141113,
  "shard_prediction_recall": 0.17100000381469727
}