{
  "accs_after_deletion": [
    0.9472000598907471,
    0.9510000348091125,
    0.9430000185966492,
    0.957800030708313,
    0.9484000205993652,
    0.945400059223175
  ],
  "accs_before_deletion": [
    0.9606000185012817,
    0.9566000699996948,
    0.957800030708313,
    0.9564000368118286,
    0.9588000178337097,
    0.9576000571250916
  ],
  "delta": 6.982864657330156e-05,
  "ensemble_acc_after_deletion": 0.9622000455856323,
  "ensemble_acc_before_deletion": 0.9706000685691833,
  "epsilon": 211.22622061798933,
  "indicator": 1,
  "lengths_after_deletion": [
    2807,
    2845,
    2758,
    2938,
    2952,
    2962
  ],
  "rng": [
    222215668,
    1380501531
  ],
  "shard_prediction_precision": 0.1836909055709839,
  "shard_prediction_recall": 0.19122222065925598
}