{
  "accs_after_deletion": [
    0.9512000679969788,
    0.956000030040741,
    0.9530000686645508,
    0.956000030040741,
    0.9582000374794006,
    0.9570000171661377
  ],
  "accs_before_deletion": [
    0.9574000239372253,
    0.9558000564575195,
    0.9576000571250916,
    0.956000030040741,
    0.9576000571250916,
    0.9622000455856323
  ],
  "delta": 6.982864657330156e-05,
  "ensemble_acc_after_deletion": 0.9676000475883484,
  "ensemble_acc_before_deletion": 0.9678000211715698,
  "epsilon": 211.22622061798933,
  "indicator": 1,
  "lengths_after_deletion": [
    2970,
    2896,
    2900,
    3100,
    3111,
    3085
  ],
  "rng": [
    2235863074,
    3673460878
  ],
  "shard_prediction_precision": 0.19305385649204254,
  "shard_prediction_recall": 0.1923888921737671
}