{
  "accs_after_deletion": [
    0.9508000612258911,
    0.9582000374794006,
    0.9450000524520874,
    0.9546000361442566,
    0.9502000212669373,
    0.9580000638961792
  ],
  "accs_before_deletion": [
    0.9600000381469727,
    0.9574000239372253,
    0.9604000449180603,
    0.9628000259399414,
    0.9548000693321228,
    0.9618000388145447
  ],
  "delta": 6.982864657330156e-05,
  "ensemble_acc_after_deletion": 0.9652000665664673,
  "ensemble_acc_before_deletion": 0.9700000286102295,
  "epsilon": 211.22622061798933,
  "indicator": 1,
  "lengths_after_deletion": [
    2417,
    2434,
    2395,
    2596,
    2519,
    2589
  ],
  "rng": [
    2284774767,
    646962398
  ],
  "shard_prediction_precision": 0.18422803282737732,
  "shard_prediction_recall": 0.2154444456100464
}