{
  "accs_after_deletion": [
    0.9538000226020813,
    0.9566000699996948,
    0.9516000747680664,
    0.9554000496864319,
    0.9516000747680664,
    0.9576000571250916
  ],
  "accs_before_deletion": [
    0.9536000490188599,
    0.9582000374794006,
    0.9554000496864319,
    0.9548000693321228,
    0.956000030040741,
    0.9616000652313232
  ],
  "delta": 6.982864657330156e-05,
  "ensemble_acc_after_deletion": 0.966200053691864,
  "ensemble_acc_before_deletion": 0.9656000733375549,
  "epsilon": 211.22622061798933,
  "indicator": 1,
  "lengths_after_deletion": [
    3761,
    3748,
    3700,
    3873,
    3824,
    3855
  ],
  "rng": [
    2348723536,
    4213498825
  ],
  "shard_prediction_precision": 0.18989349901676178,
  "shard_prediction_recall": 0.13966666162014008
}