{
  "accs_after_deletion": [
    0.9566000699996948,
    0.9470000267028809,
    0.9470000267028809,
    0.9452000260353088,
    0.956000030040741,
    0.959600031375885
  ],
  "accs_before_deletion": [
    0.959600031375885,
    0.9568000435829163,
    0.9562000632286072,
    0.9586000442504883,
    0.9558000564575195,
    0.959600031375885
  ],
  "delta": 6.982864657330156e-05,
  "ensemble_acc_after_deletion": 0.966200053691864,
  "ensemble_acc_before_deletion": 0.9690000414848328,
  "epsilon": 211.22622061798933,
  "indicator": 1,
  "lengths_after_deletion": [
    3212,
    3201,
    3250,
    3398,
    3418,
    3366
  ],
  "rng": [
    2364529911,
    1738879423
  ],
  "shard_prediction_precision": 0.1832869052886963,
  "shard_prediction_recall": 0.16449999809265137
}