{
  "accs_after_deletion": [
    0.9514000415802002,
    0.9572000503540039,
    0.9500000476837158,
    0.9552000164985657,
    0.9548000693321228,
    0.9550000429153442
  ],
  "accs_before_deletion": [
    0.9574000239372253,
    0.9564000368118286,
    0.9564000368118286,
    0.9576000571250916,
    0.9620000720024109,
    0.9586000442504883
  ],
  "delta": 6.982864657330156e-05,
  "ensemble_acc_after_deletion": 0.9666000604629517,
  "ensemble_acc_before_deletion": 0.971000075340271,
  "epsilon": 211.22622061798933,
  "indicator": 1,
  "lengths_after_deletion": [
    2836,
    2854,
    2821,
    2956,
    3004,
    2963
  ],
  "rng": [
    2398688363,
    1491273621
  ],
  "shard_prediction_precision": 0.1862005889415741,
  "shard_prediction_recall": 0.19205555319786072
}