{
  "accs_after_deletion": [
    0.9406000375747681,
    0.9422000646591187,
    0.9412000179290771,
    0.9482000470161438,
    0.9430000185966492,
    0.9492000341415405
  ],
  "accs_before_deletion": [
    0.9604000449180603,
    0.9604000449180603,
    0.9562000632286072,
    0.9548000693321228,
    0.9532000422477722,
    0.9586000442504883
  ],
  "delta": 6.982864657330156e-05,
  "ensemble_acc_after_deletion": 0.9582000374794006,
  "ensemble_acc_before_deletion": 0.969200074672699,
  "epsilon": 211.22622061798933,
  "indicator": 1,
  "lengths_after_deletion": [
    3183,
    3103,
    3129,
    3280,
    3222,
    3253
  ],
  "rng": [
    2415115794,
    4121219240
  ],
  "shard_prediction_precision": 0.1869875192642212,
  "shard_prediction_recall": 0.17483334243297577
}