{
  "accs_after_deletion": [
    0.9460000395774841,
    0.9516000747680664,
    0.9458000659942627,
    0.9468000531196594,
    0.9486000537872314,
    0.9452000260353088
  ],
  "accs_before_deletion": [
    0.9568000435829163,
    0.9576000571250916,
    0.9558000564575195,
    0.9540000557899475,
    0.9580000638961792,
    0.9566000699996948
  ],
  "delta": 6.982864657330156e-05,
  "ensemble_acc_after_deletion": 0.96260005235672,
  "ensemble_acc_before_deletion": 0.9678000211715698,
  "epsilon": 211.22622061798933,
  "indicator": 0,
  "lengths_after_deletion": [
    2600,
    2608,
    2603,
    2743,
    2753,
    2757
  ],
  "rng": [
    2461524516,
    1532104262
  ],
  "shard_prediction_precision": 0.18765048682689667,
  "shard_prediction_recall": 0.20783333480358124
}