{
  "accs_after_deletion": [
    0.9466000199317932,
    0.9546000361442566,
    0.9476000666618347,
    0.9526000618934631,
    0.9466000199317932,
    0.9478000402450562
  ],
  "accs_before_deletion": [
    0.9604000449180603,
    0.9600000381469727,
    0.954200029373169,
    0.9526000618934631,
    0.9610000252723694,
    0.9582000374794006
  ],
  "delta": 6.982864657330156e-05,
  "ensemble_acc_after_deletion": 0.9616000652313232,
  "ensemble_acc_before_deletion": 0.9702000617980957,
  "epsilon": 211.22622061798933,
  "indicator": 0,
  "lengths_after_deletion": [
    1856,
    1889,
    1842,
    2020,
    1968,
    1992
  ],
  "rng": [
    2523835489,
    1145998137
  ],
  "shard_prediction_precision": 0.1855277568101883,
  "shard_prediction_recall": 0.25183334946632385
}