{
  "accs_after_deletion": [
    0.9516000747680664,
    0.9546000361442566,
    0.9546000361442566,
    0.9606000185012817,
    0.9526000618934631,
    0.9576000571250916
  ],
  "accs_before_deletion": [
    0.9492000341415405,
    0.9574000239372253,
    0.9582000374794006,
    0.961400032043457,
    0.9544000625610352,
    0.9572000503540039
  ],
  "delta": 6.982864657330156e-05,
  "ensemble_acc_after_deletion": 0.9688000679016113,
  "ensemble_acc_before_deletion": 0.9678000211715698,
  "epsilon": 211.22622061798933,
  "indicator": 1,
  "lengths_after_deletion": [
    3008,
    2960,
    2964,
    3132,
    3088,
    3088
  ],
  "rng": [
    2533321307,
    285106509
  ],
  "shard_prediction_precision": 0.1831081062555313,
  "shard_prediction_recall": 0.18066667020320892
}