{
  "accs_after_deletion": [
    0.9524000287055969,
    0.9490000605583191,
    0.9506000280380249,
    0.9516000747680664,
    0.9534000158309937,
    0.9510000348091125
  ],
  "accs_before_deletion": [
    0.959600031375885,
    0.9546000361442566,
    0.9586000442504883,
    0.9558000564575195,
    0.957800030708313,
    0.9598000645637512
  ],
  "delta": 6.982864657330156e-05,
  "ensemble_acc_after_deletion": 0.963200032711029,
  "ensemble_acc_before_deletion": 0.969200074672699,
  "epsilon": 211.22622061798933,
  "indicator": 1,
  "lengths_after_deletion": [
    3004,
    2861,
    2989,
    3034,
    3128,
    2977
  ],
  "rng": [
    2571396566,
    1041492312
  ],
  "shard_prediction_precision": 0.17898593842983246,
  "shard_prediction_recall": 0.17905555665493011
}