{
  "accs_after_deletion": [
    0.9552000164985657,
    0.9434000253677368,
    0.9480000734329224,
    0.9554000496864319,
    0.9534000158309937,
    0.9528000354766846
  ],
  "accs_before_deletion": [
    0.9588000178337097,
    0.9546000361442566,
    0.9594000577926636,
    0.9566000699996948,
    0.9562000632286072,
    0.9516000747680664
  ],
  "delta": 6.982864657330156e-05,
  "ensemble_acc_after_deletion": 0.9642000198364258,
  "ensemble_acc_before_deletion": 0.9670000672340393,
  "epsilon": 211.22622061798933,
  "indicator": 1,
  "lengths_after_deletion": [
    3086,
    3135,
    3098,
    3241,
    3181,
    3264
  ],
  "rng": [
    2592283,
    3987116932
  ],
  "shard_prediction_precision": 0.1898205429315567,
  "shard_prediction_recall": 0.1792222261428833
}