{
  "accs_after_deletion": [
    0.9498000741004944,
    0.9528000354766846,
    0.9500000476837158,
    0.9562000632286072,
    0.9524000287055969,
    0.9480000734329224
  ],
  "accs_before_deletion": [
    0.9604000449180603,
    0.957800030708313,
    0.954200029373169,
    0.9594000577926636,
    0.9564000368118286,
    0.9550000429153442
  ],
  "delta": 6.982864657330156e-05,
  "ensemble_acc_after_deletion": 0.9638000726699829,
  "ensemble_acc_before_deletion": 0.9696000218391418,
  "epsilon": 211.22622061798933,
  "indicator": 1,
  "lengths_after_deletion": [
    3056,
    3018,
    3001,
    3215,
    3214,
    3172
  ],
  "rng": [
    2630187015,
    39141281
  ],
  "shard_prediction_precision": 0.18765874207019806,
  "shard_prediction_recall": 0.18061111867427826
}