{
  "accs_after_deletion": [
    0.9544000625610352,
    0.9562000632286072,
    0.9512000679969788,
    0.9616000652313232,
    0.9582000374794006,
    0.961400032043457
  ],
  "accs_before_deletion": [
    0.9556000232696533,
    0.961400032043457,
    0.956000030040741,
    0.9592000246047974,
    0.9588000178337097,
    0.9590000510215759
  ],
  "delta": 6.982864657330156e-05,
  "ensemble_acc_after_deletion": 0.9690000414848328,
  "ensemble_acc_before_deletion": 0.9694000482559204,
  "epsilon": 211.22622061798933,
  "indicator": 1,
  "lengths_after_deletion": [
    2791,
    2834,
    2807,
    2869,
    2969,
    2933
  ],
  "rng": [
    2645737877,
    3486582337
  ],
  "shard_prediction_precision": 0.18417832255363464,
  "shard_prediction_recall": 0.19233334064483643
}