{
  "accs_after_deletion": [
    0.9520000219345093,
    0.9512000679969788,
    0.9536000490188599,
    0.9548000693321228,
    0.9570000171661377,
    0.9564000368118286
  ],
  "accs_before_deletion": [
    0.961400032043457,
    0.9582000374794006,
    0.9550000429153442,
    0.959600031375885,
    0.9558000564575195,
    0.9600000381469727
  ],
  "delta": 6.982864657330156e-05,
  "ensemble_acc_after_deletion": 0.968000054359436,
  "ensemble_acc_before_deletion": 0.9694000482559204,
  "epsilon": 211.22622061798933,
  "indicator": 1,
  "lengths_after_deletion": [
    2161,
    2135,
    2190,
    2326,
    2294,
    2288
  ],
  "rng": [
    2664148178,
    2008298257
  ],
  "shard_prediction_precision": 0.1821640282869339,
  "shard_prediction_recall": 0.22877778112888336
}