{
  "accs_after_deletion": [
    0.9558000564575195,
    0.954200029373169,
    0.9528000354766846,
    0.9556000232696533,
    0.9550000429153442,
    0.9540000557899475
  ],
  "accs_before_deletion": [
    0.9588000178337097,
    0.954200029373169,
    0.9544000625610352,
    0.9610000252723694,
    0.9574000239372253,
    0.957800030708313
  ],
  "delta": 6.982864657330156e-05,
  "ensemble_acc_after_deletion": 0.9668000340461731,
  "ensemble_acc_before_deletion": 0.9704000353813171,
  "epsilon": 211.22622061798933,
  "indicator": 1,
  "lengths_after_deletion": [
    3335,
    3371,
    3374,
    3534,
    3519,
    3576
  ],
  "rng": [
    2677902324,
    3402339431
  ],
  "shard_prediction_precision": 0.1922045797109604,
  "shard_prediction_recall": 0.1632777750492096
}