{
  "accs_after_deletion": [
    0.9530000686645508,
    0.9558000564575195,
    0.9476000666618347,
    0.9518000483512878,
    0.954200029373169,
    0.9588000178337097
  ],
  "accs_before_deletion": [
    0.956000030040741,
    0.9566000699996948,
    0.9498000741004944,
    0.9584000706672668,
    0.9598000645637512,
    0.9546000361442566
  ],
  "delta": 6.982864657330156e-05,
  "ensemble_acc_after_deletion": 0.9658000469207764,
  "ensemble_acc_before_deletion": 0.9658000469207764,
  "epsilon": 211.22622061798933,
  "indicator": 1,
  "lengths_after_deletion": [
    3167,
    3188,
    3104,
    3322,
    3297,
    3307
  ],
  "rng": [
    2713562055,
    2157221159
  ],
  "shard_prediction_precision": 0.1842912882566452,
  "shard_prediction_recall": 0.17011111974716187
}