{
  "accs_after_deletion": [
    0.9516000747680664,
    0.9552000164985657,
    0.9552000164985657,
    0.9532000422477722,
    0.9534000158309937,
    0.9584000706672668
  ],
  "accs_before_deletion": [
    0.9532000422477722,
    0.9532000422477722,
    0.9532000422477722,
    0.959600031375885,
    0.9548000693321228,
    0.960800051689148
  ],
  "delta": 6.982864657330156e-05,
  "ensemble_acc_after_deletion": 0.967400074005127,
  "ensemble_acc_before_deletion": 0.9688000679016113,
  "epsilon": 211.22622061798933,
  "indicator": 1,
  "lengths_after_deletion": [
    3493,
    3431,
    3429,
    3576,
    3553,
    3567
  ],
  "rng": [
    2761703186,
    812803122
  ],
  "shard_prediction_precision": 0.18333221971988678,
  "shard_prediction_recall": 0.15227778255939484
}