{
  "accs_after_deletion": [
    0.9536000490188599,
    0.9572000503540039,
    0.9518000483512878,
    0.9544000625610352,
    0.9512000679969788,
    0.9552000164985657
  ],
  "accs_before_deletion": [
    0.9554000496864319,
    0.96260005235672,
    0.9536000490188599,
    0.9564000368118286,
    0.9584000706672668,
    0.9576000571250916
  ],
  "delta": 6.982864657330156e-05,
  "ensemble_acc_after_deletion": 0.9650000333786011,
  "ensemble_acc_before_deletion": 0.9688000679016113,
  "epsilon": 211.22622061798933,
  "indicator": 0,
  "lengths_after_deletion": [
    2167,
    2084,
    2163,
    2236,
    2214,
    2284
  ],
  "rng": [
    2762608507,
    2719575298
  ],
  "shard_prediction_precision": 0.17696481943130493,
  "shard_prediction_recall": 0.22466666996479034
}