{
  "accs_after_deletion": [
    0.9524000287055969,
    0.9516000747680664,
    0.9536000490188599,
    0.957800030708313,
    0.9508000612258911,
    0.9524000287055969
  ],
  "accs_before_deletion": [
    0.9582000374794006,
    0.9584000706672668,
    0.954200029373169,
    0.9552000164985657,
    0.954200029373169,
    0.9546000361442566
  ],
  "delta": 6.982864657330156e-05,
  "ensemble_acc_after_deletion": 0.9646000266075134,
  "ensemble_acc_before_deletion": 0.968000054359436,
  "epsilon": 211.22622061798933,
  "indicator": 1,
  "lengths_after_deletion": [
    3674,
    3663,
    3697,
    3799,
    3819,
    3799
  ],
  "rng": [
    2772842357,
    3515460810
  ],
  "shard_prediction_precision": 0.1868772655725479,
  "shard_prediction_recall": 0.140666663646698
}