{
  "accs_after_deletion": [
    0.9572000503540039,
    0.9584000706672668,
    0.954200029373169,
    0.9602000713348389,
    0.9602000713348389,
    0.9572000503540039
  ],
  "accs_before_deletion": [
    0.9548000693321228,
    0.9546000361442566,
    0.9524000287055969,
    0.9648000597953796,
    0.961400032043457,
    0.9574000239372253
  ],
  "delta": 6.982864657330156e-05,
  "ensemble_acc_after_deletion": 0.971000075340271,
  "ensemble_acc_before_deletion": 0.9698000550270081,
  "epsilon": 211.22622061798933,
  "indicator": 1,
  "lengths_after_deletion": [
    2702,
    2764,
    2716,
    2851,
    2844,
    2842
  ],
  "rng": [
    2782757562,
    3175945820
  ],
  "shard_prediction_precision": 0.1822519600391388,
  "shard_prediction_recall": 0.19522222876548767
}