{
  "accs_after_deletion": [
    0.9576000571250916,
    0.9526000618934631,
    0.9488000273704529,
    0.9478000402450562,
    0.956000030040741,
    0.9522000551223755
  ],
  "accs_before_deletion": [
    0.9548000693321228,
    0.9574000239372253,
    0.9582000374794006,
    0.9572000503540039,
    0.9548000693321228,
    0.9576000571250916
  ],
  "delta": 6.982864657330156e-05,
  "ensemble_acc_after_deletion": 0.9664000272750854,
  "ensemble_acc_before_deletion": 0.9656000733375549,
  "epsilon": 211.22622061798933,
  "indicator": 0,
  "lengths_after_deletion": [
    2746,
    2659,
    2736,
    2840,
    2825,
    2854
  ],
  "rng": [
    2820442370,
    1510190284
  ],
  "shard_prediction_precision": 0.18231645226478577,
  "shard_prediction_recall": 0.19588889181613922
}