{
  "accs_after_deletion": [
    0.9472000598907471,
    0.9544000625610352,
    0.9506000280380249,
    0.9536000490188599,
    0.9540000557899475,
    0.9590000510215759
  ],
  "accs_before_deletion": [
    0.9568000435829163,
    0.9522000551223755,
    0.9576000571250916,
    0.9554000496864319,
    0.9570000171661377,
    0.9588000178337097
  ],
  "delta": 6.982864657330156e-05,
  "ensemble_acc_after_deletion": 0.9660000205039978,
  "ensemble_acc_before_deletion": 0.969200074672699,
  "epsilon": 211.22622061798933,
  "indicator": 1,
  "lengths_after_deletion": [
    3331,
    3374,
    3359,
    3394,
    3533,
    3497
  ],
  "rng": [
    2832720783,
    1089777566
  ],
  "shard_prediction_precision": 0.186371847987175,
  "shard_prediction_recall": 0.1606111079454422
}