{
  "accs_after_deletion": [
    0.9502000212669373,
    0.9476000666618347,
    0.9520000219345093,
    0.9564000368118286,
    0.9508000612258911,
    0.9564000368118286
  ],
  "accs_before_deletion": [
    0.9612000584602356,
    0.9550000429153442,
    0.9582000374794006,
    0.9594000577926636,
    0.9568000435829163,
    0.9550000429153442
  ],
  "delta": 6.982864657330156e-05,
  "ensemble_acc_after_deletion": 0.9676000475883484,
  "ensemble_acc_before_deletion": 0.9694000482559204,
  "epsilon": 211.22622061798933,
  "indicator": 1,
  "lengths_after_deletion": [
    2750,
    2784,
    2758,
    2890,
    2884,
    2897
  ],
  "rng": [
    2853805453,
    461500404
  ],
  "shard_prediction_precision": 0.18301202356815338,
  "shard_prediction_recall": 0.1935555636882782
}