{
  "accs_after_deletion": [
    0.9544000625610352,
    0.9590000510215759,
    0.9508000612258911,
    0.9554000496864319,
    0.9568000435829163,
    0.957800030708313
  ],
  "accs_before_deletion": [
    0.9554000496864319,
    0.9600000381469727,
    0.959600031375885,
    0.9564000368118286,
    0.9582000374794006,
    0.9610000252723694
  ],
  "delta": 6.982864657330156e-05,
  "ensemble_acc_after_deletion": 0.9708000421524048,
  "ensemble_acc_before_deletion": 0.9688000679016113,
  "epsilon": 211.22622061798933,
  "indicator": 1,
  "lengths_after_deletion": [
    3554,
    3512,
    3534,
    3605,
    3645,
    3649
  ],
  "rng": [
    2879428079,
    825426581
  ],
  "shard_prediction_precision": 0.19033169746398926,
  "shard_prediction_recall": 0.15333333611488342
}