{
  "accs_after_deletion": [
    0.9530000686645508,
    0.9514000415802002,
    0.9524000287055969,
    0.9556000232696533,
    0.9508000612258911,
    0.9540000557899475
  ],
  "accs_before_deletion": [
    0.9600000381469727,
    0.9552000164985657,
    0.961400032043457,
    0.9600000381469727,
    0.9522000551223755,
    0.9594000577926636
  ],
  "delta": 6.982864657330156e-05,
  "ensemble_acc_after_deletion": 0.964400053024292,
  "ensemble_acc_before_deletion": 0.9702000617980957,
  "epsilon": 211.22622061798933,
  "indicator": 1,
  "lengths_after_deletion": [
    3408,
    3349,
    3397,
    3539,
    3546,
    3515
  ],
  "rng": [
    2888216387,
    1678732532
  ],
  "shard_prediction_precision": 0.1900826394557953,
  "shard_prediction_recall": 0.16099999845027924
}