{
  "accs_after_deletion": [
    0.9558000564575195,
    0.9524000287055969,
    0.954200029373169,
    0.9512000679969788,
    0.9540000557899475,
    0.957800030708313
  ],
  "accs_before_deletion": [
    0.9566000699996948,
    0.9590000510215759,
    0.9576000571250916,
    0.9548000693321228,
    0.9556000232696533,
    0.9562000632286072
  ],
  "delta": 6.982864657330156e-05,
  "ensemble_acc_after_deletion": 0.9694000482559204,
  "ensemble_acc_before_deletion": 0.9676000475883484,
  "epsilon": 211.22622061798933,
  "indicator": 1,
  "lengths_after_deletion": [
    2076,
    2148,
    2116,
    2161,
    2195,
    2166
  ],
  "rng": [
    2914906223,
    2031705578
  ],
  "shard_prediction_precision": 0.18134669959545135,
  "shard_prediction_recall": 0.23311111330986023
}