{
  "accs_after_deletion": [
    0.9536000490188599,
    0.9502000212669373,
    0.954200029373169,
    0.9550000429153442,
    0.9552000164985657,
    0.9554000496864319
  ],
  "accs_before_deletion": [
    0.9584000706672668,
    0.9544000625610352,
    0.957800030708313,
    0.9604000449180603,
    0.9616000652313232,
    0.9584000706672668
  ],
  "delta": 6.982864657330156e-05,
  "ensemble_acc_after_deletion": 0.9648000597953796,
  "ensemble_acc_before_deletion": 0.9690000414848328,
  "epsilon": 211.22622061798933,
  "indicator": 1,
  "lengths_after_deletion": [
    2873,
    2837,
    2862,
    2947,
    3039,
    3079
  ],
  "rng": [
    2922461904,
    1060040268
  ],
  "shard_prediction_precision": 0.1837390512228012,
  "shard_prediction_recall": 0.18744444847106934
}