{
  "accs_after_deletion": [
    0.9476000666618347,
    0.9390000700950623,
    0.9472000598907471,
    0.9474000334739685,
    0.9482000470161438,
    0.9568000435829163
  ],
  "accs_before_deletion": [
    0.961400032043457,
    0.9602000713348389,
    0.9570000171661377,
    0.957800030708313,
    0.9568000435829163,
    0.9572000503540039
  ],
  "delta": 6.982864657330156e-05,
  "ensemble_acc_after_deletion": 0.961400032043457,
  "ensemble_acc_before_deletion": 0.971000075340271,
  "epsilon": 211.22622061798933,
  "indicator": 1,
  "lengths_after_deletion": [
    2178,
    2213,
    2212,
    2332,
    2320,
    2305
  ],
  "rng": [
    2923054946,
    2507867893
  ],
  "shard_prediction_precision": 0.18141710758209229,
  "shard_prediction_recall": 0.22616666555404663
}