{
  "accs_after_deletion": [
    0.9540000557899475,
    0.9470000267028809,
    0.9530000686645508,
    0.9522000551223755,
    0.9538000226020813,
    0.9562000632286072
  ],
  "accs_before_deletion": [
    0.9524000287055969,
    0.959600031375885,
    0.9564000368118286,
    0.9564000368118286,
    0.9582000374794006,
    0.9630000591278076
  ],
  "delta": 6.982864657330156e-05,
  "ensemble_acc_after_deletion": 0.9650000333786011,
  "ensemble_acc_before_deletion": 0.9684000611305237,
  "epsilon": 211.22622061798933,
  "indicator": 1,
  "lengths_after_deletion": [
    3538,
    3675,
    3621,
    3748,
    3770,
    3760
  ],
  "rng": [
    2929468230,
    4268360937
  ],
  "shard_prediction_precision": 0.19225230813026428,
  "shard_prediction_recall": 0.148333340883255
}