{
  "accs_after_deletion": [
    0.9492000341415405,
    0.954200029373169,
    0.9472000598907471,
    0.9582000374794006,
    0.9506000280380249,
    0.9464000463485718
  ],
  "accs_before_deletion": [
    0.9580000638961792,
    0.9636000394821167,
    0.9536000490188599,
    0.9592000246047974,
    0.954200029373169,
    0.9564000368118286
  ],
  "delta": 6.982864657330156e-05,
  "ensemble_acc_after_deletion": 0.9652000665664673,
  "ensemble_acc_before_deletion": 0.969200074672699,
  "epsilon": 211.22622061798933,
  "indicator": 1,
  "lengths_after_deletion": [
    3216,
    3279,
    3267,
    3418,
    3386,
    3342
  ],
  "rng": [
    2941386026,
    795749770
  ],
  "shard_prediction_precision": 0.1887894570827484,
  "shard_prediction_recall": 0.16877777874469757
}