{
  "accs_after_deletion": [
    0.9496000409126282,
    0.9510000348091125,
    0.9518000483512878,
    0.9528000354766846,
    0.9514000415802002,
    0.9522000551223755
  ],
  "accs_before_deletion": [
    0.9612000584602356,
    0.9592000246047974,
    0.956000030040741,
    0.9518000483512878,
    0.9576000571250916,
    0.9604000449180603
  ],
  "delta": 6.982864657330156e-05,
  "ensemble_acc_after_deletion": 0.9654000401496887,
  "ensemble_acc_before_deletion": 0.9688000679016113,
  "epsilon": 211.22622061798933,
  "indicator": 1,
  "lengths_after_deletion": [
    2887,
    2860,
    2960,
    3082,
    3068,
    3028
  ],
  "rng": [
    298643163,
    976259742
  ],
  "shard_prediction_precision": 0.18918024003505707,
  "shard_prediction_recall": 0.19038888812065125
}