{
  "accs_after_deletion": [
    0.9540000557899475,
    0.9538000226020813,
    0.9486000537872314,
    0.9492000341415405,
    0.959600031375885,
    0.9498000741004944
  ],
  "accs_before_deletion": [
    0.9584000706672668,
    0.9562000632286072,
    0.9612000584602356,
    0.9590000510215759,
    0.9652000665664673,
    0.9548000693321228
  ],
  "delta": 6.982864657330156e-05,
  "ensemble_acc_after_deletion": 0.9630000591278076,
  "ensemble_acc_before_deletion": 0.9702000617980957,
  "epsilon": 211.22622061798933,
  "indicator": 1,
  "lengths_after_deletion": [
    2370,
    2374,
    2363,
    2533,
    2519,
    2484
  ],
  "rng": [
    299878877,
    20418550
  ],
  "shard_prediction_precision": 0.18907149136066437,
  "shard_prediction_recall": 0.22433333098888397
}