{
  "accs_after_deletion": [
    0.9564000368118286,
    0.9534000158309937,
    0.9546000361442566,
    0.9496000409126282,
    0.9528000354766846,
    0.9582000374794006
  ],
  "accs_before_deletion": [
    0.9580000638961792,
    0.9586000442504883,
    0.9556000232696533,
    0.9556000232696533,
    0.9554000496864319,
    0.9598000645637512
  ],
  "delta": 6.982864657330156e-05,
  "ensemble_acc_after_deletion": 0.9650000333786011,
  "ensemble_acc_before_deletion": 0.9678000211715698,
  "epsilon": 211.22622061798933,
  "indicator": 0,
  "lengths_after_deletion": [
    2534,
    2531,
    2497,
    2658,
    2652,
    2644
  ],
  "rng": [
    3055592146,
    2170381201
  ],
  "shard_prediction_precision": 0.18531537055969238,
  "shard_prediction_recall": 0.21088889241218567
}