{
  "accs_after_deletion": [
    0.9504000544548035,
    0.9498000741004944,
    0.9516000747680664,
    0.9592000246047974,
    0.9524000287055969,
    0.954200029373169
  ],
  "accs_before_deletion": [
    0.957800030708313,
    0.9576000571250916,
    0.9586000442504883,
    0.961400032043457,
    0.9604000449180603,
    0.9568000435829163
  ],
  "delta": 6.982864657330156e-05,
  "ensemble_acc_after_deletion": 0.966200053691864,
  "ensemble_acc_before_deletion": 0.9702000617980957,
  "epsilon": 211.22622061798933,
  "indicator": 1,
  "lengths_after_deletion": [
    3354,
    3226,
    3222,
    3444,
    3429,
    3429
  ],
  "rng": [
    3085740906,
    1456230286
  ],
  "shard_prediction_precision": 0.18878962099552155,
  "shard_prediction_recall": 0.16672222316265106
}