{
  "accs_after_deletion": [
    0.9524000287055969,
    0.9478000402450562,
    0.9504000544548035,
    0.9576000571250916,
    0.9522000551223755,
    0.9554000496864319
  ],
  "accs_before_deletion": [
    0.9556000232696533,
    0.9530000686645508,
    0.9566000699996948,
    0.9594000577926636,
    0.9592000246047974,
    0.9582000374794006
  ],
  "delta": 6.982864657330156e-05,
  "ensemble_acc_after_deletion": 0.966200053691864,
  "ensemble_acc_before_deletion": 0.9676000475883484,
  "epsilon": 211.22622061798933,
  "indicator": 1,
  "lengths_after_deletion": [
    3272,
    3150,
    3134,
    3312,
    3376,
    3287
  ],
  "rng": [
    3189161116,
    457646239
  ],
  "shard_prediction_precision": 0.19102555513381958,
  "shard_prediction_recall": 0.1747777760028839
}