{
  "accs_after_deletion": [
    0.9556000232696533,
    0.9530000686645508,
    0.9532000422477722,
    0.9506000280380249,
    0.9590000510215759,
    0.9612000584602356
  ],
  "accs_before_deletion": [
    0.9546000361442566,
    0.9600000381469727,
    0.9576000571250916,
    0.9592000246047974,
    0.9558000564575195,
    0.9634000658988953
  ],
  "delta": 6.982864657330156e-05,
  "ensemble_acc_after_deletion": 0.9688000679016113,
  "ensemble_acc_before_deletion": 0.9690000414848328,
  "epsilon": 211.22622061798933,
  "indicator": 1,
  "lengths_after_deletion": [
    3024,
    2936,
    2931,
    3130,
    3080,
    3103
  ],
  "rng": [
    3224285439,
    1627917430
  ],
  "shard_prediction_precision": 0.18964935839176178,
  "shard_prediction_recall": 0.1875
}