{
  "accs_after_deletion": [
    0.9556000232696533,
    0.9500000476837158,
    0.9502000212669373,
    0.9498000741004944,
    0.9536000490188599,
    0.9488000273704529
  ],
  "accs_before_deletion": [
    0.9606000185012817,
    0.9588000178337097,
    0.9576000571250916,
    0.9582000374794006,
    0.9616000652313232,
    0.9580000638961792
  ],
  "delta": 6.982864657330156e-05,
  "ensemble_acc_after_deletion": 0.9642000198364258,
  "ensemble_acc_before_deletion": 0.9704000353813171,
  "epsilon": 211.22622061798933,
  "indicator": 0,
  "lengths_after_deletion": [
    2779,
    2781,
    2760,
    2993,
    2939,
    2916
  ],
  "rng": [
    3228606743,
    3275610027
  ],
  "shard_prediction_precision": 0.18388913571834564,
  "shard_prediction_recall": 0.1923888921737671
}