{
  "accs_after_deletion": [
    0.9592000246047974,
    0.9592000246047974,
    0.9532000422477722,
    0.9590000510215759,
    0.9572000503540039,
    0.9570000171661377
  ],
  "accs_before_deletion": [
    0.9582000374794006,
    0.9568000435829163,
    0.9582000374794006,
    0.9566000699996948,
    0.960800051689148,
    0.9556000232696533
  ],
  "delta": 6.982864657330156e-05,
  "ensemble_acc_after_deletion": 0.9672000408172607,
  "ensemble_acc_before_deletion": 0.9702000617980957,
  "epsilon": 211.22622061798933,
  "indicator": 1,
  "lengths_after_deletion": [
    2568,
    2580,
    2582,
    2724,
    2695,
    2685
  ],
  "rng": [
    330514625,
    1798840275
  ],
  "shard_prediction_precision": 0.18650203943252563,
  "shard_prediction_recall": 0.2089444398880005
}