{
  "accs_after_deletion": [
    0.9568000435829163,
    0.9538000226020813,
    0.9550000429153442,
    0.9598000645637512,
    0.9500000476837158,
    0.9548000693321228
  ],
  "accs_before_deletion": [
    0.959600031375885,
    0.9548000693321228,
    0.9546000361442566,
    0.9576000571250916,
    0.9540000557899475,
    0.9574000239372253
  ],
  "delta": 6.982864657330156e-05,
  "ensemble_acc_after_deletion": 0.9702000617980957,
  "ensemble_acc_before_deletion": 0.9678000211715698,
  "epsilon": 211.22622061798933,
  "indicator": 0,
  "lengths_after_deletion": [
    2642,
    2646,
    2638,
    2847,
    2799,
    2802
  ],
  "rng": [
    3332708547,
    1463158551
  ],
  "shard_prediction_precision": 0.18450015783309937,
  "shard_prediction_recall": 0.20116667449474335
}