{
  "accs_after_deletion": [
    0.9494000673294067,
    0.9488000273704529,
    0.9516000747680664,
    0.9554000496864319,
    0.9556000232696533,
    0.9582000374794006
  ],
  "accs_before_deletion": [
    0.961400032043457,
    0.9630000591278076,
    0.9598000645637512,
    0.9568000435829163,
    0.9572000503540039,
    0.9610000252723694
  ],
  "delta": 6.982864657330156e-05,
  "ensemble_acc_after_deletion": 0.9678000211715698,
  "ensemble_acc_before_deletion": 0.9700000286102295,
  "epsilon": 211.22622061798933,
  "indicator": 1,
  "lengths_after_deletion": [
    1804,
    1786,
    1804,
    1901,
    1927,
    1984
  ],
  "rng": [
    3414116748,
    2820280836
  ],
  "shard_prediction_precision": 0.18375413119792938,
  "shard_prediction_recall": 0.2531111240386963
}