{
  "accs_after_deletion": [
    0.9516000747680664,
    0.9432000517845154,
    0.9472000598907471,
    0.9546000361442566,
    0.9538000226020813,
    0.9538000226020813
  ],
  "accs_before_deletion": [
    0.9574000239372253,
    0.9558000564575195,
    0.9580000638961792,
    0.9552000164985657,
    0.9538000226020813,
    0.9602000713348389
  ],
  "delta": 6.982864657330156e-05,
  "ensemble_acc_after_deletion": 0.961400032043457,
  "ensemble_acc_before_deletion": 0.9686000347137451,
  "epsilon": 211.22622061798933,
  "indicator": 1,
  "lengths_after_deletion": [
    2903,
    2781,
    2847,
    3062,
    2971,
    2974
  ],
  "rng": [
    3447570863,
    2547344823
  ],
  "shard_prediction_precision": 0.182428777217865,
  "shard_prediction_recall": 0.18711110949516296
}