{
  "accs_after_deletion": [
    0.9524000287055969,
    0.9528000354766846,
    0.9472000598907471,
    0.9536000490188599,
    0.9458000659942627,
    0.954200029373169
  ],
  "accs_before_deletion": [
    0.9554000496864319,
    0.9548000693321228,
    0.9576000571250916,
    0.9574000239372253,
    0.9486000537872314,
    0.9550000429153442
  ],
  "delta": 6.982864657330156e-05,
  "ensemble_acc_after_deletion": 0.9654000401496887,
  "ensemble_acc_before_deletion": 0.9658000469207764,
  "epsilon": 211.22622061798933,
  "indicator": 1,
  "lengths_after_deletion": [
    2900,
    2921,
    2916,
    3046,
    3050,
    3108
  ],
  "rng": [
    3448743824,
    404029639
  ],
  "shard_prediction_precision": 0.19048674404621124,
  "shard_prediction_recall": 0.19111111760139465
}