{
  "accs_after_deletion": [
    0.9536000490188599,
    0.9516000747680664,
    0.9554000496864319,
    0.9562000632286072,
    0.9518000483512878,
    0.9588000178337097
  ],
  "accs_before_deletion": [
    0.9586000442504883,
    0.957800030708313,
    0.959600031375885,
    0.9594000577926636,
    0.9566000699996948,
    0.9592000246047974
  ],
  "delta": 6.982864657330156e-05,
  "ensemble_acc_after_deletion": 0.9686000347137451,
  "ensemble_acc_before_deletion": 0.9702000617980957,
  "epsilon": 211.22622061798933,
  "indicator": 1,
  "lengths_after_deletion": [
    2663,
    2694,
    2699,
    2724,
    2711,
    2755
  ],
  "rng": [
    347744721,
    675639418
  ],
  "shard_prediction_precision": 0.18229220807552338,
  "shard_prediction_recall": 0.2000555545091629
}