{
  "accs_after_deletion": [
    0.9468000531196594,
    0.9532000422477722,
    0.9530000686645508,
    0.9428000450134277,
    0.9546000361442566,
    0.9540000557899475
  ],
  "accs_before_deletion": [
    0.9604000449180603,
    0.9562000632286072,
    0.956000030040741,
    0.9504000544548035,
    0.9568000435829163,
    0.9568000435829163
  ],
  "delta": 6.982864657330156e-05,
  "ensemble_acc_after_deletion": 0.9636000394821167,
  "ensemble_acc_before_deletion": 0.966200053691864,
  "epsilon": 211.22622061798933,
  "indicator": 0,
  "lengths_after_deletion": [
    3199,
    3230,
    3202,
    3343,
    3376,
    3353
  ],
  "rng": [
    3480639740,
    3986436321
  ],
  "shard_prediction_precision": 0.1851874589920044,
  "shard_prediction_recall": 0.16766667366027832
}