{
  "accs_after_deletion": [
    0.9484000205993652,
    0.9524000287055969,
    0.9490000605583191,
    0.9500000476837158,
    0.9512000679969788,
    0.9516000747680664
  ],
  "accs_before_deletion": [
    0.9620000720024109,
    0.9602000713348389,
    0.9580000638961792,
    0.9582000374794006,
    0.9548000693321228,
    0.9568000435829163
  ],
  "delta": 6.982864657330156e-05,
  "ensemble_acc_after_deletion": 0.9646000266075134,
  "ensemble_acc_before_deletion": 0.9682000279426575,
  "epsilon": 211.22622061798933,
  "indicator": 1,
  "lengths_after_deletion": [
    2958,
    3001,
    3031,
    3129,
    3069,
    3133
  ],
  "rng": [
    3518997286,
    4018626121
  ],
  "shard_prediction_precision": 0.18321172893047333,
  "shard_prediction_recall": 0.17994444072246552
}