{
  "accs_after_deletion": [
    0.9520000219345093,
    0.9452000260353088,
    0.9562000632286072,
    0.9552000164985657,
    0.9566000699996948,
    0.9572000503540039
  ],
  "accs_before_deletion": [
    0.9620000720024109,
    0.9576000571250916,
    0.957800030708313,
    0.9588000178337097,
    0.9606000185012817,
    0.9624000191688538
  ],
  "delta": 6.982864657330156e-05,
  "ensemble_acc_after_deletion": 0.9664000272750854,
  "ensemble_acc_before_deletion": 0.9702000617980957,
  "epsilon": 211.22622061798933,
  "indicator": 1,
  "lengths_after_deletion": [
    3119,
    3184,
    3182,
    3273,
    3200,
    3281
  ],
  "rng": [
    3525341744,
    682434152
  ],
  "shard_prediction_precision": 0.18972614407539368,
  "shard_prediction_recall": 0.17666666209697723
}