{
  "accs_after_deletion": [
    0.9478000402450562,
    0.9516000747680664,
    0.9544000625610352,
    0.9530000686645508,
    0.9512000679969788,
    0.9460000395774841
  ],
  "accs_before_deletion": [
    0.9574000239372253,
    0.9564000368118286,
    0.9592000246047974,
    0.9604000449180603,
    0.9594000577926636,
    0.9574000239372253
  ],
  "delta": 6.982864657330156e-05,
  "ensemble_acc_after_deletion": 0.9652000665664673,
  "ensemble_acc_before_deletion": 0.9702000617980957,
  "epsilon": 211.22622061798933,
  "indicator": 0,
  "lengths_after_deletion": [
    2893,
    2932,
    2853,
    3125,
    3051,
    3071
  ],
  "rng": [
    353778310,
    494946475
  ],
  "shard_prediction_precision": 0.18627940118312836,
  "shard_prediction_recall": 0.1870555579662323
}