{
  "accs_after_deletion": [
    0.9512000679969788,
    0.9554000496864319,
    0.9526000618934631,
    0.9540000557899475,
    0.9584000706672668,
    0.9526000618934631
  ],
  "accs_before_deletion": [
    0.9588000178337097,
    0.9568000435829163,
    0.9548000693321228,
    0.9568000435829163,
    0.9570000171661377,
    0.9558000564575195
  ],
  "delta": 6.982864657330156e-05,
  "ensemble_acc_after_deletion": 0.9666000604629517,
  "ensemble_acc_before_deletion": 0.9686000347137451,
  "epsilon": 211.22622061798933,
  "indicator": 1,
  "lengths_after_deletion": [
    2913,
    2938,
    2939,
    3098,
    3020,
    3092
  ],
  "rng": [
    3558112411,
    938312402
  ],
  "shard_prediction_precision": 0.1906111091375351,
  "shard_prediction_recall": 0.1906111091375351
}