{
  "accs_after_deletion": [
    0.9598000645637512,
    0.9530000686645508,
    0.9556000232696533,
    0.9546000361442566,
    0.9536000490188599,
    0.9564000368118286
  ],
  "accs_before_deletion": [
    0.9624000191688538,
    0.9574000239372253,
    0.9594000577926636,
    0.9620000720024109,
    0.9582000374794006,
    0.9588000178337097
  ],
  "delta": 6.982864657330156e-05,
  "ensemble_acc_after_deletion": 0.9682000279426575,
  "ensemble_acc_before_deletion": 0.9720000624656677,
  "epsilon": 211.22622061798933,
  "indicator": 0,
  "lengths_after_deletion": [
    2354,
    2308,
    2364,
    2521,
    2448,
    2530
  ],
  "rng": [
    3597990250,
    3077005862
  ],
  "shard_prediction_precision": 0.18616996705532074,
  "shard_prediction_recall": 0.22211112082004547
}