{
  "accs_after_deletion": [
    0.9442000389099121,
    0.9516000747680664,
    0.9450000524520874,
    0.9510000348091125,
    0.9500000476837158,
    0.9498000741004944
  ],
  "accs_before_deletion": [
    0.9576000571250916,
    0.9566000699996948,
    0.9572000503540039,
    0.9538000226020813,
    0.96260005235672,
    0.9620000720024109
  ],
  "delta": 6.982864657330156e-05,
  "ensemble_acc_after_deletion": 0.9618000388145447,
  "ensemble_acc_before_deletion": 0.969200074672699,
  "epsilon": 211.22622061798933,
  "indicator": 1,
  "lengths_after_deletion": [
    3033,
    3113,
    3074,
    3148,
    3182,
    3191
  ],
  "rng": [
    3606005007,
    79605641
  ],
  "shard_prediction_precision": 0.18274523317813873,
  "shard_prediction_recall": 0.1752222180366516
}