{
  "accs_after_deletion": [
    0.9546000361442566,
    0.957800030708313,
    0.9532000422477722,
    0.9592000246047974,
    0.9558000564575195,
    0.9536000490188599
  ],
  "accs_before_deletion": [
    0.956000030040741,
    0.9540000557899475,
    0.9558000564575195,
    0.957800030708313,
    0.9586000442504883,
    0.9574000239372253
  ],
  "delta": 6.982864657330156e-05,
  "ensemble_acc_after_deletion": 0.967400074005127,
  "ensemble_acc_before_deletion": 0.9672000408172607,
  "epsilon": 211.22622061798933,
  "indicator": 1,
  "lengths_after_deletion": [
    2422,
    2405,
    2462,
    2590,
    2531,
    2543
  ],
  "rng": [
    3612858765,
    343899527
  ],
  "shard_prediction_precision": 0.18572717905044556,
  "shard_prediction_recall": 0.21716666221618652
}