{
  "accs_after_deletion": [
    0.9488000273704529,
    0.9486000537872314,
    0.9510000348091125,
    0.9562000632286072,
    0.9508000612258911,
    0.9540000557899475
  ],
  "accs_before_deletion": [
    0.9612000584602356,
    0.9562000632286072,
    0.9546000361442566,
    0.960800051689148,
    0.9580000638961792,
    0.9572000503540039
  ],
  "delta": 6.982864657330156e-05,
  "ensemble_acc_after_deletion": 0.9642000198364258,
  "ensemble_acc_before_deletion": 0.9690000414848328,
  "epsilon": 211.22622061798933,
  "indicator": 1,
  "lengths_after_deletion": [
    3515,
    3594,
    3557,
    3683,
    3632,
    3696
  ],
  "rng": [
    363599278,
    3772670065
  ],
  "shard_prediction_precision": 0.19213852286338806,
  "shard_prediction_recall": 0.15288889408111572
}