{
  "accs_after_deletion": [
    0.9550000429153442,
    0.9494000673294067,
    0.9548000693321228,
    0.9496000409126282,
    0.9534000158309937,
    0.9570000171661377
  ],
  "accs_before_deletion": [
    0.9612000584602356,
    0.959600031375885,
    0.9524000287055969,
    0.9572000503540039,
    0.9558000564575195,
    0.9582000374794006
  ],
  "delta": 6.982864657330156e-05,
  "ensemble_acc_after_deletion": 0.966200053691864,
  "ensemble_acc_before_deletion": 0.9690000414848328,
  "epsilon": 211.22622061798933,
  "indicator": 1,
  "lengths_after_deletion": [
    2438,
    2441,
    2401,
    2595,
    2596,
    2617
  ],
  "rng": [
    3643978624,
    854686
  ],
  "shard_prediction_precision": 0.1864957958459854,
  "shard_prediction_recall": 0.21666666865348816
}