{
  "accs_after_deletion": [
    0.9450000524520874,
    0.9532000422477722,
    0.9516000747680664,
    0.9524000287055969,
    0.9532000422477722,
    0.9568000435829163
  ],
  "accs_before_deletion": [
    0.957800030708313,
    0.96260005235672,
    0.9586000442504883,
    0.9558000564575195,
    0.9536000490188599,
    0.961400032043457
  ],
  "delta": 6.982864657330156e-05,
  "ensemble_acc_after_deletion": 0.9634000658988953,
  "ensemble_acc_before_deletion": 0.9690000414848328,
  "epsilon": 211.22622061798933,
  "indicator": 1,
  "lengths_after_deletion": [
    3154,
    3229,
    3197,
    3322,
    3366,
    3366
  ],
  "rng": [
    3674027205,
    4057297591
  ],
  "shard_prediction_precision": 0.1907002329826355,
  "shard_prediction_recall": 0.17338888347148895
}