{
  "accs_after_deletion": [
    0.9470000267028809,
    0.9450000524520874,
    0.9456000328063965,
    0.9492000341415405,
    0.9450000524520874,
    0.9566000699996948
  ],
  "accs_before_deletion": [
    0.9538000226020813,
    0.963200032711029,
    0.9574000239372253,
    0.9588000178337097,
    0.9536000490188599,
    0.9566000699996948
  ],
  "delta": 6.982864657330156e-05,
  "ensemble_acc_after_deletion": 0.961400032043457,
  "ensemble_acc_before_deletion": 0.9686000347137451,
  "epsilon": 211.22622061798933,
  "indicator": 1,
  "lengths_after_deletion": [
    2479,
    2482,
    2476,
    2654,
    2699,
    2616
  ],
  "rng": [
    3707658312,
    2858207836
  ],
  "shard_prediction_precision": 0.18354859948158264,
  "shard_prediction_recall": 0.21000000834465027
}