{
  "accs_after_deletion": [
    0.9464000463485718,
    0.9510000348091125,
    0.9468000531196594,
    0.9526000618934631,
    0.9506000280380249,
    0.9510000348091125
  ],
  "accs_before_deletion": [
    0.9594000577926636,
    0.957800030708313,
    0.9534000158309937,
    0.9580000638961792,
    0.959600031375885,
    0.9540000557899475
  ],
  "delta": 6.982864657330156e-05,
  "ensemble_acc_after_deletion": 0.96260005235672,
  "ensemble_acc_before_deletion": 0.9682000279426575,
  "epsilon": 211.22622061798933,
  "indicator": 1,
  "lengths_after_deletion": [
    2902,
    2980,
    2905,
    3086,
    3112,
    3116
  ],
  "rng": [
    3717684043,
    2890326939
  ],
  "shard_prediction_precision": 0.18375328183174133,
  "shard_prediction_recall": 0.18272222578525543
}