{
  "accs_after_deletion": [
    0.9526000618934631,
    0.9554000496864319,
    0.9584000706672668,
    0.9558000564575195,
    0.9534000158309937,
    0.9552000164985657
  ],
  "accs_before_deletion": [
    0.9588000178337097,
    0.9598000645637512,
    0.9630000591278076,
    0.9642000198364258,
    0.9562000632286072,
    0.9582000374794006
  ],
  "delta": 6.982864657330156e-05,
  "ensemble_acc_after_deletion": 0.9684000611305237,
  "ensemble_acc_before_deletion": 0.971000075340271,
  "epsilon": 211.22622061798933,
  "indicator": 0,
  "lengths_after_deletion": [
    3288,
    3324,
    3268,
    3413,
    3487,
    3430
  ],
  "rng": [
    375597735,
    2008573277
  ],
  "shard_prediction_precision": 0.18701709806919098,
  "shard_prediction_recall": 0.16405555605888367
}