{
  "accs_after_deletion": [
    0.9538000226020813,
    0.9584000706672668,
    0.9508000612258911,
    0.9552000164985657,
    0.9546000361442566,
    0.9568000435829163
  ],
  "accs_before_deletion": [
    0.9564000368118286,
    0.9574000239372253,
    0.9570000171661377,
    0.9612000584602356,
    0.9570000171661377,
    0.9598000645637512
  ],
  "delta": 6.982864657330156e-05,
  "ensemble_acc_after_deletion": 0.9664000272750854,
  "ensemble_acc_before_deletion": 0.9686000347137451,
  "epsilon": 211.22622061798933,
  "indicator": 1,
  "lengths_after_deletion": [
    3903,
    3898,
    3920,
    3995,
    3979,
    4081
  ],
  "rng": [
    3774690414,
    2093001635
  ],
  "shard_prediction_precision": 0.18823625147342682,
  "shard_prediction_recall": 0.12783333659172058
}