{
  "accs_after_deletion": [
    0.9574000239372253,
    0.9490000605583191,
    0.9478000402450562,
    0.9482000470161438,
    0.9492000341415405,
    0.9568000435829163
  ],
  "accs_before_deletion": [
    0.9602000713348389,
    0.9616000652313232,
    0.9568000435829163,
    0.9586000442504883,
    0.9590000510215759,
    0.9588000178337097
  ],
  "delta": 6.982864657330156e-05,
  "ensemble_acc_after_deletion": 0.964400053024292,
  "ensemble_acc_before_deletion": 0.971000075340271,
  "epsilon": 211.22622061798933,
  "indicator": 0,
  "lengths_after_deletion": [
    3321,
    3369,
    3277,
    3414,
    3464,
    3384
  ],
  "rng": [
    3837435358,
    3045160830
  ],
  "shard_prediction_precision": 0.18280386924743652,
  "shard_prediction_recall": 0.1601666659116745
}