{
  "accs_after_deletion": [
    0.9458000659942627,
    0.9534000158309937,
    0.9504000544548035,
    0.9518000483512878,
    0.9496000409126282,
    0.9522000551223755
  ],
  "accs_before_deletion": [
    0.9530000686645508,
    0.9568000435829163,
    0.9574000239372253,
    0.9588000178337097,
    0.9602000713348389,
    0.9550000429153442
  ],
  "delta": 6.982864657330156e-05,
  "ensemble_acc_after_deletion": 0.9634000658988953,
  "ensemble_acc_before_deletion": 0.9682000279426575,
  "epsilon": 211.22622061798933,
  "indicator": 1,
  "lengths_after_deletion": [
    2618,
    2644,
    2626,
    2783,
    2776,
    2774
  ],
  "rng": [
    3950131304,
    4280648812
  ],
  "shard_prediction_precision": 0.18393245339393616,
  "shard_prediction_recall": 0.2021111100912094
}