{
  "accs_after_deletion": [
    0.9404000639915466,
    0.9348000288009644,
    0.9502000212669373,
    0.9452000260353088,
    0.9520000219345093,
    0.9562000632286072
  ],
  "accs_before_deletion": [
    0.9530000686645508,
    0.9532000422477722,
    0.9552000164985657,
    0.9574000239372253,
    0.9576000571250916,
    0.9568000435829163
  ],
  "delta": 6.982864657330156e-05,
  "ensemble_acc_after_deletion": 0.96260005235672,
  "ensemble_acc_before_deletion": 0.967400074005127,
  "epsilon": 211.22622061798933,
  "indicator": 1,
  "lengths_after_deletion": [
    2376,
    2320,
    2279,
    2509,
    2509,
    2498
  ],
  "rng": [
    3954988987,
    2691350817
  ],
  "shard_prediction_precision": 0.1863870918750763,
  "shard_prediction_recall": 0.22272221744060516
}