{
  "accs_after_deletion": [
    0.9540000557899475,
    0.9562000632286072,
    0.9556000232696533,
    0.9518000483512878,
    0.9544000625610352,
    0.9526000618934631
  ],
  "accs_before_deletion": [
    0.9610000252723694,
    0.954200029373169,
    0.9602000713348389,
    0.9570000171661377,
    0.9574000239372253,
    0.9554000496864319
  ],
  "delta": 6.982864657330156e-05,
  "ensemble_acc_after_deletion": 0.9676000475883484,
  "ensemble_acc_before_deletion": 0.9704000353813171,
  "epsilon": 211.22622061798933,
  "indicator": 0,
  "lengths_after_deletion": [
    3662,
    3600,
    3626,
    3719,
    3741,
    3719
  ],
  "rng": [
    4024504876,
    3689466638
  ],
  "shard_prediction_precision": 0.1899806261062622,
  "shard_prediction_recall": 0.14705555140972137
}