{
  "accs_after_deletion": [
    0.9548000693321228,
    0.9510000348091125,
    0.9546000361442566,
    0.9510000348091125,
    0.9544000625610352,
    0.9530000686645508
  ],
  "accs_before_deletion": [
    0.9554000496864319,
    0.9564000368118286,
    0.9546000361442566,
    0.9580000638961792,
    0.9558000564575195,
    0.9584000706672668
  ],
  "delta": 6.982864657330156e-05,
  "ensemble_acc_after_deletion": 0.9650000333786011,
  "ensemble_acc_before_deletion": 0.966200053691864,
  "epsilon": 211.22622061798933,
  "indicator": 0,
  "lengths_after_deletion": [
    2857,
    2911,
    2862,
    3038,
    2946,
    3076
  ],
  "rng": [
    4063262100,
    2549489201
  ],
  "shard_prediction_precision": 0.1833970546722412,
  "shard_prediction_recall": 0.18655556440353394
}