{
  "accs_after_deletion": [
    0.9510000348091125,
    0.9504000544548035,
    0.9528000354766846,
    0.9572000503540039,
    0.945400059223175,
    0.9528000354766846
  ],
  "accs_before_deletion": [
    0.9584000706672668,
    0.9584000706672668,
    0.9558000564575195,
    0.9582000374794006,
    0.960800051689148,
    0.9598000645637512
  ],
  "delta": 6.982864657330156e-05,
  "ensemble_acc_after_deletion": 0.9646000266075134,
  "ensemble_acc_before_deletion": 0.9716000556945801,
  "epsilon": 211.22622061798933,
  "indicator": 1,
  "lengths_after_deletion": [
    3662,
    3717,
    3649,
    3720,
    3750,
    3775
  ],
  "rng": [
    4075733750,
    2077396570
  ],
  "shard_prediction_precision": 0.1853281855583191,
  "shard_prediction_recall": 0.14133334159851074
}