{
  "accs_after_deletion": [
    0.9550000429153442,
    0.9494000673294067,
    0.945400059223175,
    0.9546000361442566,
    0.9504000544548035,
    0.9500000476837158
  ],
  "accs_before_deletion": [
    0.9534000158309937,
    0.9588000178337097,
    0.9526000618934631,
    0.9624000191688538,
    0.9584000706672668,
    0.9566000699996948
  ],
  "delta": 6.982864657330156e-05,
  "ensemble_acc_after_deletion": 0.9646000266075134,
  "ensemble_acc_before_deletion": 0.9678000211715698,
  "epsilon": 211.22622061798933,
  "indicator": 1,
  "lengths_after_deletion": [
    3281,
    3184,
    3144,
    3394,
    3404,
    3344
  ],
  "rng": [
    4082642561,
    4895092
  ],
  "shard_prediction_precision": 0.19028863310813904,
  "shard_prediction_recall": 0.17177778482437134
}