{
  "accs_after_deletion": [
    0.9536000490188599,
    0.9530000686645508,
    0.9534000158309937,
    0.9524000287055969,
    0.9544000625610352,
    0.9514000415802002
  ],
  "accs_before_deletion": [
    0.9580000638961792,
    0.9590000510215759,
    0.9598000645637512,
    0.9634000658988953,
    0.9556000232696533,
    0.9562000632286072
  ],
  "delta": 6.982864657330156e-05,
  "ensemble_acc_after_deletion": 0.9676000475883484,
  "ensemble_acc_before_deletion": 0.9700000286102295,
  "epsilon": 211.22622061798933,
  "indicator": 0,
  "lengths_after_deletion": [
    3321,
    3369,
    3314,
    3478,
    3515,
    3519
  ],
  "rng": [
    4089563660,
    776017988
  ],
  "shard_prediction_precision": 0.19110049307346344,
  "shard_prediction_recall": 0.16438889503479004
}