{
  "accs_after_deletion": [
    0.9522000551223755,
    0.9474000334739685,
    0.9518000483512878,
    0.9520000219345093,
    0.956000030040741,
    0.9448000192642212
  ],
  "accs_before_deletion": [
    0.9580000638961792,
    0.9570000171661377,
    0.9570000171661377,
    0.9576000571250916,
    0.9586000442504883,
    0.9536000490188599
  ],
  "delta": 6.982864657330156e-05,
  "ensemble_acc_after_deletion": 0.9630000591278076,
  "ensemble_acc_before_deletion": 0.9702000617980957,
  "epsilon": 211.22622061798933,
  "indicator": 1,
  "lengths_after_deletion": [
    2515,
    2574,
    2598,
    2722,
    2739,
    2736
  ],
  "rng": [
    4096765601,
    3533201841
  ],
  "shard_prediction_precision": 0.1838337779045105,
  "shard_prediction_recall": 0.20544444024562836
}