{
  "accs_after_deletion": [
    0.9498000741004944,
    0.9532000422477722,
    0.9464000463485718,
    0.9572000503540039,
    0.9480000734329224,
    0.956000030040741
  ],
  "accs_before_deletion": [
    0.9582000374794006,
    0.9616000652313232,
    0.9516000747680664,
    0.960800051689148,
    0.9532000422477722,
    0.9588000178337097
  ],
  "delta": 6.982864657330156e-05,
  "ensemble_acc_after_deletion": 0.9668000340461731,
  "ensemble_acc_before_deletion": 0.9698000550270081,
  "epsilon": 211.22622061798933,
  "indicator": 1,
  "lengths_after_deletion": [
    3089,
    3107,
    3175,
    3245,
    3260,
    3229
  ],
  "rng": [
    4116111490,
    3773904785
  ],
  "shard_prediction_precision": 0.18484759330749512,
  "shard_prediction_recall": 0.17350000143051147
}