{
  "accs_after_deletion": [
    0.9514000415802002,
    0.9538000226020813,
    0.9548000693321228,
    0.9516000747680664,
    0.9530000686645508,
    0.9494000673294067
  ],
  "accs_before_deletion": [
    0.9584000706672668,
    0.9554000496864319,
    0.9580000638961792,
    0.9602000713348389,
    0.9598000645637512,
    0.9604000449180603
  ],
  "delta": 6.982864657330156e-05,
  "ensemble_acc_after_deletion": 0.9672000408172607,
  "ensemble_acc_before_deletion": 0.9698000550270081,
  "epsilon": 211.22622061798933,
  "indicator": 0,
  "lengths_after_deletion": [
    2083,
    2110,
    2101,
    2338,
    2251,
    2209
  ],
  "rng": [
    4129959750,
    4132657717
  ],
  "shard_prediction_precision": 0.18631045520305634,
  "shard_prediction_recall": 0.23711110651493073
}