{
  "accs_after_deletion": [
    0.9550000429153442,
    0.9506000280380249,
    0.9524000287055969,
    0.954200029373169,
    0.9570000171661377,
    0.9622000455856323
  ],
  "accs_before_deletion": [
    0.9584000706672668,
    0.9606000185012817,
    0.9598000645637512,
    0.9550000429153442,
    0.9540000557899475,
    0.9602000713348389
  ],
  "delta": 6.982864657330156e-05,
  "ensemble_acc_after_deletion": 0.9686000347137451,
  "ensemble_acc_before_deletion": 0.9688000679016113,
  "epsilon": 211.22622061798933,
  "indicator": 1,
  "lengths_after_deletion": [
    2623,
    2663,
    2657,
    2825,
    2768,
    2859
  ],
  "rng": [
    4157313418,
    3151963558
  ],
  "shard_prediction_precision": 0.18607498705387115,
  "shard_prediction_recall": 0.20266667008399963
}