{
  "accs_after_deletion": [
    0.9534000158309937,
    0.9562000632286072,
    0.9510000348091125,
    0.9592000246047974,
    0.9502000212669373,
    0.9530000686645508
  ],
  "accs_before_deletion": [
    0.9550000429153442,
    0.9580000638961792,
    0.957800030708313,
    0.9624000191688538,
    0.9558000564575195,
    0.9586000442504883
  ],
  "delta": 6.982864657330156e-05,
  "ensemble_acc_after_deletion": 0.9666000604629517,
  "ensemble_acc_before_deletion": 0.9678000211715698,
  "epsilon": 211.22622061798933,
  "indicator": 1,
  "lengths_after_deletion": [
    3010,
    3027,
    2974,
    3119,
    3136,
    3145
  ],
  "rng": [
    4194624594,
    3188525968
  ],
  "shard_prediction_precision": 0.18306896090507507,
  "shard_prediction_recall": 0.17888888716697693
}