{
  "accs_after_deletion": [
    0.9500000476837158,
    0.9462000727653503,
    0.9500000476837158,
    0.9562000632286072,
    0.9546000361442566,
    0.9494000673294067
  ],
  "accs_before_deletion": [
    0.9586000442504883,
    0.9590000510215759,
    0.9572000503540039,
    0.9586000442504883,
    0.9556000232696533,
    0.9600000381469727
  ],
  "delta": 6.982864657330156e-05,
  "ensemble_acc_after_deletion": 0.9658000469207764,
  "ensemble_acc_before_deletion": 0.968000054359436,
  "epsilon": 211.22622061798933,
  "indicator": 1,
  "lengths_after_deletion": [
    2964,
    2939,
    2958,
    3059,
    3064,
    2979
  ],
  "rng": [
    488217629,
    1415925488
  ],
  "shard_prediction_precision": 0.1858956664800644,
  "shard_prediction_recall": 0.18627777695655823
}