{
  "accs_after_deletion": [
    0.941800057888031,
    0.9548000693321228,
    0.9458000659942627,
    0.9524000287055969,
    0.9506000280380249,
    0.9530000686645508
  ],
  "accs_before_deletion": [
    0.9586000442504883,
    0.9566000699996948,
    0.9584000706672668,
    0.9586000442504883,
    0.9650000333786011,
    0.954200029373169
  ],
  "delta": 6.982864657330156e-05,
  "ensemble_acc_after_deletion": 0.9638000726699829,
  "ensemble_acc_before_deletion": 0.9712000489234924,
  "epsilon": 211.22622061798933,
  "indicator": 1,
  "lengths_after_deletion": [
    2849,
    2753,
    2907,
    3009,
    2961,
    2936
  ],
  "rng": [
    488913384,
    2785413675
  ],
  "shard_prediction_precision": 0.18547216057777405,
  "shard_prediction_recall": 0.1915000081062317
}