{
  "accs_after_deletion": [
    0.9508000612258911,
    0.9544000625610352,
    0.9492000341415405,
    0.9550000429153442,
    0.9598000645637512,
    0.9580000638961792
  ],
  "accs_before_deletion": [
    0.9558000564575195,
    0.9586000442504883,
    0.9544000625610352,
    0.959600031375885,
    0.9546000361442566,
    0.9582000374794006
  ],
  "delta": 6.982864657330156e-05,
  "ensemble_acc_after_deletion": 0.9678000211715698,
  "ensemble_acc_before_deletion": 0.9686000347137451,
  "epsilon": 211.22622061798933,
  "indicator": 1,
  "lengths_after_deletion": [
    2803,
    2816,
    2864,
    3039,
    3005,
    3016
  ],
  "rng": [
    553517509,
    588120549
  ],
  "shard_prediction_precision": 0.18507882952690125,
  "shard_prediction_recall": 0.18977777659893036
}