{
  "accs_after_deletion": [
    0.9556000232696533,
    0.9512000679969788,
    0.9508000612258911,
    0.9510000348091125,
    0.9594000577926636,
    0.9562000632286072
  ],
  "accs_before_deletion": [
    0.9552000164985657,
    0.9536000490188599,
    0.9558000564575195,
    0.9588000178337097,
    0.9580000638961792,
    0.9592000246047974
  ],
  "delta": 6.982864657330156e-05,
  "ensemble_acc_after_deletion": 0.9658000469207764,
  "ensemble_acc_before_deletion": 0.968000054359436,
  "epsilon": 211.22622061798933,
  "indicator": 1,
  "lengths_after_deletion": [
    4074,
    4088,
    4110,
    4174,
    4189,
    4178
  ],
  "rng": [
    559646532,
    4254797481
  ],
  "shard_prediction_precision": 0.18351657688617706,
  "shard_prediction_recall": 0.1140555590391159
}