{
  "accs_after_deletion": [
    0.9514000415802002,
    0.9518000483512878,
    0.9498000741004944,
    0.9552000164985657,
    0.9620000720024109,
    0.9586000442504883
  ],
  "accs_before_deletion": [
    0.9562000632286072,
    0.9600000381469727,
    0.9588000178337097,
    0.9620000720024109,
    0.9620000720024109,
    0.9540000557899475
  ],
  "delta": 6.982864657330156e-05,
  "ensemble_acc_after_deletion": 0.9686000347137451,
  "ensemble_acc_before_deletion": 0.9708000421524048,
  "epsilon": 211.22622061798933,
  "indicator": 1,
  "lengths_after_deletion": [
    2494,
    2608,
    2523,
    2700,
    2601,
    2760
  ],
  "rng": [
    572291807,
    3818361449
  ],
  "shard_prediction_precision": 0.18396180868148804,
  "shard_prediction_recall": 0.2076111137866974
}