{
  "accs_after_deletion": [
    0.957800030708313,
    0.9544000625610352,
    0.959600031375885,
    0.9602000713348389,
    0.9510000348091125,
    0.960800051689148
  ],
  "accs_before_deletion": [
    0.9568000435829163,
    0.9562000632286072,
    0.9582000374794006,
    0.96260005235672,
    0.9588000178337097,
    0.9586000442504883
  ],
  "delta": 6.982864657330156e-05,
  "ensemble_acc_after_deletion": 0.9684000611305237,
  "ensemble_acc_before_deletion": 0.9688000679016113,
  "epsilon": 211.22622061798933,
  "indicator": 1,
  "lengths_after_deletion": [
    2610,
    2532,
    2554,
    2708,
    2767,
    2716
  ],
  "rng": [
    615014743,
    2128919941
  ],
  "shard_prediction_precision": 0.18654602766036987,
  "shard_prediction_recall": 0.20844444632530212
}