{
  "accs_after_deletion": [
    0.9496000409126282,
    0.9450000524520874,
    0.9428000450134277,
    0.9456000328063965,
    0.9482000470161438,
    0.9462000727653503
  ],
  "accs_before_deletion": [
    0.9616000652313232,
    0.957800030708313,
    0.9544000625610352,
    0.9520000219345093,
    0.9556000232696533,
    0.9568000435829163
  ],
  "delta": 6.982864657330156e-05,
  "ensemble_acc_after_deletion": 0.9592000246047974,
  "ensemble_acc_before_deletion": 0.9694000482559204,
  "epsilon": 211.22622061798933,
  "indicator": 1,
  "lengths_after_deletion": [
    2650,
    2677,
    2716,
    2848,
    2726,
    2821
  ],
  "rng": [
    618035241,
    2972918220
  ],
  "shard_prediction_precision": 0.18607504665851593,
  "shard_prediction_recall": 0.20222222805023193
}