{
  "accs_after_deletion": [
    0.9552000164985657,
    0.9526000618934631,
    0.9568000435829163,
    0.957800030708313,
    0.9548000693321228,
    0.9574000239372253
  ],
  "accs_before_deletion": [
    0.9576000571250916,
    0.9582000374794006,
    0.9602000713348389,
    0.9604000449180603,
    0.9564000368118286,
    0.9570000171661377
  ],
  "delta": 6.982864657330156e-05,
  "ensemble_acc_after_deletion": 0.967400074005127,
  "ensemble_acc_before_deletion": 0.9688000679016113,
  "epsilon": 211.22622061798933,
  "indicator": 1,
  "lengths_after_deletion": [
    3386,
    3466,
    3428,
    3542,
    3563,
    3549
  ],
  "rng": [
    633648726,
    655110653
  ],
  "shard_prediction_precision": 0.18452143669128418,
  "shard_prediction_recall": 0.15444444119930267
}