{
  "accs_after_deletion": [
    0.9508000612258911,
    0.9518000483512878,
    0.954200029373169,
    0.956000030040741,
    0.9546000361442566,
    0.957800030708313
  ],
  "accs_before_deletion": [
    0.9546000361442566,
    0.9562000632286072,
    0.9576000571250916,
    0.9584000706672668,
    0.9606000185012817,
    0.957800030708313
  ],
  "delta": 6.982864657330156e-05,
  "ensemble_acc_after_deletion": 0.964400053024292,
  "ensemble_acc_before_deletion": 0.9698000550270081,
  "epsilon": 211.22622061798933,
  "indicator": 1,
  "lengths_after_deletion": [
    3458,
    3404,
    3401,
    3593,
    3572,
    3573
  ],
  "rng": [
    736049708,
    2721198878
  ],
  "shard_prediction_precision": 0.18667910993099213,
  "shard_prediction_recall": 0.15555556118488312
}