{
  "accs_after_deletion": [
    0.9504000544548035,
    0.9516000747680664,
    0.9490000605583191,
    0.9524000287055969,
    0.9496000409126282,
    0.957800030708313
  ],
  "accs_before_deletion": [
    0.9594000577926636,
    0.9586000442504883,
    0.9620000720024109,
    0.9544000625610352,
    0.9546000361442566,
    0.9602000713348389
  ],
  "delta": 6.982864657330156e-05,
  "ensemble_acc_after_deletion": 0.9634000658988953,
  "ensemble_acc_before_deletion": 0.9690000414848328,
  "epsilon": 211.22622061798933,
  "indicator": 1,
  "lengths_after_deletion": [
    2837,
    2726,
    2850,
    2884,
    3009,
    2912
  ],
  "rng": [
    747456829,
    73869617
  ],
  "shard_prediction_precision": 0.18448513746261597,
  "shard_prediction_recall": 0.19249999523162842
}