{
  "accs_after_deletion": [
    0.9540000557899475,
    0.9514000415802002,
    0.9530000686645508,
    0.954200029373169,
    0.9472000598907471,
    0.9520000219345093
  ],
  "accs_before_deletion": [
    0.9528000354766846,
    0.9556000232696533,
    0.9576000571250916,
    0.9582000374794006,
    0.9570000171661377,
    0.9576000571250916
  ],
  "delta": 6.982864657330156e-05,
  "ensemble_acc_after_deletion": 0.9666000604629517,
  "ensemble_acc_before_deletion": 0.9678000211715698,
  "epsilon": 211.22622061798933,
  "indicator": 0,
  "lengths_after_deletion": [
    3405,
    3430,
    3406,
    3564,
    3548,
    3502
  ],
  "rng": [
    762742995,
    268781565
  ],
  "shard_prediction_precision": 0.1862000674009323,
  "shard_prediction_recall": 0.15666666626930237
}