{
  "accs_after_deletion": [
    0.9494000673294067,
    0.9450000524520874,
    0.9502000212669373,
    0.9530000686645508,
    0.9510000348091125,
    0.9538000226020813
  ],
  "accs_before_deletion": [
    0.9568000435829163,
    0.9570000171661377,
    0.9526000618934631,
    0.9622000455856323,
    0.960800051689148,
    0.960800051689148
  ],
  "delta": 6.982864657330156e-05,
  "ensemble_acc_after_deletion": 0.9634000658988953,
  "ensemble_acc_before_deletion": 0.9702000617980957,
  "epsilon": 211.22622061798933,
  "indicator": 1,
  "lengths_after_deletion": [
    3585,
    3535,
    3569,
    3736,
    3743,
    3694
  ],
  "rng": [
    781153031,
    4032847606
  ],
  "shard_prediction_precision": 0.18623566627502441,
  "shard_prediction_recall": 0.1462777853012085
}