{
  "accs_after_deletion": [
    0.9522000551223755,
    0.9420000314712524,
    0.9468000531196594,
    0.9440000653266907,
    0.9458000659942627,
    0.9512000679969788
  ],
  "accs_before_deletion": [
    0.9588000178337097,
    0.9518000483512878,
    0.9588000178337097,
    0.9564000368118286,
    0.9552000164985657,
    0.9594000577926636
  ],
  "delta": 6.982864657330156e-05,
  "ensemble_acc_after_deletion": 0.964400053024292,
  "ensemble_acc_before_deletion": 0.9676000475883484,
  "epsilon": 211.22622061798933,
  "indicator": 1,
  "lengths_after_deletion": [
    1969,
    2062,
    2001,
    2177,
    2205,
    2073
  ],
  "rng": [
    828711089,
    3313817109
  ],
  "shard_prediction_precision": 0.18496151268482208,
  "shard_prediction_recall": 0.24161110818386078
}