{
  "accs_after_deletion": [
    0.954200029373169,
    0.9460000395774841,
    0.9532000422477722,
    0.9566000699996948,
    0.9520000219345093,
    0.9568000435829163
  ],
  "accs_before_deletion": [
    0.9584000706672668,
    0.9586000442504883,
    0.9552000164985657,
    0.959600031375885,
    0.9550000429153442,
    0.9586000442504883
  ],
  "delta": 6.982864657330156e-05,
  "ensemble_acc_after_deletion": 0.9654000401496887,
  "ensemble_acc_before_deletion": 0.9682000279426575,
  "epsilon": 211.22622061798933,
  "indicator": 1,
  "lengths_after_deletion": [
    3239,
    3132,
    3292,
    3301,
    3387,
    3343
  ],
  "rng": [
    862010170,
    3727192986
  ],
  "shard_prediction_precision": 0.189255490899086,
  "shard_prediction_recall": 0.17144444584846497
}