{
  "accs_after_deletion": [
    0.9540000557899475,
    0.9526000618934631,
    0.9474000334739685,
    0.9532000422477722,
    0.9480000734329224,
    0.9582000374794006
  ],
  "accs_before_deletion": [
    0.9532000422477722,
    0.9572000503540039,
    0.9522000551223755,
    0.9548000693321228,
    0.9546000361442566,
    0.9600000381469727
  ],
  "delta": 6.982864657330156e-05,
  "ensemble_acc_after_deletion": 0.9650000333786011,
  "ensemble_acc_before_deletion": 0.9682000279426575,
  "epsilon": 211.22622061798933,
  "indicator": 1,
  "lengths_after_deletion": [
    3448,
    3406,
    3431,
    3568,
    3551,
    3560
  ],
  "rng": [
    91310920,
    315005450
  ],
  "shard_prediction_precision": 0.1847565919160843,
  "shard_prediction_recall": 0.15433333814144135
}