{
  "accs_after_deletion": [
    0.9458000659942627,
    0.9438000321388245,
    0.9486000537872314,
    0.9526000618934631,
    0.9558000564575195,
    0.9550000429153442
  ],
  "accs_before_deletion": [
    0.9586000442504883,
    0.9550000429153442,
    0.9558000564575195,
    0.9562000632286072,
    0.9598000645637512,
    0.9592000246047974
  ],
  "delta": 6.982864657330156e-05,
  "ensemble_acc_after_deletion": 0.964400053024292,
  "ensemble_acc_before_deletion": 0.969200074672699,
  "epsilon": 211.22622061798933,
  "indicator": 1,
  "lengths_after_deletion": [
    3221,
    3284,
    3207,
    3359,
    3336,
    3342
  ],
  "rng": [
    93411599,
    4081559773
  ],
  "shard_prediction_precision": 0.18429633975028992,
  "shard_prediction_recall": 0.1663888841867447
}