{
  "accs_after_deletion": [
    0.9536000490188599,
    0.9552000164985657,
    0.9526000618934631,
    0.9534000158309937,
    0.9568000435829163,
    0.9540000557899475
  ],
  "accs_before_deletion": [
    0.9548000693321228,
    0.9566000699996948,
    0.9584000706672668,
    0.9536000490188599,
    0.9610000252723694,
    0.9584000706672668
  ],
  "delta": 6.982864657330156e-05,
  "ensemble_acc_after_deletion": 0.9666000604629517,
  "ensemble_acc_before_deletion": 0.9686000347137451,
  "epsilon": 211.22622061798933,
  "indicator": 1,
  "lengths_after_deletion": [
    3318,
    3178,
    3238,
    3402,
    3410,
    3515
  ],
  "rng": [
    93945462,
    3452751875
  ],
  "shard_prediction_precision": 0.1885940134525299,
  "shard_prediction_recall": 0.16699999570846558
}