{
  "accs_after_deletion": [
    0.9534000158309937,
    0.9520000219345093,
    0.9522000551223755,
    0.9534000158309937,
    0.9498000741004944,
    0.9550000429153442
  ],
  "accs_before_deletion": [
    0.9534000158309937,
    0.9610000252723694,
    0.9548000693321228,
    0.9550000429153442,
    0.9550000429153442,
    0.9622000455856323
  ],
  "delta": 6.982864657330156e-05,
  "ensemble_acc_after_deletion": 0.9660000205039978,
  "ensemble_acc_before_deletion": 0.9678000211715698,
  "epsilon": 211.22622061798933,
  "indicator": 1,
  "lengths_after_deletion": [
    3242,
    3196,
    3265,
    3368,
    3333,
    3398
  ],
  "rng": [
    967805566,
    1093959261
  ],
  "shard_prediction_precision": 0.18712188303470612,
  "shard_prediction_recall": 0.16838888823986053
}