{
  "accs_after_deletion": [
    0.9472000598907471,
    0.954200029373169,
    0.9524000287055969,
    0.9496000409126282,
    0.9492000341415405,
    0.9590000510215759
  ],
  "accs_before_deletion": [
    0.9554000496864319,
    0.9562000632286072,
    0.9610000252723694,
    0.9604000449180603,
    0.9566000699996948,
    0.961400032043457
  ],
  "delta": 6.982864657330156e-05,
  "ensemble_acc_after_deletion": 0.9642000198364258,
  "ensemble_acc_before_deletion": 0.9686000347137451,
  "epsilon": 211.22622061798933,
  "indicator": 1,
  "lengths_after_deletion": [
    2812,
    2897,
    2803,
    3007,
    2950,
    3036
  ],
  "rng": [
    977648156,
    2483471322
  ],
  "shard_prediction_precision": 0.18723979592323303,
  "shard_prediction_recall": 0.1923888921737671
}