{
  "accs_after_deletion": [
    0.9510000348091125,
    0.9468000531196594,
    0.9452000260353088,
    0.9552000164985657,
    0.9492000341415405,
    0.9518000483512878
  ],
  "accs_before_deletion": [
    0.956000030040741,
    0.9568000435829163,
    0.956000030040741,
    0.9572000503540039,
    0.9550000429153442,
    0.9566000699996948
  ],
  "delta": 6.982864657330156e-05,
  "ensemble_acc_after_deletion": 0.9630000591278076,
  "ensemble_acc_before_deletion": 0.9670000672340393,
  "epsilon": 211.22622061798933,
  "indicator": 1,
  "lengths_after_deletion": [
    3559,
    3518,
    3438,
    3628,
    3635,
    3634
  ],
  "rng": [
    98715467,
    2714616421
  ],
  "shard_prediction_precision": 0.18803127110004425,
  "shard_prediction_recall": 0.15238888561725616
}